filename,fire
batch_b4_tile_14.png,1.0
output.png,1.0
test_image.png,1.0
test_image_5.jpg,1.0
cl6b5l3lm0041l45509eycth4_4_FALSE_COLOR__URBAN_jpg.rf.c446a4c82b0afe696dbd2d1cf4f98031.jpg,1.0
cl6kjin4n001k8w556abi09ie_1_TRUE_COLOR_jpg.rf.c404238065f539335a856daaa1afb48e.jpg,1.0
cl6od1qhh0014ao55hlfact4a_4_FALSE_COLOR__URBAN_jpg.rf.c484436e6bca5e5c58d00c45c8774523.jpg,1.0
cl6orlxem009lao5513o7hr6s_6_SWIR_jpg.rf.c47e3626f5b6ad5b984166f9981423bb.jpg,1.0
cl6e1zx08001pgk554gv1bhpt_1_TRUE_COLOR_jpg.rf.c498bcf50015a3ede45e5f9474d91e45.jpg,1.0
cl6csnj9g00ftl4554f0z30lc_4_FALSE_COLOR__URBAN_jpg.rf.c48ea826e1a0aec07f953f989e975cec.jpg,1.0
cl6ou90tv00acao559ijshkxd_6_SWIR_jpg.rf.c42ee91a540f8e259faf592c76c76691.jpg,1.0
cl6kjle3b001q8w55cr3p1f1z_1_TRUE_COLOR_jpg.rf.c448f2e6336b83fc360367dcd01191be.jpg,1.0
cl6ojrtzp004zao55hqhsfffg_2_FALSE_COLOR_jpg.rf.c44fcf02f66a6495716c1098150dc56f.jpg,1.0
cl6kfr3gw001gc4556plk3d6y_2_FALSE_COLOR_jpg.rf.c461b1162b1a55a4533e6a0116834d36.jpg,1.0
cl6e2dity001vgk551ar0hanj_4_FALSE_COLOR__URBAN_jpg.rf.c42dcd4102d2deb00dfbcc2e4ca3898e.jpg,1.0
cl6e0k0280013gk550nd9grxm_1_TRUE_COLOR_jpg.rf.c462d498e8fcdc55a27339c824315f7b.jpg,1.0
cl6oiyg3q003zao55c5k11xtf_4_FALSE_COLOR__URBAN_jpg.rf.c482939a857c6d0affb67d7d75192a5b.jpg,1.0
cl6b5r021004pl4558sub5at0_4_FALSE_COLOR__URBAN_jpg.rf.c41bdf84f1ef1a12fe5782ff5c372b00.jpg,1.0
cl6cpfs8q00dml4554w0t2f82_1_TRUE_COLOR_jpg.rf.c44a8b40e8a677c1f0c9ff5af5dc77bc.jpg,1.0
cl6b77933009jl4554y5l30h3_6_SWIR_jpg.rf.c48ca7702a416bca0d72882ca1462bca.jpg,1.0
cl6oui3xy00aoao55d29e9vlz_2_FALSE_COLOR_jpg.rf.c40e8a97495426b36ffd6dabfd46a86a.jpg,1.0
cl6oigza00032ao5597wob75w_1_TRUE_COLOR_jpg.rf.c4310eceb2000286e6a50b24b55cd1ef.jpg,1.0
cl6oqcmju008wao550c102qjq_4_FALSE_COLOR__URBAN_jpg.rf.c46e37931e3889141c9e5cd54e1e96f0.jpg,1.0
cl6oqq4r40096ao557h69gx2o_2_FALSE_COLOR_jpg.rf.c4aa2b84e68ad9284dd1886f7980f873.jpg,1.0
cl6kez8j70002c455axv68ulf_1_TRUE_COLOR_jpg.rf.c4a81539612a1ff0653024dc4f3e2f04.jpg,1.0
cl6odcx12001oao55f8bma9y4_4_FALSE_COLOR__URBAN_jpg.rf.c493ee82e47cd046035c10ee173d6134.jpg,1.0
cl6b76fnk009dl4556z3y9qgs_1_TRUE_COLOR_jpg.rf.c439236ba46939f56cd97b6dcaccb5d8.jpg,1.0
cl6b5l3lm0041l45509eycth4_4_FALSE_COLOR__URBAN_jpg.rf.c49687112ef1f372b66f8bcfaaf92741.jpg,1.0
cl6chfm2800c4l455ensx26aq_2_FALSE_COLOR_jpg.rf.c42ca8e9685fa17330523168e830f3a3.jpg,1.0
cl6b5dtwl003gl455a4x29a1d_1_TRUE_COLOR_jpg.rf.c4cca9d87c0ae2e758553c0131107f4c.jpg,1.0
cl6lt50lf00278w555isdaowx_1_TRUE_COLOR_jpg.rf.c4af777dc7170d4790386e5f2007722d.jpg,1.0
cl6dzjmr4000qhg55bnr2akq0_2_FALSE_COLOR_jpg.rf.c4c1d185f8d8fc28bcfcceed2a992a5f.jpg,1.0
cl6oqlhh6008zao55gago04ul_2_FALSE_COLOR_jpg.rf.c4c35e0c95d89b0f5b007ac3b17e115b.jpg,1.0
cl6csn2vw00fsl455h2a79t61_4_FALSE_COLOR__URBAN_jpg.rf.c4e07b96f8f0d10f0d3ae829eaad6158.jpg,1.0
cl6b5mgel0046l455192ze0hp_6_SWIR_jpg.rf.c57144e61d70d67c88fe3c9fdc1bef43.jpg,1.0
cl6ctb1m400hdl4551wz24flk_2_FALSE_COLOR_jpg.rf.c5211a4219fe92e5868cabf04976f082.jpg,1.0
cl6ch6y2d00byl4557ijbc6o4_2_FALSE_COLOR_jpg.rf.c5439f9b45318c628ba0750cb268f96e.jpg,1.0
cl6ok2egr005kao55bv7hfye5_6_SWIR_jpg.rf.c520f17c898590833f4d68b744c087b8.jpg,1.0
cl6b5dekg003el4552wy46fsz_6_SWIR_jpg.rf.c58c17a395b625f50978dd25db23dea5.jpg,1.0
cl6oubpv600ahao554abdcshr_4_FALSE_COLOR__URBAN_jpg.rf.c591beaf3c18f3092409a50f8a58a1ff.jpg,1.0
cl6ltuz3i002x8w554lrq3tnc_4_FALSE_COLOR__URBAN_jpg.rf.c54cf1d3b176a7bd0e8f1494e3c2cb3e.jpg,1.0
cl6odlurj0022ao555x9o9cng_2_FALSE_COLOR_jpg.rf.c4d3a9be695e73f0383c2eb7825eec3a.jpg,1.0
cl6kgew7t002mc455cugt2w2w_4_FALSE_COLOR__URBAN_jpg.rf.c565cb8477eadd298a9e7a4602c38808.jpg,0.0
cl6ojvzs90058ao55ddizcpuh_2_FALSE_COLOR_jpg.rf.c539b5e5e16039c401222f965e54aa29.jpg,1.0
cl6e35mru003cgk559os14r7y_2_FALSE_COLOR_jpg.rf.c527bc00ee16b5e7dbb7b6776082a37b.jpg,1.0
cl6ctkcif00hvl455e4f58h78_4_FALSE_COLOR__URBAN_jpg.rf.c4fdd2986a7c689476412c199a33b4ec.jpg,1.0
cl6e2cbgk001tgk5560zhhqm7_1_TRUE_COLOR_jpg.rf.c4e9cd9c36fcb69473c9d59c1f5da45f.jpg,1.0
cl6oqa9n4008pao55aziv27ox_4_FALSE_COLOR__URBAN_jpg.rf.c58cb9ed4d0a808375ac43a1f7cb40e3.jpg,1.0
cl6m162oq00388w554vzpgu70_4_FALSE_COLOR__URBAN_jpg.rf.c50d7c0a604d3c81676e5ef2dad0a089.jpg,1.0
cl6oe0y5h002rao55ghk1g0ha_2_FALSE_COLOR_jpg.rf.c58e37d1fa1886c2e3c9f69c7b92d0ef.jpg,1.0
cl6kjexus001b8w55d6iq8ma6_6_SWIR_jpg.rf.c51811a73acf97b79a3d2ba7ff0b2359.jpg,1.0
cl6kfci270010c45580qyfo1k_2_FALSE_COLOR_jpg.rf.c5510ceb25130957782f71a0fce18a76.jpg,1.0
cl6m10x9x00348w55h67q3hes_1_TRUE_COLOR_jpg.rf.c51e85de1385ceb27c4f4d0960ee703d.jpg,1.0
cl6e0j0t90010gk557b525asz_2_FALSE_COLOR_jpg.rf.c5922252830625b76aabc6a8d54ca4c9.jpg,1.0
cl6ch5p4h00bwl4552zvifnwy_2_FALSE_COLOR_jpg.rf.c59b46384eb88ac9e475e0a0998bff8d.jpg,1.0
cl6ki82ak00058w55b9dyf8ef_4_FALSE_COLOR__URBAN_jpg.rf.c5af76656a0a31fdc84090eb9d68b445.jpg,1.0
cl6oul0ve00axao5549vy6mom_2_FALSE_COLOR_jpg.rf.c5a4fcd3423be8d0de241d35bd2dc95c.jpg,1.0
cl6kf110z0004c455dymnacxa_1_TRUE_COLOR_jpg.rf.c594f7fbf05d75b3a1233e48ded069da.jpg,1.0
cl6b75qhp0098l455giwk7bva_4_FALSE_COLOR__URBAN_jpg.rf.c59609f2821deb7101fc8d82a53d95c0.jpg,1.0
cl6e3den6003ogk552zqffgtp_2_FALSE_COLOR_jpg.rf.c59a8249fc1fa7bc34ba64904f66a7e6.jpg,1.0
cl6oikce00039ao55em2efcah_2_FALSE_COLOR_jpg.rf.c59435a3d91354455073c9176567d026.jpg,1.0
cl6odzdk0002nao55dz13d0s9_4_FALSE_COLOR__URBAN_jpg.rf.c5dc6e8b7a7660164a0a9d23fad8184b.jpg,1.0
cl6cs1jzq00ekl4555c2107g4_1_TRUE_COLOR_jpg.rf.c5ca56c0d81159b39c29410cf560f617.jpg,1.0
cl6dzx0z8000zhg55h3no3zv0_6_SWIR_jpg.rf.c5bdd9c79eb83aa544d2f1f726590b01.jpg,1.0
cl6cpbspp00ddl455cdn2h2ov_6_SWIR_jpg.rf.c605ad1800d06bae924e6e382893837b.jpg,1.0
cl6b05tqy000al4556arxfkpx_2_FALSE_COLOR_jpg.rf.c5e3ec411588c21cd5f08b77104e0a3e.jpg,1.0
cl6b4x9pw001pl455en07csnz_6_SWIR_jpg.rf.c5a6d259e626844118793595bbba921e.jpg,1.0
cl6kiw7u3000n8w555peaa411_4_FALSE_COLOR__URBAN_jpg.rf.c5e96d94d9753b1a91be4822cd56685f.jpg,1.0
cl6ctu9tf00ibl455cvffhm3v_2_FALSE_COLOR_jpg.rf.c60114018dae934f2504e53eb2d2eeae.jpg,1.0
cl6cs8jie00f5l4555hn76aj1_4_FALSE_COLOR__URBAN_jpg.rf.c5fdad162fac4297cda9e225e5aa6209.jpg,1.0
cl6m1cyzn003n8w55b05d1g7b_1_TRUE_COLOR_jpg.rf.c627864604f63a1c6454604be4b5c388.jpg,1.0
cl6kggj9a002rc4556h0x9jxc_4_FALSE_COLOR__URBAN_jpg.rf.c5d4f3788e79f439e98acec4fc3a7e47.jpg,1.0
cl6oqvksq009bao556412da6l_1_TRUE_COLOR_jpg.rf.c60fda4f49a35d16a466b985dc7a4770.jpg,1.0
cl6ct5pk300gxl4559vdtfjz2_4_FALSE_COLOR__URBAN_jpg.rf.c5c5bb9d2e54c6a96c2557044b702b25.jpg,1.0
cl6op4gc1006iao556h8zbu0e_6_SWIR_jpg.rf.c61b49a5cea910fe7e696c12bd358cab.jpg,1.0
cl6crwyyq00e5l4558o6g9ltn_6_SWIR_jpg.rf.c623be05839b94014fbfa6d58a6cd868.jpg,1.0
cl6e3dpyr003pgk5549kb5vj7_1_TRUE_COLOR_jpg.rf.c614ae93c5fe251eddeea8a855025e0b.jpg,1.0
cl6ocys2m000sao5550mof7nx_1_TRUE_COLOR_jpg.rf.c5d089c109dfa2847314551d3af08f4b.jpg,1.0
cl6kjjuo1001n8w55cwk28w01_2_FALSE_COLOR_jpg.rf.c6305f6e7aa72e53662a5f94d9154124.jpg,1.0
cl6kgag2y002ac455g3l427ic_4_FALSE_COLOR__URBAN_jpg.rf.c660bf973d2aad8f5a7ecdc0399acebb.jpg,1.0
cl6ctpy8q00i5l455bf1se2cj_1_TRUE_COLOR_jpg.rf.c65db5dd12fadf4b6db35939fcf852c8.jpg,1.0
cl6b7hk7q00adl4550rwe3x4h_1_TRUE_COLOR_jpg.rf.c660dde1b4cb113888ccb5d50a85a7c3.jpg,1.0
cl6ci0zpv00d2l455d7qvfvc7_1_TRUE_COLOR_jpg.rf.c67639584ec89e984cb13ef812eb963e.jpg,1.0
cl6ou72e300a7ao55ham55bxa_2_FALSE_COLOR_jpg.rf.c68c17c41320b31fe519b54eefd6b859.jpg,1.0
cl6dzvdbz000yhg552dlf8c2e_2_FALSE_COLOR_jpg.rf.c645a1916efa97e8e888b5d83e24a537.jpg,1.0
cl6cte7ud00hjl455f3v1es6e_2_FALSE_COLOR_jpg.rf.c662ed9d769fff0774d7c7cceaab25f4.jpg,1.0
cl6ocroz8000bao556vczaflp_1_TRUE_COLOR_jpg.rf.c6bb3edb03e12a1bcec39cd48942e11d.jpg,1.0
cl6b5z6d1005ol45596rf4y2m_1_TRUE_COLOR_jpg.rf.c6a1c26c5f2c792deee3f5062041d544.jpg,1.0
cl6kjek5g001a8w5561zp7ddp_4_FALSE_COLOR__URBAN_jpg.rf.c67ecfe0951a00bd98a3e4dda4492f1f.jpg,1.0
cl6cg8f7k00ail455g5xjf4zo_4_FALSE_COLOR__URBAN_jpg.rf.c6d504dbb653d919632a48e0791d0118.jpg,1.0
cl6cglc9n00b8l45520og7tym_1_TRUE_COLOR_jpg.rf.c6895d9a729c67b750848835a6160369.jpg,1.0
cl6oozv0s006aao55aqm71ih3_2_FALSE_COLOR_jpg.rf.c6a26f500ca111b9a8ff769b8b2f1e78.jpg,1.0
cl6azhuzg0005f0550ahb6bh1_6_SWIR_jpg.rf.c6c7151e7fc4bfbb78364be7b79e42b9.jpg,1.0
cl6od2qvz0018ao55hk1af8ha_1_TRUE_COLOR_jpg.rf.c6a62717c488cd6c0f5bd9e5748794af.jpg,1.0
cl6ctquqv00i6l4554a2rdn94_4_FALSE_COLOR__URBAN_jpg.rf.c6d89e2665f1ae0c425d9cfac6d97ee9.jpg,1.0
cl6ojdk5a004rao550wcq79f3_6_SWIR_jpg.rf.c6b52e96242f342752e5ce4c8bab3e56.jpg,1.0
cl6ocqy790009ao55dmfo7t3e_1_TRUE_COLOR_jpg.rf.c6f9194b6f8aea140fef1d41d0c2453c.jpg,1.0
cl6crwhp200e4l455f6nf73c3_2_FALSE_COLOR_jpg.rf.c686feffbf190f19c3397c664580bcae.jpg,1.0
cl6ojcant004qao555opq5lio_1_TRUE_COLOR_jpg.rf.c6e91d25be0203b14bc44ab3fcf991f9.jpg,1.0
cl6lsv1l5001u8w55aryp0azo_2_FALSE_COLOR_jpg.rf.c73523de52b2b1ea5927cbe2e279d774.jpg,1.0
cl6m1aj68003d8w55e8c3aim3_6_SWIR_jpg.rf.c66d44091eec28f9c61e7022ba303fdc.jpg,1.0
cl6opn2ws007hao55es3fg6b2_4_FALSE_COLOR__URBAN_jpg.rf.c7594b8ab893b81d64b8fa8a08776ae5.jpg,1.0
cl6csoq0b00fvl4552zeyhiff_6_SWIR_jpg.rf.c7694c6b8af2041bda15cbab009e84f6.jpg,1.0
cl6ouaiyn00aeao550h4i06dx_2_FALSE_COLOR_jpg.rf.c6be9ccb3f11479ce65989889db1cbe1.jpg,1.0
cl6kj6wc7000v8w55bojfd748_1_TRUE_COLOR_jpg.rf.c6891e479038367de4b1f0d90625d1fc.jpg,1.0
cl6cthshy00hql4559om2e79b_4_FALSE_COLOR__URBAN_jpg.rf.c7360e602a0d7f772925645f01879246.jpg,1.0
cl6dyqj7a000ehg55buwr46eg_1_TRUE_COLOR_jpg.rf.c6df1056824d6332b2529ee3970a778a.jpg,1.0
cl6b0mkrt001bl4550hq12i9i_6_SWIR_jpg.rf.c7143461536481ab2249016b2b2cbee4.jpg,1.0
cl6kfsx2l001kc455ezxdhkvx_2_FALSE_COLOR_jpg.rf.c78528432c6366dc9fd31dbe0c17e32a.jpg,1.0
cl6b0hhjo0010l455bbrwenrb_1_TRUE_COLOR_jpg.rf.c793164be1f567a6e6ba5e531a20d166.jpg,1.0
cl6ok5klz005nao55dbmig3bd_2_FALSE_COLOR_jpg.rf.c792244a6a90a77a23bf0c37539a52ed.jpg,1.0
cl6orsbq600a1ao5543sigy1j_2_FALSE_COLOR_jpg.rf.c78d16305b334908ed3304cf61943300.jpg,1.0
cl6b63vpq0064l455flci5m80_6_SWIR_jpg.rf.c7969992f5d90a3ef44524b2bda70573.jpg,1.0
cl6m1aury003e8w55364mhq6f_2_FALSE_COLOR_jpg.rf.c76952d6015fd05b91351d1753c09014.jpg,1.0
cl6kjin4n001k8w556abi09ie_1_TRUE_COLOR_jpg.rf.c7bcb8ef0da51c3f3bd010038f173aba.jpg,1.0
cl6odyy4q002mao558oty3tax_4_FALSE_COLOR__URBAN_jpg.rf.c7868d83bb406b7e8aa4753b0709cf09.jpg,1.0
cl6ch7vs700c0l4550a8j565q_4_FALSE_COLOR__URBAN_jpg.rf.c772624b4eafd5d7c484c06ebd337621.jpg,1.0
cl6b66ozy006bl45598b863vf_1_TRUE_COLOR_jpg.rf.c7bc061f5ec7d4ac8d7779c7e2824cb0.jpg,1.0
cl6dydo100003hg55gkkv0c3a_4_FALSE_COLOR__URBAN_jpg.rf.c7c0ede73f51c5562294a6e25171f98d.jpg,1.0
cl6b620rw005yl455a8ev4bo0_6_SWIR_jpg.rf.c7cf116fbf629d0fe1ce32ecc14b1d59.jpg,1.0
cl6b7fkmx00a7l455d75h2co1_1_TRUE_COLOR_jpg.rf.c7cdaa65becb2abe9ede561d516a4a30.jpg,1.0
cl6oqlhh6008zao55gago04ul_6_SWIR_jpg.rf.c7bd77b7a8a7d5b58a9d957137b937f2.jpg,1.0
cl6kjhx3r001i8w550n9zd54y_6_SWIR_jpg.rf.c7d0c015011dc365fb91d091d3b8c9ba.jpg,1.0
cl6odg2fc001rao557orb0ee5_2_FALSE_COLOR_jpg.rf.c7c91a30a21456d943a43bc916a1f326.jpg,1.0
cl6oikce00039ao55em2efcah_1_TRUE_COLOR_jpg.rf.c7d269e9c07ef38228df54e531e92ebf.jpg,1.0
cl6chonxj00cjl455bqcs1fnt_1_TRUE_COLOR_jpg.rf.c7cc1fc389c72a08e7fb58cec2da24bb.jpg,1.0
cl6op4gc1006iao556h8zbu0e_1_TRUE_COLOR_jpg.rf.c7ec6f64089c0f85906b03f4c6411647.jpg,1.0
cl6b6xnlo008dl455ft678vcm_2_FALSE_COLOR_jpg.rf.c7d011bcbb7ef3a69b35149b5e552d3c.jpg,1.0
cl6oivr2z003wao55395g5u07_4_FALSE_COLOR__URBAN_jpg.rf.c7fced24b2db2cc1520e317095fa600d.jpg,1.0
cl6e0cu5f000ogk5534kg23s9_2_FALSE_COLOR_jpg.rf.c7d70b880a1f8af45b6e76df08db3637.jpg,1.0
cl6kg2ozz0023c455byeq4ye9_4_FALSE_COLOR__URBAN_jpg.rf.c7d862d2bb3533063be9325cfbde7cb9.jpg,1.0
cl6e3bkid003jgk5568qqgh5c_6_SWIR_jpg.rf.c80897270ef965de9871a8763c10af4f.jpg,1.0
cl6b6i65c007cl4550t4i61rw_1_TRUE_COLOR_jpg.rf.c7f1172333ea791339abb70b67d301d2.jpg,1.0
cl6kfnjr50014c4555kd2a1q6_1_TRUE_COLOR_jpg.rf.c7f2378ce6ec1bff516fb8b144047934.jpg,0.0
cl6e0mv1s0017gk5595j92i2d_1_TRUE_COLOR_jpg.rf.c7f822c31264bb77b20946b1a1111dd5.jpg,1.0
cl6kjbb3u00158w55e0y48ful_6_SWIR_jpg.rf.c81c20812021d6a2b62521e67b8a5c81.jpg,1.0
cl6b5b5g0002zl455cjty1v7p_4_FALSE_COLOR__URBAN_jpg.rf.c80f906010d85c00974eded54a509856.jpg,1.0
cl6e2kcsy002cgk5582jih4dd_2_FALSE_COLOR_jpg.rf.c7fcae354a58782ac709caa6ce5606ca.jpg,1.0
cl6lt41jh00268w55ammyc72e_4_FALSE_COLOR__URBAN_jpg.rf.c831dfcf66ba542c42ea2d25efe14a3f.jpg,1.0
cl6b6nafs007ml4558op181ff_6_SWIR_jpg.rf.c8496aa22d816c0d78d2088dde33e824.jpg,1.0
cl6b5n12o0049l455063q86e4_6_SWIR_jpg.rf.c83f9182a6888942820a95eb7211419d.jpg,1.0
cl6b0s28i001ll455fuut9xea_2_FALSE_COLOR_jpg.rf.c84366d9ccdc4f1373c2d45e38001566.jpg,1.0
cl6kgj08y002wc455bqfpd8bd_1_TRUE_COLOR_jpg.rf.c86e2b71dc601a1d236ee8f358c49c67.jpg,1.0
cl6oczf4b000uao559egx35g7_4_FALSE_COLOR__URBAN_jpg.rf.c857efe094b57eef781f2a976c0f67f1.jpg,1.0
cl6cht8c600cml4558wv5emrs_4_FALSE_COLOR__URBAN_jpg.rf.c87a710af931afe7ca046ee302161c7d.jpg,1.0
cl6dzx0z8000zhg55h3no3zv0_4_FALSE_COLOR__URBAN_jpg.rf.c84eb85d9e2d08b8f176e44343dcfa61.jpg,1.0
cl6cthgh500hpl4550qm12ykl_1_TRUE_COLOR_jpg.rf.c84d1f1e9536d17aae87f114ae8928e8.jpg,1.0
cl6cgepys00avl455d8q7b602_1_TRUE_COLOR_jpg.rf.c85f03a8a58c22ea7438683873c31cbb.jpg,1.0
cl6b5bl3w0032l4550j2k2te5_6_SWIR_jpg.rf.c89c5875dfbc4225ba5b703b5257df79.jpg,1.0
cl6b04dof0006l455d30k5py4_4_FALSE_COLOR__URBAN_jpg.rf.c8b3ffb55c64d6c057ef398f2fe904ed.jpg,1.0
cl6lsygs2001w8w551eungans_1_TRUE_COLOR_jpg.rf.c8c67d10de299524aff1a912f657ae01.jpg,1.0
cl6op7qgu006nao55fvo422ce_6_SWIR_jpg.rf.c8b94ce1021688d42a02cb4620ebb2ec.jpg,1.0
cl6opvtw5007zao556bmf7ibn_4_FALSE_COLOR__URBAN_jpg.rf.c8cf79e62676c6bff0849af946bfb2a2.jpg,1.0
cl6ctc4d100hgl455dxjg6vfb_1_TRUE_COLOR_jpg.rf.c9187024467ca1993c0f4f041eb99671.jpg,1.0
cl6dyiwx60009hg55freo14hg_6_SWIR_jpg.rf.c88092bb938a774d5215cf9c6f770e69.jpg,1.0
cl6m170d0003a8w5556k5hzhc_6_SWIR_jpg.rf.c8e10eb4ac357677af773391964242b9.jpg,1.0
cl6ooxizh0068ao55h1l3hrim_1_TRUE_COLOR_jpg.rf.c8cc76212e661d3d8602e294ac5d8a6a.jpg,1.0
cl6okcigf005zao55dc0wbjsx_2_FALSE_COLOR_jpg.rf.c8c06851ad92cfd79dc0a1d3fedd4339.jpg,1.0
cl6crzmr500ecl4558jp511l2_4_FALSE_COLOR__URBAN_jpg.rf.c88f8c82f03ff082b4450aa99d4f086f.jpg,1.0
cl6cgah3400anl4554lg2hxzy_6_SWIR_jpg.rf.c894284c326a41239a7f3d99b09f05ae.jpg,1.0
cl6kggj9a002rc4556h0x9jxc_6_SWIR_jpg.rf.c918b41d67b5539bdcca249f76dc9d84.jpg,1.0
cl6ctrx2500i8l455bw1w5a2s_4_FALSE_COLOR__URBAN_jpg.rf.c8bf0e176f34b46b258746fc6ddd0048.jpg,1.0
cl6b694mv006ml4554nwqack1_2_FALSE_COLOR_jpg.rf.c88aa93555866eb39cc21afadaac8097.jpg,1.0
cl6e2grat0022gk55hpoig5ln_6_SWIR_jpg.rf.c911ae1314db23a9e4a04908dc46d40b.jpg,1.0
cl6ocz2a3000tao55dh2pdj1d_2_FALSE_COLOR_jpg.rf.c922c1887ea956641823ffd8056ea3d1.jpg,1.0
cl6b5h8hs003sl4559hmj1w9m_6_SWIR_jpg.rf.c9243dff970e03d955633f20cf324f65.jpg,1.0
cl6opvi1n007yao55cdfm04gj_4_FALSE_COLOR__URBAN_jpg.rf.c8f4d6ba3f724ff54d5678ef2705978e.jpg,1.0
cl6b75x8d0099l455e0ci4k6c_4_FALSE_COLOR__URBAN_jpg.rf.c89ca755009411b2de7bb473e4636ac2.jpg,1.0
cl6kf76uq000jc4559qnk5btt_1_TRUE_COLOR_jpg.rf.c92bd94d641aa529fc4189848dbf8b73.jpg,0.0
cl6cg820i00ahl45522fwa74p_4_FALSE_COLOR__URBAN_jpg.rf.c86e66b39b87b707fe2c14b3fe341f27.jpg,1.0
cl6oozjlj0069ao5516rs1b5a_1_TRUE_COLOR_jpg.rf.c9389750ac699738ddbc3e8c0fb5bddd.jpg,1.0
cl6kiujep000k8w552z6ebrxp_1_TRUE_COLOR_jpg.rf.c91bdd29443530db771cce1ed8b4ea40.jpg,1.0
cl6b6y36r008gl4559z723z25_6_SWIR_jpg.rf.c950d5a7d8e34a6431f5abf239ec2626.jpg,1.0
cl6e2u0ix002igk555d3b0uai_4_FALSE_COLOR__URBAN_jpg.rf.c962e08c2b1122d903dfd6c1b1e6ec1b.jpg,1.0
cl6oikmzw003aao558ooh48tf_4_FALSE_COLOR__URBAN_jpg.rf.c954a193d6bb234b1441ff210e3d7bf2.jpg,1.0
cl6od01zy000wao5564tqf2dq_4_FALSE_COLOR__URBAN_jpg.rf.c9991e8d20f8e2d0c8f7fdeaef73933f.jpg,1.0
cl6ojbg9t004oao552glqe340_2_FALSE_COLOR_jpg.rf.c95915a90b85bafd48af727bd15a5bfd.jpg,1.0
cl6ojv5dx0056ao557rpa0ljr_2_FALSE_COLOR_jpg.rf.c96915a89a55057ce5928f583f9fff91.jpg,1.0
cl6ctpy8q00i5l455bf1se2cj_6_SWIR_jpg.rf.c991156609d3bd1bf93835d8847457bf.jpg,1.0
cl6lt37ph00248w55dnhvff9s_1_TRUE_COLOR_jpg.rf.c956d7343e92d348802eeddae4e0056d.jpg,1.0
cl6azwb8d0001t055d2a160qn_6_SWIR_jpg.rf.c9c9330058d994f77bd1fedea282e82a.jpg,1.0
cl6kjexus001b8w55d6iq8ma6_1_TRUE_COLOR_jpg.rf.c97473d3e6c656483830c86ddf9b7d80.jpg,1.0
cl6opc9oz006zao552eyx63jq_2_FALSE_COLOR_jpg.rf.c96026711653b8f5f96735f4a54f7450.jpg,1.0
cl6opowct007kao55518p0qp4_6_SWIR_jpg.rf.c956ca9c4d559a9a4bc94037e9737374.jpg,1.0
cl6kf9f45000sc455c6f9g0po_6_SWIR_jpg.rf.c99221e6976b78f97d8a36d03174133c.jpg,1.0
cl6kfq79x001cc455cjp917bl_1_TRUE_COLOR_jpg.rf.c966bf9689af9a58abb9f040f14bdba2.jpg,1.0
cl6chfm2800c4l455ensx26aq_4_FALSE_COLOR__URBAN_jpg.rf.c9a030c095344cbf5bc9f12de1609267.jpg,1.0
cl6oqat3j008rao556mbqfoan_6_SWIR_jpg.rf.c9c1e250b824c4f8ee961a2c4a6aa7c5.jpg,1.0
cl6oqq4r40096ao557h69gx2o_6_SWIR_jpg.rf.c9d5f80692ee153bfe5c6b581d33a239.jpg,1.0
cl6oinvqs003fao55chcqcxbr_1_TRUE_COLOR_jpg.rf.c9a79d7f3225d355b4e15591fb852e08.jpg,1.0
cl6kgnh9k0030c455dtnabosj_1_TRUE_COLOR_jpg.rf.c9bedd47c7dfe20e4719816eb6ad7e2a.jpg,1.0
cl6b5dfkd003fl455d1yufkce_6_SWIR_jpg.rf.ca100bc98882e60a2eea2b53b9705b43.jpg,1.0
cl6cgtahv00bkl455hcmk9cn1_1_TRUE_COLOR_jpg.rf.c9fbbd4fefd5d07ae08c7d17639cd416.jpg,1.0
cl6od8ws9001kao558u2r832i_6_SWIR_jpg.rf.c9ee0fb9f370d459ddb0227b1f857e2c.jpg,1.0
cl6cpb4b500dbl45509b2egsu_1_TRUE_COLOR_jpg.rf.c99606c4a81043b3a0054d5851d93a46.jpg,1.0
cl6cho7a000cil455fiddgkjj_4_FALSE_COLOR__URBAN_jpg.rf.c9e09401044aa61d505141d7b6ec0c03.jpg,1.0
cl6cpgf7u00dnl455327713eo_4_FALSE_COLOR__URBAN_jpg.rf.c9e94a876a5bbaaa77a50320d59e23dd.jpg,1.0
cl6e2hp3l0025gk55buu53wd8_2_FALSE_COLOR_jpg.rf.ca25f88bfd3850170c328be5cf007447.jpg,1.0
cl6ojowwz004yao55hvwldnc2_4_FALSE_COLOR__URBAN_jpg.rf.ca1d661dbff890a073cf97854b657d0e.jpg,1.0
cl6e0dbw9000pgk55cv1sgp5x_6_SWIR_jpg.rf.c9ea46442d9e9cd9327e75250b9dea93.jpg,1.0
cl6e2zv7h002sgk55a6xy82ty_2_FALSE_COLOR_jpg.rf.ca2893e23d428426d965fe3946d80bb1.jpg,1.0
cl6ltqxhj002r8w553as9ee8t_2_FALSE_COLOR_jpg.rf.ca1326ded237080a312cd0af0a7cc60f.jpg,1.0
cl6csy33f00ghl455gq3n5t4r_1_TRUE_COLOR_jpg.rf.c92a8754b5c5161551d596bfbe7ad2eb.jpg,1.0
cl6csdu2700fal455982ifw90_4_FALSE_COLOR__URBAN_jpg.rf.ca2551e966f1a467a2e5b4b9a504533f.jpg,1.0
cl6orr67o009yao552re7cwu8_2_FALSE_COLOR_jpg.rf.ca2b803d1b081d37f2e1dc761c2a4425.jpg,1.0
cl6b5rw90004tl4550usmc96c_4_FALSE_COLOR__URBAN_jpg.rf.ca37e25cf3ceacf91ae6c3def34bac85.jpg,1.0
cl6opat9m006uao55hjajghn3_2_FALSE_COLOR_jpg.rf.ca35d2138fc9e690d69bc0c325d8646a.jpg,1.0
cl6ojx2va005aao55c05b0bvm_4_FALSE_COLOR__URBAN_jpg.rf.ca490d52d8c5258d32ae3a338b3226c0.jpg,1.0
cl6oikmzw003aao558ooh48tf_2_FALSE_COLOR_jpg.rf.ca39c788b575e5425947edf5e5c48430.jpg,1.0
cl6crszmm00dvl455a2pb9ff5_4_FALSE_COLOR__URBAN_jpg.rf.ca476e5f3c650c6548bdd49978bdcbd7.jpg,1.0
cl6cgcj0400arl455ft6yh6hi_1_TRUE_COLOR_jpg.rf.ca6c1124529d195e24fbc26b82059f85.jpg,1.0
cl6b5f0o3003ll4553yz85s0u_2_FALSE_COLOR_jpg.rf.ca417ce1775fdf48fd74f5ed8d7fcc00.jpg,1.0
cl6od3yri001cao55gifvaizk_4_FALSE_COLOR__URBAN_jpg.rf.ca5cf2cdfa4464b07dd250bc28b00623.jpg,1.0
cl6kf6p46000hc455dcig3109_6_SWIR_jpg.rf.ca375092e386dc05c2862956926e4e95.jpg,1.0
cl6oct90r000fao553xkha255_1_TRUE_COLOR_jpg.rf.ca438b21ebafeb390950227a52d798cc.jpg,1.0
cl6cs113t00eil4553ipt3ogj_6_SWIR_jpg.rf.ca5bdf54fd75264c91c12fe655817db0.jpg,1.0
cl6crzmr500ecl4558jp511l2_1_TRUE_COLOR_jpg.rf.ca6e297e64dc46c8d379bf579ca48fea.jpg,1.0
cl6cgk7k600b5l455ceot4yy5_4_FALSE_COLOR__URBAN_jpg.rf.ca889b762d1c4275d736b6df794bd900.jpg,1.0
cl6ct849h00h0l4554tpb1q3i_1_TRUE_COLOR_jpg.rf.ca75af1aa894e534d9d7d7d63315782d.jpg,1.0
cl6ltrgqp002s8w55bwy9c5b4_2_FALSE_COLOR_jpg.rf.ca9dc8d90b9db77090404266c92abcbc.jpg,1.0
cl6ojcant004qao555opq5lio_2_FALSE_COLOR_jpg.rf.ca4927f985caf941f7aa09423606f01e.jpg,1.0
cl6b5sn8f004xl455a0z7eski_4_FALSE_COLOR__URBAN_jpg.rf.cac5bab7dc2824b52330fb24b07afcb9.jpg,1.0
cl6lt1hpb00208w55bfs7e6iz_4_FALSE_COLOR__URBAN_jpg.rf.ca9635b6a23b5f643de58428c75b1429.jpg,1.0
cl6cs2r9300epl455apt67bac_1_TRUE_COLOR_jpg.rf.ca4935bc18a6aeb2122ae97d682a24dd.jpg,0.0
cl6opc9oz006zao552eyx63jq_4_FALSE_COLOR__URBAN_jpg.rf.ca7ee63a8219414542813014879d46f7.jpg,1.0
cl6kjle3b001q8w55cr3p1f1z_2_FALSE_COLOR_jpg.rf.caad1e8e30e200d507128444ab69586c.jpg,1.0
cl6oitxum003tao55ghqu4f36_1_TRUE_COLOR_jpg.rf.caa6e46c80697e2391e9fa74bddc3093.jpg,1.0
cl6dzkzi2000shg55gijfezk9_4_FALSE_COLOR__URBAN_jpg.rf.ca88d382571e908d26ee718eee261335.jpg,1.0
cl6kjgg8s001f8w55gpld4jfw_6_SWIR_jpg.rf.cad4ce4414776eb1b1936f9d928e4f2c.jpg,1.0
cl6chumom00col4556jyfb7a5_1_TRUE_COLOR_jpg.rf.cade65fc555b48591ebfaa92c63a4af2.jpg,1.0
cl6m1c3ae003j8w553eyv5bne_6_SWIR_jpg.rf.ca5b9fef63105da5bde6a0636a030b96.jpg,1.0
cl6cslhca00fql4551wh11myi_2_FALSE_COLOR_jpg.rf.ca9f2cf530b132a4bb8b31c413954ea6.jpg,1.0
cl6kgm9qr002yc455g5qs87kz_2_FALSE_COLOR_jpg.rf.cacee6877292a78b4eb25854ed4e16e8.jpg,1.0
cl6ojysgh005dao55c9ax3bwq_1_TRUE_COLOR_jpg.rf.cae170178d5cef2b2b34f08b5f4f046c.jpg,1.0
cl6ltb1wo002f8w558ocbb9ty_1_TRUE_COLOR_jpg.rf.caf0c1d0e5e3b877ab41505d328b0182.jpg,1.0
cl6chb1kq00c3l45538v16mga_1_TRUE_COLOR_jpg.rf.caf9af3e51cc33686f5ed826bac00210.jpg,1.0
cl6od7f7j001hao55016b86jo_1_TRUE_COLOR_jpg.rf.cb021e8158c0fe5d6b8f776dce0cd10a.jpg,1.0
cl6kfnwqd0015c455cssv4ha4_1_TRUE_COLOR_jpg.rf.cb26db0b5fcd03ffdb2206089b33ee66.jpg,1.0
cl6ctfvqa00hnl455fu4bf37z_4_FALSE_COLOR__URBAN_jpg.rf.caee3f5a5735ee49abe941e99bf5957d.jpg,1.0
cl6kf3j6a000cc455a7ny9xom_6_SWIR_jpg.rf.cb33802d82f150fa5c4f5cedb2281453.jpg,1.0
cl6m1gm78003z8w553teegbzw_4_FALSE_COLOR__URBAN_jpg.rf.cb49c1628cf8358d723393ba830a7710.jpg,1.0
cl6dyiwx60009hg55freo14hg_4_FALSE_COLOR__URBAN_jpg.rf.cb1c29feb356dbe7649e417cf808ba4e.jpg,1.0
cl6e2edx3001ygk554c0h3ubb_1_TRUE_COLOR_jpg.rf.cb0a619e43dab0072c89aa4c695e731b.jpg,1.0
cl6opypeq0087ao55cd0fhzah_6_SWIR_jpg.rf.cb498160553bc34407df6269ebf61688.jpg,1.0
cl6ct3pgp00gsl455ha8uf8on_2_FALSE_COLOR_jpg.rf.cb6bdf03e955bdb9e136926025c907ae.jpg,1.0
cl6lt41jh00268w55ammyc72e_6_SWIR_jpg.rf.cb61263061515530bb92d62f60fbe46d.jpg,1.0
cl6op4t8q006jao559muv9l5l_6_SWIR_jpg.rf.cb761e1e67869b423ab4a37c282bced9.jpg,1.0
cl6oe0eoe002qao552t6i1m6g_2_FALSE_COLOR_jpg.rf.cb611993498a2e63a4151cb338a8dc1a.jpg,1.0
cl6chxs9s00cwl455abx51f8x_1_TRUE_COLOR_jpg.rf.cb8da007f92e220ff03630647d2680cf.jpg,1.0
cl6od25pv0016ao552ilz4612_1_TRUE_COLOR_jpg.rf.cb2ba1767325ca42dbba3a632c2aa235.jpg,1.0
cl6orr67o009yao552re7cwu8_2_FALSE_COLOR_jpg.rf.cb73adbd7c74aadd66e0a419c4b85208.jpg,1.0
cl6kj6jxg000u8w559s9eb5je_1_TRUE_COLOR_jpg.rf.cb77f4f353eef2e7aad9a9688cadbbba.jpg,0.0
cl6azhuzg0005f0550ahb6bh1_2_FALSE_COLOR_jpg.rf.cb4250cf406a79caf1fbb64ffd84dbac.jpg,1.0
cl6b6iksa007dl4551508f1n4_1_TRUE_COLOR_jpg.rf.cb6cfc692a36f0c7c9027b567f871d2f.jpg,1.0
cl6cskwng00fol4555eloc4nh_4_FALSE_COLOR__URBAN_jpg.rf.cb2424f8070e4dfa1f1e1f24aea5d86a.jpg,1.0
cl6oiv12w003uao55arup9ca6_1_TRUE_COLOR_jpg.rf.cb7df84ed74b70b9a270a755ae6a7b5a.jpg,1.0
cl6b67ypc006fl455bt0s8log_1_TRUE_COLOR_jpg.rf.cb6641288411e915602ee89c83571882.jpg,1.0
cl6b6wb2i0088l455ep6cb4cd_1_TRUE_COLOR_jpg.rf.cb923f447badec3007ea0d67fe2c653b.jpg,1.0
cl6b7gtl200aal4552nve0ap1_2_FALSE_COLOR_jpg.rf.cb07bd110f11710825a3afff13cdb439.jpg,1.0
cl6opvi1n007yao55cdfm04gj_2_FALSE_COLOR_jpg.rf.cb93e485d75c15e67c4048211673568c.jpg,1.0
cl6oj142t0045ao551qnd97ci_1_TRUE_COLOR_jpg.rf.cb705ddacce20d44eeb8d504ad07ea19.jpg,1.0
cl6oiqz18003lao55eb3ebson_2_FALSE_COLOR_jpg.rf.cb950e9d68598f496859c218a783644e.jpg,1.0
cl6e36bwt003egk553qs07yng_6_SWIR_jpg.rf.cba655769b7015dcf45d8f52d6e3127b.jpg,1.0
cl6odm3oj0023ao55641s046f_4_FALSE_COLOR__URBAN_jpg.rf.cbb3be05c885f3c7ed623acbdafd5e7e.jpg,1.0
cl6b5cqax0039l4552c73guh6_2_FALSE_COLOR_jpg.rf.cbc993285f91e476cf57efbaddfc09ce.jpg,1.0
cl6opbnv8006xao55hbpe2j2u_6_SWIR_jpg.rf.cb943319e0f4b69cb42238edb20af07a.jpg,1.0
cl6chpi4800ckl455epxjdzyy_1_TRUE_COLOR_jpg.rf.cbdd2895e8e715f74ff705a22f81e13d.jpg,1.0
cl6cpebce00djl4559trp2fbu_1_TRUE_COLOR_jpg.rf.cb9c55c334674119246f17e196e12ecd.jpg,1.0
cl6ctu9tf00ibl455cvffhm3v_4_FALSE_COLOR__URBAN_jpg.rf.cbde9d38608844587cea5ec0046c25c7.jpg,1.0
cl6chw5x300csl455fwv6g4li_6_SWIR_jpg.rf.cbe32be3454a888811d9f5ef9d10e0c5.jpg,1.0
cl6kiw7u3000n8w555peaa411_1_TRUE_COLOR_jpg.rf.cbef576b203a897d221cf6cc15a64f9e.jpg,1.0
cl6b5u4030055l455hl9956ni_1_TRUE_COLOR_jpg.rf.cbefdae2d996662422ca1002b5bfef38.jpg,1.0
cl6cgnbdj00bdl455d8vd8iqf_1_TRUE_COLOR_jpg.rf.cc457c56e3227c1074a01caa2671fd12.jpg,1.0
cl6azt6by0000go55h4io4tab_2_FALSE_COLOR_jpg.rf.cc8d1a4c79712d19171212562ab0d119.jpg,1.0
cl6b5qnq6004nl455160o65u9_1_TRUE_COLOR_jpg.rf.cc1857e8bb68d1215a1330974e137198.jpg,1.0
cl6ooxizh0068ao55h1l3hrim_6_SWIR_jpg.rf.cc5e4b3ddf3d0216211681d8ecdff2c4.jpg,1.0
cl6oug08g00ajao55edulc8y8_4_FALSE_COLOR__URBAN_jpg.rf.cc790dca52d4526849e669351e8a2fc9.jpg,1.0
cl6cgw2be00bnl455cetv4inw_2_FALSE_COLOR_jpg.rf.cc8d92f49280a5e518bd666b25ead740.jpg,1.0
cl6e2g24k0020gk55d7nlgq0h_1_TRUE_COLOR_jpg.rf.cc407d32d00f62a0555c51a194d23d75.jpg,1.0
cl6b55k98002fl455fxpwaq8j_4_FALSE_COLOR__URBAN_jpg.rf.cc46e239004a3c96bbc9cc55eeb99e43.jpg,1.0
cl6e064go0009gk55e8lcflfy_1_TRUE_COLOR_jpg.rf.cc3e38c8a44d83d19b29dad758cfd2bd.jpg,1.0
cl6b09m65000kl455dbrteofg_6_SWIR_jpg.rf.cc70f98949821d28e9f4ead1ee0fa84c.jpg,1.0
cl6b0okeb001fl455fgue1wrj_2_FALSE_COLOR_jpg.rf.cc782aedbc9313fe42a0edc1c024a52c.jpg,1.0
cl6b7ep9100a4l455h3w9fstk_1_TRUE_COLOR_jpg.rf.cc851acc4d695d267a1b6e1f5fbb2163.jpg,1.0
cl6kjd3dd00178w550194376c_2_FALSE_COLOR_jpg.rf.cc56bb0bdb20ee09dc3950da46cdc23d.jpg,1.0
cl6b0dcgw000tl4553dj16rm5_6_SWIR_jpg.rf.cc74c6d8622d1bca02a306154620c121.jpg,1.0
cl6khu4gb00008w5575zsg2eh_4_FALSE_COLOR__URBAN_jpg.rf.cc4fbdf6b6d0f3ace3ee87137f106e79.jpg,1.0
cl6kfr3gw001gc4556plk3d6y_2_FALSE_COLOR_jpg.rf.cc640c35d5aa59d81467c4e932834bf7.jpg,1.0
cl6kgag2y002ac455g3l427ic_1_TRUE_COLOR_jpg.rf.cca4e35723e65bae51062d7359b439a7.jpg,1.0
cl6e0fdc7000ugk557kzy30u6_1_TRUE_COLOR_jpg.rf.cc2c87e53dd7e3e0a8a61a951262b29b.jpg,1.0
cl6e3ieqj0044gk55azpfcs6x_1_TRUE_COLOR_jpg.rf.cc92c58da77baf4d64a7409cb0ad4dd1.jpg,1.0
cl6e2grat0022gk55hpoig5ln_1_TRUE_COLOR_jpg.rf.cc4d4d14082547d6eca4369718227ada.jpg,1.0
cl6csqi8m00fzl455hbvqhcm2_2_FALSE_COLOR_jpg.rf.cc7a5108f1eb58c16bf9add7979f0adc.jpg,1.0
cl6b6rmls007ul455clqha4p0_2_FALSE_COLOR_jpg.rf.cca1523828fad991ac750e6d09b425d4.jpg,1.0
cl6csapmj00f7l4558gne2y5r_4_FALSE_COLOR__URBAN_jpg.rf.ccb556dc943d4eebe53db47802f70c78.jpg,1.0
cl6keyw310001c4551ugx15q5_6_SWIR_jpg.rf.ccbeb25ac8f943c64ac3fefb470aa892.jpg,1.0
cl6ou3smf00a2ao5558m96qu2_2_FALSE_COLOR_jpg.rf.ccdb89b5ec7494980668365b7a767190.jpg,1.0
cl6kjd3dd00178w550194376c_1_TRUE_COLOR_jpg.rf.cca280de205526f188934b1f23643906.jpg,1.0
cl6b5nhyt004bl455bxss4mll_6_SWIR_jpg.rf.ccdc21276d5bb3a771f3bc8edab96326.jpg,1.0
cl6b51tzw0021l455hoys6t5x_1_TRUE_COLOR_jpg.rf.ccd865d78157dd657698e8f97fba840c.jpg,1.0
cl6ou90tv00acao559ijshkxd_6_SWIR_jpg.rf.ccffc0747d5f605d85413d69995d19dd.jpg,1.0
cl6e2lc56002fgk554s6m4xro_1_TRUE_COLOR_jpg.rf.cd0d5b3ef149560d48b9cd1cb7b53bf6.jpg,1.0
cl6op6nll006lao553d190xdf_2_FALSE_COLOR_jpg.rf.cce2cfd56601308f93fef74bbf87fdc4.jpg,1.0
cl6b5tn5o0053l4555lotaojg_2_FALSE_COLOR_jpg.rf.cd55b94829e5459e185ff9bdff710c56.jpg,1.0
cl6odcx12001oao55f8bma9y4_4_FALSE_COLOR__URBAN_jpg.rf.cd0a6e56c316bb10145215c045dedac8.jpg,1.0
cl6odvq2g002fao558rvf8tfd_1_TRUE_COLOR_jpg.rf.cd0443ccb68ecc707bde7a4d6a8230db.jpg,1.0
cl6op9m80006sao552sp0bgyl_4_FALSE_COLOR__URBAN_jpg.rf.cd8ab64d79beed81a8a2ff52761b3f17.jpg,1.0
cl6m10azo00328w550q5i0wyx_2_FALSE_COLOR_jpg.rf.cd476620b1a842fb7c80c5658d6f90dc.jpg,0.0
cl6kgnh9k0030c455dtnabosj_4_FALSE_COLOR__URBAN_jpg.rf.cd90dcfa4abba03d734349d39c53ab3f.jpg,1.0
cl6ocpxm10006ao554w1tf9fa_1_TRUE_COLOR_jpg.rf.cd3fe1670fcb1a8943a3d25a8f775513.jpg,1.0
cl6b6c9bh006yl455efyd100t_2_FALSE_COLOR_jpg.rf.cd6531679e3993b99278aa20b24d7684.jpg,1.0
cl6oqa9n4008pao55aziv27ox_4_FALSE_COLOR__URBAN_jpg.rf.cd3a4754400906422f4e05bc8876ef75.jpg,1.0
cl6kjjuo1001n8w55cwk28w01_6_SWIR_jpg.rf.cdb0867faf46a42e7a1604de4d21d5b9.jpg,1.0
cl6dxqd4a0000hg55axmt0iob_1_TRUE_COLOR_jpg.rf.cd6e40fa8cedae426acd1e9714dc2114.jpg,1.0
cl6oroiyh009qao55fjioccgf_6_SWIR_jpg.rf.cd830be91587dd8a23320d7a0f7ef6c7.jpg,1.0
cl6b0cqup000ql4558m8y8a8t_4_FALSE_COLOR__URBAN_jpg.rf.cda4969c62346ebc38e8d62cb7b543f6.jpg,1.0
cl6b6d8tg006zl455b6e3ca7q_2_FALSE_COLOR_jpg.rf.cdab337cb0c51602efc99b8c7411ebbc.jpg,0.0
cl6ctlg9300hwl4558d9t1n71_2_FALSE_COLOR_jpg.rf.cd9ae10a5a4582c6190262e03c1caf22.jpg,1.0
cl6ocxo5w000oao5510nb2jrx_2_FALSE_COLOR_jpg.rf.cd6e362622b763a66e6608ef91fdf76f.jpg,1.0
cl6dyvvvc000lhg5533xc480w_1_TRUE_COLOR_jpg.rf.cdc5e3fdadc4485ffd345cb1445bee8f.jpg,1.0
cl6b5wjqa005fl4550muectqc_4_FALSE_COLOR__URBAN_jpg.rf.cdd25492124bc5f684e86d373d370ff5.jpg,1.0
cl6anjur50001f055bzb494if_4_FALSE_COLOR__URBAN_jpg.rf.cda86f164bb86cd37451a59a90b6f8c0.jpg,1.0
cl6m1aury003e8w55364mhq6f_6_SWIR_jpg.rf.cd791c6702bdfb54995cbbd115963628.jpg,1.0
cl6cs7eox00f1l455595w1d49_6_SWIR_jpg.rf.cdaf332df8e264c2fbae675ff3e8825c.jpg,1.0
cl6ok9inm005sao55c3o80dfl_6_SWIR_jpg.rf.cd67b45c84f773c6af5b57c503da3d09.jpg,1.0
cl6ch7vs700c0l4550a8j565q_6_SWIR_jpg.rf.cdd2780bccf1608aa209acbc9bdc848d.jpg,1.0
cl6kfqf04001dc45543rtgu9n_1_TRUE_COLOR_jpg.rf.cdf0b11674ccc711d17114fa8145f9f0.jpg,1.0
cl6kga3590029c455dfqjh4v7_1_TRUE_COLOR_jpg.rf.ce038d9683fdf6a4582021b9389f669a.jpg,1.0
cl6cryqwi00e9l4557j2w0vqw_2_FALSE_COLOR_jpg.rf.cdfa88a3f00e7757cf81ae46f36f4ef8.jpg,1.0
cl6b0ll6o0018l455c1kcgegf_4_FALSE_COLOR__URBAN_jpg.rf.cdf10199bb23dabb796582fe90bd7dc3.jpg,1.0
cl6oe0eoe002qao552t6i1m6g_2_FALSE_COLOR_jpg.rf.cdeffce2758e756c7d44494fa113633c.jpg,1.0
cl6ocpfa50005ao55f4xb2vkl_1_TRUE_COLOR_jpg.rf.cdf49ee5284d9846af0f86f0b2db4490.jpg,1.0
cl6kfyj4a001wc4558emoaaeq_6_SWIR_jpg.rf.ce15fc975b3f0615730e6cc9bb85054c.jpg,1.0
cl6m0pnw5002y8w552btfchke_4_FALSE_COLOR__URBAN_jpg.rf.cdec13c73f5fa37e61e1a06d5e4daf30.jpg,1.0
cl6oqbfvu008tao55bjo50q8p_2_FALSE_COLOR_jpg.rf.ce15aceeaa2188ee3985a07bd45681bb.jpg,1.0
cl6kggj9a002rc4556h0x9jxc_2_FALSE_COLOR_jpg.rf.ce01059d3e3abf1c21f3792021999d6f.jpg,1.0
cl6oju5ai0054ao55fbrr6a1p_6_SWIR_jpg.rf.ce021c382d64de861b1df1b9661d5621.jpg,1.0
cl6ltthf9002u8w5567flfr3k_6_SWIR_jpg.rf.ce224e16e6155a324b7b775b33002a2b.jpg,1.0
cl6b5c2sv0035l455962o3knd_1_TRUE_COLOR_jpg.rf.cdf0d7b193d02d055a0af370198a3d4f.jpg,1.0
cl6b5y1m8005ml455dfsobrvc_4_FALSE_COLOR__URBAN_jpg.rf.ce24da8e74f36d697fd49f3c612bb29f.jpg,1.0
cl6op88w4006oao552mmn9knc_2_FALSE_COLOR_jpg.rf.ce27700548d109a6ff853488e32de18d.jpg,1.0
cl6e3e9qm003rgk55efdu14ah_2_FALSE_COLOR_jpg.rf.ce22ef1145f08c7dbecd1cef4322db65.jpg,1.0
cl6cpdnir00dil455c047h42h_6_SWIR_jpg.rf.ce2b2544dc4dca5959062d48a8bbcd21.jpg,1.0
cl6e1qges001kgk555z158f33_4_FALSE_COLOR__URBAN_jpg.rf.cdebfeefd7cee4f8d0066516b3bcd353.jpg,1.0
cl6ctfm0y00hml455e2b1hjgv_2_FALSE_COLOR_jpg.rf.ce349ed31ec00ce06a6746efbde77fce.jpg,1.0
cl6ki7l6900048w55hs8c6nwt_6_SWIR_jpg.rf.ce7685f1aeb5164cbe46bd62e03c28b9.jpg,1.0
cl6kghsrn002tc4551wu83z4e_6_SWIR_jpg.rf.ce5e19a15a922fc1ec4cea0892a9b251.jpg,1.0
cl6b0gln2000wl4559wpzdukf_1_TRUE_COLOR_jpg.rf.ce560ba7849902db8b7ec6a3d21519bf.jpg,1.0
cl6dzrpz8000uhg553etw7mko_4_FALSE_COLOR__URBAN_jpg.rf.ce59a2374f519d129ed293b621afa08c.jpg,1.0
cl6e064go0009gk55e8lcflfy_6_SWIR_jpg.rf.ce623073cac4c802dc6a72ad1aa5a821.jpg,1.0
cl6opzsq7008aao556djk9g0u_6_SWIR_jpg.rf.ce716d2f53661dea8be6304f002ee10a.jpg,1.0
cl6oihv2n0034ao55fdp36vw4_1_TRUE_COLOR_jpg.rf.ce7fa97000f55f7ff87bb70843aa4277.jpg,1.0
cl6oqa9n4008pao55aziv27ox_1_TRUE_COLOR_jpg.rf.ce881868a5e0bf8450a4c7613daa5d77.jpg,1.0
cl6chkc4400cal4551mau76ln_2_FALSE_COLOR_jpg.rf.ce7295c2ac3a61c1746bc771323b6717.jpg,1.0
cl6oj27q10047ao55glv255m8_1_TRUE_COLOR_jpg.rf.ceb70ec5a0d9b2d48bcc1b648c1dccdd.jpg,1.0
cl6lsxiqd001v8w55fgtjavib_4_FALSE_COLOR__URBAN_jpg.rf.ce9556252e233518401bc64c588e2c6e.jpg,1.0
cl6b5c2sv0035l455962o3knd_2_FALSE_COLOR_jpg.rf.ce93125b5344b8b466af1e8a824b7b95.jpg,1.0
cl6chqhwl00cll4558hnj0glz_4_FALSE_COLOR__URBAN_jpg.rf.cea4ccaba9cf510487d3205f972ba916.jpg,1.0
cl6csq2j100fyl4550kka11gw_4_FALSE_COLOR__URBAN_jpg.rf.cea5e1b096ff9522f2bbde89309842e0.jpg,1.0
cl6dynr4h000bhg554cne5yig_2_FALSE_COLOR_jpg.rf.cea6175ac921bf34f679bcaaf24a4f14.jpg,1.0
cl6cs1jzq00ekl4555c2107g4_1_TRUE_COLOR_jpg.rf.ceba1be739d4c891a479d414b8899caa.jpg,1.0
cl6b6xs0d008el455cvd92nt5_4_FALSE_COLOR__URBAN_jpg.rf.ced1c3b3ce2c4fa10eb9bebad3a7c176.jpg,1.0
cl6kgbwuw002ec455gkee9mir_2_FALSE_COLOR_jpg.rf.cede98ee5aee698a72ff2760eedc708b.jpg,1.0
cl6ojwo190059ao55aqo1dfsk_4_FALSE_COLOR__URBAN_jpg.rf.cefb2daf0d49e49024606439193ae920.jpg,1.0
cl6cs64qm00ezl455acru4xkt_4_FALSE_COLOR__URBAN_jpg.rf.cf11ff408002338626eeb90fbd063631.jpg,1.0
cl6kfsip4001jc455e11ybj3f_2_FALSE_COLOR_jpg.rf.cec2eff28c9a848bf9c0a7b01242847e.jpg,1.0
cl6b63vpq0064l455flci5m80_2_FALSE_COLOR_jpg.rf.ce87eb052618a229f35171608af3ef4a.jpg,1.0
cl6cg6cf600agl455gtin273p_6_SWIR_jpg.rf.cf1cfd0bff2fd3f7fc85c3b9f5ed181c.jpg,1.0
cl6cho7a000cil455fiddgkjj_1_TRUE_COLOR_jpg.rf.cefee2cd3646b7d989c6ec1fcf8536ea.jpg,1.0
cl6cscffu00f8l455eoct9jzq_1_TRUE_COLOR_jpg.rf.cefc096a15228ba41310223ab3959f1b.jpg,1.0
cl6cgeaqz00aul4553pd8gh18_1_TRUE_COLOR_jpg.rf.cea7372b8cf2c66d335f97e5d9dfc282.jpg,1.0
cl6dydo100003hg55gkkv0c3a_4_FALSE_COLOR__URBAN_jpg.rf.cecd1bb60cf1a67be47e3ba533cea999.jpg,1.0
cl6e37d05003hgk5544zehxe6_4_FALSE_COLOR__URBAN_jpg.rf.cf213fd8e5a00e86d9758bfcee523b3c.jpg,1.0
cl6kfowty0017c455b591d008_6_SWIR_jpg.rf.cf22ee862f759d996cf4a225f23168bd.jpg,1.0
cl6ok33x3005lao555fmcbrr8_6_SWIR_jpg.rf.cf086bfd56370b73bddc51ddc3976a41.jpg,1.0
cl6chjmg800c8l4551fu3ef4x_4_FALSE_COLOR__URBAN_jpg.rf.cf1fc3363338aab6917cba7c5b9161b1.jpg,1.0
cl6e2y7v9002ngk55b03sduks_4_FALSE_COLOR__URBAN_jpg.rf.ced599e34b4586426c0a8f920ee0e634.jpg,1.0
cl6okdwy00063ao5588jlcglr_4_FALSE_COLOR__URBAN_jpg.rf.cf34d5521045886a324c09c2437e6cde.jpg,1.0
cl6cse9tv00fbl4552j5aepjj_4_FALSE_COLOR__URBAN_jpg.rf.cf27ca5ca2224234578bbcd54465aab2.jpg,1.0
cl6dzuimb000xhg552nh5hdd9_4_FALSE_COLOR__URBAN_jpg.rf.cf47fed8454aca6738341c580c4e5ab2.jpg,1.0
cl6csiins00fgl45562qya3h6_4_FALSE_COLOR__URBAN_jpg.rf.cf5e801ab490ce8f82a927540f0954b6.jpg,1.0
cl6b7hybt00ael455dfth5qs9_4_FALSE_COLOR__URBAN_jpg.rf.cee0d95df2f367e615eebedc348189d0.jpg,1.0
cl6ophgti0078ao557twhfw8d_6_SWIR_jpg.rf.cf786c7547b613df04ceb52358d9c20f.jpg,1.0
cl6cgi18y00b4l455dvo73gk3_6_SWIR_jpg.rf.cf5429dc8bcc966c4409799c7a480fc7.jpg,1.0
cl6b5goei003ql45521jt4njh_6_SWIR_jpg.rf.cf7d52c1e5a52720676feab3479e9673.jpg,1.0
cl6kg4sfr0026c4552hfe6gtj_6_SWIR_jpg.rf.cf470d467fb95d865a74bd5db1c10f3e.jpg,1.0
cl6b508o5001zl455ccee4frg_1_TRUE_COLOR_jpg.rf.cf7fb92409a14a93194cbfd31c9c1997.jpg,1.0
cl6e33qm00035gk553mplcyji_1_TRUE_COLOR_jpg.rf.cf88c6cdecd34beede21ea995ca896a2.jpg,1.0
cl6e0jkl30012gk55cttphw3u_2_FALSE_COLOR_jpg.rf.cf7b4ef02ee53d6cd36aa7666904aeb2.jpg,1.0
cl6cswt5400gdl4554rn2gjz9_6_SWIR_jpg.rf.cfaaf3565c671ad333aa5276b435ba65.jpg,1.0
cl6e1zkvy001ogk5561l0f1q7_4_FALSE_COLOR__URBAN_jpg.rf.cf546b28d5ebec6c0bf3f9f2318a1ae4.jpg,1.0
cl6orp9en009sao55f6gaa7jv_2_FALSE_COLOR_jpg.rf.cf85e43c780d9f8702af53e58415b65c.jpg,1.0
cl6ctquqv00i6l4554a2rdn94_1_TRUE_COLOR_jpg.rf.cfa220b7614d13babfd05a164fdf2aa1.jpg,1.0
cl6opwgvl0080ao553w5rcwez_1_TRUE_COLOR_jpg.rf.cfcb24de2ea786c143cf07b281d627b0.jpg,1.0
cl6op7qgu006nao55fvo422ce_6_SWIR_jpg.rf.cf6ef1ff25632684e3a4c546839ee625.jpg,1.0
cl6csozke00fwl45538jlfe9v_1_TRUE_COLOR_jpg.rf.cfced9be57f4307d94cd2b3b769f3b26.jpg,1.0
cl6b5f9f1003ml455abwkc72t_2_FALSE_COLOR_jpg.rf.cf64dd55d202f2021ebe1e9be6971503.jpg,1.0
cl6csnj9g00ftl4554f0z30lc_2_FALSE_COLOR_jpg.rf.cfc0abde0dab28605ae5fb33d5b15543.jpg,1.0
cl6cgzyml00bql4557ej3af4i_4_FALSE_COLOR__URBAN_jpg.rf.cfc43270f145698317549b2ec9c94ca7.jpg,1.0
cl6oiiz8r0036ao55b8lt6p4l_4_FALSE_COLOR__URBAN_jpg.rf.cfd650c867b1ad22991f50b67d6fabb6.jpg,1.0
cl6dznlym000thg55950a4qbg_1_TRUE_COLOR_jpg.rf.cfc6487e7ec88b0afc50675426610cfd.jpg,1.0
cl6b0czhh000rl4555uf846qc_4_FALSE_COLOR__URBAN_jpg.rf.cfa52d714ee803bbce07c6f3340e9d6b.jpg,1.0
cl6b68oyb006jl4557yvt2wuy_2_FALSE_COLOR_jpg.rf.cfc99ee77e7197282ff6ad86a303c83b.jpg,1.0
cl6ltche3002i8w55a3oj2dyk_2_FALSE_COLOR_jpg.rf.cfc491827fdf8510d67f09818adc6019.jpg,1.0
cl6ct07zx00gll4554jg5b8r4_2_FALSE_COLOR_jpg.rf.cfb5d488e0bd43308ed4ce46fbb75126.jpg,1.0
cl6b5rb8x004rl455g3sp3iqz_4_FALSE_COLOR__URBAN_jpg.rf.cfc7b39d405d9964c1728d4bfc1c16bd.jpg,1.0
cl6b5a7y0002xl4559jz37wc4_1_TRUE_COLOR_jpg.rf.cfd95a4ee33ec6d8946007796522bae7.jpg,1.0
cl6ojx2va005aao55c05b0bvm_1_TRUE_COLOR_jpg.rf.cfe7d83cc21b834f36f38629c005c056.jpg,1.0
cl6e0gykm000wgk551za948b3_4_FALSE_COLOR__URBAN_jpg.rf.cfe870980a5bc5c62d6bd8e655737339.jpg,1.0
cl6ltthf9002u8w5567flfr3k_6_SWIR_jpg.rf.d0001192b22fbca43a0c43612e30acbc.jpg,1.0
cl6oddf8p001pao558ykw6wkp_4_FALSE_COLOR__URBAN_jpg.rf.cff1d196748a5a674dc3bad9ab822b0a.jpg,1.0
cl6kg0ssm0021c4559i7q1mhh_6_SWIR_jpg.rf.d01b6f24d3de27bf1334213731dc9930.jpg,1.0
cl6kf5xzo000gc4552qc8hhcc_2_FALSE_COLOR_jpg.rf.d01bbeaeaf21413bfb1e8a360e726a7f.jpg,0.0
cl6kf6p46000hc455dcig3109_1_TRUE_COLOR_jpg.rf.d01c201d56f2c7a326c5eb1b8073ea37.jpg,0.0
cl6e0fn3v000vgk55gj468vfq_4_FALSE_COLOR__URBAN_jpg.rf.d0170787bcf1ca0fba89998ced17e205.jpg,1.0
cl6azikzm0007f055cez572lb_1_TRUE_COLOR_jpg.rf.d02307ed440de800f288499543fc74d3.jpg,1.0
cl6kfbq11000yc45577e7e4bg_2_FALSE_COLOR_jpg.rf.d03a0c6ae33bcd9a4a910e4b06e0a008.jpg,1.0
cl6b5n12o0049l455063q86e4_6_SWIR_jpg.rf.d011025900598e58d517cf8fb738f59f.jpg,1.0
cl6opk4x8007bao55eu7bc5vk_6_SWIR_jpg.rf.d023a4a7076d9fe34be4a7f4bec8a817.jpg,1.0
cl6op61od006kao558qpbabp6_2_FALSE_COLOR_jpg.rf.d03a1e3cb3063cc7eea4aa2768937de2.jpg,1.0
cl6lt9lyv002c8w55dnyheafs_2_FALSE_COLOR_jpg.rf.d03ed4e1ebdc04adfdc80349a9978ad7.jpg,1.0
cl6okbkxz005xao55cwhm56ie_2_FALSE_COLOR_jpg.rf.cff3add9def743d5c06ac0d0d472e3b5.jpg,1.0
cl6chm8sy00cel455ckjkfykq_6_SWIR_jpg.rf.d0024efa8ab34b2ff33d55f06144ae63.jpg,1.0
cl6ojysgh005dao55c9ax3bwq_1_TRUE_COLOR_jpg.rf.d07b0fb8c1c9e9c20a01a4b511c36d56.jpg,1.0
cl6oiiz8r0036ao55b8lt6p4l_1_TRUE_COLOR_jpg.rf.d0691766d857a27b080b2d5989733500.jpg,1.0
cl6oja8ma004kao55atmaakd4_1_TRUE_COLOR_jpg.rf.d0920755b9577435c198a1e1bbacb889.jpg,1.0
cl6ok74u9005oao557sb5dqub_4_FALSE_COLOR__URBAN_jpg.rf.d04e9be2f7e6be3d032fe977205bba5c.jpg,1.0
cl6kjjuo1001n8w55cwk28w01_6_SWIR_jpg.rf.d08671f3a03da6c482a1edcb3c66b989.jpg,1.0
cl6opmk2m007gao55exvlfv4q_4_FALSE_COLOR__URBAN_jpg.rf.d088e83d740b5b2ce8fbf1dc74ff8df8.jpg,1.0
cl6kjjetw001m8w557l9r668h_2_FALSE_COLOR_jpg.rf.d0a40fee65db3fcbdd171795938f2666.jpg,1.0
cl6b7fkmx00a7l455d75h2co1_1_TRUE_COLOR_jpg.rf.d09e8d4a5d321cdea09eb2accdfebf01.jpg,1.0
cl6cruirz00dzl45533iybi5p_4_FALSE_COLOR__URBAN_jpg.rf.d01d3dc6797d1cfef99aa53aa6567ac8.jpg,1.0
cl6m170d0003a8w5556k5hzhc_4_FALSE_COLOR__URBAN_jpg.rf.d080fc8e9a4ad00be389254bb3abed37.jpg,1.0
cl6b0mkrt001bl4550hq12i9i_4_FALSE_COLOR__URBAN_jpg.rf.d0b0813e241f1da009de86c1364531d2.jpg,1.0
cl6cgfb7300axl455efzk80f6_4_FALSE_COLOR__URBAN_jpg.rf.d07de89b9de3d717b28f458640026727.jpg,1.0
cl6opfzmo0075ao55ft2tbgtg_1_TRUE_COLOR_jpg.rf.d0a623ae6c068a3132584de10075ae7d.jpg,1.0
cl6cs8jie00f5l4555hn76aj1_4_FALSE_COLOR__URBAN_jpg.rf.d08635411d78bec242f3b5dd9271122d.jpg,1.0
cl6ojbzbq004pao55cdn3hl05_1_TRUE_COLOR_jpg.rf.d0944f77e647a6376c0ee20a4d91edef.jpg,1.0
cl6op8sl6006pao550i549q63_1_TRUE_COLOR_jpg.rf.d0ac1992ea1884133f2721e95305ea1f.jpg,1.0
cl6opvi1n007yao55cdfm04gj_1_TRUE_COLOR_jpg.rf.d0ac4d1d4fbc7d823df9f8556220a3a8.jpg,1.0
cl6oppm12007lao555f2r38iz_2_FALSE_COLOR_jpg.rf.d02e39825ed89f3ae3ca251952c1abe7.jpg,1.0
cl6b6k5pu007il455f8bp9b5g_6_SWIR_jpg.rf.d04b950048f9856d3c07d61bdaa9799d.jpg,1.0
cl6odles00020ao555y5rc1cl_1_TRUE_COLOR_jpg.rf.d0d5326156d3f189887d9ac6a6b02874.jpg,1.0
cl6ouc1eq00aiao558jd2hz4w_2_FALSE_COLOR_jpg.rf.d0290ba57b8e782d3607e47118342163.jpg,1.0
cl6op0cny006bao55hefn0jyf_2_FALSE_COLOR_jpg.rf.d0cef7dfb1e3b38a0a1257b252ed7dbb.jpg,1.0
cl6m1a7kz003c8w55646e1v53_2_FALSE_COLOR_jpg.rf.d0d20e2936f914b5bb8d53d84107da7d.jpg,1.0
cl6m1i65g00428w55dj3h5btk_6_SWIR_jpg.rf.d0cadb1a69551bde0928c0ad44766b5a.jpg,1.0
cl6lt37ph00248w55dnhvff9s_6_SWIR_jpg.rf.d0f5464613b6f16277b31c7baa1e1645.jpg,1.0
cl6kf1do50005c455dxgc4dpo_2_FALSE_COLOR_jpg.rf.d0f0d7b38bf220bfd1411ed5ae7aa1d5.jpg,1.0
cl6b72nfa008sl455dg2a9zbg_2_FALSE_COLOR_jpg.rf.d0c27248d71c7acc7a258df576c96c99.jpg,1.0
cl6kghsrn002tc4551wu83z4e_1_TRUE_COLOR_jpg.rf.d0bc9fc3a3446223fc490e6e6c13f785.jpg,1.0
cl6dysdta000hhg557gxba0yc_1_TRUE_COLOR_jpg.rf.d1020a90db3808bf0fe3014da12c4cd7.jpg,1.0
cl6e2y7v9002ngk55b03sduks_1_TRUE_COLOR_jpg.rf.d0b56cb843d0dbe05f6972e61fae1119.jpg,1.0
cl6b75qhp0098l455giwk7bva_1_TRUE_COLOR_jpg.rf.d125660d3ae47b1a283ecd5b31982e65.jpg,1.0
cl6b0mbsn001al4551f0hdz4x_6_SWIR_jpg.rf.d0f56d00491122598cb78fd81b145a9e.jpg,1.0
cl6odwc2l002hao558cha7kit_1_TRUE_COLOR_jpg.rf.d12002fdbecf93e7eb35699ee3001169.jpg,1.0
cl6ctje2500hsl4550fuvht4f_1_TRUE_COLOR_jpg.rf.d137fdaeefe031742bfe6146e20f9981.jpg,1.0
cl6oubpv600ahao554abdcshr_4_FALSE_COLOR__URBAN_jpg.rf.d18f93d60a590dac3c4faccd6445ee40.jpg,1.0
cl6odk9yf001wao558oys61c5_4_FALSE_COLOR__URBAN_jpg.rf.d1508067c9edb0eadf77b60aeb280e46.jpg,1.0
cl6crszmm00dvl455a2pb9ff5_2_FALSE_COLOR_jpg.rf.d180746ae9bd74658145d84fd740a87d.jpg,1.0
cl6ojza0i005fao55fqra7v4b_1_TRUE_COLOR_jpg.rf.d1979911c345e5e28a4248a9e14b5f9d.jpg,1.0
cl6e0fn3v000vgk55gj468vfq_6_SWIR_jpg.rf.d14f8805370f20c67a22079c3caf70dd.jpg,1.0
cl6e1y3zz001ngk559rm6ec1q_6_SWIR_jpg.rf.d17e94c2fdab88ed579f4de8700cd915.jpg,1.0
cl6b0pmvm001hl4558c7z7rzv_2_FALSE_COLOR_jpg.rf.d19035eae04f6a944c6df07e5a2229f4.jpg,1.0
cl6cs1jzq00ekl4555c2107g4_6_SWIR_jpg.rf.d19962651d2935ec52f7f90231d90c68.jpg,1.0
cl6e3d4oq003ngk55d297d2jb_2_FALSE_COLOR_jpg.rf.d1e17b97f9c9e70dc4b4ed1a4ec2952c.jpg,1.0
cl6lt70fh00298w5541ighy5t_2_FALSE_COLOR_jpg.rf.d193b73b6d85e87f87605da00eb8b8e2.jpg,1.0
cl6oco3m10002ao55ejzs6p2n_1_TRUE_COLOR_jpg.rf.d1ac47e2f4cbfb07e71391dcfb20dfeb.jpg,1.0
cl6b6wb2i0088l455ep6cb4cd_4_FALSE_COLOR__URBAN_jpg.rf.d20d32d5e4251a0ade745ce0e4936876.jpg,1.0
cl6kfqmc1001ec4558cle4b25_1_TRUE_COLOR_jpg.rf.d1a1ca6709dac06725f55f71b57cda38.jpg,1.0
cl6oj4idn004cao558e80ezcu_1_TRUE_COLOR_jpg.rf.d1b6c1d740414491f2ffaf197ae6d0c5.jpg,1.0
cl6cs3y0l00etl4550acr1ii1_2_FALSE_COLOR_jpg.rf.d1d6cbf97cd502df6c627eec62b23a04.jpg,1.0
cl6b6yfhr008il4555h86hokv_6_SWIR_jpg.rf.d211fe5dd9f8b0262c8c9ef8c6384e5e.jpg,1.0
cl6chwo0b00ctl4552uy69sgu_4_FALSE_COLOR__URBAN_jpg.rf.d2123753893336a618857698daec6716.jpg,1.0
cl6e0jkl30012gk55cttphw3u_4_FALSE_COLOR__URBAN_jpg.rf.d1d8673462db3938c6e37576c4856d14.jpg,1.0
cl6kf9f45000sc455c6f9g0po_2_FALSE_COLOR_jpg.rf.d157b20d07a8876577a16cc77a0174a8.jpg,0.0
cl6b5tn5o0053l4555lotaojg_4_FALSE_COLOR__URBAN_jpg.rf.d215828f242b34e35650a84234fcff6d.jpg,1.0
cl6odgxwb001tao559phvfhb7_1_TRUE_COLOR_jpg.rf.d1bf9e2af48c78375d6ff550c152c4dd.jpg,1.0
cl6b62b07005zl455eftq37tr_6_SWIR_jpg.rf.d1a16a2e8f430d59896f0a05b97d6b6b.jpg,1.0
cl6oipd7x003jao55arv3e5iy_2_FALSE_COLOR_jpg.rf.d1ae04263d4a53836977e52f9c2bc1fe.jpg,1.0
cl6ouiflj00apao55ef14ha2q_2_FALSE_COLOR_jpg.rf.d2169b1be1ed30e39cf4321ba624f15d.jpg,1.0
cl6b5dtwl003gl455a4x29a1d_1_TRUE_COLOR_jpg.rf.d2370ab76cafd932592342687e8022cc.jpg,1.0
cl6m170d0003a8w5556k5hzhc_6_SWIR_jpg.rf.d22f431f3cb6e0559539dfb3ad1088b1.jpg,1.0
cl6ctc4d100hgl455dxjg6vfb_2_FALSE_COLOR_jpg.rf.d21685f989cda3918133d435af546820.jpg,1.0
cl6ouc1eq00aiao558jd2hz4w_6_SWIR_jpg.rf.d1ae07b5bcf6c170a48cbd613ab235ae.jpg,1.0
cl6m15k1g00378w559sqfahyu_1_TRUE_COLOR_jpg.rf.d23430b5a77376dd3a511ef9a51356f2.jpg,1.0
cl6e1pp8g001hgk555wsz5aja_1_TRUE_COLOR_jpg.rf.d124f5c11e9a617986ca2b9a8e3101c2.jpg,1.0
cl6csdu2700fal455982ifw90_1_TRUE_COLOR_jpg.rf.d27385b3a29fc6abf7ce7f5b2c5ad066.jpg,1.0
cl6dyeg510004hg554xxs8aux_6_SWIR_jpg.rf.d231f4cb81ec8f919869d580119da3bb.jpg,1.0
cl6kfx47x001tc45578ts0yz6_2_FALSE_COLOR_jpg.rf.d288a16c72d78fb39669320171ed5fb0.jpg,0.0
cl6okehd60065ao5551rl7lsa_1_TRUE_COLOR_jpg.rf.d26f1d5e3e3d866cab5033e7a1fc4c1f.jpg,1.0
cl6cttw6o00ial4555urs554w_2_FALSE_COLOR_jpg.rf.d27c8d323a7b26fbf13ce421f75b341c.jpg,1.0
cl6m170d0003a8w5556k5hzhc_1_TRUE_COLOR_jpg.rf.d275393964673c03210d4dae50f6dff9.jpg,0.0
cl6cs64qm00ezl455acru4xkt_6_SWIR_jpg.rf.d2538d0d1232207594bb073903cdde77.jpg,1.0
cl6ocozkd0004ao55e5fq7tfw_4_FALSE_COLOR__URBAN_jpg.rf.d2627a9284d193be5c37635854ad20d4.jpg,1.0
cl6e371x0003ggk55e6x4cocz_2_FALSE_COLOR_jpg.rf.d25981859a954be9d395a1237017e546.jpg,1.0
cl6b6p96a007ql455cvrh6peg_6_SWIR_jpg.rf.d290a58b852cf9023191a81371c3a339.jpg,1.0
cl6b753ud0096l455eypnas0u_6_SWIR_jpg.rf.d28ad9c32c17ebbe1ef63ca2056c8c2e.jpg,1.0
cl6e1qges001kgk555z158f33_1_TRUE_COLOR_jpg.rf.d278368a30afd23a56f290d9d66409ac.jpg,0.0
cl6opn2ws007hao55es3fg6b2_6_SWIR_jpg.rf.d274728c9ea476266a5390f278d2d0ab.jpg,1.0
cl6cgnbdj00bdl455d8vd8iqf_2_FALSE_COLOR_jpg.rf.d24374298ab06000806398d2b911ddc3.jpg,1.0
cl6keyw310001c4551ugx15q5_1_TRUE_COLOR_jpg.rf.d25aba5c5f0791696835a85d340a4704.jpg,1.0
cl6chvqmw00crl455dq182jri_6_SWIR_jpg.rf.d29e36142927e60e247231d6ff5969e1.jpg,1.0
cl6chwo0b00ctl4552uy69sgu_1_TRUE_COLOR_jpg.rf.d2a4eb0ff1a149a4b95c30e2c04a8f97.jpg,1.0
cl6opbnv8006xao55hbpe2j2u_6_SWIR_jpg.rf.d2b29490491bbb596826113a89e0dfe3.jpg,1.0
cl6dyf3ua0005hg555lbzak23_4_FALSE_COLOR__URBAN_jpg.rf.d2ae560014585ff60a57eb968f34dba8.jpg,1.0
cl6cg99xj00akl4551gvp3ao5_4_FALSE_COLOR__URBAN_jpg.rf.d1f329b9c79fff0b1585b25d9fbbe1d9.jpg,1.0
cl6cs6mgj00f0l455egwshib7_2_FALSE_COLOR_jpg.rf.d2361c16279246d5b62a263526a72745.jpg,1.0
cl6oitxum003tao55ghqu4f36_6_SWIR_jpg.rf.d2a0f710385b291a2554badd6e98ed36.jpg,1.0
cl6ki7l6900048w55hs8c6nwt_1_TRUE_COLOR_jpg.rf.d2bf44a60b82cc1796ffa29ff0ed3540.jpg,1.0
cl6e024qp0002gk55hw935fuj_4_FALSE_COLOR__URBAN_jpg.rf.d2b9988bafa2f15c397e47fc89aa6a95.jpg,1.0
cl6chumom00col4556jyfb7a5_6_SWIR_jpg.rf.d2bbe2d02af02bd6c2a1c63385b80375.jpg,1.0
cl6kf9nvv000tc455gs7pbv7h_6_SWIR_jpg.rf.d2d49a01b4e9be75d4af650454e71ade.jpg,1.0
cl6b0q209001jl4553gmg5wxk_1_TRUE_COLOR_jpg.rf.d2a28ed14fc6c8843e7782709cdf082a.jpg,1.0
cl6ctfm0y00hml455e2b1hjgv_2_FALSE_COLOR_jpg.rf.d2da4d158453335d490a2693157d52f2.jpg,1.0
cl6crwhp200e4l455f6nf73c3_1_TRUE_COLOR_jpg.rf.d2ba302596b1c965a9198411d44b6764.jpg,1.0
cl6oimia5003dao558osp4mxe_2_FALSE_COLOR_jpg.rf.d2d7eec8e201d97fa9f27c8cbb5c99d2.jpg,1.0
cl6e0ic4d000zgk55gqkieyhi_6_SWIR_jpg.rf.d31081758af5091fbda909ddaa009430.jpg,1.0
cl6b66xpr006cl4556kzm7hl2_2_FALSE_COLOR_jpg.rf.d2e56d6be84d96cd216dd7c79bbe98f7.jpg,1.0
cl6orjfih009hao556av1hf6s_1_TRUE_COLOR_jpg.rf.d2e13efbe94b73828d8be7f6f87e8ef0.jpg,1.0
cl6b04t8r0007l455fk4y4zr0_1_TRUE_COLOR_jpg.rf.d2d18990aedf08c3a328f4ad86a5c303.jpg,1.0
cl6oipd7x003jao55arv3e5iy_4_FALSE_COLOR__URBAN_jpg.rf.d31fe6c13aa48a5bd5bacf72617313fa.jpg,1.0
cl6kg2ozz0023c455byeq4ye9_4_FALSE_COLOR__URBAN_jpg.rf.d3011cd138b68542c0010ee373eea152.jpg,1.0
cl6cpc9qx00del455co6haqas_6_SWIR_jpg.rf.d2ba75ca8185393421cb41bfe370540a.jpg,1.0
cl6ci1vnh00d5l455d4ts3luw_6_SWIR_jpg.rf.d2cb62e9d63545c891483ca1baf3ad5d.jpg,1.0
cl6dxzwc50001hg550uejeken_2_FALSE_COLOR_jpg.rf.d2ccffc324e547d9e72ba98c56d29503.jpg,1.0
cl6chnv4k00chl455heba8syd_1_TRUE_COLOR_jpg.rf.d2d1eecf2706e25564b579b6fe3b3dc6.jpg,1.0
cl6opucm6007vao553ut5eta8_4_FALSE_COLOR__URBAN_jpg.rf.d337c31f4bc235dd514e1ff530d64bd3.jpg,1.0
cl6oprp1x007rao55914q8erm_1_TRUE_COLOR_jpg.rf.d32282d4fa2c0b883136a45703e39051.jpg,1.0
cl6ojofa2004xao556rjh31ss_6_SWIR_jpg.rf.d30f3e0c8dcc7fc084ba1e9fe41b2bc9.jpg,1.0
cl6cgns8a00bel4558yfqfdjw_6_SWIR_jpg.rf.d33ab9dcf39d75e60b42f3070c5cf26c.jpg,1.0
cl6dyvvvc000lhg5533xc480w_2_FALSE_COLOR_jpg.rf.d33ed806f53e6de2576a159f935ed2e2.jpg,1.0
cl6oe2xsq002uao554eff2q34_6_SWIR_jpg.rf.d3162acbe87ef92ecef38f4287282a98.jpg,1.0
cl6ou5qcj00a3ao555mak9y55_1_TRUE_COLOR_jpg.rf.d33c7ee91b766f811ac339e3d69d1941.jpg,1.0
cl6ct64f500gyl455byyqdaud_1_TRUE_COLOR_jpg.rf.d3420f8594f1ff8f5633a5e2e0eeeb38.jpg,1.0
cl6b0q209001jl4553gmg5wxk_4_FALSE_COLOR__URBAN_jpg.rf.d325ccc647cb6a6a8b560be4c95a867e.jpg,1.0
cl6kf3j6a000cc455a7ny9xom_2_FALSE_COLOR_jpg.rf.d34ce265037ee0da44ecc4cb8906fb0a.jpg,1.0
cl6b5rw90004tl4550usmc96c_4_FALSE_COLOR__URBAN_jpg.rf.d3e1212bbabbfe55b6e7511ccf1daf84.jpg,1.0
cl6b06tq7000dl45584afckiv_6_SWIR_jpg.rf.d36dc95037dbe01d3009a0841cf429b7.jpg,1.0
cl6b5dtwl003gl455a4x29a1d_1_TRUE_COLOR_jpg.rf.d41ff530082094a073d185dbea8736bb.jpg,1.0
cl6kjizzk001l8w550s1uej5w_6_SWIR_jpg.rf.d39616a69e39d66eea7faa678cd3e7c6.jpg,1.0
cl6m170d0003a8w5556k5hzhc_2_FALSE_COLOR_jpg.rf.d3d3b8e5c6d2271988d175c469936e28.jpg,1.0
cl6e1zkvy001ogk5561l0f1q7_1_TRUE_COLOR_jpg.rf.d3b20efde46352bfb5a9af7e4a04faf5.jpg,1.0
cl6b78q1y009sl455ekwc1jfp_1_TRUE_COLOR_jpg.rf.d368f7ef38e161fd76fa7ea6bb2a3772.jpg,1.0
cl6dysxe3000ihg5573nzfbsy_2_FALSE_COLOR_jpg.rf.d3dff5779870eb0d50783e0f8776b2b6.jpg,1.0
cl6oikce00039ao55em2efcah_2_FALSE_COLOR_jpg.rf.d3f65e9059e6568809cdeb5b89f9268d.jpg,1.0
cl6cgs3qs00bil4551v5n3v2h_6_SWIR_jpg.rf.d3be95566de8e13dd29b5b1c89c25701.jpg,1.0
cl6cssfer00g4l455g2wbecis_2_FALSE_COLOR_jpg.rf.d3cbed66dab7c8416bc77dfc23369fe7.jpg,1.0
cl6e0htxm000ygk558f3oazjy_2_FALSE_COLOR_jpg.rf.d3561d054bc1741b1b7f4441e31f06c4.jpg,1.0
cl6dypwru000chg559pvqei5w_1_TRUE_COLOR_jpg.rf.d34e0a608f56ed329c893d6bb538d0c4.jpg,1.0
cl6b6op7a007ol455fvvv6g4a_6_SWIR_jpg.rf.d3b0e962ed5b74bcdb44c7829b2cf82d.jpg,1.0
cl6cswt5400gdl4554rn2gjz9_1_TRUE_COLOR_jpg.rf.d38f7300ae6c5a6f48daf69886316239.jpg,1.0
cl6cscffu00f8l455eoct9jzq_1_TRUE_COLOR_jpg.rf.d3c30b32aa6e2a8fd706fff1a80bf37b.jpg,1.0
cl6e33qm00035gk553mplcyji_1_TRUE_COLOR_jpg.rf.d394dc44d756382f0010249c7faf3b71.jpg,1.0
cl6kjd3dd00178w550194376c_4_FALSE_COLOR__URBAN_jpg.rf.d362d5316eb4d048b0c0ab232d2e0a7f.jpg,1.0
cl6e36kv1003fgk55gnb9050o_1_TRUE_COLOR_jpg.rf.d3ac22dded717085c8034937e3213799.jpg,1.0
cl6oq2n1i008fao551fa07saw_2_FALSE_COLOR_jpg.rf.d43abf0aaeea03c761ca0c2eb1a98de4.jpg,1.0
cl6aniex40000f0559xrzal6j_6_SWIR_jpg.rf.d412c2c38802d8f754171589b892a7cb.jpg,1.0
cl6b5bhxx0031l4557l1l8rmh_4_FALSE_COLOR__URBAN_jpg.rf.d4490ef02d134a4ac0984cba3d255042.jpg,1.0
cl6b6s1o1007vl455511lek8y_6_SWIR_jpg.rf.d4423295d6c8e4c093693821a5dc22a4.jpg,1.0
cl6kfowty0017c455b591d008_1_TRUE_COLOR_jpg.rf.d42a86aef3e4069b6caf801255c4d199.jpg,1.0
cl6b0msow001cl4559m4m56le_2_FALSE_COLOR_jpg.rf.d41d138fd52d7a5cbfb72758fd17757a.jpg,1.0
cl6opc9oz006zao552eyx63jq_1_TRUE_COLOR_jpg.rf.d44314cfd7d27d44c58070ce9a520997.jpg,1.0
cl6b694mv006ml4554nwqack1_6_SWIR_jpg.rf.d435f5e49a706cf59937db13724d2a88.jpg,1.0
cl6b6c9bh006yl455efyd100t_2_FALSE_COLOR_jpg.rf.d458c11c905b01bf16f3cf9906fdb0be.jpg,1.0
cl6ok1ewy005iao556ywrdd6d_1_TRUE_COLOR_jpg.rf.d44612c777439a97154b624a514b7a57.jpg,1.0
cl6oitdc8003sao55g3x88p25_2_FALSE_COLOR_jpg.rf.d45534c63e07336ec306d21e640d2cc3.jpg,1.0
cl6kf2tq50009c455e31x91xi_4_FALSE_COLOR__URBAN_jpg.rf.d45f36064bfa59400566f0a00ab4d00a.jpg,1.0
cl6b05bia0009l4551ymod0pi_1_TRUE_COLOR_jpg.rf.d46f758f6caaf7c8ed01e726e3dcb014.jpg,1.0
cl6kjdoao00188w55hr8w6a5l_1_TRUE_COLOR_jpg.rf.d4700143cf2e447e72117c2163a625ea.jpg,1.0
cl6oda2ew001lao557dap53ni_2_FALSE_COLOR_jpg.rf.d4605891079254a21c05863e07bde587.jpg,1.0
cl6kg12gd0022c4555fac0sms_4_FALSE_COLOR__URBAN_jpg.rf.d47627659b625296cd383949611757fc.jpg,1.0
cl6b5n12o0049l455063q86e4_4_FALSE_COLOR__URBAN_jpg.rf.d48f27f647a4af911e5d43079b7d0fd2.jpg,1.0
cl6m1ebtk003r8w557razf73c_1_TRUE_COLOR_jpg.rf.d4aea2827f52b7f00d88d53304a6d3fe.jpg,1.0
cl6e3bzkq003kgk550ppl67ww_6_SWIR_jpg.rf.d488e20bcc8b5df3ab2560b7be839e5f.jpg,1.0
cl6b6uyec0084l4556i8cd4f4_2_FALSE_COLOR_jpg.rf.d4b2cf6341594a46df0a853c139240d1.jpg,1.0
cl6ctmr0300hzl4556sau1m41_6_SWIR_jpg.rf.d4b34692bfc443abc79e20cc0b2c04ef.jpg,1.0
cl6oix6p8003xao558gep7jfa_2_FALSE_COLOR_jpg.rf.d38f1c2290974077e60ebc0fcfae6d77.jpg,1.0
cl6b5t5vk004zl455d1h36vwf_2_FALSE_COLOR_jpg.rf.d4ff5d5cc4ea5c96937c3dd933895bca.jpg,1.0
cl6ci1hel00d4l4557row61tz_4_FALSE_COLOR__URBAN_jpg.rf.d4d13c15e1b92afa12812ecb4f347631.jpg,1.0
cl6opo1t7007iao552373a4i1_1_TRUE_COLOR_jpg.rf.d500c66653a64f1e5ed268d1eea2896f.jpg,1.0
cl6m1cry8003m8w559r91hmtl_6_SWIR_jpg.rf.d4ee875fc39d16316c938d2b1fbc5133.jpg,1.0
cl6kf1do50005c455dxgc4dpo_1_TRUE_COLOR_jpg.rf.d51a8158b9619ecbc746f7acdef34f88.jpg,1.0
cl6cgs3qs00bil4551v5n3v2h_6_SWIR_jpg.rf.d4f8aa5de87d6a4257b9785d643121ad.jpg,1.0
cl6e2iu9v0027gk55e8cfax9f_4_FALSE_COLOR__URBAN_jpg.rf.d4a56321dad3f14bd9b7aab0a05f928c.jpg,1.0
cl6b58mbx002sl4550bzf0gow_4_FALSE_COLOR__URBAN_jpg.rf.d49df51684e94f21633eb9a56caec3a6.jpg,1.0
cl6b5wjqa005fl4550muectqc_6_SWIR_jpg.rf.d51eb0b82c04b2de9a8d289420e20558.jpg,1.0
cl6ctczpo00hil4556qoq3h4p_1_TRUE_COLOR_jpg.rf.d50df4477b705caafa7e93965046979e.jpg,1.0
cl6b7hk7q00adl4550rwe3x4h_2_FALSE_COLOR_jpg.rf.d484861d932ceab6e6658bac2181e299.jpg,1.0
cl6e2iu9v0027gk55e8cfax9f_2_FALSE_COLOR_jpg.rf.d4e48871ab720d4f39224bc663edcdce.jpg,1.0
cl6b6yxoj008kl455d8ku2khx_1_TRUE_COLOR_jpg.rf.d5345d3a21f2cbbb1993f74d6c0a81fc.jpg,1.0
cl6dysdta000hhg557gxba0yc_2_FALSE_COLOR_jpg.rf.d549b330b33fcbdfbec728f455cd1d70.jpg,1.0
cl6b63m6b0063l4556zdoe0cc_6_SWIR_jpg.rf.d4ecee98c5cd61d83f777ee4f5a857a5.jpg,1.0
cl6oiiz8r0036ao55b8lt6p4l_4_FALSE_COLOR__URBAN_jpg.rf.d53d18aae425773a3eda6a8e5d4ac3e8.jpg,1.0
cl6opq0g0007mao556zsr2z59_4_FALSE_COLOR__URBAN_jpg.rf.d54f0c8e857c1a7fe5cc47b5a200a985.jpg,1.0
cl6e3i62k0043gk556zwa81sw_1_TRUE_COLOR_jpg.rf.d53880c3ef7e1e931e0fcc739185ab9e.jpg,1.0
cl6e024qp0002gk55hw935fuj_1_TRUE_COLOR_jpg.rf.d5bdcc4b7a44686782b37e877c37b33f.jpg,1.0
cl6e3fu8m003wgk55085691ox_4_FALSE_COLOR__URBAN_jpg.rf.d5a82d14ba569ed24774321d55ed6da4.jpg,1.0
cl6oozjlj0069ao5516rs1b5a_2_FALSE_COLOR_jpg.rf.d5827f1b534015bd4c033880af6d6f26.jpg,1.0
cl6kfarcn000wc455738t9fff_6_SWIR_jpg.rf.d53c7f1183506faf4a35359298ca3b24.jpg,1.0
cl6dyvvvc000lhg5533xc480w_2_FALSE_COLOR_jpg.rf.d5820c2aacbf0a0c141876bb31de5f3a.jpg,1.0
cl6kf6p46000hc455dcig3109_4_FALSE_COLOR__URBAN_jpg.rf.d58767ffc41f35dd59bd98d10445dc0b.jpg,1.0
cl6e39jpe003igk55gh0659o4_1_TRUE_COLOR_jpg.rf.d5b8614aa83c68d3c100508aecb0c86a.jpg,1.0
cl6e2n2tv002hgk553va60g50_1_TRUE_COLOR_jpg.rf.d54ca41c62bd060126aad4fa2c4a7339.jpg,1.0
cl6chyfxq00cxl4554qjf0nkl_4_FALSE_COLOR__URBAN_jpg.rf.d5c9bf55ff5caed65799210388704eba.jpg,1.0
cl6cse9tv00fbl4552j5aepjj_1_TRUE_COLOR_jpg.rf.d56b154309813ee85c8eeac33c83b861.jpg,1.0
cl6ojaxxv004mao552t7ah2ky_2_FALSE_COLOR_jpg.rf.d5bc25b107f1e64c25c36a041997e5d8.jpg,1.0
cl6opthke007tao557hsthpgq_6_SWIR_jpg.rf.d5e7c1fbef90eb78e87b9390a620c3b0.jpg,1.0
cl6lsv1l5001u8w55aryp0azo_6_SWIR_jpg.rf.d5d7779dab16c6f811eef335d557964c.jpg,1.0
cl6e2dw4y001wgk5562da7pdl_1_TRUE_COLOR_jpg.rf.d570bf521f47ca20739dc1199761d9af.jpg,1.0
cl6orqkwo009wao55euf3d9vn_6_SWIR_jpg.rf.d5d14ee86a543fb81efabb3c3b7c6300.jpg,1.0
cl6kjle3b001q8w55cr3p1f1z_4_FALSE_COLOR__URBAN_jpg.rf.d59aa1f3e3c6fc00df7be52c355ec3cf.jpg,1.0
cl6csapmj00f7l4558gne2y5r_2_FALSE_COLOR_jpg.rf.d5e1f5743dec83fd492564f7a5cadf19.jpg,1.0
cl6opk4x8007bao55eu7bc5vk_6_SWIR_jpg.rf.d5efd13c0dd06f467a41ae311e9683ad.jpg,1.0
cl6lszvtz001z8w55b69k6gsj_2_FALSE_COLOR_jpg.rf.d5e8f4f73e86fcb1c2bbb0e9ff5139b2.jpg,1.0
cl6kiers800088w554w61grpw_6_SWIR_jpg.rf.d60e2233e4cbbcf8f21a5b0d997f6d29.jpg,1.0
cl6op61od006kao558qpbabp6_1_TRUE_COLOR_jpg.rf.d61633de42ed8d8e01dd6e0d03bf28bc.jpg,1.0
cl6b6tlip0080l4550crfdhm2_2_FALSE_COLOR_jpg.rf.d609bf6a9b13b0a79e780a784effd2fb.jpg,1.0
cl6m1aj68003d8w55e8c3aim3_2_FALSE_COLOR_jpg.rf.d657de82ddb03234f0e3dcf95236a7db.jpg,1.0
cl6odvq2g002fao558rvf8tfd_1_TRUE_COLOR_jpg.rf.d62c6a8a027baa40db8df3d3ffb1bd02.jpg,1.0
cl6kj5gsh000q8w55a8xmdixf_2_FALSE_COLOR_jpg.rf.d64c8283626c19fca734089bfbeae131.jpg,1.0
cl6kjizzk001l8w550s1uej5w_1_TRUE_COLOR_jpg.rf.d6509f1d179fe02e8612b04b24da58eb.jpg,1.0
cl6oq4w4y008jao553s62btk7_1_TRUE_COLOR_jpg.rf.d6638b7399669aa64657020439b38691.jpg,1.0
cl6b03yzy0005l455dq6x4eyc_6_SWIR_jpg.rf.d60d4c6ba3c060852e833e370ed1864e.jpg,1.0
cl6b0kfnx0013l4552ot9bv5b_1_TRUE_COLOR_jpg.rf.d62e26165e1f366fff6105586441f324.jpg,1.0
cl6e2m95l002ggk55a3eefylp_6_SWIR_jpg.rf.d60f313406c762376ff515c0e9211c28.jpg,1.0
cl6b5tf5i0052l4552vkucy9o_1_TRUE_COLOR_jpg.rf.d5b7936e3cc6c36d1a2247cc9cdc8412.jpg,1.0
cl6ope5pm0070ao55c3fo01he_2_FALSE_COLOR_jpg.rf.d5d0102f71e8d7b2d874b081522f603d.jpg,1.0
cl6kgbwuw002ec455gkee9mir_1_TRUE_COLOR_jpg.rf.d61db4f955d00ccb42660ed329b2a7cb.jpg,1.0
cl6ctbgwv00hel455fxql5pdm_1_TRUE_COLOR_jpg.rf.d667b42a44da7efed91dc74af1361a43.jpg,1.0
cl6csozke00fwl45538jlfe9v_4_FALSE_COLOR__URBAN_jpg.rf.d669ed01341f79b81e2cf7f8453b4fa2.jpg,1.0
cl6ojvzs90058ao55ddizcpuh_4_FALSE_COLOR__URBAN_jpg.rf.d67f9953c411e5823d0d8ef31a0a5b80.jpg,1.0
cl6oim1lr003cao555vs11jcz_2_FALSE_COLOR_jpg.rf.d6a702bba3c3d8e63f9f18a147cd2484.jpg,1.0
cl6lt70fh00298w5541ighy5t_1_TRUE_COLOR_jpg.rf.d67985ada726f63179af4ecec0a239ff.jpg,1.0
cl6b79f3e009vl455hmyk8e9e_1_TRUE_COLOR_jpg.rf.d6ad94cfefc6e51ef88c10b8e3b23862.jpg,1.0
cl6ope5pm0070ao55c3fo01he_1_TRUE_COLOR_jpg.rf.d6c47ba9fde72ffd6435655eb02d4a17.jpg,1.0
cl6csnj9g00ftl4554f0z30lc_6_SWIR_jpg.rf.d6c0dce48fd6d21932247d61e4d06e94.jpg,1.0
cl6oprp1x007rao55914q8erm_6_SWIR_jpg.rf.d6b3e1322c87e7fd99b5b22aafbf8364.jpg,1.0
cl6b5osai004hl455cp1mh6ki_1_TRUE_COLOR_jpg.rf.d6c21b7fa431f37a276ded6c57daa085.jpg,1.0
cl6kf9f45000sc455c6f9g0po_1_TRUE_COLOR_jpg.rf.d6f63435b264b109d2703f7434206109.jpg,1.0
cl6kjizzk001l8w550s1uej5w_1_TRUE_COLOR_jpg.rf.d6b4c44b1bf2b61a88f4bd66d453ab49.jpg,1.0
cl6b04t8r0007l455fk4y4zr0_1_TRUE_COLOR_jpg.rf.d629190e1f5ad9a7424bd18cecab6169.jpg,1.0
cl6b4zqf6001xl455gp6h5ca8_6_SWIR_jpg.rf.d6da6cb67958d1809a4d57b275204e25.jpg,1.0
cl6oisonk003qao55abjmbm9z_4_FALSE_COLOR__URBAN_jpg.rf.d6ec9ca65d088bf0aae7a49b271220e7.jpg,1.0
cl6anjur50001f055bzb494if_4_FALSE_COLOR__URBAN_jpg.rf.d6fe2b15876ee6ab00a7d99668119633.jpg,1.0
cl6oq4w4y008jao553s62btk7_2_FALSE_COLOR_jpg.rf.d68a9b5e6763eb05633644db6688f7c4.jpg,1.0
cl6oprerh007qao550eopgo74_6_SWIR_jpg.rf.d70645664bb00173f1d713956cb6e816.jpg,1.0
cl6ojofa2004xao556rjh31ss_4_FALSE_COLOR__URBAN_jpg.rf.d6fc25cc1aa84eed32ce67fc7f691f34.jpg,1.0
cl6b7fkmx00a7l455d75h2co1_1_TRUE_COLOR_jpg.rf.d70a979366e181beaa7e1d0d160dce22.jpg,1.0
cl6b6tlip0080l4550crfdhm2_4_FALSE_COLOR__URBAN_jpg.rf.d709822d4f7d4cfb0276ce5867d6e58b.jpg,1.0
cl6ki5yui00038w5540ju3qix_1_TRUE_COLOR_jpg.rf.d72edaad7a38f8c3d4e0dea506f363f9.jpg,1.0
cl6ltkp8x002j8w55ede3g7qb_1_TRUE_COLOR_jpg.rf.d724d922e9b1c961540a1dcf87f12063.jpg,1.0
cl6b09m65000kl455dbrteofg_2_FALSE_COLOR_jpg.rf.d717ee99d0b9f6bd41a37bbe9e854773.jpg,1.0
cl6b6wzwc008al455bssbcrir_6_SWIR_jpg.rf.d6cd3c0fdb7f1e90ac01fb71d131f27a.jpg,1.0
cl6ocy04z000pao55ay37cxuf_1_TRUE_COLOR_jpg.rf.d72f858615bb76b8f72e3aff3e0b91d4.jpg,0.0
cl6ouhohh00anao55e3fn1crb_4_FALSE_COLOR__URBAN_jpg.rf.d6cdc7e7eba88a0d74f1e216d2e70dc0.jpg,1.0
cl6kjmnc9001s8w5537ayhyay_4_FALSE_COLOR__URBAN_jpg.rf.d6cb02b30413b2b1cfe80a5a7208f07b.jpg,1.0
cl6oumfkb00b0ao556enkcct1_1_TRUE_COLOR_jpg.rf.d74f02b3690aacfe6f6ad2b6e203287c.jpg,1.0
cl6kghsrn002tc4551wu83z4e_1_TRUE_COLOR_jpg.rf.d7310e78c80e984cf6a1a037aced4980.jpg,1.0
cl6ctpy8q00i5l455bf1se2cj_6_SWIR_jpg.rf.d7366bf01830d9614ec3361490068d54.jpg,1.0
cl6cs36yn00eql4559li2cqy1_6_SWIR_jpg.rf.d7492dc6629149a14cf58c78961f3fbf.jpg,1.0
cl6b5cyyr003bl455dl3u1ojd_1_TRUE_COLOR_jpg.rf.d7582c6e4cdb59066f431848917b6561.jpg,1.0
cl6cteplg00hkl4551scr5fko_6_SWIR_jpg.rf.d767d2789af1b0552eed17de28f2c60b.jpg,1.0
cl6chqhwl00cll4558hnj0glz_1_TRUE_COLOR_jpg.rf.d768d5a53e9c1d51f09b9bc3ed2e63d7.jpg,1.0
cl6cpao9l00dal4553toud4ix_6_SWIR_jpg.rf.d76ddaedc81302cc51916c77ea07f6ad.jpg,1.0
cl6ok7ls2005pao55gqxi8e54_2_FALSE_COLOR_jpg.rf.d767482e1e2e28032ff39b05810ae47c.jpg,1.0
cl6crv14300e0l455h48eh7nr_6_SWIR_jpg.rf.d778ed92195d00f9ed26a706d0e82e5f.jpg,1.0
cl6b5s1n0004ul455es9i793w_6_SWIR_jpg.rf.d7ba10d6ab2bef8d4ed6fecdcc6c4db0.jpg,1.0
cl6m0pnw5002y8w552btfchke_2_FALSE_COLOR_jpg.rf.d79ad2cafaa795e1417cec94f602b7e8.jpg,1.0
cl6b73duk008vl45583qs4mo9_2_FALSE_COLOR_jpg.rf.d6ad22cb27f1fb333d032d23da8cd95e.jpg,1.0
cl6chnv4k00chl455heba8syd_4_FALSE_COLOR__URBAN_jpg.rf.d7a286360732d3f55da59e92b224c9e8.jpg,1.0
cl6e0mv1s0017gk5595j92i2d_6_SWIR_jpg.rf.d7a5405b1775d79410a1a3211d780d7c.jpg,1.0
cl6b5c6tw0036l45521p0dl9c_1_TRUE_COLOR_jpg.rf.d7884bf47eefa11d2d43921f743567da.jpg,1.0
cl6b09m65000kl455dbrteofg_6_SWIR_jpg.rf.d7c9816f893df1553e59ddf44dbd181e.jpg,1.0
cl6b6aeiv006rl455ho4ugrkp_1_TRUE_COLOR_jpg.rf.d7912ae02e7393a485ff338db31b2bc4.jpg,1.0
cl6ltt1jq002t8w55dvaoeetg_2_FALSE_COLOR_jpg.rf.d7b017b64037860cdb51a501e0cdbc6a.jpg,1.0
cl6ou5qcj00a3ao555mak9y55_6_SWIR_jpg.rf.d7e385260112f54c098e856827815a9b.jpg,1.0
cl6b6sfee007xl455b8bt5zum_2_FALSE_COLOR_jpg.rf.d7c6db8422744619a62ae9a97d30ef35.jpg,1.0
cl6e34ucl0039gk557j7w24c8_1_TRUE_COLOR_jpg.rf.d7b3f58c1df8297aeb5b6374a98210fe.jpg,1.0
cl6b6672j006al45550ixdqdo_2_FALSE_COLOR_jpg.rf.d76c38899b6a24fd014a721d8bfe0270.jpg,1.0
cl6chonxj00cjl455bqcs1fnt_2_FALSE_COLOR_jpg.rf.d7d00648519da54fd0aa08fa6a6d224e.jpg,1.0
cl6cgi18y00b4l455dvo73gk3_1_TRUE_COLOR_jpg.rf.d80089d2b826c891ff090c34931f4d49.jpg,1.0
cl6b08hbm000gl4558cb0emta_2_FALSE_COLOR_jpg.rf.d75057e75d7c9ad81e2544fe4e7d5c6d.jpg,1.0
cl6lsyw82001x8w55h42v4y3p_1_TRUE_COLOR_jpg.rf.d795b0ec6831c2bb07480e26fc89811d.jpg,1.0
cl6b7as54009yl455ag52hzr2_4_FALSE_COLOR__URBAN_jpg.rf.d7f6150398ce9abf1cfbe212cdaeb22f.jpg,1.0
cl6kgdzqp002kc455030p44eo_2_FALSE_COLOR_jpg.rf.d7cc76587a9f6fb24d9d5bd1e985477b.jpg,1.0
cl6op61od006kao558qpbabp6_4_FALSE_COLOR__URBAN_jpg.rf.d7fb9334dae69e4bc3ba72119de585fd.jpg,1.0
cl6b5nqx3004dl4556qu6azh4_6_SWIR_jpg.rf.d7ffc53105c3b5c141980dca5dfd932f.jpg,1.0
cl6cs1jzq00ekl4555c2107g4_4_FALSE_COLOR__URBAN_jpg.rf.d8024d42f954a2fd6038fa26664ace57.jpg,1.0
cl6odles00020ao555y5rc1cl_2_FALSE_COLOR_jpg.rf.d808b24913d953173b6c58e8842ba9bd.jpg,1.0
cl6oq40mp008hao555cdvg6o8_6_SWIR_jpg.rf.d804a1086ef336930a42ce4a4ab9ab6f.jpg,1.0
cl6okf9bk0067ao55bstpe75r_4_FALSE_COLOR__URBAN_jpg.rf.d81cacf945e0f6e331093aa6601aa851.jpg,1.0
cl6csstjw00g5l455c618frnq_1_TRUE_COLOR_jpg.rf.d80b27c5ece0647a969da293726da232.jpg,1.0
cl6oj142t0045ao551qnd97ci_1_TRUE_COLOR_jpg.rf.d83fbe70a671809797557d2411571088.jpg,1.0
cl6oe0y5h002rao55ghk1g0ha_2_FALSE_COLOR_jpg.rf.d8603df3a07301ee5c29aaeae9ed31b9.jpg,1.0
cl6e0htxm000ygk558f3oazjy_6_SWIR_jpg.rf.d81a1764d87ba240b9e62c7fc13727ba.jpg,1.0
cl6oprerh007qao550eopgo74_2_FALSE_COLOR_jpg.rf.d84deebeb821edfc35b5f2b6b2618206.jpg,1.0
cl6e311ol002wgk554lafcdqd_4_FALSE_COLOR__URBAN_jpg.rf.d84277f0995c53dd56b69f8a8b02a202.jpg,1.0
cl6csxetg00gfl455cfeqgtms_1_TRUE_COLOR_jpg.rf.d824ad56d6caf0e8359fccacfd37ed18.jpg,1.0
cl6cstc5x00g7l455ec9d32eh_2_FALSE_COLOR_jpg.rf.d86fc2cc7b20d37b14f0f007b4d92f6a.jpg,1.0
cl6kf2tq50009c455e31x91xi_4_FALSE_COLOR__URBAN_jpg.rf.d867bcb8fdf664edf5c1e9f5b0e0d0be.jpg,1.0
cl6opb5w4006vao55d6ehcwz9_4_FALSE_COLOR__URBAN_jpg.rf.d8c5c67b19a5131d7eafa7e199086048.jpg,1.0
cl6e1n8j9001cgk55bhebb6fp_6_SWIR_jpg.rf.d8691dd4ec3ad17301c0980309056660.jpg,1.0
cl6az56oy0003f05554mh92wy_4_FALSE_COLOR__URBAN_jpg.rf.d877152be1105ea9b3900fc9f3f6fcab.jpg,1.0
cl6e37d05003hgk5544zehxe6_4_FALSE_COLOR__URBAN_jpg.rf.d8be1785df8dbc7315766d090f17b0de.jpg,1.0
cl6e37d05003hgk5544zehxe6_6_SWIR_jpg.rf.d892f89f4444aa9ea35fb194d3124389.jpg,1.0
cl6orq40w009vao552t868lax_2_FALSE_COLOR_jpg.rf.d8c8f546d73607029a97390ae30b9e68.jpg,1.0
cl6oqcc63008vao551jrk90jb_2_FALSE_COLOR_jpg.rf.d83890231591ea5497b7bd5aa3760cae.jpg,1.0
cl6okf9bk0067ao55bstpe75r_4_FALSE_COLOR__URBAN_jpg.rf.d8bd539d627b57dd1777c787ccc6c18b.jpg,1.0
cl6dzs6a4000vhg55f52u2xze_6_SWIR_jpg.rf.d8acdbb92b07d6f57e9aa316bee4ba96.jpg,1.0
cl6kfq79x001cc455cjp917bl_4_FALSE_COLOR__URBAN_jpg.rf.d88930f1ef1d23501ae5d56b90557ab7.jpg,1.0
cl6e2y7v9002ngk55b03sduks_4_FALSE_COLOR__URBAN_jpg.rf.d909a243dbee83ee0caf1a31762ce53a.jpg,1.0
cl6kgag2y002ac455g3l427ic_2_FALSE_COLOR_jpg.rf.d877130cbf5f3f10506d5a9ce33c9cc2.jpg,1.0
cl6oilbwz003bao55ayyaeiti_2_FALSE_COLOR_jpg.rf.d90f77967786f2f10b9a0518472a21ec.jpg,1.0
cl6kgjivy002xc4559k1m5r9y_1_TRUE_COLOR_jpg.rf.d9122df026bf0f22feccd972dd34b27a.jpg,1.0
cl6kfoffk0016c455cvxsalj2_6_SWIR_jpg.rf.d8bef780a35671ac771ce7bf317a9a3d.jpg,1.0
cl6lt50lf00278w555isdaowx_6_SWIR_jpg.rf.d8af404c0c75ab3cb097ff3db76a0c66.jpg,1.0
cl6kigvdj000a8w55e1ed0r42_4_FALSE_COLOR__URBAN_jpg.rf.d91f0cf60f8d44e6bb5eac67ab3d3e64.jpg,1.0
cl6cpha7s00dpl4559lpahzmn_1_TRUE_COLOR_jpg.rf.d852709ebc21ce340f8692ceaa06ac5b.jpg,1.0
cl6op88w4006oao552mmn9knc_6_SWIR_jpg.rf.d91fb5c9f4812c31b80c752f2e195180.jpg,1.0
cl6od01zy000wao5564tqf2dq_1_TRUE_COLOR_jpg.rf.d929a8a7a0a29213e760ef7f85bc9bbe.jpg,1.0
cl6oqnqlp0094ao552kce2cqa_4_FALSE_COLOR__URBAN_jpg.rf.d92b2ea1c86b6b3bc7aeaa47ebb55755.jpg,1.0
cl6od2qvz0018ao55hk1af8ha_6_SWIR_jpg.rf.d91235e491b1b70f6f0d12652dff6278.jpg,1.0
cl6kfnjr50014c4555kd2a1q6_1_TRUE_COLOR_jpg.rf.d8df5a19ee41973ef11646ea2d5f7242.jpg,0.0
cl6dydo100003hg55gkkv0c3a_1_TRUE_COLOR_jpg.rf.d904b0475c37ecaa5406ae15e358651f.jpg,1.0
cl6ormrr6009nao55a7r8cs06_2_FALSE_COLOR_jpg.rf.d9224922b9b18f2bb5337cb061439b74.jpg,1.0
cl6b4zqf6001xl455gp6h5ca8_4_FALSE_COLOR__URBAN_jpg.rf.d933b002520d9534e0acecc4a38e2db0.jpg,1.0
cl6kjh3l1001g8w55b15o5lsc_1_TRUE_COLOR_jpg.rf.d92fe930ccd6b2db0e84edacef7dd745.jpg,1.0
cl6chfm2800c4l455ensx26aq_2_FALSE_COLOR_jpg.rf.d96b06a80bbbedbbc38fb4f7d8410e9a.jpg,1.0
cl6cgtnl200bll4552u3y49k7_1_TRUE_COLOR_jpg.rf.d933b4771a3fbe47d1ced521501286aa.jpg,1.0
cl6csemjv00fcl455g14q355c_6_SWIR_jpg.rf.d940bb1c0fedf879dce51268a108bfa9.jpg,1.0
cl6m1cyzn003n8w55b05d1g7b_2_FALSE_COLOR_jpg.rf.d93c68f31157d2877b58047207cc0511.jpg,1.0
cl6oplsq0007fao556ul723tq_1_TRUE_COLOR_jpg.rf.d93634171e38501995dbe8805a3a6566.jpg,1.0
cl6ojycgj005bao557mc6afad_4_FALSE_COLOR__URBAN_jpg.rf.d99cc76c44bf9e6f81309c7fbb0db7e9.jpg,1.0
cl6orqkwo009wao55euf3d9vn_1_TRUE_COLOR_jpg.rf.d96b1b407497548fa13854229f493aba.jpg,1.0
cl6e2uo3r002kgk556io96bkr_6_SWIR_jpg.rf.d9597faf76c41687c4cea47d6234de39.jpg,1.0
cl6b0msow001cl4559m4m56le_6_SWIR_jpg.rf.d948a833072ce50e8afafc873722a4cb.jpg,1.0
cl6m1aury003e8w55364mhq6f_1_TRUE_COLOR_jpg.rf.d9b932761201b93d79ee232a5572153e.jpg,1.0
cl6csemjv00fcl455g14q355c_1_TRUE_COLOR_jpg.rf.d9aa2dcecd296b3549d86e600f97f0c6.jpg,1.0
cl6ojakz1004lao55gg29c7l2_2_FALSE_COLOR_jpg.rf.d9ad4cf9fc6ea9b7566a091cf541e590.jpg,1.0
cl6ojakz1004lao55gg29c7l2_1_TRUE_COLOR_jpg.rf.d994a8192f68ec0abaf688f9a96eaf79.jpg,1.0
cl6opgi3y0076ao555l7p203p_6_SWIR_jpg.rf.d9546da7e2183a79f78106bca4ff8809.jpg,1.0
cl6cp9ucc00d8l455fzq49p99_6_SWIR_jpg.rf.d961125430307c70290fb7324db294e2.jpg,1.0
cl6b4znqq001wl4554xy23bep_2_FALSE_COLOR_jpg.rf.d9c2095b7af2299e5df2be9f82e38708.jpg,1.0
cl6dzkzi2000shg55gijfezk9_4_FALSE_COLOR__URBAN_jpg.rf.d991d8e8b06c4eab5a6b3e1ef980e9ed.jpg,1.0
cl6cs113t00eil4553ipt3ogj_4_FALSE_COLOR__URBAN_jpg.rf.d96bb2190cf0754a99d437ab8bc208a6.jpg,1.0
cl6odx8ff002jao5531b01e4o_4_FALSE_COLOR__URBAN_jpg.rf.d9794a7697ff4ba324005093433326a1.jpg,1.0
cl6e1o8p9001fgk55413s4ag8_6_SWIR_jpg.rf.d9b2cbe70a3a2a42305baf73428ee5bb.jpg,1.0
cl6cg820i00ahl45522fwa74p_1_TRUE_COLOR_jpg.rf.d97c4d0b934a6dc2cdd6a535952a54df.jpg,1.0
cl6kitrsd000j8w557yff59mf_6_SWIR_jpg.rf.d993b368b6945eeb7955fb06d5cc5fb9.jpg,1.0
cl6op20j8006eao55cw0ucbhh_4_FALSE_COLOR__URBAN_jpg.rf.d9914b15bf3bdce7a7dc6617aa2e720d.jpg,1.0
cl6oivr2z003wao55395g5u07_6_SWIR_jpg.rf.d9cb3c2954df32b3ff30ffb61866e6aa.jpg,1.0
cl6b71dky008pl4551u1e28u1_1_TRUE_COLOR_jpg.rf.d9d3ff3f4ab9a41623e83c3ac7712bbd.jpg,1.0
cl6e0dypj000qgk55gndm8q3o_6_SWIR_jpg.rf.d9e0155ab98cc3c439e0946ea2b965af.jpg,1.0
cl6e2dity001vgk551ar0hanj_1_TRUE_COLOR_jpg.rf.d9cfbdc6227a30cb3a53f51358c0fd22.jpg,1.0
cl6cskb6q00fll4558skgg71v_1_TRUE_COLOR_jpg.rf.d9e5e116ddc810e8723fc39b00670f09.jpg,0.0
cl6csygqn00gil4554ynr4r8a_4_FALSE_COLOR__URBAN_jpg.rf.d9c335468fe87643b34cfc08b0a18746.jpg,1.0
cl6oie1ic002vao557ua5evp8_2_FALSE_COLOR_jpg.rf.d9c2db7ad7cff66684cd2e7b110f2b5a.jpg,1.0
cl6cglp1000b9l4555bzvbgqj_4_FALSE_COLOR__URBAN_jpg.rf.d9d46ddecc52cb5a14578b4498f43a82.jpg,1.0
cl6kjmnc9001s8w5537ayhyay_2_FALSE_COLOR_jpg.rf.da095705ffd319d934daf6ea8e23be4e.jpg,0.0
cl6dyvvvc000lhg5533xc480w_4_FALSE_COLOR__URBAN_jpg.rf.d9e89e42bedb7aab8bc92f893ab08f1d.jpg,1.0
cl6ok5klz005nao55dbmig3bd_6_SWIR_jpg.rf.da0d456c81f30763d0fef27ef4dcb005.jpg,1.0
cl6kf821l000nc4555y4p2rm4_1_TRUE_COLOR_jpg.rf.da5e23706cb7cf17c3f6dd64944fb6cd.jpg,1.0
cl6b03sa00004l4555k7m3d9h_1_TRUE_COLOR_jpg.rf.d9d45cf8e45c730877007e63b5d343f5.jpg,1.0
cl6oqa9n4008pao55aziv27ox_4_FALSE_COLOR__URBAN_jpg.rf.da3ff2c2113bb71886d0becc56661e66.jpg,1.0
cl6oiz4yx0040ao55gbep3evs_6_SWIR_jpg.rf.da7897253522c365cd2d267e347187fa.jpg,1.0
cl6lt70fh00298w5541ighy5t_1_TRUE_COLOR_jpg.rf.da10d7599fd2b72ef08fb7168f8a01a1.jpg,1.0
cl6ch5dh200bvl4559ujea96q_1_TRUE_COLOR_jpg.rf.da797211e757a36e24a233a2d67056db.jpg,1.0
cl6chu8h100cnl4552hz21fjt_2_FALSE_COLOR_jpg.rf.da4fe63efca41eebd1d32697b5a5a7f3.jpg,1.0
cl6ok86rg005qao552r1p86s0_1_TRUE_COLOR_jpg.rf.da63624496d8d61ef66981c55ff78307.jpg,1.0
cl6kj6jxg000u8w559s9eb5je_2_FALSE_COLOR_jpg.rf.da7095c88dcf362f58f6ce5fcbb3a33e.jpg,1.0
cl6ok2egr005kao55bv7hfye5_6_SWIR_jpg.rf.da7d44eda31b16f1e4854a8adf2719eb.jpg,1.0
cl6az56oy0003f05554mh92wy_6_SWIR_jpg.rf.da4d96c7e53e2f17a0318ac5fabf8940.jpg,1.0
cl6odousp002aao55gdjlfrxu_2_FALSE_COLOR_jpg.rf.da23480cfc95fafb52aeba3d9997f308.jpg,1.0
cl6ki56x400028w55hs1xab54_2_FALSE_COLOR_jpg.rf.da7c101c8b0c65fa0ebb4d9305cdc109.jpg,1.0
cl6csapmj00f7l4558gne2y5r_2_FALSE_COLOR_jpg.rf.da2ff5b56dbb495c4bb19e8135cc1a8c.jpg,1.0
cl6ocun81000iao55010uhpce_4_FALSE_COLOR__URBAN_jpg.rf.da8feb78b7fff708561c5e6bb5be3b8b.jpg,1.0
cl6opb5w4006vao55d6ehcwz9_1_TRUE_COLOR_jpg.rf.da7ee6559f3e5b9e4c184b11a16595c3.jpg,1.0
cl6cht8c600cml4558wv5emrs_2_FALSE_COLOR_jpg.rf.da38472cde3e6a1431fb746a06f6c7ff.jpg,1.0
cl6oj7z2w004fao5547tp6hl2_6_SWIR_jpg.rf.da8dbe4970530195873b101f643b1e0b.jpg,1.0
cl6b78b5m009pl4550gvdb1ud_1_TRUE_COLOR_jpg.rf.da97acdfbebf80fe836acd747e035b41.jpg,1.0
cl6b03sa00004l4555k7m3d9h_4_FALSE_COLOR__URBAN_jpg.rf.da7d0aa251b40ced86646b354aa846b0.jpg,1.0
cl6m12kpt00358w55c0oah42i_4_FALSE_COLOR__URBAN_jpg.rf.dabdb0a504cf84323816ee98639befce.jpg,1.0
cl6cssfer00g4l455g2wbecis_6_SWIR_jpg.rf.daa8f8e69569da4a2f6c3828c608c834.jpg,1.0
cl6e311ol002wgk554lafcdqd_1_TRUE_COLOR_jpg.rf.daa9293b56e74367d1ea2453ba8bff8b.jpg,1.0
cl6b5amhu002yl455ge4y545t_1_TRUE_COLOR_jpg.rf.daad500f443f5593e9fa853d31e0eb02.jpg,1.0
cl6cs0lrz00ehl45590z36ae8_2_FALSE_COLOR_jpg.rf.dab2aebe7dc8b3a0f1f50eda08e809e2.jpg,1.0
cl6ojycgj005bao557mc6afad_6_SWIR_jpg.rf.dacebdf0ec94d185e59ab8878beaf494.jpg,1.0
cl6b05bia0009l4551ymod0pi_6_SWIR_jpg.rf.db106675a74c875822a5aae34a504ad1.jpg,1.0
cl6kj4ybe000p8w554ytea5li_4_FALSE_COLOR__URBAN_jpg.rf.db095a4f54419af4d070676615c962a8.jpg,1.0
cl6kgo2ff0031c455dv515gju_6_SWIR_jpg.rf.daad1e69369d34f5527aa8676e5c2133.jpg,1.0
cl6kgj08y002wc455bqfpd8bd_2_FALSE_COLOR_jpg.rf.db173c7a9a3a8c1f3ad5760fa41ca4a3.jpg,1.0
cl6ch0lvz00brl455eij38vi0_2_FALSE_COLOR_jpg.rf.db1703512f07480503949f215f26633c.jpg,1.0
cl6m12kpt00358w55c0oah42i_4_FALSE_COLOR__URBAN_jpg.rf.db29b0d8604e25949127cde13beae190.jpg,1.0
cl6opvtw5007zao556bmf7ibn_4_FALSE_COLOR__URBAN_jpg.rf.dabf99ad088ff35069f82a1ef0ac9d00.jpg,1.0
cl6csdu2700fal455982ifw90_4_FALSE_COLOR__URBAN_jpg.rf.db1c136704cadb896f2e6da345a79df5.jpg,1.0
cl6aniex40000f0559xrzal6j_2_FALSE_COLOR_jpg.rf.da820555bef83deafcd38dbf6592557a.jpg,1.0
cl6cskwng00fol4555eloc4nh_1_TRUE_COLOR_jpg.rf.db33843e08a24d77d9d953b73d2d7122.jpg,1.0
cl6e1o8p9001fgk55413s4ag8_4_FALSE_COLOR__URBAN_jpg.rf.dab6005828876789df6740e334e61435.jpg,1.0
cl6e2ww4w002lgk555k8x0pjx_2_FALSE_COLOR_jpg.rf.db31c4bbed77eef29f6c0314f142a52d.jpg,1.0
cl6e32ym20033gk558fa76664_2_FALSE_COLOR_jpg.rf.db28436515ead4ebe63c99eaf6215934.jpg,1.0
cl6chqhwl00cll4558hnj0glz_4_FALSE_COLOR__URBAN_jpg.rf.dab85b574de36ddf37c6f8cab94652ce.jpg,1.0
cl6oq0pc4008cao550sw50jjc_6_SWIR_jpg.rf.dadc7f33927cd212d4222941cec8710d.jpg,1.0
cl6b02sgp0001l4552wwg1go7_4_FALSE_COLOR__URBAN_jpg.rf.dadcab8952a30c739718563907ae157c.jpg,1.0
cl6dy9kzz0002hg55bc0s18ph_1_TRUE_COLOR_jpg.rf.db343f0527f49ab3147c18c3836ab2ba.jpg,1.0
cl6cssfer00g4l455g2wbecis_6_SWIR_jpg.rf.db141d58ec916469b6754321944d5e91.jpg,1.0
cl6e35mru003cgk559os14r7y_1_TRUE_COLOR_jpg.rf.db54fb8437cce338e901f359fd6b62ec.jpg,1.0
cl6csr5tv00g0l45530ayb807_6_SWIR_jpg.rf.d9e0aefa51177572e09038722ab529e0.jpg,1.0
cl6e0j0t90010gk557b525asz_1_TRUE_COLOR_jpg.rf.db39f6e3eb3ac9636f15b316b162a7e6.jpg,1.0
cl6okf9bk0067ao55bstpe75r_2_FALSE_COLOR_jpg.rf.db7af2227a0dbba7edc8e0bf8a3b556d.jpg,1.0
cl6e1pf9j001ggk55feroguvj_1_TRUE_COLOR_jpg.rf.db451165110acc7c6a41bb639ed98737.jpg,1.0
cl6b5c2sv0035l455962o3knd_2_FALSE_COLOR_jpg.rf.db51a4ca8fb64d6abcff38c9fda12975.jpg,1.0
cl6kjbb3u00158w55e0y48ful_1_TRUE_COLOR_jpg.rf.dab911fae81ebf38a1099a3f01e35cef.jpg,1.0
cl6b6ovux007pl455g8am6gh6_4_FALSE_COLOR__URBAN_jpg.rf.db42916ed0d0cac60a885e76919d1512.jpg,1.0
cl6ctmr0300hzl4556sau1m41_1_TRUE_COLOR_jpg.rf.db696c8471cc915c37ee4c4210ac4439.jpg,1.0
cl6kjek5g001a8w5561zp7ddp_1_TRUE_COLOR_jpg.rf.db79a35dcedb42b93243fbd9d64271dc.jpg,1.0
cl6cryqwi00e9l4557j2w0vqw_1_TRUE_COLOR_jpg.rf.db5b69db1e97a7e13cc6486fa30ba2c1.jpg,1.0
cl6csr5tv00g0l45530ayb807_2_FALSE_COLOR_jpg.rf.db3c66c1daff7312dcf967fa5b1a93fc.jpg,1.0
cl6crtivm00dwl45544k043su_4_FALSE_COLOR__URBAN_jpg.rf.db9a4b00835e44cbb65b0043ce4dd595.jpg,1.0
cl6oq1492008dao553mjgbuun_1_TRUE_COLOR_jpg.rf.db92e69f2139774e2882191f88b86c0b.jpg,1.0
cl6m1gm78003z8w553teegbzw_2_FALSE_COLOR_jpg.rf.dbf580bd9e6c52803d82a5af04c955de.jpg,1.0
cl6oq26pe008eao55afu47fi0_2_FALSE_COLOR_jpg.rf.db62e7377793915211baf041129af262.jpg,1.0
cl6b6svwl007yl455d2w5bw1m_6_SWIR_jpg.rf.dbbb242e792bee2ca0b60a75cf77168d.jpg,1.0
cl6dxqd4a0000hg55axmt0iob_1_TRUE_COLOR_jpg.rf.dbffb154a7b8894d57cf255ca10a4364.jpg,1.0
cl6dygaz70006hg559adtahcs_2_FALSE_COLOR_jpg.rf.dbc0d756cdca2c06d8b133f4dae33643.jpg,1.0
cl6dzkjup000rhg5589g0afdf_2_FALSE_COLOR_jpg.rf.dbe80201884c3463cd9e492a65162a8a.jpg,1.0
cl6odfk31001qao557bfi78e5_1_TRUE_COLOR_jpg.rf.dbb46857df56c721d2a04ceb6f3b39b9.jpg,1.0
cl6cp9ucc00d8l455fzq49p99_4_FALSE_COLOR__URBAN_jpg.rf.dc10c0d6f8fff30b58a375b9755b0550.jpg,1.0
cl6e2lc56002fgk554s6m4xro_6_SWIR_jpg.rf.dc07eda4f3fe6a64d51651bd3a87e37e.jpg,1.0
cl6od0yei0010ao55a36egny5_1_TRUE_COLOR_jpg.rf.dc0da53fde3edc8771d373a7af31c094.jpg,1.0
cl6e0l3x90015gk55eki43b8w_2_FALSE_COLOR_jpg.rf.dc15de232d91a287ba2f116944cc08ad.jpg,1.0
cl6b5s1n0004ul455es9i793w_1_TRUE_COLOR_jpg.rf.dc2351323555001ca457c4c9ae77e9d3.jpg,1.0
cl6b7a6r2009xl455evyu7k9f_1_TRUE_COLOR_jpg.rf.dbe5b1673998a0eb28c234769347d4a4.jpg,1.0
cl6oj8j8j004gao559z4qag8f_4_FALSE_COLOR__URBAN_jpg.rf.dc3c754d74a01f33aeb98237c0c670b2.jpg,1.0
cl6odyy4q002mao558oty3tax_1_TRUE_COLOR_jpg.rf.dbc881cb81b68ab8c3e50da6f8b97161.jpg,1.0
cl6e1mzj0001bgk55bm966l6h_1_TRUE_COLOR_jpg.rf.dc255d87323ff03c102306097a053213.jpg,1.0
cl6op9m80006sao552sp0bgyl_4_FALSE_COLOR__URBAN_jpg.rf.dc334424ba3eab7ff60712d8dd117f5a.jpg,1.0
cl6m145w400368w55e1mscmpe_4_FALSE_COLOR__URBAN_jpg.rf.dc4426edce204e5c15ddfa4e07a1b068.jpg,1.0
cl6e2cbgk001tgk5560zhhqm7_6_SWIR_jpg.rf.dc4fcf9a694c3e6233e83d24b4763655.jpg,1.0
cl6cskhdp00fml4550oip27vq_4_FALSE_COLOR__URBAN_jpg.rf.dc3f7299b8e16a8be074d5b9d0959ade.jpg,1.0
cl6kjgg8s001f8w55gpld4jfw_4_FALSE_COLOR__URBAN_jpg.rf.dc628d152319972601a09f392279c5e8.jpg,1.0
cl6lt2g2y00228w55cf1a1yxr_4_FALSE_COLOR__URBAN_jpg.rf.dc1a585a6e0b193dff9c436d1b3308d2.jpg,1.0
cl6ouhohh00anao55e3fn1crb_1_TRUE_COLOR_jpg.rf.dc4a26e1fb950730a175156eed768a9a.jpg,1.0
cl6m17r53003b8w55c0zsgjie_2_FALSE_COLOR_jpg.rf.db829b505a7fa507c4085ab967804e24.jpg,1.0
cl6oizoxx0041ao55csrr4whh_1_TRUE_COLOR_jpg.rf.dc36d8dd12904b2305a721e806623d40.jpg,1.0
cl6e1zx08001pgk554gv1bhpt_6_SWIR_jpg.rf.dc3b1c10a4b00353922571583028d42b.jpg,1.0
cl6okdwy00063ao5588jlcglr_6_SWIR_jpg.rf.dc6c0d28c271525452c06457a5d4cedd.jpg,1.0
cl6dzvdbz000yhg552dlf8c2e_1_TRUE_COLOR_jpg.rf.dc66a8f1765c1c15b0a1f4e863e93485.jpg,1.0
cl6oie1ic002vao557ua5evp8_1_TRUE_COLOR_jpg.rf.dc73abb36fa71be7346e4b35b6c9807e.jpg,1.0
cl6okcs620060ao552j5fd463_6_SWIR_jpg.rf.dc80cbb1c35a174ee151b6de29e17c91.jpg,1.0
cl6kjk4ho001o8w55ai7s6txj_1_TRUE_COLOR_jpg.rf.dc6a3c530525da7de88e8d7f108f3426.jpg,1.0
cl6csqi8m00fzl455hbvqhcm2_1_TRUE_COLOR_jpg.rf.dc8e1a77d399b2ee1bb5e2186b4b0387.jpg,1.0
cl6b4znqq001wl4554xy23bep_6_SWIR_jpg.rf.dc8ab9cd051f6d78c11385899a973b89.jpg,1.0
cl6oim1lr003cao555vs11jcz_4_FALSE_COLOR__URBAN_jpg.rf.dcabd0ffc9bd2a05715f8a0b2ffcb288.jpg,1.0
cl6cpha7s00dpl4559lpahzmn_4_FALSE_COLOR__URBAN_jpg.rf.dca7f3ef1fb877d70caf64192ebc45b8.jpg,1.0
cl6od0hgc000yao553kq03tbq_1_TRUE_COLOR_jpg.rf.dcce13473d4f2423c12cef44539a61ed.jpg,1.0
cl6kfbq11000yc45577e7e4bg_2_FALSE_COLOR_jpg.rf.dc93e5033c6530c14ac00835ba470f2b.jpg,1.0
cl6orlxem009lao5513o7hr6s_4_FALSE_COLOR__URBAN_jpg.rf.dca015361ce1570d170daebe5b523b06.jpg,1.0
cl6orp9en009sao55f6gaa7jv_2_FALSE_COLOR_jpg.rf.dcae423de4fccdeab1075bac94349b0b.jpg,1.0
cl6e2edx3001ygk554c0h3ubb_6_SWIR_jpg.rf.dc9b42e9ea872cfba4ab77e8cb828641.jpg,1.0
cl6b5w0pv005dl455ej5m1iej_2_FALSE_COLOR_jpg.rf.dcf1843a27624cb0da6c33099c2a447b.jpg,0.0
cl6b5zvva005tl455617x069k_1_TRUE_COLOR_jpg.rf.dcbf5049810bb0a2d2e22ae39a7fefb2.jpg,1.0
cl6b7a6r2009xl455evyu7k9f_1_TRUE_COLOR_jpg.rf.dccf4cece0432e34ae52df49d9c5b3e7.jpg,1.0
cl6orsbq600a1ao5543sigy1j_4_FALSE_COLOR__URBAN_jpg.rf.dcf8519e271808eb1a9a5554e750a426.jpg,1.0
cl6e0gykm000wgk551za948b3_4_FALSE_COLOR__URBAN_jpg.rf.dd24ff2870270fefd5bd9bc8ecff4ec7.jpg,1.0
cl6kfs9ar001ic4556dkk65k6_1_TRUE_COLOR_jpg.rf.dc9403c8b933c442fcf1e25cd035440a.jpg,1.0
cl6b78b5m009pl4550gvdb1ud_2_FALSE_COLOR_jpg.rf.dd0b4c4a2b6c9b06ea1c046d54f12dae.jpg,1.0
cl6kgeqar002lc455akv50au4_1_TRUE_COLOR_jpg.rf.dc9548ba377ad6505f79a667df361d67.jpg,1.0
cl6oq5emc008kao557aa7arvw_2_FALSE_COLOR_jpg.rf.dd264c7358df7f0ddc6d1c6e2e77d8f2.jpg,1.0
cl6okcigf005zao55dc0wbjsx_2_FALSE_COLOR_jpg.rf.dcd5c27960477539d38fd02f52dd6b96.jpg,1.0
cl6chmuyr00cfl455hd0u03x9_2_FALSE_COLOR_jpg.rf.dd3ec1b87d484e088d3f05345bbaa837.jpg,1.0
cl6b5bl3w0032l4550j2k2te5_1_TRUE_COLOR_jpg.rf.dd423d4a3b7067eca244c5451d067e57.jpg,1.0
cl6kgcy30002hc455hqb400gb_4_FALSE_COLOR__URBAN_jpg.rf.dd662d12c5543c014749620939ddde9e.jpg,1.0
cl6e1zx08001pgk554gv1bhpt_1_TRUE_COLOR_jpg.rf.ddc8833536d973bf796ead6ed9c7d29e.jpg,1.0
cl6op2fce006fao55753l8ulj_1_TRUE_COLOR_jpg.rf.dd5e007e9b55ddc54733ff01b5a1640c.jpg,1.0
cl6e371x0003ggk55e6x4cocz_2_FALSE_COLOR_jpg.rf.dd605987ef8e391b6617bb80b3c84118.jpg,1.0
cl6kidboc00078w55f9rfey2b_4_FALSE_COLOR__URBAN_jpg.rf.dd69c34f110c9a102e06dcf6508e0ded.jpg,1.0
cl6crv14300e0l455h48eh7nr_1_TRUE_COLOR_jpg.rf.dd89f6b2850dc836bb0f3e0bdd7d67ec.jpg,1.0
cl6m1clc6003l8w55ha300f5e_1_TRUE_COLOR_jpg.rf.ddbeca4e2f80fc6455e146cb5aa89e01.jpg,1.0
cl6oivr2z003wao55395g5u07_4_FALSE_COLOR__URBAN_jpg.rf.dd90c2d90317f40e34e8f686f1c6482f.jpg,1.0
cl6kfpeg80019c455an5z7myg_2_FALSE_COLOR_jpg.rf.dd9b8b944ca5ba224ac860bb0cfe2bc4.jpg,1.0
cl6chzaqh00d0l4557irlbjwq_2_FALSE_COLOR_jpg.rf.ddcbfdb7e3a68949f396a01a266467a3.jpg,1.0
cl6b6gdyh0079l4555ka0g84o_6_SWIR_jpg.rf.dd99533bfaba0fb62017e6145a7fa2f5.jpg,1.0
cl6cgro8500bhl455267h78fj_2_FALSE_COLOR_jpg.rf.ddc952381b42e9a03a0d96755e66d436.jpg,1.0
cl6e0jb4i0011gk5501445oon_6_SWIR_jpg.rf.dd77a1a6afc8eee890066beb0d26266d.jpg,1.0
cl6ojuvc30055ao55enk04i13_2_FALSE_COLOR_jpg.rf.ddb14313bf8a3304ee408dce42e80f5d.jpg,1.0
cl6cruirz00dzl45533iybi5p_1_TRUE_COLOR_jpg.rf.ddddf5735a451f8191fcc11a2b63475a.jpg,1.0
cl6ocx87y000nao554f3ig67h_2_FALSE_COLOR_jpg.rf.dd633d45d49a01a13e1e5e07cfb4f089.jpg,1.0
cl6b7a6r2009xl455evyu7k9f_2_FALSE_COLOR_jpg.rf.dddf72ec9f340dd673435004b4057c3d.jpg,1.0
cl6b59reu002vl4553fnhgaf4_4_FALSE_COLOR__URBAN_jpg.rf.ddbac6c30179ca3ac0ea29db6a669797.jpg,1.0
cl6ou9hl600adao559w1qda4m_2_FALSE_COLOR_jpg.rf.dded35188e1ef152958db2e230761edb.jpg,1.0
cl6dyl8hm000ahg5552vu7wuo_2_FALSE_COLOR_jpg.rf.dddc7bb9e80306d96df5cc50cd1e45a9.jpg,1.0
cl6b5lfqn0043l455544gg2zx_6_SWIR_jpg.rf.dde4e2d9d3f13a44a4f720919113ca74.jpg,1.0
cl6ocy9ma000qao55g73m5yl6_1_TRUE_COLOR_jpg.rf.dd9f691525bb10051ba1e58edbc8207f.jpg,1.0
cl6b63ehe0062l455c9mib5xv_2_FALSE_COLOR_jpg.rf.dde9f06344a4141e76b2747df8e8d6ca.jpg,1.0
cl6b5r021004pl4558sub5at0_4_FALSE_COLOR__URBAN_jpg.rf.dde3512c12ce8c4913cfa9b46b546cea.jpg,1.0
cl6chzpc400d1l455fj3y44xt_1_TRUE_COLOR_jpg.rf.ddf37af3dc2b51667c4cae15ba13166c.jpg,1.0
cl6oq3bjn008gao551ciogvom_2_FALSE_COLOR_jpg.rf.ddf79fcc520cf2b8a81b3266b4b2c90d.jpg,1.0
cl6oe0eoe002qao552t6i1m6g_4_FALSE_COLOR__URBAN_jpg.rf.de008391ab6a18c0b6afb713481f4f71.jpg,1.0
cl6oie1ic002vao557ua5evp8_1_TRUE_COLOR_jpg.rf.de31e57c9d82c6072f1e22be5046bd48.jpg,1.0
cl6od380k001aao552ioagps5_2_FALSE_COLOR_jpg.rf.de0f26c73b368ac025be2f4fcd26a640.jpg,1.0
cl6e3hmo90042gk550afsdsxy_2_FALSE_COLOR_jpg.rf.de3fa11736ff122d470a2836c0201347.jpg,1.0
cl6kg4a1m0024c455eiyw4fqk_2_FALSE_COLOR_jpg.rf.de2a109af713ff8f295aa82cbe0e4645.jpg,0.0
cl6ch1am000bsl455a0381kr1_2_FALSE_COLOR_jpg.rf.de77e77ff02150b9534f5627759817d9.jpg,1.0
cl6e3cezg003lgk551giraowq_1_TRUE_COLOR_jpg.rf.de71c1938ec2224d4894f1ffffe7b681.jpg,1.0
cl6m0whp000308w555xk5cwij_2_FALSE_COLOR_jpg.rf.de2f05a8a7ba576dde4510a129290672.jpg,1.0
cl6odo7bc0027ao553ioyheoc_1_TRUE_COLOR_jpg.rf.de00f3035fdf0d974b7d4c329623247a.jpg,1.0
cl6b6frr10078l455hhqe0mw5_2_FALSE_COLOR_jpg.rf.de88113f7faa9a803911d8da71a1b889.jpg,1.0
cl6ct8vzr00h4l455e4w420qh_1_TRUE_COLOR_jpg.rf.de56adb495017abe540ad58775722d8c.jpg,1.0
cl6kj737i000w8w559m2x1ig7_1_TRUE_COLOR_jpg.rf.de856f4886f7ae949cec762d34cca60d.jpg,1.0
cl6dznlym000thg55950a4qbg_1_TRUE_COLOR_jpg.rf.de6882b3698fb80bef8599ab6368d9a6.jpg,1.0
cl6e3gmqp0040gk55gklf0ka1_1_TRUE_COLOR_jpg.rf.de86e3793330fdf93ab1ba6f1a4ba2ec.jpg,1.0
cl6ctkcif00hvl455e4f58h78_4_FALSE_COLOR__URBAN_jpg.rf.de550116efab25a4483cfe0dc71cbff3.jpg,1.0
cl6b5zpyo005sl455a4tof63y_1_TRUE_COLOR_jpg.rf.de1b858a0567111a9c9d0555f87af74d.jpg,1.0
cl6oixxvs003yao555nvw8ao1_6_SWIR_jpg.rf.de7ef7c07446ac7e2b82b0c8f652b0e0.jpg,1.0
cl6b5t6eu0050l455h25321jn_2_FALSE_COLOR_jpg.rf.de1a469e3fa649c611a1d38dcfadf1a7.jpg,1.0
cl6kfnwqd0015c455cssv4ha4_6_SWIR_jpg.rf.de617d3666ec8326e5fe16c180378867.jpg,1.0
cl6kjexus001b8w55d6iq8ma6_6_SWIR_jpg.rf.de7fe83356867f665c7f19bf03cb7d1b.jpg,1.0
cl6dyeg510004hg554xxs8aux_4_FALSE_COLOR__URBAN_jpg.rf.dea62afd8d66109e0c4f7557cf0a4d2a.jpg,1.0
cl6chkc4400cal4551mau76ln_6_SWIR_jpg.rf.de73af39e9fb72139c9b30a00a00d501.jpg,1.0
cl6e3bkid003jgk5568qqgh5c_1_TRUE_COLOR_jpg.rf.de76a3cfba3cbf0fed4531fd2aa8ee8a.jpg,1.0
cl6oiiz8r0036ao55b8lt6p4l_1_TRUE_COLOR_jpg.rf.ddaed6fbd85372844b26d8e6c7659b45.jpg,1.0
cl6ocq7n50007ao552jukcs3b_1_TRUE_COLOR_jpg.rf.dea8b76e1f568e4b2d1aa77117cfd7b5.jpg,1.0
cl6e3j5rh0046gk5519l319wr_6_SWIR_jpg.rf.de9458a3a5690faf192845d32e077317.jpg,1.0
cl6orko2t009kao55b52w8c6b_2_FALSE_COLOR_jpg.rf.deaaf8c937b85d18bb576ae2d5ca6c2b.jpg,1.0
cl6dzjmr4000qhg55bnr2akq0_4_FALSE_COLOR__URBAN_jpg.rf.deba88ce1f5340c4b73c19a543c87830.jpg,1.0
cl6b7ep9100a4l455h3w9fstk_4_FALSE_COLOR__URBAN_jpg.rf.dec467ef0b70d4d6558e6eba5d87ab6c.jpg,1.0
cl6oujpxm00atao554qpycnsr_6_SWIR_jpg.rf.dedd6ece64fc5313072072c8ed29c0f4.jpg,1.0
cl6b6y36r008gl4559z723z25_1_TRUE_COLOR_jpg.rf.dec981a757bbcb4039fa495deb108297.jpg,1.0
cl6kigvdj000a8w55e1ed0r42_4_FALSE_COLOR__URBAN_jpg.rf.ded1d1d1869f3517c477f888b63428bf.jpg,1.0
cl6chjmg800c8l4551fu3ef4x_2_FALSE_COLOR_jpg.rf.dee20a4d9c0d339c949e736dc22c7dad.jpg,1.0
cl6okcigf005zao55dc0wbjsx_2_FALSE_COLOR_jpg.rf.dee0441002e1797bf48a019ab81e2469.jpg,1.0
cl6ki56x400028w55hs1xab54_2_FALSE_COLOR_jpg.rf.df057beeeca35b07a12d3cd3cccda7e4.jpg,1.0
cl6b53k570029l45574z79k7e_2_FALSE_COLOR_jpg.rf.deee9b68027c737aa5ba45eff796be73.jpg,1.0
cl6cgnbdj00bdl455d8vd8iqf_4_FALSE_COLOR__URBAN_jpg.rf.df1b8bd380295de5374af6ef7edea22c.jpg,1.0
cl6oj142t0045ao551qnd97ci_1_TRUE_COLOR_jpg.rf.df111bf4bd17c24435c309066a13c97d.jpg,1.0
cl6cpadty00d9l4557ubu7rwz_6_SWIR_jpg.rf.ded808e4735865c1c45cd062ac5ea072.jpg,1.0
cl6ctjyc600hul455hxis4621_4_FALSE_COLOR__URBAN_jpg.rf.df3b8781e1a2cd7b0b1680a03b2dbb36.jpg,1.0
cl6b6gdyh0079l4555ka0g84o_1_TRUE_COLOR_jpg.rf.df3799fb28657268010c5b39429ac9fa.jpg,1.0
cl6ougd7000akao555jiq5oyz_6_SWIR_jpg.rf.df1d40dca3ef7257f8c1f74754606608.jpg,1.0
cl6b5rb8x004rl455g3sp3iqz_2_FALSE_COLOR_jpg.rf.df5c6fec02ccdf900730cd2b9bd5eb27.jpg,1.0
cl6b5u0en0054l4551vpacdoj_1_TRUE_COLOR_jpg.rf.df2b3738b00259432b4f52219ca12c96.jpg,1.0
cl6odzdk0002nao55dz13d0s9_1_TRUE_COLOR_jpg.rf.df623395212ebdc9b5bda0e4e3c60e07.jpg,1.0
cl6odk9yf001wao558oys61c5_4_FALSE_COLOR__URBAN_jpg.rf.df51eed165f8b912b6f4999c58cd9159.jpg,1.0
cl6ou90tv00acao559ijshkxd_2_FALSE_COLOR_jpg.rf.df2100e5fd775699e52b4381cabc60fb.jpg,1.0
cl6e0l3x90015gk55eki43b8w_6_SWIR_jpg.rf.df5a45401bc422c1637cf271a31c52c5.jpg,1.0
cl6cscffu00f8l455eoct9jzq_6_SWIR_jpg.rf.df406e12c6f9555582c7b8ebf1fad08e.jpg,1.0
cl6cg6cf600agl455gtin273p_6_SWIR_jpg.rf.df541848f3389df1a98284cb7d6ed5f1.jpg,1.0
cl6ok33x3005lao555fmcbrr8_4_FALSE_COLOR__URBAN_jpg.rf.dee24bce8e501018ade5aaf191f20c3f.jpg,1.0
cl6csjvur00fjl455ati39b6k_6_SWIR_jpg.rf.dee84a76876a96091af841e8ca84b01a.jpg,1.0
cl6chk39d00c9l455805d6a4d_1_TRUE_COLOR_jpg.rf.df8285d0e8071616ec35e25a32d7f820.jpg,1.0
cl6odyy4q002mao558oty3tax_2_FALSE_COLOR_jpg.rf.df67512db8d473c955a24b340a04211f.jpg,1.0
cl6oqcmju008wao550c102qjq_6_SWIR_jpg.rf.df7ecc886ac09da7df72dafc101daa4c.jpg,1.0
cl6b5d74b003dl455atof1i44_1_TRUE_COLOR_jpg.rf.df8050b54b5284aedb7f8c026afc614e.jpg,1.0
cl6oprp1x007rao55914q8erm_2_FALSE_COLOR_jpg.rf.df6968634a9daadf5544d32f26fe01f1.jpg,1.0
cl6b6svwl007yl455d2w5bw1m_1_TRUE_COLOR_jpg.rf.df6aee8c7972298d840fca1cba723e1d.jpg,1.0
cl6oqdjr6008yao55dfmibcy4_6_SWIR_jpg.rf.df8d963a5ad445a5914a982b1fcc77b7.jpg,1.0
cl6ok2egr005kao55bv7hfye5_4_FALSE_COLOR__URBAN_jpg.rf.df7436f4491a6faff004a5862a9689af.jpg,1.0
cl6b0skkx001nl4557zd344qi_4_FALSE_COLOR__URBAN_jpg.rf.df90bd25a537c75b3591e1597364e21f.jpg,1.0
cl6opf8iw0073ao55fkep6nhg_1_TRUE_COLOR_jpg.rf.dfb5a9149b47434464c11b3672f027fb.jpg,1.0
cl6orjfih009hao556av1hf6s_2_FALSE_COLOR_jpg.rf.dfdeb1fcfe2f2fbd79cea90b94477aab.jpg,1.0
cl6b6eah90074l455hnsyaebx_1_TRUE_COLOR_jpg.rf.dff671b7365f84e614913517f58ed8d4.jpg,0.0
cl6opi0lv0079ao554ptl5yd7_4_FALSE_COLOR__URBAN_jpg.rf.df9da5136d3b664b165dfb4ecfe8816b.jpg,1.0
cl6ki82ak00058w55b9dyf8ef_1_TRUE_COLOR_jpg.rf.df8ed3c35bc4c9c8db426a5e6177451c.jpg,1.0
cl6b6817p006gl4558pqf3z0b_4_FALSE_COLOR__URBAN_jpg.rf.dfa0d5e8bc91d6772aabee95b81b5e9e.jpg,1.0
cl6oja8ma004kao55atmaakd4_4_FALSE_COLOR__URBAN_jpg.rf.dfeaeda18784d48e0fc804cb067c17a9.jpg,1.0
cl6oqwja8009cao553jcuagut_1_TRUE_COLOR_jpg.rf.df929509bcba3245a2ee752059d8e955.jpg,1.0
cl6m1h5id00408w55h3u27bzc_4_FALSE_COLOR__URBAN_jpg.rf.dff92344ef96744e06c82a875c8e34f9.jpg,1.0
cl6kg5b5c0027c455abg328ld_4_FALSE_COLOR__URBAN_jpg.rf.dfbc3c89cc91dde300d2bc73910ca585.jpg,1.0
cl6cso4jp00ful45554tn3v0d_4_FALSE_COLOR__URBAN_jpg.rf.dffaa6aeb6cfa5824aa90da18ddd52e5.jpg,1.0
cl6opqgtf007nao55d5fr4p16_2_FALSE_COLOR_jpg.rf.e02a8c761d3984bbf21c729d0fa5d989.jpg,1.0
cl6e2grat0022gk55hpoig5ln_6_SWIR_jpg.rf.e01456afd9c9e373a43cd3816387aaec.jpg,1.0
cl6oj0ggm0043ao55acihdj7s_6_SWIR_jpg.rf.df8d067d22d0e4cdf275a16396ca82a0.jpg,1.0
cl6cpeq5000dkl455ae4qcoq2_2_FALSE_COLOR_jpg.rf.e034e2931ebebcf2d8bc650407d108ec.jpg,1.0
cl6kfci270010c45580qyfo1k_2_FALSE_COLOR_jpg.rf.e0237d2054d7b9e08da3771583e552c0.jpg,1.0
cl6e0gykm000wgk551za948b3_2_FALSE_COLOR_jpg.rf.e03d0941c9f83a653e7ff50dbdccbb41.jpg,1.0
cl6cpdnir00dil455c047h42h_2_FALSE_COLOR_jpg.rf.e016f613c2ecfe6e8130fb4b336a01f4.jpg,1.0
cl6kfe4yn0012c4556ug51m1e_1_TRUE_COLOR_jpg.rf.e0491e2c6562998a1279e6e86cf9bdcb.jpg,1.0
cl6cgk7k600b5l455ceot4yy5_6_SWIR_jpg.rf.dffbd5d66f4103752835c92b7c9be1f0.jpg,1.0
cl6b4ykst001sl4550amagaw5_1_TRUE_COLOR_jpg.rf.e03f9e161ea632c5d2a1b89e42177ae2.jpg,1.0
cl6orq40w009vao552t868lax_1_TRUE_COLOR_jpg.rf.e0068514d8a042fedb984079ecae140b.jpg,1.0
cl6b5nhyt004bl455bxss4mll_1_TRUE_COLOR_jpg.rf.e04f2db091e6b07012e708eb1e5dca7a.jpg,1.0
cl6oijbft0037ao558i012jhh_1_TRUE_COLOR_jpg.rf.dfca2664fa5a5e3594ce104a254ce0c1.jpg,1.0
cl6lt9ww1002d8w558t0sd31s_2_FALSE_COLOR_jpg.rf.e0545e2281a7e2f1f4dfa2b960901570.jpg,1.0
cl6kii4xj000d8w55drgxdpae_6_SWIR_jpg.rf.e080dcba46c3ece39badbbea6c72be8e.jpg,1.0
cl6opzsq7008aao556djk9g0u_2_FALSE_COLOR_jpg.rf.e05bf8bee64cd8ddd1295ed47f4f6496.jpg,1.0
cl6oiqz18003lao55eb3ebson_1_TRUE_COLOR_jpg.rf.e057ea33b7066c624009d50816feb799.jpg,1.0
cl6kez8j70002c455axv68ulf_6_SWIR_jpg.rf.e0635bbb40640439ff81f17ccb12e158.jpg,1.0
cl6e1qges001kgk555z158f33_1_TRUE_COLOR_jpg.rf.e06c2665b49eeed69f2ceec257abd9d4.jpg,0.0
cl6e1gy620018gk55gvmqas56_4_FALSE_COLOR__URBAN_jpg.rf.e0a48cd0d2f636c0b492673daf576cd0.jpg,1.0
cl6dywrm9000mhg55c48n2wtt_6_SWIR_jpg.rf.e018e71cf99ca59f8f4ea0fbf8ef09ca.jpg,1.0
cl6kg4imi0025c45589qy7p3i_6_SWIR_jpg.rf.e09137b2c5f15fbce86f7872081b68ea.jpg,1.0
cl6kj7x8x000z8w550u2icc2v_2_FALSE_COLOR_jpg.rf.e048069af7b0512b54411ca7fcafefbc.jpg,1.0
cl6b4znqq001wl4554xy23bep_4_FALSE_COLOR__URBAN_jpg.rf.dff8ce4bf00fbf123336ed20dfff7871.jpg,1.0
cl6e2edx3001ygk554c0h3ubb_2_FALSE_COLOR_jpg.rf.e0946df7d416b46e0077430a88736638.jpg,1.0
cl6b5c6tw0036l45521p0dl9c_1_TRUE_COLOR_jpg.rf.e0b584caea63033bd20aa5273f17fc9a.jpg,1.0
cl6b7g1w400a8l455eezq0iqb_1_TRUE_COLOR_jpg.rf.e0d28af405de21f51cf896513b264fc7.jpg,1.0
cl6cgfb7300axl455efzk80f6_4_FALSE_COLOR__URBAN_jpg.rf.e05581e533b4c8870ff53162a82899a7.jpg,1.0
cl6csn2vw00fsl455h2a79t61_6_SWIR_jpg.rf.e101a5a4efb68244e1773434344a1a37.jpg,1.0
cl6b5dfkd003fl455d1yufkce_2_FALSE_COLOR_jpg.rf.e12390fd8310893e4f8cce945ffae3e2.jpg,1.0
cl6b6tlip0080l4550crfdhm2_2_FALSE_COLOR_jpg.rf.e10c180115a7948ef9e4fb63836853b1.jpg,1.0
cl6b5cyyr003bl455dl3u1ojd_6_SWIR_jpg.rf.e0d98c00a754e40b3388236f687010fa.jpg,1.0
cl6cttw6o00ial4555urs554w_1_TRUE_COLOR_jpg.rf.e0dc10cc2d021e988cc961d52cf2fdda.jpg,1.0
cl6b029x70000l4556t6r3w8m_6_SWIR_jpg.rf.e0dcca1da809ae98c2df0fc9706b1776.jpg,1.0
cl6m17r53003b8w55c0zsgjie_1_TRUE_COLOR_jpg.rf.e1284b8cdb6a7a905c981c91a337473a.jpg,1.0
cl6e33qm00035gk553mplcyji_4_FALSE_COLOR__URBAN_jpg.rf.e116c5f1b8446ab5ededa912aa711479.jpg,1.0
cl6e33qm00035gk553mplcyji_6_SWIR_jpg.rf.e1091575f3175c67753e464c7667e349.jpg,1.0
cl6b6y193008fl455chyoaarb_4_FALSE_COLOR__URBAN_jpg.rf.e107b08d38bd6f7addc1e6743cc945f9.jpg,1.0
cl6e1icq8001agk55c0pe3e5b_1_TRUE_COLOR_jpg.rf.e11c6c12c876f5a9db096770076d65f2.jpg,1.0
cl6azt6by0000go55h4io4tab_6_SWIR_jpg.rf.e13084f22268f5ebc46e9a8417188baa.jpg,1.0
cl6opi0lv0079ao554ptl5yd7_2_FALSE_COLOR_jpg.rf.e153bcf9eb74c3d07a324e33c8ed2963.jpg,1.0
cl6oj142t0045ao551qnd97ci_4_FALSE_COLOR__URBAN_jpg.rf.e15770501c51252f71f9743f2e1f7bae.jpg,1.0
cl6cskb6q00fll4558skgg71v_1_TRUE_COLOR_jpg.rf.e152ff24087c86cce4058eeca866383f.jpg,0.0
cl6m1b5o6003f8w55bts57rav_1_TRUE_COLOR_jpg.rf.e151ee160ce8fef760cafa16408270d7.jpg,1.0
cl6oiqz18003lao55eb3ebson_6_SWIR_jpg.rf.e14a217cc12452466805b38f9382c71e.jpg,1.0
cl6odvzby002gao5534yy1blj_1_TRUE_COLOR_jpg.rf.e17636330fb51a73467ad3e5f1660090.jpg,1.0
cl6b5ojmc004gl4551hf906us_2_FALSE_COLOR_jpg.rf.e16d823e50b5e68e6401bb012848a35b.jpg,1.0
cl6b5b5g0002zl455cjty1v7p_1_TRUE_COLOR_jpg.rf.e18e5e2fd35ec1ed13d4726dcc5ce9af.jpg,1.0
cl6ougd7000akao555jiq5oyz_6_SWIR_jpg.rf.e191765d17da05498e90563b97799cc1.jpg,1.0
cl6ch4qyp00bul455enwie1k7_6_SWIR_jpg.rf.e1c29885086890c99e80ae99526f9418.jpg,1.0
cl6cse9tv00fbl4552j5aepjj_4_FALSE_COLOR__URBAN_jpg.rf.e193eb7ea75c71fb0f4e63b4c75a2caa.jpg,1.0
cl6kgo2ff0031c455dv515gju_6_SWIR_jpg.rf.e198edaf5080a7d2956f786f8d30db92.jpg,1.0
cl6ch6a2n00bxl4554kqu9to4_4_FALSE_COLOR__URBAN_jpg.rf.e185a8d864e962dafbe21588fdacda53.jpg,1.0
cl6chkc4400cal4551mau76ln_2_FALSE_COLOR_jpg.rf.e1869534945999cc27138e25e3418845.jpg,1.0
cl6ch4qyp00bul455enwie1k7_2_FALSE_COLOR_jpg.rf.e199f7dc36cf000e98317c940bf91fe5.jpg,1.0
cl6oukdcw00avao555gp1h971_1_TRUE_COLOR_jpg.rf.e1833ff496785b39f7311be71562c4d5.jpg,1.0
cl6e06h37000agk55e1m39xvy_1_TRUE_COLOR_jpg.rf.e1a25e9331217224eaee801fb1cb6bc2.jpg,1.0
cl6m10x9x00348w55h67q3hes_6_SWIR_jpg.rf.e1c479b3eb2b59ef1f3dae38105eb3ad.jpg,1.0
cl6b5amhu002yl455ge4y545t_2_FALSE_COLOR_jpg.rf.e1d4e2bed9ac95604871e31b0920c98e.jpg,1.0
cl6b78tww009tl45524un0omv_1_TRUE_COLOR_jpg.rf.e163130b77e7ec0e7eccfe4542ceb459.jpg,1.0
cl6kfe4yn0012c4556ug51m1e_2_FALSE_COLOR_jpg.rf.e1de5eec1963756785f7dc9825608071.jpg,1.0
cl6b05bia0009l4551ymod0pi_1_TRUE_COLOR_jpg.rf.e1d5bbdc9a6ebcb4b6ce3c0043f51a21.jpg,1.0
cl6oips2c003kao559sp4fuwd_6_SWIR_jpg.rf.e1d57f1415197e6fdc68805efee7bd1a.jpg,1.0
cl6b542k6002bl455fmydcwlb_2_FALSE_COLOR_jpg.rf.e1e70538ba6e385a94c31279730be4b1.jpg,1.0
cl6b6uyec0084l4556i8cd4f4_1_TRUE_COLOR_jpg.rf.e178aa69c769162bf46b472c809eafda.jpg,1.0
cl6ch4qyp00bul455enwie1k7_1_TRUE_COLOR_jpg.rf.e1be160ceaba3861895e7901ba4aa852.jpg,1.0
cl6b5qhgi004ml4554fwj59ku_2_FALSE_COLOR_jpg.rf.e20b36ea9a581ac7436bf0ccb4e225f2.jpg,1.0
cl6ou3smf00a2ao5558m96qu2_6_SWIR_jpg.rf.e205182a9e3b39492f76f6405c9ab094.jpg,1.0
cl6op2fce006fao55753l8ulj_2_FALSE_COLOR_jpg.rf.e1e4749426e5397faef10c1dcabdea0f.jpg,1.0
cl6ouj4wy00arao551zl9clbo_6_SWIR_jpg.rf.e2010395d1ba46a6a325e05f650308eb.jpg,1.0
cl6ou6f7u00a5ao55h96m1hvj_1_TRUE_COLOR_jpg.rf.e205eedb7f8de0e4c73b30b8035f05fa.jpg,1.0
cl6lt50lf00278w555isdaowx_1_TRUE_COLOR_jpg.rf.e1c620b7a33623f4ff8525f6bf5fdb83.jpg,1.0
cl6oug08g00ajao55edulc8y8_2_FALSE_COLOR_jpg.rf.e21688424ba133cb9885f306b49f7559.jpg,1.0
cl6ou72e300a7ao55ham55bxa_1_TRUE_COLOR_jpg.rf.e2408f487addc627494c7463d0dd4024.jpg,1.0
cl6chv5i400cpl455b8o71jcm_1_TRUE_COLOR_jpg.rf.e2390827fe55035f20cde2abf1f81830.jpg,1.0
cl6chzaqh00d0l4557irlbjwq_1_TRUE_COLOR_jpg.rf.e2301830f96fbddb5828c4f27300a89f.jpg,1.0
cl6ocn0yw0001ao55850zb04a_4_FALSE_COLOR__URBAN_jpg.rf.e29e31e8c8772dd77e6c0afb2806b2c0.jpg,1.0
cl6oikce00039ao55em2efcah_6_SWIR_jpg.rf.e26918c2bc1a6fe760a41e44f557b846.jpg,1.0
cl6b5uskz0058l455gbd534lm_1_TRUE_COLOR_jpg.rf.e22521c8f242a7e15230aa6d65d1c1ad.jpg,1.0
cl6dysxe3000ihg5573nzfbsy_2_FALSE_COLOR_jpg.rf.e287fc822c11b8571e21c860d0d0770f.jpg,1.0
cl6ct9osf00h7l45538051wz5_1_TRUE_COLOR_jpg.rf.e28b0f5fb82cd43762f6ea1e09462121.jpg,1.0
cl6kitrsd000j8w557yff59mf_4_FALSE_COLOR__URBAN_jpg.rf.e2a1d68ddb726b4990f181913e35b9a0.jpg,1.0
cl6m15k1g00378w559sqfahyu_2_FALSE_COLOR_jpg.rf.e24bfd17ca67ac4e39669e9a58582442.jpg,1.0
cl6m1clc6003l8w55ha300f5e_1_TRUE_COLOR_jpg.rf.e2df8151db794c1f2f65039a0d9a290a.jpg,1.0
cl6od8ws9001kao558u2r832i_4_FALSE_COLOR__URBAN_jpg.rf.e2abfd587a7bb0db6186731f2cf5bb31.jpg,1.0
cl6m1ebtk003r8w557razf73c_4_FALSE_COLOR__URBAN_jpg.rf.e25d3690e01303617db5d0673ca69810.jpg,1.0
cl6b7a6r2009xl455evyu7k9f_2_FALSE_COLOR_jpg.rf.e2f16597a20f5c42d6c3e8f915b748e9.jpg,1.0
cl6od0hgc000yao553kq03tbq_1_TRUE_COLOR_jpg.rf.e2ba6441e0c95fb789798aabb0950e5f.jpg,1.0
cl6b6iksa007dl4551508f1n4_2_FALSE_COLOR_jpg.rf.e2eef0611a606e840c489c93266507f2.jpg,1.0
cl6chlszf00cdl455e5f50fbv_4_FALSE_COLOR__URBAN_jpg.rf.e2db5ff471ef064f1bbc86b789f51e94.jpg,1.0
cl6b0mkrt001bl4550hq12i9i_6_SWIR_jpg.rf.e2c46026562f22b8fc2dbd30f044e34b.jpg,1.0
cl6kf1do50005c455dxgc4dpo_6_SWIR_jpg.rf.e29403355fadca1c9fb55235d67eb3a9.jpg,1.0
cl6kjk4ho001o8w55ai7s6txj_6_SWIR_jpg.rf.e311624941ca7f3cb33f8475b631e29e.jpg,1.0
cl6cs3y0l00etl4550acr1ii1_4_FALSE_COLOR__URBAN_jpg.rf.e3084470548a9885a63521a5880fb1a4.jpg,1.0
cl6oisavf003pao556yzob9sf_4_FALSE_COLOR__URBAN_jpg.rf.e320d8865f0809b3576a49b8f3e632bf.jpg,1.0
cl6b5czu1003cl4551r7icqnt_2_FALSE_COLOR_jpg.rf.e2f3187ef523dec876d245a44ff6213a.jpg,1.0
cl6b6rmls007ul455clqha4p0_6_SWIR_jpg.rf.e2d280f9bd422cb284ceab1a5ea87e2a.jpg,1.0
cl6dyl8hm000ahg5552vu7wuo_1_TRUE_COLOR_jpg.rf.e309542e7da4a1caed64b64136468390.jpg,1.0
cl6b6zaju008ll455bbu9506q_6_SWIR_jpg.rf.e2ab821c4f4a0b80602dddc153a28a2a.jpg,1.0
cl6kgew7t002mc455cugt2w2w_6_SWIR_jpg.rf.e325dd2d4ec4968c5bf3e3fd13dd97b9.jpg,1.0
cl6e1icq8001agk55c0pe3e5b_1_TRUE_COLOR_jpg.rf.e33cc57d8d8eda1224e5dff458c5a107.jpg,1.0
cl6kfqmc1001ec4558cle4b25_4_FALSE_COLOR__URBAN_jpg.rf.e34d2481568e34bf0b33547dafff80ef.jpg,1.0
cl6kii4xj000d8w55drgxdpae_1_TRUE_COLOR_jpg.rf.e3244dce00a886fd220a17218515bb8f.jpg,1.0
cl6b73duk008vl45583qs4mo9_4_FALSE_COLOR__URBAN_jpg.rf.e304fe75f3362d2a12e68c245e70c2e1.jpg,1.0
cl6opmk2m007gao55exvlfv4q_2_FALSE_COLOR_jpg.rf.e32c06cd39bbe4236e8414f234cea859.jpg,1.0
cl6kgcddp002gc455ekvaehyc_4_FALSE_COLOR__URBAN_jpg.rf.e33f6421597a72d59e8b8e644079b784.jpg,1.0
cl6oir8s2003mao552l3w3cre_2_FALSE_COLOR_jpg.rf.e326e674ca4fb9f0feb014c60eaa331d.jpg,1.0
cl6ou7ryz00a9ao554y3uh8jm_6_SWIR_jpg.rf.e32e6885fad74cbc4a35c25643281ed0.jpg,1.0
cl6b7hk7q00adl4550rwe3x4h_1_TRUE_COLOR_jpg.rf.e33db81a4c9bfd74a035ff53ccbc58f8.jpg,1.0
cl6dzzjvo0010hg552jj7ae4b_2_FALSE_COLOR_jpg.rf.e36c0c5d0d894771a00ff65a7ce9059f.jpg,1.0
cl6b77p6x009ml45511vm0cp2_4_FALSE_COLOR__URBAN_jpg.rf.e35af4514faef4a7d070de632dc75080.jpg,1.0
cl6cslhca00fql4551wh11myi_2_FALSE_COLOR_jpg.rf.e35dda9fda64b8ed93c0ce7f8fcf97e8.jpg,1.0
cl6oqqr8s0098ao551igt70zb_6_SWIR_jpg.rf.e38b6c2d0db795c3fae096e995ac4897.jpg,1.0
cl6oitxum003tao55ghqu4f36_1_TRUE_COLOR_jpg.rf.e3676ccfcedde669f0757b306a474686.jpg,1.0
cl6kiujep000k8w552z6ebrxp_1_TRUE_COLOR_jpg.rf.e35ce658835b07306fdbd691de389205.jpg,1.0
cl6b6l171007kl4552zfu0hh5_4_FALSE_COLOR__URBAN_jpg.rf.e348febc23f809697bc658d3bdc58763.jpg,1.0
cl6cs297e00enl455hbtp421f_4_FALSE_COLOR__URBAN_jpg.rf.e3b65e8276a995e0de4c0b3a2dc15aa0.jpg,1.0
cl6ok8rik005rao5581r9bkn0_2_FALSE_COLOR_jpg.rf.e36b1ccf1503018f0bfd850929c9c176.jpg,1.0
cl6e2n2tv002hgk553va60g50_6_SWIR_jpg.rf.e37a792692a448a54c3486c32f410811.jpg,1.0
cl6cgah3400anl4554lg2hxzy_2_FALSE_COLOR_jpg.rf.e372e6dbbe54deeb25a3130f7d1c393c.jpg,1.0
cl6op6nll006lao553d190xdf_2_FALSE_COLOR_jpg.rf.e36f3e532f736b05dd15529d691d43b2.jpg,1.0
cl6chj77t00c7l455c5c08ec6_4_FALSE_COLOR__URBAN_jpg.rf.e3b40d05140226e1306760a8a92b09c9.jpg,1.0
cl6ojza0i005fao55fqra7v4b_2_FALSE_COLOR_jpg.rf.e36669717a4831f0b5e12a6bf5796697.jpg,1.0
cl6kivxbs000m8w55byjj0085_2_FALSE_COLOR_jpg.rf.e3c2c68679fd2be197e2e56645605abd.jpg,1.0
cl6e1o8p9001fgk55413s4ag8_6_SWIR_jpg.rf.e3a67522dc539784444be66ac28922da.jpg,1.0
cl6crzmr500ecl4558jp511l2_4_FALSE_COLOR__URBAN_jpg.rf.e39a2ac95b4dc422d5cc1673a524a201.jpg,1.0
cl6crxvk200e7l455191phwfv_6_SWIR_jpg.rf.e36f6b29f3f118ad43ce20990162237d.jpg,1.0
cl6oq26pe008eao55afu47fi0_2_FALSE_COLOR_jpg.rf.e36dfa471f9d8eee807eb7ec965c92a9.jpg,1.0
cl6e34ucl0039gk557j7w24c8_4_FALSE_COLOR__URBAN_jpg.rf.e3927bca0012f999104f21a7efb1a567.jpg,1.0
cl6kfmic20013c455dd9jcpm4_6_SWIR_jpg.rf.e3c406dfd9dae0598d17b884263f9c40.jpg,1.0
cl6cgs3qs00bil4551v5n3v2h_6_SWIR_jpg.rf.e3c00335f4a90e10bbe470afdb4ed64f.jpg,1.0
cl6chlszf00cdl455e5f50fbv_6_SWIR_jpg.rf.e3caa9c7b0e1b1a09f2895e4d56e2371.jpg,1.0
cl6ctjyc600hul455hxis4621_2_FALSE_COLOR_jpg.rf.e3c20b2c36303c7d1476b06055f03ec6.jpg,1.0
cl6chfm2800c4l455ensx26aq_6_SWIR_jpg.rf.e3cbf63abc13f56b5c2e3ceb2e831fae.jpg,1.0
cl6b6jisx007gl455f80x2o01_4_FALSE_COLOR__URBAN_jpg.rf.e3ccb8d2882e31c758e885eb13af8077.jpg,1.0
cl6e3hmo90042gk550afsdsxy_1_TRUE_COLOR_jpg.rf.e3d98ded102c92cdf4589cafe7db53b8.jpg,1.0
cl6cgi18y00b4l455dvo73gk3_4_FALSE_COLOR__URBAN_jpg.rf.e3b88122325c469c960f6101f31f90c7.jpg,1.0
cl6b75x8d0099l455e0ci4k6c_1_TRUE_COLOR_jpg.rf.e3d9b4fb62c021a18253dc725a1d7303.jpg,1.0
cl6kgm9qr002yc455g5qs87kz_4_FALSE_COLOR__URBAN_jpg.rf.e3f2055eb51b9a32e5ba0ee603b87000.jpg,1.0
cl6b5cqax0039l4552c73guh6_6_SWIR_jpg.rf.e3d9afac082a0261b00491eb5419f75a.jpg,1.0
cl6oqat3j008rao556mbqfoan_2_FALSE_COLOR_jpg.rf.e3db7869bed3a14bb7863dc757c5e5a1.jpg,1.0
cl6b5pr1b004kl455bt93cfs2_1_TRUE_COLOR_jpg.rf.e3e0871ff433480eacb072222a261182.jpg,1.0
cl6ojaxxv004mao552t7ah2ky_1_TRUE_COLOR_jpg.rf.e3e29504ed8c5bcb34447ffbe3b982c7.jpg,1.0
cl6b5dekg003el4552wy46fsz_2_FALSE_COLOR_jpg.rf.e41b3095584e66fff8804feb45c79611.jpg,1.0
cl6od1ecf0012ao5568tb86hu_4_FALSE_COLOR__URBAN_jpg.rf.e4214d1ff6275d671e6ba2d7f0000fb9.jpg,1.0
cl6b55npu002gl4553f5c3lj0_4_FALSE_COLOR__URBAN_jpg.rf.e405330d1844e12600546dc4a713508d.jpg,1.0
cl6m17r53003b8w55c0zsgjie_4_FALSE_COLOR__URBAN_jpg.rf.e3fa33056b03c9a9c66e2101682c0e49.jpg,1.0
cl6kfrfmx001hc455cbojhgeb_2_FALSE_COLOR_jpg.rf.e43811c78547998197e8ef6178364b32.jpg,1.0
cl6odbryt001nao55htogdny9_1_TRUE_COLOR_jpg.rf.e42327c2f61377e430dbce107632e03b.jpg,1.0
cl6csadov00f6l455ejric5np_4_FALSE_COLOR__URBAN_jpg.rf.e3e2c1a6f94ce4415f0e7cb487697bce.jpg,1.0
cl6b5wl3u005gl455fljch2g9_6_SWIR_jpg.rf.e45335bee31ced28ff906b793e8fba47.jpg,1.0
cl6b0gln2000wl4559wpzdukf_4_FALSE_COLOR__URBAN_jpg.rf.e445c127e345a1e44c79a14267343fb1.jpg,1.0
cl6kftq9a001nc455a3108dvr_6_SWIR_jpg.rf.e3f4ef71d7895f7da13e14af55d408ac.jpg,1.0
cl6b5qhgi004ml4554fwj59ku_1_TRUE_COLOR_jpg.rf.e482540d01f84879d1ad1403d029c8d1.jpg,1.0
cl6b52wjd0026l455eje068zk_2_FALSE_COLOR_jpg.rf.e4799e0eb4f8eb9ef2ac0aa4cdf7f42f.jpg,1.0
cl6oct90r000fao553xkha255_2_FALSE_COLOR_jpg.rf.e471d3f34063bbc21fad323a1c7f24f7.jpg,1.0
cl6ltche3002i8w55a3oj2dyk_4_FALSE_COLOR__URBAN_jpg.rf.e46729e09722e7cba6e609daa8e514c4.jpg,1.0
cl6b5cqax0039l4552c73guh6_6_SWIR_jpg.rf.e44a8718867c5b4874e6e4f4248e224a.jpg,1.0
cl6b5a7y0002xl4559jz37wc4_2_FALSE_COLOR_jpg.rf.e44590237262d75eb4b94004e805ab42.jpg,1.0
cl6b6tlip0080l4550crfdhm2_4_FALSE_COLOR__URBAN_jpg.rf.e43a9e0f6c085bd9839620b185cf3fec.jpg,1.0
cl6od8bxt001iao55h1ibgqsj_6_SWIR_jpg.rf.e457bc5763b771d472c219bbde14fa7c.jpg,1.0
cl6op95w5006qao55gj2cery4_4_FALSE_COLOR__URBAN_jpg.rf.e47c90c5d11a1cd38fe90b40f75d9f28.jpg,1.0
cl6oq1492008dao553mjgbuun_6_SWIR_jpg.rf.e420af3c386ae6f0de410c87be287c79.jpg,1.0
cl6e32fcc0031gk55dtxeatwl_1_TRUE_COLOR_jpg.rf.833ee2a9fbe3d1f31c36e4f27796d414.jpg,1.0
cl6e1w3mk001mgk5561ce1hn7_6_SWIR_jpg.rf.832b6970cac7c906f82e0e27769d8dee.jpg,1.0
cl6dynr4h000bhg554cne5yig_2_FALSE_COLOR_jpg.rf.83525cb6c41af868079eec06a2ca3775.jpg,1.0
cl6ojo12l004wao55btps0rwg_1_TRUE_COLOR_jpg.rf.834d35c907aa9687f9a97a0abf648fe4.jpg,1.0
cl6b551w3002dl4550lwt59yl_4_FALSE_COLOR__URBAN_jpg.rf.8346550cbc19602f35d8206b93c56d68.jpg,1.0
cl6cru4e800dyl455gekch8cy_2_FALSE_COLOR_jpg.rf.8362cab3053ba19a18945645c9bfd969.jpg,1.0
cl6dynr4h000bhg554cne5yig_6_SWIR_jpg.rf.8339ce47dcd434f44636b472ee6e89ea.jpg,1.0
cl6e31hgi002ygk55dfaq7cqn_1_TRUE_COLOR_jpg.rf.832de26bfaafab703d93968d49b1c02a.jpg,1.0
cl6b035dn0002l455hbmqcima_4_FALSE_COLOR__URBAN_jpg.rf.83a680886c67da55e66040cf1b0f1fd8.jpg,1.0
cl6ok7ls2005pao55gqxi8e54_6_SWIR_jpg.rf.83a34a4f10d383f3b52951a8596d21a6.jpg,1.0
cl6opo1t7007iao552373a4i1_2_FALSE_COLOR_jpg.rf.832e84e55b324d2a1dca2816db1e2d4b.jpg,1.0
cl6kfnwqd0015c455cssv4ha4_2_FALSE_COLOR_jpg.rf.832a278ecf55ab3fc1e899be2b0562f0.jpg,1.0
cl6cpdnir00dil455c047h42h_1_TRUE_COLOR_jpg.rf.838f3d0848b6c9fa4775179a0b287446.jpg,1.0
cl6e3f884003ugk55b7a0bh8d_1_TRUE_COLOR_jpg.rf.8343f2e6925d4b4eae6f5d40feccba1b.jpg,1.0
cl6b5sn8f004xl455a0z7eski_4_FALSE_COLOR__URBAN_jpg.rf.8390db999f98929d09588bee86368a22.jpg,1.0
cl6odhcaj001uao552i9j0ykn_6_SWIR_jpg.rf.837431bb980c0e13f1e606e6b6920db6.jpg,1.0
cl6ougd7000akao555jiq5oyz_6_SWIR_jpg.rf.8352e313939d52085b983e11ed6c36ef.jpg,1.0
cl6cpff5c00dll455ew1ddl1f_4_FALSE_COLOR__URBAN_jpg.rf.837acbd81f48e393faa41fb76bcbc88b.jpg,1.0
cl6b73sp2008zl455br8lh6zt_4_FALSE_COLOR__URBAN_jpg.rf.837ff518b1d9a545ba9944384ed4416b.jpg,1.0
cl6cgm3hm00bal455ei1ken8s_4_FALSE_COLOR__URBAN_jpg.rf.8376f116a0405cb5fafac46148198149.jpg,1.0
cl6cskhdp00fml4550oip27vq_1_TRUE_COLOR_jpg.rf.83928b1637002a78dfbc7017ef58125b.jpg,1.0
cl6cszfwz00gkl45529qw979l_1_TRUE_COLOR_jpg.rf.8396fdd225e392491cda214d3eaebe63.jpg,1.0
cl6cs297e00enl455hbtp421f_1_TRUE_COLOR_jpg.rf.839f34a2912d53ecb4a7e5854f7a2905.jpg,1.0
cl6b592jd002tl4553ego08to_2_FALSE_COLOR_jpg.rf.83afb5aa8592a5e90dd8db571c0bb80c.jpg,1.0
cl6b7gtl200aal4552nve0ap1_2_FALSE_COLOR_jpg.rf.83c97893d70ed4c9b026ba4bc38ac9ff.jpg,1.0
cl6b551w3002dl4550lwt59yl_6_SWIR_jpg.rf.83bff41201be3c731c59cd56816880ad.jpg,1.0
cl6kf9f45000sc455c6f9g0po_1_TRUE_COLOR_jpg.rf.83abc8f096d321478e52a01b32ca94d1.jpg,1.0
cl6crwhp200e4l455f6nf73c3_4_FALSE_COLOR__URBAN_jpg.rf.83cee70318ae6b8ae6bc11bf71ac4ece.jpg,1.0
cl6b5u4030055l455hl9956ni_1_TRUE_COLOR_jpg.rf.83d4f4a9c4ce71ebf703e1f007639cc9.jpg,1.0
cl6b0s28i001ll455fuut9xea_1_TRUE_COLOR_jpg.rf.83d6e439685e2e6cb13ec3bda370beb0.jpg,1.0
cl6cgwlv800bol4557nsq5jwk_4_FALSE_COLOR__URBAN_jpg.rf.83da70dc0fd6a1912a73480ddb44e0d4.jpg,1.0
cl6b7118q008ol4551ye8g44d_1_TRUE_COLOR_jpg.rf.83b24119aee0b7940bc31fb5ff001ff4.jpg,1.0
cl6okbxd2005yao551huyeqkl_1_TRUE_COLOR_jpg.rf.8432f2270d75ba83c8ba32d8a3ef8f2e.jpg,1.0
cl6crxga900e6l4554gxk4zu2_4_FALSE_COLOR__URBAN_jpg.rf.83fbd978d545dd9ab4200a0494b7efbd.jpg,1.0
cl6b0gln2000wl4559wpzdukf_2_FALSE_COLOR_jpg.rf.8442f8e72b86f024ec3638e436128414.jpg,1.0
cl6b7ep9100a4l455h3w9fstk_6_SWIR_jpg.rf.83c032385f0ce66c11dd4b7b9a626a09.jpg,1.0
cl6opx5vv0082ao55dx8j73xn_2_FALSE_COLOR_jpg.rf.8447d481ffbc0b07ed5d0ce6b9bb5020.jpg,1.0
cl6b5x63r005il4551chxdt93_2_FALSE_COLOR_jpg.rf.84891501287c2e9292403c4ce0b7b7a1.jpg,0.0
cl6ki82ak00058w55b9dyf8ef_1_TRUE_COLOR_jpg.rf.847a35f82e895c50f91d1bb4886188e7.jpg,1.0
cl6opypeq0087ao55cd0fhzah_2_FALSE_COLOR_jpg.rf.8423a4b36d78a56a9e1c3d9e323b28cd.jpg,1.0
cl6b56nh5002jl4551m23gtf9_6_SWIR_jpg.rf.84877da064162f122d4415e6c013762f.jpg,1.0
cl6kf9nvv000tc455gs7pbv7h_4_FALSE_COLOR__URBAN_jpg.rf.84736ebe918a77278d7958d38213fac8.jpg,1.0
cl6kfsip4001jc455e11ybj3f_2_FALSE_COLOR_jpg.rf.8432c6fcff32219445d46a87c971b823.jpg,1.0
cl6e2dity001vgk551ar0hanj_1_TRUE_COLOR_jpg.rf.83f3c4e45808c01cad35b57a3b6f7898.jpg,1.0
cl6kg4sfr0026c4552hfe6gtj_2_FALSE_COLOR_jpg.rf.8403405fa068b5bf902eeccee8aab7de.jpg,1.0
cl6e1qges001kgk555z158f33_6_SWIR_jpg.rf.83efc9cdf631c1df9db25a3fd04f63cb.jpg,1.0
cl6oe1f0u002sao550ab86ndb_1_TRUE_COLOR_jpg.rf.83d0f4c5d42962defd9261e8ec19c3f1.jpg,1.0
cl6kf7fte000kc455fwsg3dzx_4_FALSE_COLOR__URBAN_jpg.rf.849ad3947dcf7dae96e6adc13a2b42c7.jpg,1.0
cl6opkqwo007dao55e4yr3lyo_6_SWIR_jpg.rf.8474c2bf4f9db2bede32cb71d94d6aed.jpg,1.0
cl6kf91bs000rc45516bd66a9_1_TRUE_COLOR_jpg.rf.842270f8a6b619a76552bf871327c973.jpg,1.0
cl6ctrmzi00i7l4559u3jhvkt_2_FALSE_COLOR_jpg.rf.8495e3f0589835bcae6925c7c993c28a.jpg,1.0
cl6m1ho5c00418w55hopz9miu_6_SWIR_jpg.rf.849dd585fbf8bb1bb68d65399e73ad6c.jpg,1.0
cl6kf5xzo000gc4552qc8hhcc_1_TRUE_COLOR_jpg.rf.848dde59842279762af31e6fda0cd8b3.jpg,0.0
cl6dyiwx60009hg55freo14hg_1_TRUE_COLOR_jpg.rf.84a274a2a39b43f61c06be342e4a938d.jpg,1.0
cl6lszvtz001z8w55b69k6gsj_4_FALSE_COLOR__URBAN_jpg.rf.84e154a09132ae1383371736fc860780.jpg,1.0
cl6odousp002aao55gdjlfrxu_2_FALSE_COLOR_jpg.rf.84efb6b06b48483362c3307f030dcc81.jpg,1.0
cl6e39jpe003igk55gh0659o4_4_FALSE_COLOR__URBAN_jpg.rf.84d2cf1ff4b916b23124903ac82cd7c7.jpg,1.0
cl6cpdnir00dil455c047h42h_4_FALSE_COLOR__URBAN_jpg.rf.84d07805c79d74e82955cb84f557417e.jpg,1.0
cl6ctrmzi00i7l4559u3jhvkt_1_TRUE_COLOR_jpg.rf.84a4a15441d9adc90cb0c447c70fed52.jpg,1.0
cl6ct23ww00gql45503oubjmo_6_SWIR_jpg.rf.84ff9270a38eb6b537c38c4d0dfb6ffa.jpg,1.0
cl6e1hzlh0019gk555vc2fpgf_2_FALSE_COLOR_jpg.rf.85128aafdcf294fd7c66da7fbad521fb.jpg,1.0
cl6ki82ak00058w55b9dyf8ef_6_SWIR_jpg.rf.8522f1200d006a8f95a57b63772ee454.jpg,1.0
cl6crxvk200e7l455191phwfv_1_TRUE_COLOR_jpg.rf.84f92759a454a0ab5b0e893dd4466989.jpg,1.0
cl6kj6jxg000u8w559s9eb5je_4_FALSE_COLOR__URBAN_jpg.rf.851dd59d75c33c73a4c16345536e1da4.jpg,1.0
cl6b4ykst001sl4550amagaw5_1_TRUE_COLOR_jpg.rf.84fb486d38a3f0208fcd0e63051244a8.jpg,1.0
cl6b0skkx001nl4557zd344qi_2_FALSE_COLOR_jpg.rf.8543d82be2c4c976ce42d1faf71c7bd2.jpg,1.0
cl6ch5dh200bvl4559ujea96q_2_FALSE_COLOR_jpg.rf.8555a9e12499fda494fbfafe27fb886d.jpg,1.0
cl6ki82ak00058w55b9dyf8ef_4_FALSE_COLOR__URBAN_jpg.rf.84e822485480a798be7910b070180ef9.jpg,1.0
cl6odyfwh002lao55bnflcuaj_1_TRUE_COLOR_jpg.rf.85719a69aef76219620bf8cfc14ebec9.jpg,1.0
cl6od6dj2001eao55dxd749up_1_TRUE_COLOR_jpg.rf.8524ad4c8aa644c6a7b391b5ff24551d.jpg,1.0
cl6e2dity001vgk551ar0hanj_1_TRUE_COLOR_jpg.rf.857934bf0736783954177efe11b02585.jpg,1.0
cl6chlszf00cdl455e5f50fbv_2_FALSE_COLOR_jpg.rf.850d845b7438e0229a44ea641749a3bb.jpg,1.0
cl6kftq9a001nc455a3108dvr_2_FALSE_COLOR_jpg.rf.8510e49284994225b524ad8616c64b73.jpg,1.0
cl6b0blqb000nl455c1ul13y1_6_SWIR_jpg.rf.851a0c6074bc43d0c01ac74d2e74a948.jpg,1.0
cl6oinvqs003fao55chcqcxbr_2_FALSE_COLOR_jpg.rf.856010b647ca1c02f3d4ad2fd1235e98.jpg,1.0
cl6e0k0280013gk550nd9grxm_6_SWIR_jpg.rf.850c16011db55f6b4f738576a22572f9.jpg,1.0
cl6e0jkl30012gk55cttphw3u_4_FALSE_COLOR__URBAN_jpg.rf.854aae24df7ed3538659dc7020216618.jpg,1.0
cl6oirxxk003oao552r40b8yf_4_FALSE_COLOR__URBAN_jpg.rf.855a657536564ba17f900ef6feb1fa17.jpg,1.0
cl6chiqvr00c6l455cbe1ekdo_4_FALSE_COLOR__URBAN_jpg.rf.85b0e1db1b70d8da998f24d354510c8e.jpg,1.0
cl6odbryt001nao55htogdny9_1_TRUE_COLOR_jpg.rf.85bd6fbc0a6b3b7a0ad6a079a3a64c8b.jpg,1.0
cl6cpiy1j00drl4557rsw5dzg_6_SWIR_jpg.rf.85b29a230c2cc8cbcdee6eb31662ca74.jpg,1.0
cl6cs8jie00f5l4555hn76aj1_4_FALSE_COLOR__URBAN_jpg.rf.858cd1386fb7e157faf235951b37079e.jpg,1.0
cl6ok86rg005qao552r1p86s0_2_FALSE_COLOR_jpg.rf.85c5fa210e18cba5ba25721a9958e787.jpg,1.0
cl6m1fspy003x8w553wncdjsh_4_FALSE_COLOR__URBAN_jpg.rf.85858d3deabcea8bc4339f0e621935bd.jpg,1.0
cl6cta0z600h9l455cygudh3w_1_TRUE_COLOR_jpg.rf.857ba39931121044ba040b9ffcd95151.jpg,1.0
cl6kfsx2l001kc455ezxdhkvx_6_SWIR_jpg.rf.857de46806addeb1cf33abd3eff25a55.jpg,1.0
cl6csx2sn00gel4553te03vfh_4_FALSE_COLOR__URBAN_jpg.rf.85c8d40bba62070ef620459bcfb79cce.jpg,1.0
cl6kf9nvv000tc455gs7pbv7h_1_TRUE_COLOR_jpg.rf.84e90fb6922fa09fa1921ae0ebef7a1d.jpg,1.0
cl6chb1kq00c3l45538v16mga_6_SWIR_jpg.rf.85cdfa06f7d6c1528250823cddc7c0ee.jpg,1.0
cl6b6eah90074l455hnsyaebx_1_TRUE_COLOR_jpg.rf.8599ac05218865d960739789631412b8.jpg,0.0
cl6b5i94f003ul455dplv6fmu_1_TRUE_COLOR_jpg.rf.85db39e8d90994f9332b935f83966f32.jpg,1.0
cl6b0lf0t0017l4550spldd4v_2_FALSE_COLOR_jpg.rf.85eee85605cb3b4603c500817a9257f1.jpg,1.0
cl6b6c9bh006yl455efyd100t_4_FALSE_COLOR__URBAN_jpg.rf.8619ab1a5a580133679a2f3a369d1e03.jpg,1.0
cl6e0jkl30012gk55cttphw3u_6_SWIR_jpg.rf.86154ca705331bb81b74b26fe6f3b71b.jpg,1.0
cl6b77p6x009ml45511vm0cp2_4_FALSE_COLOR__URBAN_jpg.rf.860a9dcdf4a68617c916c7c00c57e2af.jpg,1.0
cl6opo1t7007iao552373a4i1_1_TRUE_COLOR_jpg.rf.861163de25cf22ceb3f4e41bd59b1563.jpg,1.0
cl6b7ep9100a4l455h3w9fstk_4_FALSE_COLOR__URBAN_jpg.rf.86302dc8448c885c6902c27e4c334fcb.jpg,1.0
cl6b71dky008pl4551u1e28u1_2_FALSE_COLOR_jpg.rf.862742600ea520460dc20b1fa1ac9771.jpg,1.0
cl6kfa8f2000vc45526s9431c_6_SWIR_jpg.rf.863311eaad78acb85bbe67a98e3497e6.jpg,1.0
cl6b0aue4000ml455e4wo3e1j_1_TRUE_COLOR_jpg.rf.85efbadba50df07037983f2c9fa06d88.jpg,1.0
cl6op95w5006qao55gj2cery4_6_SWIR_jpg.rf.86487f5c26179696a83048ac1e863cda.jpg,1.0
cl6b5z6d1005ol45596rf4y2m_6_SWIR_jpg.rf.85f10f011b0fddec51e1df68d1ac5136.jpg,1.0
cl6chvqmw00crl455dq182jri_4_FALSE_COLOR__URBAN_jpg.rf.8675046d90daaf53b586fb3c9ddd6165.jpg,1.0
cl6m10azo00328w550q5i0wyx_1_TRUE_COLOR_jpg.rf.85e65eccbf51982b0fbd852e8e16e982.jpg,0.0
cl6b5dtwl003gl455a4x29a1d_4_FALSE_COLOR__URBAN_jpg.rf.867a91ebaf08bc8ba3ecd311ec87e737.jpg,1.0
cl6oe0y5h002rao55ghk1g0ha_1_TRUE_COLOR_jpg.rf.86675ce5386f8a99830a8fbcfee950b5.jpg,1.0
cl6op0vfi006cao553gmp6trs_2_FALSE_COLOR_jpg.rf.864c6d9352722cb27cd1b547fc7c304e.jpg,1.0
cl6kjh3l1001g8w55b15o5lsc_1_TRUE_COLOR_jpg.rf.8690cad1d60cf9d7942d29d909f13c93.jpg,1.0
cl6oiqz18003lao55eb3ebson_2_FALSE_COLOR_jpg.rf.86346c384eac2c412a8ac5c424d1fe3c.jpg,1.0
cl6cg9ocl00all4559cj91lyd_1_TRUE_COLOR_jpg.rf.868ff5c5d609acf2e76130ff95e02914.jpg,1.0
cl6b04t8r0007l455fk4y4zr0_4_FALSE_COLOR__URBAN_jpg.rf.86389095be4c2cc2694086e011d6c8d1.jpg,1.0
cl6ojrtzp004zao55hqhsfffg_1_TRUE_COLOR_jpg.rf.8670e8cf1749fbc96c9c990d5aa8b8f0.jpg,1.0
cl6kfnwqd0015c455cssv4ha4_2_FALSE_COLOR_jpg.rf.863fd8b84cdecc9e061e7cfc4b11e037.jpg,1.0
cl6kgidey002uc455a3qe2ark_2_FALSE_COLOR_jpg.rf.868703fef98d675a9c32a5f54f4fade2.jpg,1.0
cl6opfzmo0075ao55ft2tbgtg_6_SWIR_jpg.rf.864be923cb430df6020da8b152bd76dd.jpg,1.0
cl6oj9ml8004jao55bfvl5xnu_4_FALSE_COLOR__URBAN_jpg.rf.8691c58a22328f4c896c824eb42d3cbe.jpg,1.0
cl6oul0ve00axao5549vy6mom_2_FALSE_COLOR_jpg.rf.869577bb2ab94a43857953753f2281e3.jpg,1.0
cl6ctb1m400hdl4551wz24flk_2_FALSE_COLOR_jpg.rf.86612f786089801e94227c6f9ff3429f.jpg,1.0
cl6e0ic4d000zgk55gqkieyhi_4_FALSE_COLOR__URBAN_jpg.rf.8697553950de804cfbf1ec59bb63700c.jpg,1.0
cl6chx0s400cul455eh3zhhyf_4_FALSE_COLOR__URBAN_jpg.rf.869fefefc61e04a9291cf335d6a48131.jpg,1.0
cl6e1pf9j001ggk55feroguvj_2_FALSE_COLOR_jpg.rf.86c30252298bf8c6e25a5c8360e3e159.jpg,1.0
cl6e0eki8000sgk55gpb73kwu_2_FALSE_COLOR_jpg.rf.86b759e552a7613815763610bf66b7b9.jpg,1.0
cl6chonxj00cjl455bqcs1fnt_2_FALSE_COLOR_jpg.rf.86aa315789c377130f080ac7c9dbf78b.jpg,1.0
cl6ctlg9300hwl4558d9t1n71_1_TRUE_COLOR_jpg.rf.86977ee3f5618aeb1031e26dc83f20b5.jpg,1.0
cl6e03vbi0004gk55g1k665dy_1_TRUE_COLOR_jpg.rf.86c66eddf395bc564579dfbc10149284.jpg,0.0
cl6ct07zx00gll4554jg5b8r4_1_TRUE_COLOR_jpg.rf.86a81346ef8305562001cb0a7fe20c5a.jpg,1.0
cl6b6bzma006xl4550xca1cbf_6_SWIR_jpg.rf.86fe3271bbc5e388dd2aeda7c0a20083.jpg,0.0
cl6dxzwc50001hg550uejeken_1_TRUE_COLOR_jpg.rf.86ac50929974f093a91172b48e47c5c1.jpg,1.0
cl6oqdjr6008yao55dfmibcy4_4_FALSE_COLOR__URBAN_jpg.rf.86ca3147c1959007408d6df168732305.jpg,1.0
cl6oda2ew001lao557dap53ni_1_TRUE_COLOR_jpg.rf.86e85e78b0086e773cc64fead6d6defe.jpg,1.0
cl6b6nafs007ml4558op181ff_6_SWIR_jpg.rf.87097eb151988ac5901bc4220c006dcd.jpg,1.0
cl6ojevvt004uao55432mcnea_4_FALSE_COLOR__URBAN_jpg.rf.86eb58397bb8062314c7430e93a3fc2d.jpg,1.0
cl6orry9200a0ao559gb82ms0_4_FALSE_COLOR__URBAN_jpg.rf.86b699acafaa76039263c03b6a2c5a03.jpg,1.0
cl6oj7z2w004fao5547tp6hl2_1_TRUE_COLOR_jpg.rf.871d1e3208fa220a6b6f8932e38614d2.jpg,1.0
cl6cs2r9300epl455apt67bac_1_TRUE_COLOR_jpg.rf.8746249157be58795da3f8c25c860688.jpg,0.0
cl6e30dz3002tgk559uhm11za_1_TRUE_COLOR_jpg.rf.8718e5376c297b4466c2b1f053a546a3.jpg,1.0
cl6odzdk0002nao55dz13d0s9_2_FALSE_COLOR_jpg.rf.86dd32969da9561fe1f44f91cb3f0273.jpg,1.0
cl6ou9hl600adao559w1qda4m_2_FALSE_COLOR_jpg.rf.86dada6356e7d4279c86c6afabf15358.jpg,1.0
cl6orndip009oao55fid2ccb1_6_SWIR_jpg.rf.871d9e9ec09ca2de75b66c5b62b7d15f.jpg,1.0
cl6azt6cd0002go55f0qt1otm_4_FALSE_COLOR__URBAN_jpg.rf.870cf7610c4e8630d4763546a35e34c6.jpg,1.0
cl6cs860i00f4l455hkyq2bed_4_FALSE_COLOR__URBAN_jpg.rf.871b04f8e35c0da30bede2ffc1c2a123.jpg,1.0
cl6oq2n1i008fao551fa07saw_2_FALSE_COLOR_jpg.rf.8720357fcf24bf39a33cdba5467c56c7.jpg,1.0
cl6ct8iqy00h2l455heufd4fj_1_TRUE_COLOR_jpg.rf.875975be44e90eae542b08dc72f13432.jpg,1.0
cl6chonxj00cjl455bqcs1fnt_1_TRUE_COLOR_jpg.rf.8749eb9b8ac0130be964630747d9d421.jpg,1.0
cl6e3j5rh0046gk5519l319wr_6_SWIR_jpg.rf.8712588e731ef50e658df64f34f346dc.jpg,1.0
cl6kfa8f2000vc45526s9431c_1_TRUE_COLOR_jpg.rf.87805a9c0f8e632af396216753edc179.jpg,1.0
cl6dzuimb000xhg552nh5hdd9_6_SWIR_jpg.rf.872ef2c62a482dd5a0e2283a9abf86f6.jpg,1.0
cl6b0aue4000ml455e4wo3e1j_1_TRUE_COLOR_jpg.rf.876fea250d76f3682b9901eb04fa7294.jpg,1.0
cl6ok5klz005nao55dbmig3bd_6_SWIR_jpg.rf.878ade7bb4f01ab2a74a1510b785bf42.jpg,1.0
cl6b7118q008ol4551ye8g44d_2_FALSE_COLOR_jpg.rf.879d3a87e95a2948e1ff1baf2b3862f6.jpg,1.0
cl6b5f9f1003ml455abwkc72t_6_SWIR_jpg.rf.87a82a7d4b6d10928864a48579196408.jpg,1.0
cl6b6yxoj008kl455d8ku2khx_1_TRUE_COLOR_jpg.rf.87af94538fb9751302cf75e73f962e80.jpg,1.0
cl6opv5oo007xao553de9g7wd_2_FALSE_COLOR_jpg.rf.87b28ab4caba44e5feee755a1455cf6a.jpg,1.0
cl6cs7poo00f2l4557i4i86z6_1_TRUE_COLOR_jpg.rf.879e5029b9c725f7639869ef0ac9ee0c.jpg,1.0
cl6ormdvy009mao551gd3alcq_1_TRUE_COLOR_jpg.rf.87f43efbdf14297aa985adcb17c6742e.jpg,1.0
cl6oqat3j008rao556mbqfoan_2_FALSE_COLOR_jpg.rf.87ec0516cc19e17263c7b498adf3c2f8.jpg,1.0
cl6e2edx3001ygk554c0h3ubb_1_TRUE_COLOR_jpg.rf.880bc80cfea4d161fed82f5d1b9f7cb2.jpg,1.0
cl6chl1rg00cbl455e1p5cw7x_2_FALSE_COLOR_jpg.rf.87fdfdc924343dbd587297d8ff09fb52.jpg,1.0
cl6b7g1w400a8l455eezq0iqb_4_FALSE_COLOR__URBAN_jpg.rf.879f540194ffd11274060b4d06b87725.jpg,1.0
cl6dzx0z8000zhg55h3no3zv0_4_FALSE_COLOR__URBAN_jpg.rf.87acd5f231f05e3d573d3d4614902c87.jpg,1.0
cl6e3gmqp0040gk55gklf0ka1_6_SWIR_jpg.rf.880aed753bafcd1339c14c18fc307545.jpg,1.0
cl6css50j00g3l4552tvg839m_2_FALSE_COLOR_jpg.rf.87eef8475acbb044a3bd998b194eec96.jpg,1.0
cl6m12kpt00358w55c0oah42i_1_TRUE_COLOR_jpg.rf.87bf5a81ff30982ef9e2773ed4af2826.jpg,1.0
cl6kgo2ff0031c455dv515gju_2_FALSE_COLOR_jpg.rf.87d5d75868ab391b71766d425a1737aa.jpg,1.0
cl6odoepa0028ao554gdxhnyo_1_TRUE_COLOR_jpg.rf.88040c11bd28281882e5d0a08725aa9d.jpg,1.0
cl6cgwlv800bol4557nsq5jwk_2_FALSE_COLOR_jpg.rf.87e31733eab65d0e4938fc4c719e0d9a.jpg,1.0
cl6b5j7l8003yl455e8lo7mre_4_FALSE_COLOR__URBAN_jpg.rf.882876e9d19a489c2ff271119992807a.jpg,1.0
cl6m10x9x00348w55h67q3hes_6_SWIR_jpg.rf.8843c59d366bbdb5002df8f415e4c052.jpg,1.0
cl6dyl8hm000ahg5552vu7wuo_2_FALSE_COLOR_jpg.rf.88119f820127b0682f9677a6959b68fe.jpg,1.0
cl6csuejr00g9l45566f93g4a_1_TRUE_COLOR_jpg.rf.8851d7dd45870f25af8d98cb92613f8f.jpg,1.0
cl6b6c9bh006yl455efyd100t_4_FALSE_COLOR__URBAN_jpg.rf.87f62c2e7942ed8e047e9d369050880c.jpg,1.0
cl6op9m80006sao552sp0bgyl_6_SWIR_jpg.rf.8861d4983f488c0ba475c5b4c5153523.jpg,1.0
cl6kgcddp002gc455ekvaehyc_6_SWIR_jpg.rf.8853abe793c6d5b3f2a8f57319167310.jpg,1.0
cl6ojvjir0057ao55hcywheqa_1_TRUE_COLOR_jpg.rf.880fc4c649fa38153189d5198a497d8c.jpg,1.0
cl6csxetg00gfl455cfeqgtms_1_TRUE_COLOR_jpg.rf.87ddc88e918f75851633cd6bbb4b7ce2.jpg,1.0
cl6kgh8cf002sc4558jry9v2p_2_FALSE_COLOR_jpg.rf.88563ab07541ef865692fbad04443c59.jpg,1.0
cl6e1zx08001pgk554gv1bhpt_6_SWIR_jpg.rf.8846528167214df34581f41822df04fd.jpg,1.0
cl6b6gdyh0079l4555ka0g84o_6_SWIR_jpg.rf.8861c33db8749efec192fa42e61247d9.jpg,1.0
cl6e1w3mk001mgk5561ce1hn7_6_SWIR_jpg.rf.88713d9d895e6179c35c3eef5bdb2543.jpg,1.0
cl6kf1do50005c455dxgc4dpo_2_FALSE_COLOR_jpg.rf.88641794bf016db32cead3ff8c6bdcf9.jpg,1.0
cl6cpdnir00dil455c047h42h_1_TRUE_COLOR_jpg.rf.886f171075a28ba67a0d9644490c7aa8.jpg,1.0
cl6kiuz0a000l8w554itn2fmi_4_FALSE_COLOR__URBAN_jpg.rf.887b3545bed18ac1b5ddccabc2f270a1.jpg,1.0
cl6m16jg100398w5516eqah85_2_FALSE_COLOR_jpg.rf.8874775bc67b38ad7300d04ddfd2b21b.jpg,0.0
cl6ch1am000bsl455a0381kr1_1_TRUE_COLOR_jpg.rf.887bb70a8275bc8a543ab07e497ae61d.jpg,1.0
cl6b78zhf009ul455d3hv7dmp_4_FALSE_COLOR__URBAN_jpg.rf.889ce22d2f366fa20abbce19cdfd95e7.jpg,1.0
cl6m1b5o6003f8w55bts57rav_4_FALSE_COLOR__URBAN_jpg.rf.8882a413baa18404f9d0d903e824268e.jpg,1.0
cl6opbnv8006xao55hbpe2j2u_1_TRUE_COLOR_jpg.rf.88c657c5ae249b183323f06c54480472.jpg,1.0
cl6od8bxt001iao55h1ibgqsj_1_TRUE_COLOR_jpg.rf.88a840b13a8dd1fe5982f5af7176180f.jpg,1.0
cl6b7hybt00ael455dfth5qs9_1_TRUE_COLOR_jpg.rf.88ce3bda9a113dbf16ec122d8e0026cd.jpg,1.0
cl6oq8ags008mao55b74o6kch_4_FALSE_COLOR__URBAN_jpg.rf.88d2cb39909e76084abe29a2a9876aca.jpg,1.0
cl6b6pieh007rl455fwvb73gr_1_TRUE_COLOR_jpg.rf.88cca027d9e9985ff9b2fd0710d0bc68.jpg,1.0
cl6od0yei0010ao55a36egny5_2_FALSE_COLOR_jpg.rf.88938ebb521ead203d50482a2ce45664.jpg,1.0
cl6oubpv600ahao554abdcshr_2_FALSE_COLOR_jpg.rf.88cf9e2ae24b27eb5fb0b11647178bd9.jpg,1.0
cl6cs0lrz00ehl45590z36ae8_4_FALSE_COLOR__URBAN_jpg.rf.88e4e02802ad066db5bbc615523d0015.jpg,1.0
cl6crvsiz00e2l4554s22ay6f_6_SWIR_jpg.rf.88aa424655fa749b12ae379e9952833e.jpg,1.0
cl6e2zv7h002sgk55a6xy82ty_1_TRUE_COLOR_jpg.rf.88ebeb6572b9eef51dfb991b7f4908aa.jpg,1.0
cl6b73duk008vl45583qs4mo9_4_FALSE_COLOR__URBAN_jpg.rf.88ea3f70e375a59f9e9d7ef6a05b3af2.jpg,1.0
cl6ojx2va005aao55c05b0bvm_4_FALSE_COLOR__URBAN_jpg.rf.890b1e43898b11b4f1be92fdbe43407a.jpg,1.0
cl6dzvdbz000yhg552dlf8c2e_6_SWIR_jpg.rf.890ab3c3cdc9f0a676f2550399e8c796.jpg,1.0
cl6kgnh9k0030c455dtnabosj_6_SWIR_jpg.rf.890a10b5b6f6348e56be305e07a70d8f.jpg,1.0
cl6b5d74b003dl455atof1i44_1_TRUE_COLOR_jpg.rf.88e50a58d6388888379af5bd6d712a11.jpg,1.0
cl6dzjmr4000qhg55bnr2akq0_1_TRUE_COLOR_jpg.rf.88afadea11650e8d6e6aef4f29f662a5.jpg,1.0
cl6kfzb24001zc4555e770ib2_1_TRUE_COLOR_jpg.rf.891034b571bd56e2903e0bcc1f626475.jpg,1.0
cl6crv14300e0l455h48eh7nr_2_FALSE_COLOR_jpg.rf.893d05aebc289b91653975652b91e50e.jpg,1.0
cl6kg4sfr0026c4552hfe6gtj_4_FALSE_COLOR__URBAN_jpg.rf.891e97fce3eccfb7d167d789310642ed.jpg,1.0
cl6od8bxt001iao55h1ibgqsj_2_FALSE_COLOR_jpg.rf.89437595e79800a3457be73b6d74faf4.jpg,1.0
cl6ltu5kv002v8w555n2uhb4s_6_SWIR_jpg.rf.8915ade7dcf5ded5822d8f635caba3a6.jpg,1.0
cl6e2uo3r002kgk556io96bkr_2_FALSE_COLOR_jpg.rf.88fca372937b71076ac0ff21432a01b4.jpg,1.0
cl6e0aboc000jgk55bfnyfi9v_1_TRUE_COLOR_jpg.rf.8918a1bf97813c70e6eb00d6da848be4.jpg,1.0
cl6kghsrn002tc4551wu83z4e_2_FALSE_COLOR_jpg.rf.893476018d7107aaeb9a56fcb0cd0247.jpg,1.0
cl6od1qhh0014ao55hlfact4a_1_TRUE_COLOR_jpg.rf.8948cb948c766b6e9be5430dc32088b1.jpg,1.0
cl6cthshy00hql4559om2e79b_2_FALSE_COLOR_jpg.rf.8965e6bd4acd75ed19466a8ec041ea11.jpg,1.0
cl6oivr2z003wao55395g5u07_2_FALSE_COLOR_jpg.rf.88df190edb5639d39c3255bf996070b3.jpg,1.0
cl6b542k6002bl455fmydcwlb_2_FALSE_COLOR_jpg.rf.8982188ccaee6c86c66648cb061f3e1b.jpg,1.0
cl6e20np5001sgk555chada9l_6_SWIR_jpg.rf.897f464ab06ee682cb0df670304f582c.jpg,1.0
cl6b64hpf0066l4555lt3czhh_1_TRUE_COLOR_jpg.rf.892b36c5b1c49e3551e6f361cb88a6da.jpg,1.0
cl6cs4oof00eul455fdkybwbf_6_SWIR_jpg.rf.89ca495626d0544a541e06dfee4a6471.jpg,1.0
cl6e09hxf000hgk559x18fvg8_6_SWIR_jpg.rf.898f3a71480378e64740407faa7e4d5b.jpg,1.0
cl6oczf4b000uao559egx35g7_1_TRUE_COLOR_jpg.rf.898e414d2fd15a47308e359b354e05ec.jpg,1.0
cl6oivr2z003wao55395g5u07_6_SWIR_jpg.rf.89d905ccdcb0b7fc14ac7792bca8ebda.jpg,1.0
cl6oun0bl00b2ao556k7ncs0l_4_FALSE_COLOR__URBAN_jpg.rf.8956a3c802eb085dac8734887dc505e3.jpg,1.0
cl6cgdbl900asl4551u073cce_4_FALSE_COLOR__URBAN_jpg.rf.89cb39ec877714d1ceca250ec82d68b6.jpg,1.0
cl6kgfdjy002nc4551yk01nj6_2_FALSE_COLOR_jpg.rf.89e33752a1e479e888893e956d0dc23a.jpg,1.0
cl6chfm2800c4l455ensx26aq_6_SWIR_jpg.rf.894c24cef06530cf384fb79aadf8059d.jpg,1.0
cl6e36kv1003fgk55gnb9050o_2_FALSE_COLOR_jpg.rf.8985eab0c2e00380d912bdb8b7623fa8.jpg,1.0
cl6e34bti0037gk55gzdv0akr_6_SWIR_jpg.rf.89b92fcf68a83ca8afaad8c442e03b86.jpg,1.0
cl6e2y7v9002ngk55b03sduks_6_SWIR_jpg.rf.898a6e6a10f71899da29ef3f58f0e653.jpg,1.0
cl6ch1am000bsl455a0381kr1_2_FALSE_COLOR_jpg.rf.89e9aedae3383a340a1852d34b77ac43.jpg,1.0
cl6b6iwdg007el455ep3ab8br_6_SWIR_jpg.rf.89a5acc266af2ecd2a834f646e5c9be0.jpg,1.0
cl6kf8i8i000pc455cr9ueit3_6_SWIR_jpg.rf.8a22db8815d7ff9a5a19c7991ed7f167.jpg,1.0
cl6chlszf00cdl455e5f50fbv_2_FALSE_COLOR_jpg.rf.8a15d1770387af3c5ee3887254c2b74b.jpg,1.0
cl6oisonk003qao55abjmbm9z_6_SWIR_jpg.rf.8a27fe62108586cdcbc3764c5a3e13fb.jpg,1.0
cl6kgag2y002ac455g3l427ic_4_FALSE_COLOR__URBAN_jpg.rf.8a1b13068db9898366d4606fb451ac88.jpg,1.0
cl6kgcy30002hc455hqb400gb_4_FALSE_COLOR__URBAN_jpg.rf.89b4c40e221c112fe969995a397c590f.jpg,1.0
cl6e36kv1003fgk55gnb9050o_6_SWIR_jpg.rf.8a2cd64205ee540c3dd7e2630dcff062.jpg,1.0
cl6kjfsd8001d8w55e6ne0oyo_6_SWIR_jpg.rf.89e7921555de7f63ec706464883c9b85.jpg,1.0
cl6e2iblt0026gk558bnw6716_4_FALSE_COLOR__URBAN_jpg.rf.89fbb8228b0a70e4cafa66cbe6b8a597.jpg,1.0
cl6b0msow001cl4559m4m56le_1_TRUE_COLOR_jpg.rf.899a57cfae388c01c343070ad7e817e0.jpg,1.0
cl6oivr2z003wao55395g5u07_2_FALSE_COLOR_jpg.rf.8a43bd53caeaed3ca5a431bf818a90be.jpg,1.0
cl6od25pv0016ao552ilz4612_4_FALSE_COLOR__URBAN_jpg.rf.8a2aa77476daf9b483ef0dd0aa190725.jpg,1.0
cl6ctjyc600hul455hxis4621_1_TRUE_COLOR_jpg.rf.8a414c03fb83bfcc829b1191289c96f4.jpg,1.0
cl6kfa8f2000vc45526s9431c_2_FALSE_COLOR_jpg.rf.8a53f00df4788b953dfaf3a49a697e6f.jpg,1.0
cl6b7e0xs00a2l455ahn69x2p_6_SWIR_jpg.rf.8a593128861765bc328725fe62135f2a.jpg,1.0
cl6ctrx2500i8l455bw1w5a2s_1_TRUE_COLOR_jpg.rf.8a70033ac5c52e5f96ee211ab4d5d117.jpg,1.0
cl6b5y1m8005ml455dfsobrvc_2_FALSE_COLOR_jpg.rf.8a4d19a629d98c02494d10a239a63e90.jpg,1.0
cl6cs7poo00f2l4557i4i86z6_6_SWIR_jpg.rf.8a76f35ec3fcf672ba74f60ff7ae6d1d.jpg,1.0
cl6b67dvg006dl455cgxl9kq8_1_TRUE_COLOR_jpg.rf.8a65a1665bbcc0db6fcf5a7cd169c206.jpg,1.0
cl6e0bntp000mgk55426r9obp_2_FALSE_COLOR_jpg.rf.8a47222a4d04d09ccce0f6198dff6dae.jpg,1.0
cl6ocs2h6000cao559bx42yho_4_FALSE_COLOR__URBAN_jpg.rf.8a4af39e16629e7cf15fa48416596db5.jpg,1.0
cl6kjhx3r001i8w550n9zd54y_6_SWIR_jpg.rf.8a8098063b302827679e65bd9b08242b.jpg,1.0
cl6e1gy620018gk55gvmqas56_2_FALSE_COLOR_jpg.rf.8a9c1756b5da88b5cc6e3a603da85e3e.jpg,1.0
cl6oj7z2w004fao5547tp6hl2_1_TRUE_COLOR_jpg.rf.8a8bfa20000c1d288aad73b91d84aff3.jpg,1.0
cl6odoepa0028ao554gdxhnyo_6_SWIR_jpg.rf.8a9daf59f17fe70e9d360b70d401c7a7.jpg,1.0
cl6opv5oo007xao553de9g7wd_2_FALSE_COLOR_jpg.rf.8a872ecc6f639357715de0e382eb8243.jpg,1.0
cl6ojrtzp004zao55hqhsfffg_6_SWIR_jpg.rf.8aa06602247068dc3c6a8387ba3c1b14.jpg,1.0
cl6cs0lrz00ehl45590z36ae8_2_FALSE_COLOR_jpg.rf.8a4b9c771bdd84a9718502ed3e095890.jpg,1.0
cl6kjhhl5001h8w55fo1v1vqs_1_TRUE_COLOR_jpg.rf.8a938567f7462eb40e4b749365d9384b.jpg,1.0
cl6op0vfi006cao553gmp6trs_2_FALSE_COLOR_jpg.rf.8a9fc76df26c1bb4d598dca04bbe30da.jpg,1.0
cl6ctobno00i3l4554o13a57u_4_FALSE_COLOR__URBAN_jpg.rf.8aa173f09b80c7600d340dace4dcdf50.jpg,1.0
cl6b6asfb006tl455gupd0x8i_2_FALSE_COLOR_jpg.rf.8a92e9aab26c5d0a1f56b5ca9e294cf4.jpg,1.0
cl6b08qce000hl455fod5abjo_6_SWIR_jpg.rf.8ab7b8b8c71a37c2ea9e708fa0dbb8c0.jpg,1.0
cl6kjek5g001a8w5561zp7ddp_4_FALSE_COLOR__URBAN_jpg.rf.8ab43476ed686361cac2a79b311f6cde.jpg,1.0
cl6oddf8p001pao558ykw6wkp_6_SWIR_jpg.rf.8abcf17d2b1b223eb8f77416404db7e0.jpg,1.0
cl6ocohki0003ao55bnyg99kc_2_FALSE_COLOR_jpg.rf.8aa6ff22c9bf776eeabc603163f73598.jpg,1.0
cl6ctgypm00hol455a8epfwn4_1_TRUE_COLOR_jpg.rf.8aaa18477ad67a8fa9e2d37174b2e190.jpg,1.0
cl6dzuimb000xhg552nh5hdd9_6_SWIR_jpg.rf.8abea75f4308832987096eddadb4a9d0.jpg,1.0
cl6cstiuc00g8l4559dvy72jo_2_FALSE_COLOR_jpg.rf.89bd4fa8f578ec1f4367a20756d49ce4.jpg,1.0
cl6cpb4b500dbl45509b2egsu_6_SWIR_jpg.rf.8afdab10d9817b30376922ba21d4cb0f.jpg,1.0
cl6b0pmvm001hl4558c7z7rzv_1_TRUE_COLOR_jpg.rf.8b0c156f35ea060ae92f6ab7014841d1.jpg,1.0
cl6crvsiz00e2l4554s22ay6f_2_FALSE_COLOR_jpg.rf.8afc0d984a7b0788fa1ce0f577e59289.jpg,1.0
cl6oinllz003eao55d1t6fnma_1_TRUE_COLOR_jpg.rf.8adfb895e92fc5b47f4ed545616d483b.jpg,1.0
cl6azgmfw0004f0557iqa1usw_6_SWIR_jpg.rf.8abf394f191e817469aa8c92a8ddf996.jpg,1.0
cl6op2fce006fao55753l8ulj_4_FALSE_COLOR__URBAN_jpg.rf.8ae0f7e442f3c68a7e3887c85898433e.jpg,1.0
cl6ctgypm00hol455a8epfwn4_6_SWIR_jpg.rf.8b05326a8974b4a9a2e5b1c3c23c988d.jpg,1.0
cl6cgro8500bhl455267h78fj_6_SWIR_jpg.rf.8ad4c84a31a7082cb880b4bb8cef564b.jpg,1.0
cl6kfqmc1001ec4558cle4b25_4_FALSE_COLOR__URBAN_jpg.rf.8b2dea8020976e73f4b5d77e84ee2107.jpg,1.0
cl6ojvjir0057ao55hcywheqa_2_FALSE_COLOR_jpg.rf.8b454ca531f2dc170d7b9d1aed48e723.jpg,1.0
cl6ch1am000bsl455a0381kr1_6_SWIR_jpg.rf.8ae08aea60f5b8086f0114ba8bc6cdf8.jpg,1.0
cl6ojdk5a004rao550wcq79f3_2_FALSE_COLOR_jpg.rf.8aa26728cfebde037b19a2a79b1a29c3.jpg,1.0
cl6b6p96a007ql455cvrh6peg_6_SWIR_jpg.rf.8b3360a9ef6ee3ecf719338003eed5cc.jpg,1.0
cl6ojrtzp004zao55hqhsfffg_1_TRUE_COLOR_jpg.rf.8b1fdd8cf8f35a03313b6402b8883e46.jpg,1.0
cl6b63ehe0062l455c9mib5xv_1_TRUE_COLOR_jpg.rf.8b37f5cb9664a7eb13a3b2baac14797d.jpg,1.0
cl6oikmzw003aao558ooh48tf_4_FALSE_COLOR__URBAN_jpg.rf.8ae688b52bfdb495cd679ce377b28047.jpg,1.0
cl6ojowwz004yao55hvwldnc2_1_TRUE_COLOR_jpg.rf.8afe4d8f6806106b345f83a61da08e6e.jpg,1.0
cl6oj27q10047ao55glv255m8_6_SWIR_jpg.rf.8b2956a6f4e75966ae21ed65c5182284.jpg,1.0
cl6oje823004tao557z2r0e1d_6_SWIR_jpg.rf.8b21568ccc133a11642be58ace847a32.jpg,1.0
cl6m0w1nh002z8w558do5f7ar_4_FALSE_COLOR__URBAN_jpg.rf.8b62fa5c7775f4d15f1a2bcb0c5e3806.jpg,1.0
cl6b6bzma006xl4550xca1cbf_2_FALSE_COLOR_jpg.rf.8b472ab3c1a3b1c127405736240e1fc3.jpg,0.0
cl6chnv4k00chl455heba8syd_2_FALSE_COLOR_jpg.rf.8b6677e3e78078c887f7c532b0f69c35.jpg,1.0
cl6chfm2800c4l455ensx26aq_1_TRUE_COLOR_jpg.rf.8b48c531c64c9252debc1641166e09c4.jpg,1.0
cl6csr5tv00g0l45530ayb807_2_FALSE_COLOR_jpg.rf.8b48e6afd48a1466f8951533619a4cdf.jpg,1.0
cl6oroiyh009qao55fjioccgf_2_FALSE_COLOR_jpg.rf.8b72ffe129322238ede44d2ffa0b96de.jpg,1.0
cl6e0ic4d000zgk55gqkieyhi_2_FALSE_COLOR_jpg.rf.8b7434828915ae7a5b730bf525897db6.jpg,1.0
cl6oir8s2003mao552l3w3cre_6_SWIR_jpg.rf.8b5bb6b81b6e3ee6082d003ad8d4b0f2.jpg,1.0
cl6e3jpqn0048gk558al26xi4_4_FALSE_COLOR__URBAN_jpg.rf.8ba376d24ca1f2b9a95958889f5e8fbf.jpg,1.0
cl6kfoffk0016c455cvxsalj2_6_SWIR_jpg.rf.8b7a4198c1d0ec49b1133ae5fc9e5967.jpg,1.0
cl6oq0cpr008bao553vg485hd_2_FALSE_COLOR_jpg.rf.8b736cd640292361761f33b2c005c6b3.jpg,1.0
cl6cpc9qx00del455co6haqas_2_FALSE_COLOR_jpg.rf.8b944e99b6251fb25ca10bdead76f591.jpg,1.0
cl6cpjjol00dsl45581fhfrm9_6_SWIR_jpg.rf.8a9fad0e273c87ab302a6f5c55cf0af8.jpg,1.0
cl6opypeq0087ao55cd0fhzah_2_FALSE_COLOR_jpg.rf.8ba6ce05aebe92e456ba943ed2ef51d6.jpg,1.0
cl6opzsq7008aao556djk9g0u_4_FALSE_COLOR__URBAN_jpg.rf.8bbd919af332b003712280f68e286535.jpg,1.0
cl6cs860i00f4l455hkyq2bed_2_FALSE_COLOR_jpg.rf.8bd8e500261856998e0eaacaecd62d78.jpg,1.0
cl6od5fxe001dao55dwsx001s_1_TRUE_COLOR_jpg.rf.8ba74e64a7033504201e8ebb9fff81e9.jpg,1.0
cl6e3e9qm003rgk55efdu14ah_1_TRUE_COLOR_jpg.rf.8bc22b3ea50a14a8f8d33b60c5b240ea.jpg,1.0
cl6csjaik00fhl455ga70af2b_4_FALSE_COLOR__URBAN_jpg.rf.8bf7d6e840b1f20d40ab538acb6a0535.jpg,1.0
cl6od3yri001cao55gifvaizk_1_TRUE_COLOR_jpg.rf.8bde54b688cb9c207a2a62f80b462b72.jpg,1.0
cl6azvz950000t0552g8v22is_4_FALSE_COLOR__URBAN_jpg.rf.8c062a603df152d8780ae78f63981ec0.jpg,1.0
cl6b6r87c007tl455508729u4_2_FALSE_COLOR_jpg.rf.8c1cdf4ff5c6137880d6e546bb0b6b79.jpg,1.0
cl6opfjg40074ao557e3g3skn_1_TRUE_COLOR_jpg.rf.8bf3399023c078e86ba517a78241d31d.jpg,1.0
cl6kfa8f2000vc45526s9431c_2_FALSE_COLOR_jpg.rf.8c03af56a5aea1ecbcfcc6ec1226a2cd.jpg,1.0
cl6cgh0lk00b3l455a01o4mrg_4_FALSE_COLOR__URBAN_jpg.rf.8be9edde466b26b63082246be1748a9d.jpg,1.0
cl6ctpy8q00i5l455bf1se2cj_2_FALSE_COLOR_jpg.rf.8c239b8f6332ed064eb556acfb9661b0.jpg,1.0
cl6ougtjt00alao5544y198eo_2_FALSE_COLOR_jpg.rf.8c003cf33ce2d9dfecde1d6edaf46b1a.jpg,1.0
cl6oqws41009dao55e9vd2yj4_4_FALSE_COLOR__URBAN_jpg.rf.8c39e021193bd9b271f77c0e711aa338.jpg,1.0
cl6ops2eo007sao551s7xen90_2_FALSE_COLOR_jpg.rf.8c0b3b5418dceaaf986aca61c553836e.jpg,1.0
cl6kioqix000f8w55cu1n98v2_1_TRUE_COLOR_jpg.rf.8c25b11056e5e4545f714d719179cae9.jpg,1.0
cl6kf9nvv000tc455gs7pbv7h_2_FALSE_COLOR_jpg.rf.8c19c5a32abef29d25de1c9d179f1c9a.jpg,1.0
cl6oqm42o0091ao5554tdbtq5_1_TRUE_COLOR_jpg.rf.8c3fcf5077e9634dc567946f72f97a5d.jpg,1.0
cl6ok5klz005nao55dbmig3bd_1_TRUE_COLOR_jpg.rf.8c5421bbd0fbf62e656be23b4f197b9e.jpg,1.0
cl6b78b5m009pl4550gvdb1ud_1_TRUE_COLOR_jpg.rf.8c45e2942e667e8fc7fcc5c459781c88.jpg,1.0
cl6kinecw000e8w551c8r9tyn_6_SWIR_jpg.rf.8c0070d601041a8719cbcc04585d2682.jpg,1.0
cl6ltqjke002q8w55ct7j5tel_1_TRUE_COLOR_jpg.rf.8c5e72ec725e30931477e756dfe54644.jpg,1.0
cl6m1aj68003d8w55e8c3aim3_2_FALSE_COLOR_jpg.rf.8c67e23de1b8d4424ec43e9b8f5e927e.jpg,1.0
cl6b5r021004pl4558sub5at0_2_FALSE_COLOR_jpg.rf.8c77fa6eb059d645f5facf077bb49dc3.jpg,1.0
cl6b7bt0y009zl455397c4vju_4_FALSE_COLOR__URBAN_jpg.rf.8c2787026374adff0f192a8e5203fc4f.jpg,1.0
cl6csiins00fgl45562qya3h6_4_FALSE_COLOR__URBAN_jpg.rf.8c3ea116dc0534cdfe32cf2d8de9b341.jpg,1.0
cl6oj1gzx0046ao5546xf9oac_6_SWIR_jpg.rf.8c7e5569da1a0fcaa303c2bb2ea0affe.jpg,1.0
cl6b03sa00004l4555k7m3d9h_2_FALSE_COLOR_jpg.rf.8c70f70e3dc0c960c713931ef6db9f96.jpg,1.0
cl6b5r021004pl4558sub5at0_4_FALSE_COLOR__URBAN_jpg.rf.8c9a415e77b2a12c7ba8adf9cb03bbed.jpg,1.0
cl6e34ucl0039gk557j7w24c8_4_FALSE_COLOR__URBAN_jpg.rf.8c7724ca473fa0802e6eec12f7931fa3.jpg,1.0
cl6e2cbgk001tgk5560zhhqm7_2_FALSE_COLOR_jpg.rf.8c962b423850c51df8f6924150e17ed7.jpg,1.0
cl6b6dmty0071l455668oabtj_6_SWIR_jpg.rf.8ca2819e0a95872600eb3e33cdc33dc5.jpg,1.0
cl6b0esbf000vl455co1o9wvm_2_FALSE_COLOR_jpg.rf.8cb16e033e8e65af45edbb0210e02400.jpg,1.0
cl6kj7d6l000x8w55cwtv1hfp_4_FALSE_COLOR__URBAN_jpg.rf.8c4f43b1a7b8e9511b079b94c247bebe.jpg,1.0
cl6ki56x400028w55hs1xab54_4_FALSE_COLOR__URBAN_jpg.rf.8cf22f30ff264dba11839ccbdcdcd5e8.jpg,1.0
cl6dydo100003hg55gkkv0c3a_2_FALSE_COLOR_jpg.rf.8cb241874eac0c420845c881c6a2083f.jpg,1.0
cl6ltuz3i002x8w554lrq3tnc_4_FALSE_COLOR__URBAN_jpg.rf.8cdae3d43625b1d76332121de4c2a322.jpg,1.0
cl6b6ovux007pl455g8am6gh6_1_TRUE_COLOR_jpg.rf.8cf8aabade683714ffdce79d4ff57cab.jpg,1.0
cl6orpl93009tao552w0p7urd_6_SWIR_jpg.rf.8ca7c56ed4d6800b17b9665f50d32e06.jpg,1.0
cl6cgw2be00bnl455cetv4inw_1_TRUE_COLOR_jpg.rf.8ca435b56b3f5fa9b3cd4cd4a96949d2.jpg,1.0
cl6ocxo5w000oao5510nb2jrx_4_FALSE_COLOR__URBAN_jpg.rf.8c7d47c5df476ec03c6e6e42c58a76cd.jpg,1.0
cl6kjjetw001m8w557l9r668h_4_FALSE_COLOR__URBAN_jpg.rf.8ce03c089f7ceef948ed7de343093568.jpg,1.0
cl6oq4w4y008jao553s62btk7_1_TRUE_COLOR_jpg.rf.8cce6964067a973b3dd05dff29ca3be2.jpg,1.0
cl6kj6jxg000u8w559s9eb5je_2_FALSE_COLOR_jpg.rf.8cc4e029f9e9019b19f6dea366b97cfa.jpg,1.0
cl6b6frr10078l455hhqe0mw5_4_FALSE_COLOR__URBAN_jpg.rf.8cc4571b22956ff8df5ee8ecf63356e9.jpg,1.0
cl6kg4a1m0024c455eiyw4fqk_1_TRUE_COLOR_jpg.rf.8cc94a2101e3a2be3c4d089c9e6fd031.jpg,0.0
cl6kig3wf00098w556e894kgn_4_FALSE_COLOR__URBAN_jpg.rf.8cfbcd333cf27dfa7108ee663332b9c2.jpg,1.0
cl6e064go0009gk55e8lcflfy_6_SWIR_jpg.rf.8cb45718308f03d7f6695eb8649895cd.jpg,1.0
cl6odwuqk002iao555zzv0c59_4_FALSE_COLOR__URBAN_jpg.rf.8d00622af96d9d75e2aff259efcadf8b.jpg,1.0
cl6b04t8r0007l455fk4y4zr0_4_FALSE_COLOR__URBAN_jpg.rf.8cf8eb6945424769d7b27864b0fc447e.jpg,1.0
cl6e2hp3l0025gk55buu53wd8_1_TRUE_COLOR_jpg.rf.8d0ac57894bd6c7d852f1b539da9b2f6.jpg,1.0
cl6b6nafs007ml4558op181ff_2_FALSE_COLOR_jpg.rf.8d139320b5a32a303bf943fa55f182bf.jpg,1.0
cl6ojvzs90058ao55ddizcpuh_4_FALSE_COLOR__URBAN_jpg.rf.8d2f01dae99f2ab6dde84e07785d2d09.jpg,1.0
cl6b752w00095l45532llequj_1_TRUE_COLOR_jpg.rf.8d2e55471b6976320300669a0ac8443d.jpg,1.0
cl6ojdk5a004rao550wcq79f3_6_SWIR_jpg.rf.8d337cdc43e0a4d13b1d1d4c1ad78549.jpg,1.0
cl6ops2eo007sao551s7xen90_4_FALSE_COLOR__URBAN_jpg.rf.8d7d1f0dfcd21d28d12c6166bcb82ecf.jpg,1.0
cl6cgfb7300axl455efzk80f6_1_TRUE_COLOR_jpg.rf.8d3e13786d961024e691e7cf178929fe.jpg,1.0
cl6b5bl3w0032l4550j2k2te5_1_TRUE_COLOR_jpg.rf.8d69f76ebe95d70184d4da04e560e162.jpg,1.0
cl6crxvk200e7l455191phwfv_1_TRUE_COLOR_jpg.rf.8d672b87d2e124aa22561f49e91e17a0.jpg,1.0
cl6cgk7k600b5l455ceot4yy5_6_SWIR_jpg.rf.8d6deccdf5db5e64bfdc387ce98414fc.jpg,1.0
cl6b6lhmf007ll4552cnl5tsv_2_FALSE_COLOR_jpg.rf.8d0eaf0dc5e2367d9ad2311d655b7150.jpg,1.0
cl6ojftwf004vao557igrc357_6_SWIR_jpg.rf.8dd6cea4551267ad1228196c250bc892.jpg,1.0
cl6e3g7x5003ygk558i9cetp5_1_TRUE_COLOR_jpg.rf.8db2b03aff495bef61d03d803d87870d.jpg,0.0
cl6kg12gd0022c4555fac0sms_6_SWIR_jpg.rf.8d98ffacd5820355c34086678a66a5e3.jpg,1.0
cl6b5pr1b004kl455bt93cfs2_1_TRUE_COLOR_jpg.rf.8dd8ba885d296460c85d300c243de187.jpg,1.0
cl6e37d05003hgk5544zehxe6_6_SWIR_jpg.rf.8dd1a761879bf38e9295b3060f485aed.jpg,1.0
cl6ci1hel00d4l4557row61tz_6_SWIR_jpg.rf.8dca10e8897a28d864d5f54e9c892910.jpg,1.0
cl6dygvee0008hg555fvcfnky_2_FALSE_COLOR_jpg.rf.8dde6220e3366ea8113547e7d8abc451.jpg,1.0
cl6opwgvl0080ao553w5rcwez_1_TRUE_COLOR_jpg.rf.8d5f73daece9344136ea792c12942fd0.jpg,1.0
cl6kfbq11000yc45577e7e4bg_6_SWIR_jpg.rf.8ddd993838d6de6e8a584180695cfb0d.jpg,1.0
cl6e0gykm000wgk551za948b3_6_SWIR_jpg.rf.8daa706251be04189b5563b9b5672192.jpg,1.0
cl6kitrsd000j8w557yff59mf_6_SWIR_jpg.rf.8dd8e134247134c49e0befa3cdcf7c42.jpg,1.0
cl6chqhwl00cll4558hnj0glz_2_FALSE_COLOR_jpg.rf.8d954a5e15a801488d0e45174a90d27a.jpg,1.0
cl6e3bkid003jgk5568qqgh5c_1_TRUE_COLOR_jpg.rf.8de91fc19d570eacd0666222c36aa632.jpg,1.0
cl6b73sp2008zl455br8lh6zt_4_FALSE_COLOR__URBAN_jpg.rf.8df6721f8cc62f6af4ebe5ebc776223c.jpg,1.0
cl6op2fce006fao55753l8ulj_1_TRUE_COLOR_jpg.rf.8deb1f55675658966594ded6ed978807.jpg,1.0
cl6csjaik00fhl455ga70af2b_4_FALSE_COLOR__URBAN_jpg.rf.8e02ac7c93e4e20e7941a58833b1adb4.jpg,1.0
cl6b5g1v8003ol455dk0o97jt_1_TRUE_COLOR_jpg.rf.8e0a3dae2f84a6f0354f67be7f4f3b81.jpg,0.0
cl6oj8w06004hao558ky44xei_1_TRUE_COLOR_jpg.rf.8dbcabc12cbfe96f7d7baf57dfe97feb.jpg,1.0
cl6b0p3i7001gl455h7p6b9g1_4_FALSE_COLOR__URBAN_jpg.rf.8e0bc039115aa690b12d34846e4a75aa.jpg,1.0
cl6e3bkid003jgk5568qqgh5c_2_FALSE_COLOR_jpg.rf.8e0375c6798fc2539de31a9ef6e43a25.jpg,1.0
cl6odcx12001oao55f8bma9y4_6_SWIR_jpg.rf.8e1893ab24932d619ccce1dff80ad4be.jpg,1.0
cl6b6k5pu007il455f8bp9b5g_6_SWIR_jpg.rf.8daf3e315576bbebb9dc2fc1130139f8.jpg,1.0
cl6b5wjqa005fl4550muectqc_2_FALSE_COLOR_jpg.rf.8e30f0071dfdf8fbe38355690d734673.jpg,1.0
cl6oe0y5h002rao55ghk1g0ha_4_FALSE_COLOR__URBAN_jpg.rf.8d352a5da69d70b4a3397767e16d2817.jpg,1.0
cl6b0msow001cl4559m4m56le_6_SWIR_jpg.rf.8e4b41708c0a78737d23d2e070b99fc0.jpg,1.0
cl6odhcaj001uao552i9j0ykn_4_FALSE_COLOR__URBAN_jpg.rf.8e54bbf4a4d86b77416e1c0950da67a5.jpg,1.0
cl6chxs9s00cwl455abx51f8x_1_TRUE_COLOR_jpg.rf.8e276a214828a5e9046ad2094423f109.jpg,1.0
cl6csqi8m00fzl455hbvqhcm2_6_SWIR_jpg.rf.8e5b88fe901fc2a9705c39f36184c26b.jpg,1.0
cl6ok1xz8005jao55et1x9ny0_6_SWIR_jpg.rf.8dfa85dc7bf3afd147c90ed1654c7cf6.jpg,1.0
cl6e2kygp002egk55asrs2brz_2_FALSE_COLOR_jpg.rf.8e1cc618ac92fa48a86df37f86fdef7f.jpg,0.0
cl6b5cr7o003al455cptggjjs_2_FALSE_COLOR_jpg.rf.8e8147f414dd4b797068e794c1cf46e7.jpg,1.0
cl6e064go0009gk55e8lcflfy_2_FALSE_COLOR_jpg.rf.8e850cd686616003d03d29eaca42c3b2.jpg,1.0
cl6m10ni200338w553m5pf9l5_1_TRUE_COLOR_jpg.rf.8e1460b7f507cecb5b32c74baeedd097.jpg,1.0
cl6b5bl3w0032l4550j2k2te5_1_TRUE_COLOR_jpg.rf.8e468651350251fd93ae51b64a491719.jpg,1.0
cl6kg9h8h0028c455at8u1fb4_1_TRUE_COLOR_jpg.rf.8e55edf82bc58b943a8e940771c26eb1.jpg,1.0
cl6oul0ve00axao5549vy6mom_4_FALSE_COLOR__URBAN_jpg.rf.8e67c48855bda6ce4e719da2272052cd.jpg,1.0
cl6b5x7nw005jl4559ppn5ov2_4_FALSE_COLOR__URBAN_jpg.rf.8e481b6537263e829a7590dd85df822e.jpg,1.0
cl6ou6f7u00a5ao55h96m1hvj_4_FALSE_COLOR__URBAN_jpg.rf.8e381c718c986e32a9dd6b21293b347c.jpg,1.0
cl6cru4e800dyl455gekch8cy_4_FALSE_COLOR__URBAN_jpg.rf.8e5c4a03c4a42463a27ad59e8bd10850.jpg,1.0
cl6b6672j006al45550ixdqdo_4_FALSE_COLOR__URBAN_jpg.rf.8e4535ae666d3242e2c7362c43e71b0f.jpg,1.0
cl6cgwlv800bol4557nsq5jwk_2_FALSE_COLOR_jpg.rf.8e8be61e9917102470fbba072443585a.jpg,1.0
cl6oro0mr009pao556hg6dj0a_4_FALSE_COLOR__URBAN_jpg.rf.8e859f6d639f798662fd5ee635dfde18.jpg,1.0
cl6kjm7cv001r8w55czzsenxh_1_TRUE_COLOR_jpg.rf.8e99cd423d1f17ad5b75b12d67d058c9.jpg,1.0
cl6kf1do50005c455dxgc4dpo_4_FALSE_COLOR__URBAN_jpg.rf.8ec2dddd9300e264bcdea1826711bbab.jpg,1.0
cl6b6iwdg007el455ep3ab8br_6_SWIR_jpg.rf.8eb322a155114ee65263028bf83c4f33.jpg,1.0
cl6octpb0000gao557tk19wmi_2_FALSE_COLOR_jpg.rf.8e9663fe922f0ffc8b8c74fac5e03d54.jpg,1.0
cl6ojaxxv004mao552t7ah2ky_1_TRUE_COLOR_jpg.rf.8ec5c93a3c62051cd9906d172d73ba69.jpg,1.0
cl6b78q1y009sl455ekwc1jfp_2_FALSE_COLOR_jpg.rf.8ea0069e60df53afec31d51cce955718.jpg,1.0
cl6kfbq11000yc45577e7e4bg_1_TRUE_COLOR_jpg.rf.8f1e93e5d2165ba1f89f2e5ac5ed7303.jpg,1.0
cl6e2lc56002fgk554s6m4xro_6_SWIR_jpg.rf.8f035693775f28b08b021e7ef616b13d.jpg,1.0
cl6cgzyml00bql4557ej3af4i_1_TRUE_COLOR_jpg.rf.8ed36ef3684c54d0b7bb94e6b44ee720.jpg,1.0
cl6oj9ml8004jao55bfvl5xnu_6_SWIR_jpg.rf.8ebc63bac8a960dbaaee1e12cce68d38.jpg,1.0
cl6oiyg3q003zao55c5k11xtf_6_SWIR_jpg.rf.8edb42e015c68f4e8ac636f5ad68b25a.jpg,1.0
cl6oj50of004dao558azz1d6c_1_TRUE_COLOR_jpg.rf.8ed2faa78d4a894ba9dbf1f89cc006af.jpg,1.0
cl6kf256r0006c455hwcv6khh_1_TRUE_COLOR_jpg.rf.8f045b0bfc90de37b702b8beb7dc654d.jpg,1.0
cl6opb5w4006vao55d6ehcwz9_2_FALSE_COLOR_jpg.rf.8f243783b9b8216a740f5787f18c9f0e.jpg,1.0
cl6b04dof0006l455d30k5py4_1_TRUE_COLOR_jpg.rf.8ea2e3ce6266c51b361d5ef91ca0250b.jpg,1.0
cl6b64hpf0066l4555lt3czhh_4_FALSE_COLOR__URBAN_jpg.rf.8f0934d2ff599bf24b0bc82e31c56ada.jpg,1.0
cl6csapmj00f7l4558gne2y5r_4_FALSE_COLOR__URBAN_jpg.rf.8f36da1516282296bca5caeaa535211c.jpg,1.0
cl6kj7d6l000x8w55cwtv1hfp_6_SWIR_jpg.rf.8e8ee97bcaad4dd9978d830ed76e0905.jpg,1.0
cl6kgdzqp002kc455030p44eo_1_TRUE_COLOR_jpg.rf.8ebb814dec1d6a32ec69f0c8891cf66a.jpg,1.0
cl6b6v8zy0085l4551xgq4ys0_2_FALSE_COLOR_jpg.rf.8f1d2f106fb9faadfb046855bcbcb2cd.jpg,0.0
cl6kidboc00078w55f9rfey2b_1_TRUE_COLOR_jpg.rf.8f2954edf6b246baf6340105570bfe83.jpg,1.0
cl6b6c9bh006yl455efyd100t_2_FALSE_COLOR_jpg.rf.8f342ed8b5a642b2557a14d093e01a99.jpg,1.0
cl6odousp002aao55gdjlfrxu_6_SWIR_jpg.rf.8f40574a10c76e9649d2e69c18a3db52.jpg,1.0
cl6kjc5r500168w55bry741c1_4_FALSE_COLOR__URBAN_jpg.rf.8f37030dee3272b409beade8cf0f52cd.jpg,1.0
cl6ojwo190059ao55aqo1dfsk_6_SWIR_jpg.rf.8f1c9cfe5df2d63c4644db24479997cc.jpg,1.0
cl6oumfkb00b0ao556enkcct1_4_FALSE_COLOR__URBAN_jpg.rf.8f06dd5c47cba6ab19674861987951d6.jpg,1.0
cl6dypwru000chg559pvqei5w_1_TRUE_COLOR_jpg.rf.8f111f61f764447d602b568787953544.jpg,1.0
cl6oj4idn004cao558e80ezcu_1_TRUE_COLOR_jpg.rf.8f4b04aeef2d88d80220ebc383e8d0f3.jpg,1.0
cl6azt6c90001go55dv661od3_1_TRUE_COLOR_jpg.rf.8f4e218a06b49a141cfccd3823078012.jpg,1.0
cl6cg8f7k00ail455g5xjf4zo_4_FALSE_COLOR__URBAN_jpg.rf.8f598bd4a1761b2ff76744da5ba3a31e.jpg,1.0
cl6b542k6002bl455fmydcwlb_4_FALSE_COLOR__URBAN_jpg.rf.8f43055e75fa85307ebaaf3a035aac0a.jpg,1.0
cl6oczf4b000uao559egx35g7_2_FALSE_COLOR_jpg.rf.8f5bf1b14d975e1f2dc047420791a6b5.jpg,1.0
cl6azvz950000t0552g8v22is_4_FALSE_COLOR__URBAN_jpg.rf.8f55cfa1a8ab555c22f615cb93375457.jpg,1.0
cl6cs860i00f4l455hkyq2bed_2_FALSE_COLOR_jpg.rf.8f497fa08bac1192b458518d77601ea2.jpg,1.0
cl6ki82ak00058w55b9dyf8ef_2_FALSE_COLOR_jpg.rf.8f66d47825727b78eaf6027244c5fb3c.jpg,1.0
cl6aniex40000f0559xrzal6j_1_TRUE_COLOR_jpg.rf.8f8ee777281f508b0fbeb9a3c76bb241.jpg,1.0
cl6kgeqar002lc455akv50au4_1_TRUE_COLOR_jpg.rf.8fe71d688fe1fc3d7023ed5906c76d26.jpg,1.0
cl6e20np5001sgk555chada9l_4_FALSE_COLOR__URBAN_jpg.rf.8fcf1dc1f60a105ec1bed30c1f415a8b.jpg,1.0
cl6b592jd002tl4553ego08to_6_SWIR_jpg.rf.8fcce706682683b3bad79d6403b899d4.jpg,1.0
cl6csadov00f6l455ejric5np_4_FALSE_COLOR__URBAN_jpg.rf.8f86dab5e5067f71553afc53dad9470d.jpg,1.0
cl6e2gfi00021gk55fq9pdi07_1_TRUE_COLOR_jpg.rf.8faeccf1e869aad2676e3e5a5c00c195.jpg,1.0
cl6m1j54d00438w55fkud4oug_6_SWIR_jpg.rf.8fb688f7877f468ff7252ea569b4b642.jpg,1.0
cl6kgaw2p002bc455hair6q7o_1_TRUE_COLOR_jpg.rf.8f5162001d6b86d5043cdba91bae1f70.jpg,1.0
cl6oczf4b000uao559egx35g7_2_FALSE_COLOR_jpg.rf.8f9bcee9df1c2fa47210a01da4751855.jpg,1.0
cl6b6wb2i0088l455ep6cb4cd_2_FALSE_COLOR_jpg.rf.8ff2dfe115ae1f069e9bae08867e1917.jpg,1.0
cl6oq0pc4008cao550sw50jjc_2_FALSE_COLOR_jpg.rf.8ff00ae7e87159e2269a1b8a0d2f8440.jpg,1.0
cl6opqgtf007nao55d5fr4p16_1_TRUE_COLOR_jpg.rf.8f5fd8ccab18cf222d52e4c5ed475c9e.jpg,1.0
cl6b5ojmc004gl4551hf906us_1_TRUE_COLOR_jpg.rf.8ff5ce8ad2b704c46098fefa5bd3b834.jpg,1.0
cl6b0skkx001nl4557zd344qi_2_FALSE_COLOR_jpg.rf.8f418d7afbc78fd9ed6074ea21685703.jpg,1.0
cl6chk39d00c9l455805d6a4d_2_FALSE_COLOR_jpg.rf.8fb839462e2253d6485f0bde996a8b15.jpg,1.0
cl6e0aboc000jgk55bfnyfi9v_6_SWIR_jpg.rf.8fc4880014b5d9b83e9a2bb2978be848.jpg,1.0
cl6kgm9qr002yc455g5qs87kz_1_TRUE_COLOR_jpg.rf.8ff71807ac4b34368b2e09b4ba93b964.jpg,1.0
cl6ki82ak00058w55b9dyf8ef_4_FALSE_COLOR__URBAN_jpg.rf.9011a11e6d3dc99515b9a0f8494740fa.jpg,1.0
cl6e30lnj002ugk558z8yabbd_4_FALSE_COLOR__URBAN_jpg.rf.901cee57710486a1a32fb75af0022b85.jpg,1.0
cl6ct8vzr00h4l455e4w420qh_2_FALSE_COLOR_jpg.rf.90297b1d40805333d4f97428d1f6aa95.jpg,1.0
cl6crszmm00dvl455a2pb9ff5_6_SWIR_jpg.rf.9025384a123aca9f3764227c7c96ac32.jpg,1.0
cl6b0p3i7001gl455h7p6b9g1_2_FALSE_COLOR_jpg.rf.8ffb98ac729888769542ff72ef7c9046.jpg,1.0
cl6opzi7x0089ao55gsrh89x9_6_SWIR_jpg.rf.902f630aa51510177173717b8a307670.jpg,1.0
cl6ojsywi0052ao55d43z62q3_6_SWIR_jpg.rf.8ffd9badc7437d1a324e11b5086a1a24.jpg,1.0
cl6chl1rg00cbl455e1p5cw7x_2_FALSE_COLOR_jpg.rf.8f3321e02d73ba4463cbca50f422cec9.jpg,1.0
cl6cgeaqz00aul4553pd8gh18_1_TRUE_COLOR_jpg.rf.90419ed16eb59b85713dd4699f3da246.jpg,1.0
cl6oirxxk003oao552r40b8yf_4_FALSE_COLOR__URBAN_jpg.rf.9067de73cd62ec9a6cb1c2fba849d1d5.jpg,1.0
cl6ou7ryz00a9ao554y3uh8jm_2_FALSE_COLOR_jpg.rf.9066d50d1505516853ecfd8b51d0f37d.jpg,1.0
cl6e371x0003ggk55e6x4cocz_4_FALSE_COLOR__URBAN_jpg.rf.90365880d6310e583b8114b3b0c44c7b.jpg,1.0
cl6kf110z0004c455dymnacxa_1_TRUE_COLOR_jpg.rf.905e7f0064d55ac7013a29a912949dc4.jpg,1.0
cl6dypwru000chg559pvqei5w_2_FALSE_COLOR_jpg.rf.906e8cee6e998d80c8a6dee82e77d13a.jpg,1.0
cl6e0aboc000jgk55bfnyfi9v_2_FALSE_COLOR_jpg.rf.90797a2a256b1dd0ca8f465e463f1a3f.jpg,1.0
cl6opbnv8006xao55hbpe2j2u_6_SWIR_jpg.rf.9041ea8d8f0af0e75b0454d9f7ef2a96.jpg,1.0
cl6ci1hel00d4l4557row61tz_2_FALSE_COLOR_jpg.rf.906ccf4a29daabcadefa011abff37c84.jpg,1.0
cl6dysdta000hhg557gxba0yc_1_TRUE_COLOR_jpg.rf.9083c71021bdce08522b803e18af6bd4.jpg,1.0
cl6oozv0s006aao55aqm71ih3_6_SWIR_jpg.rf.9042e535dbcab7857d10584d35219c1e.jpg,1.0
cl6okf9bk0067ao55bstpe75r_1_TRUE_COLOR_jpg.rf.9056d5d83ccb53fbc93b6edb11f6da2b.jpg,1.0
cl6lt9ww1002d8w558t0sd31s_6_SWIR_jpg.rf.9092ad09151696d9d939ae586fdb3c5b.jpg,1.0
cl6kez8j70002c455axv68ulf_6_SWIR_jpg.rf.906c0f30978c622b9f8ac8ce23521a6b.jpg,1.0
cl6e0kgem0014gk55cl4692g7_1_TRUE_COLOR_jpg.rf.909def5aa2149abeb228f53beb0b9d31.jpg,1.0
cl6e2k2rw002bgk55fzl4eqi8_2_FALSE_COLOR_jpg.rf.9097bfe91decef00729b60a647fa0df7.jpg,1.0
cl6b733er008ul45506zm5sh8_1_TRUE_COLOR_jpg.rf.90bddbade38c7997c540349d6b8b2448.jpg,1.0
cl6oq40mp008hao555cdvg6o8_4_FALSE_COLOR__URBAN_jpg.rf.90ace01904007df694bec35425619cb8.jpg,1.0
cl6oujzw400auao55d5qwbeah_2_FALSE_COLOR_jpg.rf.90abef0077ed37c0e3adff5b68774d45.jpg,1.0
cl6b5nhyt004bl455bxss4mll_6_SWIR_jpg.rf.90b7ff2605624c83c2ac10242962592c.jpg,1.0
cl6e1w3mk001mgk5561ce1hn7_4_FALSE_COLOR__URBAN_jpg.rf.90b89765f2501287b4a18b8927b9998b.jpg,1.0
cl6kfmic20013c455dd9jcpm4_4_FALSE_COLOR__URBAN_jpg.rf.90bc900fef4f47bd4ad85cfdf3ebf95f.jpg,1.0
cl6odml2j0024ao55fld01o8f_6_SWIR_jpg.rf.906218338e01a8fb3b284a65902955c6.jpg,1.0
cl6b5piua004jl4556y4k2p8q_2_FALSE_COLOR_jpg.rf.907f41a4fe43b4ba281ca093489f0b26.jpg,1.0
cl6kgnh9k0030c455dtnabosj_4_FALSE_COLOR__URBAN_jpg.rf.90c37488ddd6d878842db88db83507ce.jpg,1.0
cl6cgh0lk00b3l455a01o4mrg_6_SWIR_jpg.rf.90c02d91c41c6a1c1a9610d113ce3a23.jpg,1.0
cl6aniex40000f0559xrzal6j_4_FALSE_COLOR__URBAN_jpg.rf.90cac0a8cbbb46e3780b6109db454e0e.jpg,1.0
cl6od380k001aao552ioagps5_1_TRUE_COLOR_jpg.rf.90cc7e301cfb7a11fe17dbf892387909.jpg,1.0
cl6keyw310001c4551ugx15q5_1_TRUE_COLOR_jpg.rf.90f840b845c727c284f5080ba5adf4de.jpg,1.0
cl6kf9nvv000tc455gs7pbv7h_4_FALSE_COLOR__URBAN_jpg.rf.90ee7ae38558262b95973de06b72a08c.jpg,1.0
cl6okdwy00063ao5588jlcglr_6_SWIR_jpg.rf.911ab3347c412706f27f74d50cf527b2.jpg,1.0
cl6okcs620060ao552j5fd463_4_FALSE_COLOR__URBAN_jpg.rf.91087646435626ae42b3a50a27afe352.jpg,1.0
cl6kj6jxg000u8w559s9eb5je_4_FALSE_COLOR__URBAN_jpg.rf.910e070e9e40dfa2a774815b35692657.jpg,1.0
cl6odwuqk002iao555zzv0c59_1_TRUE_COLOR_jpg.rf.912bd778cfcd1f7e15e43ce28335e257.jpg,1.0
cl6ojza0i005fao55fqra7v4b_6_SWIR_jpg.rf.912e21a4227a40c7598c0074d1562df6.jpg,1.0
cl6odoepa0028ao554gdxhnyo_1_TRUE_COLOR_jpg.rf.9108de88b06ec449f030179f368d1967.jpg,1.0
cl6ltbirs002g8w55h4yo4v3t_2_FALSE_COLOR_jpg.rf.914c7a82fcb1586d6c3c318c23df6b4d.jpg,1.0
cl6m12kpt00358w55c0oah42i_6_SWIR_jpg.rf.917546f2ac4c20f7fa825e3d0908ef9b.jpg,1.0
cl6m1aj68003d8w55e8c3aim3_1_TRUE_COLOR_jpg.rf.916db6a19f5df56b589a12c65856577f.jpg,1.0
cl6anjur50001f055bzb494if_4_FALSE_COLOR__URBAN_jpg.rf.915613196cc2baecac5461b6318d47d6.jpg,1.0
cl6cho7a000cil455fiddgkjj_2_FALSE_COLOR_jpg.rf.915700568c6c384637fc21fbcd9ec3c7.jpg,1.0
cl6e09hxf000hgk559x18fvg8_6_SWIR_jpg.rf.91777b3b44a58ea1921b8d08fbff1925.jpg,1.0
cl6lsxiqd001v8w55fgtjavib_6_SWIR_jpg.rf.9154da1a0899ca094b6af93d2549c4cc.jpg,1.0
cl6oe0eoe002qao552t6i1m6g_2_FALSE_COLOR_jpg.rf.918f74cf5d1cb5f8c43291962790be74.jpg,1.0
cl6ctfvqa00hnl455fu4bf37z_6_SWIR_jpg.rf.9119cbc03d76b85d3026cea692854c3f.jpg,1.0
cl6chjmg800c8l4551fu3ef4x_6_SWIR_jpg.rf.91dd93a6bf5e9507192fe8d51b036ff3.jpg,1.0
cl6ltkp8x002j8w55ede3g7qb_1_TRUE_COLOR_jpg.rf.919aac2883fad4118e73cb6d5c83b744.jpg,1.0
cl6b65ksg0069l455f4od44cb_4_FALSE_COLOR__URBAN_jpg.rf.91c5aa317d6633c63acad26fc87fa992.jpg,1.0
cl6b77nut009ll45588wha4d5_6_SWIR_jpg.rf.91d2b02ec723a241efc9c52cec9f39b7.jpg,1.0
cl6csapmj00f7l4558gne2y5r_1_TRUE_COLOR_jpg.rf.90fb0a3a6ceba074821eb67712e7e619.jpg,1.0
cl6ouiflj00apao55ef14ha2q_1_TRUE_COLOR_jpg.rf.913c22c40c8d7b31dccaf026e35ad874.jpg,1.0
cl6kjm7cv001r8w55czzsenxh_1_TRUE_COLOR_jpg.rf.918df49fcd9d84415ecf149623b50dbe.jpg,1.0
cl6oug08g00ajao55edulc8y8_2_FALSE_COLOR_jpg.rf.9144142d736074d3192f43053952d115.jpg,1.0
cl6oj45gi004bao550n8cfkqx_4_FALSE_COLOR__URBAN_jpg.rf.91ce06de04f25877b592b289a031ca2d.jpg,1.0
cl6b58mbx002sl4550bzf0gow_1_TRUE_COLOR_jpg.rf.91d4e40e7b1e74e4947eebbbe7596033.jpg,1.0
cl6ch8asj00c1l4556jdzeuny_6_SWIR_jpg.rf.910b6ad7068b8f0a17a4f2d57533604d.jpg,1.0
cl6b5k38g003zl455bgtd1317_6_SWIR_jpg.rf.91fe6c6ca1c1f98a2bc2fb0cf60a9009.jpg,1.0
cl6ok86rg005qao552r1p86s0_6_SWIR_jpg.rf.9204bc1882c1a6b4f04e8b748bb86dd1.jpg,1.0
cl6b6frr10078l455hhqe0mw5_1_TRUE_COLOR_jpg.rf.919f7388f2cc7e0e3fc85aa0c669fa34.jpg,1.0
cl6kfpeg80019c455an5z7myg_2_FALSE_COLOR_jpg.rf.920cd1b72b1bbc0b1084b4d2c3fe3ceb.jpg,1.0
cl6b5r021004pl4558sub5at0_1_TRUE_COLOR_jpg.rf.91f37da9d8561dda4ddb00cee45e003b.jpg,1.0
cl6b6uhzk0082l455dc5hco31_1_TRUE_COLOR_jpg.rf.91805a64cce6faac8d27370a530962ed.jpg,1.0
cl6oumfkb00b0ao556enkcct1_1_TRUE_COLOR_jpg.rf.91e3e30cd21eb5bc33a4ed0fdbb5c286.jpg,1.0
cl6e06h37000agk55e1m39xvy_6_SWIR_jpg.rf.92187599ce42749018f90b65fb95eefa.jpg,1.0
cl6lt2u1a00238w55htxpag7p_4_FALSE_COLOR__URBAN_jpg.rf.921cd43b2b7b7e76d1a0d4fbdbf0c21d.jpg,1.0
cl6b5i94f003ul455dplv6fmu_6_SWIR_jpg.rf.920fe7fdecc5fa80a450c96cb01e33f7.jpg,1.0
cl6crszmm00dvl455a2pb9ff5_4_FALSE_COLOR__URBAN_jpg.rf.91f2a15193da7724884d55a5c1e693de.jpg,1.0
cl6b6o1av007nl455829ah78j_4_FALSE_COLOR__URBAN_jpg.rf.91e2e56970282d2eca961521fb967a38.jpg,1.0
cl6cs00tw00eel455eivc6jwi_2_FALSE_COLOR_jpg.rf.9236f7ba02cd7587350b958ad735aad5.jpg,1.0
cl6kgjivy002xc4559k1m5r9y_4_FALSE_COLOR__URBAN_jpg.rf.9234532bf4f112952f4e167326a77398.jpg,1.0
cl6b5b5g0002zl455cjty1v7p_4_FALSE_COLOR__URBAN_jpg.rf.921e9b0da5f6b33ddc426fa6f74eafc5.jpg,1.0
cl6kfxks1001uc455ejvhbs1y_4_FALSE_COLOR__URBAN_jpg.rf.922fad1eba1bd7374085d4a8466702ef.jpg,1.0
cl6chb1kq00c3l45538v16mga_2_FALSE_COLOR_jpg.rf.9228752bba280d86e420a35ed1d89bdd.jpg,1.0
cl6ctje2500hsl4550fuvht4f_2_FALSE_COLOR_jpg.rf.9243dd4597fc6de8e815913a8a838b8b.jpg,1.0
cl6kez8j70002c455axv68ulf_4_FALSE_COLOR__URBAN_jpg.rf.92381ce8ab8bad2618375618f7e41d66.jpg,1.0
cl6odyfwh002lao55bnflcuaj_4_FALSE_COLOR__URBAN_jpg.rf.92b2909b641bc6ec6eaa8ffda7cfec70.jpg,1.0
cl6ltb1wo002f8w558ocbb9ty_2_FALSE_COLOR_jpg.rf.922ad2ef563127a4e9525e76e7736209.jpg,1.0
cl6kfqf04001dc45543rtgu9n_4_FALSE_COLOR__URBAN_jpg.rf.925ec4ab26306a216221fb42210f05e9.jpg,1.0
cl6csstjw00g5l455c618frnq_2_FALSE_COLOR_jpg.rf.927ae9d8ac2d38e8384b55b0262db5dd.jpg,1.0
cl6odles00020ao555y5rc1cl_1_TRUE_COLOR_jpg.rf.920e2850fcd52785d73f2f5fc90954f7.jpg,1.0
cl6m145w400368w55e1mscmpe_4_FALSE_COLOR__URBAN_jpg.rf.92a6ed86dfaa4ebad80812d311852faa.jpg,1.0
cl6kgbwuw002ec455gkee9mir_1_TRUE_COLOR_jpg.rf.92b94c27eee2c7a4a9f82111180fee2f.jpg,1.0
cl6okam86005vao551risaw3r_4_FALSE_COLOR__URBAN_jpg.rf.925c6f890fbfb68e89b06a0cecbd3fc8.jpg,1.0
cl6dyzssv000ohg551n0rdanu_1_TRUE_COLOR_jpg.rf.929f22ca2a7ead85a9830d7848302327.jpg,1.0
cl6kinecw000e8w551c8r9tyn_1_TRUE_COLOR_jpg.rf.9256bee55e60fd6ef28be191ed558570.jpg,1.0
cl6opu1eb007uao5563tf72vm_2_FALSE_COLOR_jpg.rf.92c6803bcf4c2ee49b60c14cb961ba2c.jpg,1.0
cl6oumfkb00b0ao556enkcct1_6_SWIR_jpg.rf.9291099181c1f60f2f51da391acbad1a.jpg,1.0
cl6ou90tv00acao559ijshkxd_2_FALSE_COLOR_jpg.rf.92560b4a946dc91dad93fe13b75a33c9.jpg,1.0
cl6ojwo190059ao55aqo1dfsk_6_SWIR_jpg.rf.92d2465b9b92f901025424f90c6ab671.jpg,1.0
cl6cpha7s00dpl4559lpahzmn_4_FALSE_COLOR__URBAN_jpg.rf.9263fbbb8479292973754dcd2c8e6719.jpg,1.0
cl6ctczpo00hil4556qoq3h4p_2_FALSE_COLOR_jpg.rf.925ebc88296a655b08ae3729bdc0de27.jpg,1.0
cl6b4zqf6001xl455gp6h5ca8_2_FALSE_COLOR_jpg.rf.92bd7c83f72f828d62a6734d837771ac.jpg,1.0
cl6kj9dst00148w55fw0gfc6p_6_SWIR_jpg.rf.92bac086839e83fa88150e0571d7c875.jpg,1.0
cl6chj77t00c7l455c5c08ec6_1_TRUE_COLOR_jpg.rf.924d3fc37184ae02309e5623599d792d.jpg,1.0
cl6b0skkx001nl4557zd344qi_1_TRUE_COLOR_jpg.rf.92c70549583b23e4aa6d1e71eab978a8.jpg,1.0
cl6ctquqv00i6l4554a2rdn94_6_SWIR_jpg.rf.92996bc0e22c1e2538e768d31486afd4.jpg,1.0
cl6m0pnw5002y8w552btfchke_6_SWIR_jpg.rf.921face9cda61407bcea384c3261a733.jpg,1.0
cl6cta0z600h9l455cygudh3w_4_FALSE_COLOR__URBAN_jpg.rf.92de81a6dc1dcb48676d9e9a34cc1d50.jpg,1.0
cl6kjk4ho001o8w55ai7s6txj_2_FALSE_COLOR_jpg.rf.92e8b4ef850b1262aa63c7d129c2a072.jpg,1.0
cl6ctrx2500i8l455bw1w5a2s_4_FALSE_COLOR__URBAN_jpg.rf.92a0819e65c0e5ffcdae5b09093fddd4.jpg,1.0
cl6kj5qso000r8w55f5o100o0_4_FALSE_COLOR__URBAN_jpg.rf.92e9472b6e0b4c0bc867054d1369e797.jpg,1.0
cl6lsukwg001t8w556kieb72f_1_TRUE_COLOR_jpg.rf.930769d1202f0b2f83e6b392d8fcb184.jpg,1.0
cl6b5q3z4004ll45585wq8rtu_2_FALSE_COLOR_jpg.rf.93132910ad40b77ec8cd60f36d36cd3e.jpg,1.0
cl6e04upl0006gk550fj7cs9u_6_SWIR_jpg.rf.931c4a152782bfcd4eb8c588a08de949.jpg,1.0
cl6kgmrej002zc455a27d973q_2_FALSE_COLOR_jpg.rf.931004c04ad104065271c61f6a6fc3ad.jpg,1.0
cl6m1h5id00408w55h3u27bzc_1_TRUE_COLOR_jpg.rf.92f54bb83c792ad00da69df24d88ca45.jpg,1.0
cl6odwuqk002iao555zzv0c59_2_FALSE_COLOR_jpg.rf.931d3ed6ac7847d4d8c4a1b4ceaa1133.jpg,1.0
cl6orq40w009vao552t868lax_1_TRUE_COLOR_jpg.rf.934d5c61ddb881ce75afc7fd8c036a75.jpg,1.0
cl6dzx0z8000zhg55h3no3zv0_2_FALSE_COLOR_jpg.rf.930fc6f1b39dbd88778ea6f13abf3329.jpg,1.0
cl6cgns8a00bel4558yfqfdjw_1_TRUE_COLOR_jpg.rf.93180b6d77f191ade2ae312be47b5b25.jpg,1.0
cl6oq8ags008mao55b74o6kch_2_FALSE_COLOR_jpg.rf.932b62a76a18c835386ae8ed0e14a0dd.jpg,1.0
cl6ouhohh00anao55e3fn1crb_2_FALSE_COLOR_jpg.rf.93078649325473dc32154f3fdbe044c2.jpg,1.0
cl6ctah5z00hbl455f84of4co_1_TRUE_COLOR_jpg.rf.93221d3a7d1b762acc683ba71899d735.jpg,1.0
cl6b7640j009bl455ash2ahqi_6_SWIR_jpg.rf.932c631aa3e06eb54e197d38278b4076.jpg,1.0
cl6crtivm00dwl45544k043su_6_SWIR_jpg.rf.930fb7aa117f3d1bae5148ea3b1c501e.jpg,1.0
cl6b6vihd0086l4553gmk0011_1_TRUE_COLOR_jpg.rf.9324b34f066bf7639576311bcb6ead33.jpg,1.0
cl6ltthf9002u8w5567flfr3k_2_FALSE_COLOR_jpg.rf.9324f4ca17d54e34069da7e3e4c76912.jpg,1.0
cl6chnv4k00chl455heba8syd_4_FALSE_COLOR__URBAN_jpg.rf.938221a20cfa7b7e88c3a22619966e6a.jpg,1.0
cl6ougd7000akao555jiq5oyz_2_FALSE_COLOR_jpg.rf.9357509dd2c415282e3dba510cd5793e.jpg,1.0
cl6cscffu00f8l455eoct9jzq_2_FALSE_COLOR_jpg.rf.9327d41d98eb8dcc9036980ee899838d.jpg,1.0
cl6m1j54d00438w55fkud4oug_6_SWIR_jpg.rf.932a20538e1ef58f7683554a6c04c70b.jpg,1.0
cl6ocpfa50005ao55f4xb2vkl_6_SWIR_jpg.rf.937c4d4a540bfdd7a907764e8e8e3037.jpg,1.0
cl6b5sn8f004xl455a0z7eski_4_FALSE_COLOR__URBAN_jpg.rf.938afe3d496fcaf146f200547cc3c937.jpg,1.0
cl6e3den6003ogk552zqffgtp_6_SWIR_jpg.rf.92f83765b215adfc8ebbb1b2410e1f24.jpg,1.0
cl6b762z9009al4555tw4br78_6_SWIR_jpg.rf.92edc888bde97d2f86a1c0239c8fca46.jpg,1.0
cl6cte7ud00hjl455f3v1es6e_6_SWIR_jpg.rf.9347b7fa9f7d59cecb0764ea1853c121.jpg,1.0
cl6b79f3e009vl455hmyk8e9e_2_FALSE_COLOR_jpg.rf.936db5a7e642a275c64d6ad2a30cb549.jpg,1.0
cl6opfjg40074ao557e3g3skn_2_FALSE_COLOR_jpg.rf.938dfd69d89c2b959ffa5c9cb81edae6.jpg,1.0
cl6oujpxm00atao554qpycnsr_6_SWIR_jpg.rf.9395d2d05e5d308e7caece05a7ffb581.jpg,1.0
cl6kfe4yn0012c4556ug51m1e_4_FALSE_COLOR__URBAN_jpg.rf.93a19adb68352625445bb52e583ef8b4.jpg,1.0
cl6chw5x300csl455fwv6g4li_2_FALSE_COLOR_jpg.rf.938b92e5210de900169259ca4cd256e0.jpg,1.0
cl6b4x9pw001pl455en07csnz_1_TRUE_COLOR_jpg.rf.93b2a8dfac3aeea1885e841482612344.jpg,1.0
cl6ojycgj005bao557mc6afad_6_SWIR_jpg.rf.93f5dd2ed4f0b53724364c6d0a0f140b.jpg,1.0
cl6kfyj4a001wc4558emoaaeq_6_SWIR_jpg.rf.93a86ada693a30f67d9f2212091befdb.jpg,1.0
cl6ok0jxn005hao55hyz7967m_4_FALSE_COLOR__URBAN_jpg.rf.93a31f100ff4796e987268f14d9f923a.jpg,1.0
cl6odkye9001yao55bl6y87ra_2_FALSE_COLOR_jpg.rf.94580cdf1adcb6ac8d8cde8c7b63713f.jpg,1.0
cl6orpl93009tao552w0p7urd_1_TRUE_COLOR_jpg.rf.93c2aca43aac225d15ed236e75efcc66.jpg,1.0
cl6b7e0xs00a2l455ahn69x2p_1_TRUE_COLOR_jpg.rf.9471b4932e452ca4453cd6585e8097b5.jpg,1.0
cl6e20f48001rgk5574xt82w3_1_TRUE_COLOR_jpg.rf.946d381c475d895f845e3459ba97995d.jpg,1.0
cl6e3f884003ugk55b7a0bh8d_6_SWIR_jpg.rf.93b4e915e5a66deac48210487953bd6b.jpg,1.0
cl6dznlym000thg55950a4qbg_4_FALSE_COLOR__URBAN_jpg.rf.94747ec5a033db7d18f86e9f34814b0e.jpg,1.0
cl6kfarcn000wc455738t9fff_1_TRUE_COLOR_jpg.rf.93df9cca609d3af98eb2d7e8b4f72aaa.jpg,1.0
cl6ltbirs002g8w55h4yo4v3t_6_SWIR_jpg.rf.947d505f9a2d50314dafee36e0845323.jpg,1.0
cl6b5q3z4004ll45585wq8rtu_1_TRUE_COLOR_jpg.rf.947117cd3b422b2f20593d6aaa99f198.jpg,1.0
cl6b71dky008pl4551u1e28u1_6_SWIR_jpg.rf.9485b9b83a06b6470fabc51fdc77f663.jpg,1.0
cl6m1h5id00408w55h3u27bzc_2_FALSE_COLOR_jpg.rf.944d2d4c02c7617ee7ee5ae7c6489d6d.jpg,1.0
cl6ok33x3005lao555fmcbrr8_2_FALSE_COLOR_jpg.rf.94754e6302cce392298ceafd2a255de4.jpg,1.0
cl6oddf8p001pao558ykw6wkp_4_FALSE_COLOR__URBAN_jpg.rf.94a1e4116a305a644cbb7fc380e5b223.jpg,1.0
cl6b05tqy000al4556arxfkpx_1_TRUE_COLOR_jpg.rf.9480711151add0664a88c371c815a89b.jpg,1.0
cl6opo1t7007iao552373a4i1_6_SWIR_jpg.rf.94a153cc918b6f5094b4e2fff65ef16d.jpg,1.0
cl6oe0eoe002qao552t6i1m6g_6_SWIR_jpg.rf.94a05e36fa247025947266add9442d4c.jpg,1.0
cl6chqhwl00cll4558hnj0glz_2_FALSE_COLOR_jpg.rf.93f0a91c854d74db63502a907da96876.jpg,1.0
cl6chx0s400cul455eh3zhhyf_6_SWIR_jpg.rf.94a26eea81d01429cfdde95fa1d6e556.jpg,1.0
cl6ok2egr005kao55bv7hfye5_1_TRUE_COLOR_jpg.rf.94869137211501cc58c2f7e2c5a0856b.jpg,1.0
cl6e0m79h0016gk5553pj46h0_6_SWIR_jpg.rf.94a6fd30f6c0eb17f5fbd0b5e52ef00f.jpg,1.0
cl6b5m4w10045l4550bi9ea2d_2_FALSE_COLOR_jpg.rf.94a21e0d1966b2b3a5b3ce946a9fdf06.jpg,1.0
cl6ojuvc30055ao55enk04i13_1_TRUE_COLOR_jpg.rf.94be641d84a92c1b7e25245d7c6a6769.jpg,1.0
cl6opr2a8007pao556ffeh9fl_1_TRUE_COLOR_jpg.rf.945af27065c8d181ce28ad81675504c9.jpg,1.0
cl6lt6ipg00288w55ee7scu7b_1_TRUE_COLOR_jpg.rf.9516d58db31c185ee211e8c8de577b7a.jpg,1.0
cl6e2y7v9002ngk55b03sduks_1_TRUE_COLOR_jpg.rf.948eef789fa9eff7f7b39391242f4206.jpg,1.0
cl6b5xjjd005kl455hfjcd5ra_4_FALSE_COLOR__URBAN_jpg.rf.95167b143198582594f5bdbb1668e9bd.jpg,1.0
cl6kfzb24001zc4555e770ib2_1_TRUE_COLOR_jpg.rf.94f3e471b45c3440c4e2fe5adc2dd0cf.jpg,1.0
cl6ok86rg005qao552r1p86s0_2_FALSE_COLOR_jpg.rf.945bbc0c70fdeb5213c8f87ef73767a4.jpg,1.0
cl6ctfvqa00hnl455fu4bf37z_1_TRUE_COLOR_jpg.rf.951706efc214b39339795b84e9e67273.jpg,1.0
cl6opzsq7008aao556djk9g0u_4_FALSE_COLOR__URBAN_jpg.rf.94de791b9e888dff1fdf533f4264c497.jpg,1.0
cl6oqbr98008uao55hhpyg2l0_6_SWIR_jpg.rf.9515fd281b940b29a2c65e5a698d051c.jpg,1.0
cl6b6asfb006tl455gupd0x8i_2_FALSE_COLOR_jpg.rf.94aaea1da83dfae81095c0a3b46483a0.jpg,1.0
cl6lsv1l5001u8w55aryp0azo_1_TRUE_COLOR_jpg.rf.94a576cd62f4cb54c48f498207d400cd.jpg,1.0
cl6b6yfhr008il4555h86hokv_6_SWIR_jpg.rf.95294f9904da6e73f02f366d1f932a78.jpg,1.0
cl6cgnbdj00bdl455d8vd8iqf_2_FALSE_COLOR_jpg.rf.94e80115dc9e6dd1864d6c87387591fa.jpg,1.0
cl6lt9lyv002c8w55dnyheafs_1_TRUE_COLOR_jpg.rf.9540f5dccf0a66c2e279db87fcfcd877.jpg,1.0
cl6b7263q008rl455cbp6ejbc_4_FALSE_COLOR__URBAN_jpg.rf.954705e0bd93d09dfcad488273947a20.jpg,1.0
cl6cgsj2300bjl4556rjk0yap_1_TRUE_COLOR_jpg.rf.9535557f1e567249fe25e37615e581a7.jpg,1.0
cl6oje823004tao557z2r0e1d_6_SWIR_jpg.rf.952dc2dba1d61be105677030bea3eb4a.jpg,1.0
cl6okdhtr0062ao557yfi3i7c_4_FALSE_COLOR__URBAN_jpg.rf.952b2ee144fb752f84f4c863a74e045e.jpg,1.0
cl6b6wb2i0088l455ep6cb4cd_4_FALSE_COLOR__URBAN_jpg.rf.951f9fa326c84343661de7343fa22053.jpg,1.0
cl6ctlg9300hwl4558d9t1n71_4_FALSE_COLOR__URBAN_jpg.rf.953bd77daa96bb01408758a2d0c32735.jpg,1.0
cl6b0pmvm001hl4558c7z7rzv_2_FALSE_COLOR_jpg.rf.954c96dfe761efc234c6473aff6ce067.jpg,1.0
cl6b5phba004il45531lb6655_2_FALSE_COLOR_jpg.rf.95180aa1756a2bab148d21aa031eb68d.jpg,1.0
cl6kj5qso000r8w55f5o100o0_4_FALSE_COLOR__URBAN_jpg.rf.9518861bbdc76653dd76b1491ee9cf96.jpg,1.0
cl6azhuzg0005f0550ahb6bh1_6_SWIR_jpg.rf.954a0476c386942a059788fd5450d9c6.jpg,1.0
cl6ci1hel00d4l4557row61tz_1_TRUE_COLOR_jpg.rf.955cb54b5d5db8babb874b9e603fa2b1.jpg,1.0
cl6b58mbx002sl4550bzf0gow_1_TRUE_COLOR_jpg.rf.95793838aca202ce3e98a2a35163de44.jpg,1.0
cl6ocn0yw0001ao55850zb04a_6_SWIR_jpg.rf.957c79ac35f6c94a6e8121a676fca22c.jpg,1.0
cl6cgwlv800bol4557nsq5jwk_2_FALSE_COLOR_jpg.rf.956856e5f11a6c5b3d1e619e3f964ed3.jpg,1.0
cl6cg8f7k00ail455g5xjf4zo_2_FALSE_COLOR_jpg.rf.9549aa0b33dbfcb53e9b955dfa273df3.jpg,1.0
cl6ltqjke002q8w55ct7j5tel_6_SWIR_jpg.rf.955bb6309df2339bb784a443b29d77fa.jpg,1.0
cl6od0yei0010ao55a36egny5_6_SWIR_jpg.rf.9570ac85665fdf6dc4ebcd37a09d0f32.jpg,1.0
cl6lto1fw002l8w55052sbhvh_6_SWIR_jpg.rf.955a5d7df3c42821b4a07e193e27c0e2.jpg,1.0
cl6kj9dst00148w55fw0gfc6p_4_FALSE_COLOR__URBAN_jpg.rf.959da6f59dd418e9ef47a96326050eb9.jpg,1.0
cl6b5qhgi004ml4554fwj59ku_2_FALSE_COLOR_jpg.rf.954fdf8e44ae99b97ddb1f2a32c6421d.jpg,1.0
cl6orr67o009yao552re7cwu8_1_TRUE_COLOR_jpg.rf.95a55bbf5b5595fc9570ed5a43a3677f.jpg,1.0
cl6opbnv8006xao55hbpe2j2u_1_TRUE_COLOR_jpg.rf.95615cbc83e123017803a4771fad33fd.jpg,1.0
cl6b5m4w10045l4550bi9ea2d_1_TRUE_COLOR_jpg.rf.9577efab834fd4fd91dfd13a2dcfc412.jpg,1.0
cl6e0dypj000qgk55gndm8q3o_6_SWIR_jpg.rf.957959b821b3ea79993ffcc701d8eb19.jpg,1.0
cl6b5vl5q005bl4554dg30yje_2_FALSE_COLOR_jpg.rf.95a2791d6ef156669d9e64b608fda709.jpg,1.0
cl6kf8i8i000pc455cr9ueit3_4_FALSE_COLOR__URBAN_jpg.rf.958ca285722df0edf75dbb5aaf4ddc4c.jpg,1.0
cl6oqvksq009bao556412da6l_2_FALSE_COLOR_jpg.rf.95b6d85e905bec4a1fe4b129a2c7ecd9.jpg,1.0
cl6csdbcu00f9l455hnwh8a4z_6_SWIR_jpg.rf.95c17f6a9703d2fb74ff99173ffef99b.jpg,1.0
cl6ltbirs002g8w55h4yo4v3t_4_FALSE_COLOR__URBAN_jpg.rf.95c6f5ff2877c60b2e7366975bfab8fa.jpg,1.0
cl6csx2sn00gel4553te03vfh_2_FALSE_COLOR_jpg.rf.95ca6a4cef7b1cc485b3f8bb8efea72d.jpg,1.0
cl6kez8j70002c455axv68ulf_4_FALSE_COLOR__URBAN_jpg.rf.95ae89dac2636c5b2b2fdeb07f6fe2cc.jpg,1.0
cl6oqz7u8009eao55hd74fzt1_1_TRUE_COLOR_jpg.rf.95ef8bff31b3f51c3245c5540b30bb81.jpg,1.0
cl6b534co0028l4557bpr4k5i_2_FALSE_COLOR_jpg.rf.95d2aa8c4e5b016739febee96bdd33bb.jpg,1.0
cl6kj7d6l000x8w55cwtv1hfp_6_SWIR_jpg.rf.960a39e31c9f2d4401308f2642ffdc8c.jpg,1.0
cl6cs0lrz00ehl45590z36ae8_6_SWIR_jpg.rf.9609c58b240ae6e476a7d408281145a9.jpg,1.0
cl6azt6cd0002go55f0qt1otm_2_FALSE_COLOR_jpg.rf.960aa4390f37471dabf822a5791ce0b4.jpg,1.0
cl6csf9te00fel4552rgvbiq8_1_TRUE_COLOR_jpg.rf.965d36c25e31bd00d54759ee94086c1b.jpg,1.0
cl6b6o1av007nl455829ah78j_4_FALSE_COLOR__URBAN_jpg.rf.960778a094f0710cc438ed61129ffb5a.jpg,1.0
cl6b58d1y002rl4558379g2db_6_SWIR_jpg.rf.962b62adf1399ed954ba750edb0cedce.jpg,1.0
cl6ch0lvz00brl455eij38vi0_1_TRUE_COLOR_jpg.rf.967854b8528950d6d2e02a0479580e0c.jpg,1.0
cl6orq40w009vao552t868lax_4_FALSE_COLOR__URBAN_jpg.rf.967abacab9e5b7d74036a8385607db94.jpg,1.0
cl6b4ykst001sl4550amagaw5_6_SWIR_jpg.rf.95baf98b07b30c81c9bcd65ac7c16dcb.jpg,1.0
cl6kf1do50005c455dxgc4dpo_4_FALSE_COLOR__URBAN_jpg.rf.96793d5347cf1a7fd85033f3a04810bd.jpg,1.0
cl6b69zw9006pl455be0a3zi1_1_TRUE_COLOR_jpg.rf.962a13855c98d4636a837595635eeecf.jpg,0.0
cl6e0f0n9000tgk5558yt7tyl_2_FALSE_COLOR_jpg.rf.95f661f3f7ade66db48687a4e88137e1.jpg,1.0
cl6dysdta000hhg557gxba0yc_4_FALSE_COLOR__URBAN_jpg.rf.960ac07e76ffa3fd55113cdbb3c5806e.jpg,1.0
cl6keyw310001c4551ugx15q5_6_SWIR_jpg.rf.963af5ead67b37f1e90d51895b519697.jpg,1.0
cl6e0k0280013gk550nd9grxm_2_FALSE_COLOR_jpg.rf.960b7e87640ccb70cccfbf536378220f.jpg,1.0
cl6e1vti2001lgk558oznamsf_6_SWIR_jpg.rf.96680f7b0b75727004857ced3982dead.jpg,1.0
cl6e2m95l002ggk55a3eefylp_6_SWIR_jpg.rf.9684ebfd94249cb47f9805a039af696f.jpg,1.0
cl6kj9dst00148w55fw0gfc6p_2_FALSE_COLOR_jpg.rf.961d270240c6dc7c77e5b321ff55eb94.jpg,1.0
cl6b6sfee007xl455b8bt5zum_1_TRUE_COLOR_jpg.rf.967c7858a9a06746889c89c4bc73f67e.jpg,1.0
cl6cs8jie00f5l4555hn76aj1_2_FALSE_COLOR_jpg.rf.9698de8c25478ca5f31727bf25126238.jpg,1.0
cl6odm3oj0023ao55641s046f_4_FALSE_COLOR__URBAN_jpg.rf.969939837a71b564e22fe188dd35179c.jpg,1.0
cl6b09m65000kl455dbrteofg_1_TRUE_COLOR_jpg.rf.967c19b944ce1706723ee801924f97bf.jpg,1.0
cl6oimia5003dao558osp4mxe_6_SWIR_jpg.rf.96a4e6cf3d3c5445f5f005cfad2573ce.jpg,1.0
cl6kfvrfp001qc45548kr4qf2_1_TRUE_COLOR_jpg.rf.969adcf3162c1ec89c0d5bcb2255290d.jpg,1.0
cl6kf2tq50009c455e31x91xi_4_FALSE_COLOR__URBAN_jpg.rf.96ac1a6da09a605f0993aaa0978ddb13.jpg,1.0
cl6ou9hl600adao559w1qda4m_1_TRUE_COLOR_jpg.rf.96ae47bdaa41738b48acadf337bfafda.jpg,1.0
cl6e3jpqn0048gk558al26xi4_2_FALSE_COLOR_jpg.rf.96a5ea917b313e19a4fdabdcd15305d8.jpg,1.0
cl6opk4x8007bao55eu7bc5vk_1_TRUE_COLOR_jpg.rf.96b38ae2532bcba9561ee94fc058f4cf.jpg,1.0
cl6b05tqy000al4556arxfkpx_6_SWIR_jpg.rf.969db8ea4e85b6fcd88ebd9e4cc1b7aa.jpg,1.0
cl6e3bkid003jgk5568qqgh5c_2_FALSE_COLOR_jpg.rf.96cfbba0eb242b721fcce8df7017f2d6.jpg,1.0
cl6okb25a005wao558pj4ejty_6_SWIR_jpg.rf.96bf146323c0f8b70db7850ed5a2486d.jpg,1.0
cl6oj9ml8004jao55bfvl5xnu_2_FALSE_COLOR_jpg.rf.96c90cb1c043dbbe56d8693442af87c3.jpg,1.0
cl6opi0lv0079ao554ptl5yd7_4_FALSE_COLOR__URBAN_jpg.rf.95f4eefae359f81a8a3364c4f9b8ff80.jpg,1.0
cl6cgghym00b1l455c02jbl7m_2_FALSE_COLOR_jpg.rf.96ad0a060e05f82783e03eb60954e369.jpg,1.0
cl6m145w400368w55e1mscmpe_2_FALSE_COLOR_jpg.rf.972d3c97a05841da9dd081b9035da9c0.jpg,1.0
cl6dyxq50000nhg5571bs31g5_4_FALSE_COLOR__URBAN_jpg.rf.96c75ac89942021d06ed14743d39d6e6.jpg,1.0
cl6e2cyo5001ugk556dvqc83s_2_FALSE_COLOR_jpg.rf.9729a3e3e5573f1922b41246906a58d2.jpg,1.0
cl6b4zqf6001xl455gp6h5ca8_6_SWIR_jpg.rf.96e14e2e0a8664d9425171f4dbd0ec48.jpg,1.0
cl6oig6yp0030ao55grdefh8e_6_SWIR_jpg.rf.97259ad95e2801aeeb112453e3df5fd6.jpg,1.0
cl6ctczpo00hil4556qoq3h4p_2_FALSE_COLOR_jpg.rf.971ce8a850a8a927336c96949eea08da.jpg,1.0
cl6oj27q10047ao55glv255m8_1_TRUE_COLOR_jpg.rf.972c9e995d2151f504d8b97be3a193e3.jpg,1.0
cl6crwhp200e4l455f6nf73c3_2_FALSE_COLOR_jpg.rf.973100712cdde5a8bf8332b1be6d2e26.jpg,1.0
cl6m1ejbw003s8w556ie04d5b_6_SWIR_jpg.rf.970f7d9d0596e577c401e7e22909c0f7.jpg,1.0
cl6e1n8j9001cgk55bhebb6fp_2_FALSE_COLOR_jpg.rf.972fa61ffd638b681ccb6b8f3bdefff1.jpg,1.0
cl6ct8vzr00h4l455e4w420qh_4_FALSE_COLOR__URBAN_jpg.rf.973e2c624460474e672e88e4e14892dc.jpg,1.0
cl6oj0ggm0043ao55acihdj7s_2_FALSE_COLOR_jpg.rf.971159f6ebaee84250c09f767de46ca6.jpg,1.0
cl6oif58n002yao5578ob9fzh_2_FALSE_COLOR_jpg.rf.96ed96b98aa860737933f88193513807.jpg,1.0
cl6b5vl5q005bl4554dg30yje_6_SWIR_jpg.rf.974bf9ded6358f70d71168b39764ad19.jpg,1.0
cl6cpfs8q00dml4554w0t2f82_4_FALSE_COLOR__URBAN_jpg.rf.97627b47a08641e3362dc0aacc866857.jpg,1.0
cl6e34bti0037gk55gzdv0akr_2_FALSE_COLOR_jpg.rf.976ea41b2f51077f5228342ffd58e5ea.jpg,1.0
cl6m1j54d00438w55fkud4oug_1_TRUE_COLOR_jpg.rf.97658dc2e8a48789e485de4cacdef8f1.jpg,1.0
cl6oju5ai0054ao55fbrr6a1p_6_SWIR_jpg.rf.976b5b724133b9d1e2a22921068b6e0d.jpg,1.0
cl6m1dd0r003o8w5569ma5agl_4_FALSE_COLOR__URBAN_jpg.rf.9762ce86454ef0cfdb2999cd7de6bd4e.jpg,1.0
cl6e32ym20033gk558fa76664_1_TRUE_COLOR_jpg.rf.974c0e100690926a2328ebe8d70be919.jpg,1.0
cl6b5tn5o0053l4555lotaojg_2_FALSE_COLOR_jpg.rf.9764d23be707bde48bb48a973a1a1a25.jpg,1.0
cl6e2m95l002ggk55a3eefylp_2_FALSE_COLOR_jpg.rf.9770abf0e75d8ea3c28a7f43e060c346.jpg,1.0
cl6b6lhmf007ll4552cnl5tsv_1_TRUE_COLOR_jpg.rf.977492745cc02bc70fcd899535993b9e.jpg,1.0
cl6kga3590029c455dfqjh4v7_2_FALSE_COLOR_jpg.rf.97d0f60ae385efb8046ed4f15b60e125.jpg,1.0
cl6crxga900e6l4554gxk4zu2_1_TRUE_COLOR_jpg.rf.98367a760e5e53c432e48583a6d5e431.jpg,1.0
cl6cs6mgj00f0l455egwshib7_2_FALSE_COLOR_jpg.rf.977ea3ea05700aa378c6b6bd629c99aa.jpg,1.0
cl6kf256r0006c455hwcv6khh_2_FALSE_COLOR_jpg.rf.974fd03a8e13f012ef27dac35b369b89.jpg,1.0
cl6dywrm9000mhg55c48n2wtt_4_FALSE_COLOR__URBAN_jpg.rf.978ef5b87148ee3a9824da4992a17de2.jpg,1.0
cl6oq8ags008mao55b74o6kch_6_SWIR_jpg.rf.97d55e6b4afd81257843e2a8f1dad709.jpg,1.0
cl6oro0mr009pao556hg6dj0a_6_SWIR_jpg.rf.97d4ac5172c3ae206ea5f78dd30d353f.jpg,1.0
cl6e34ucl0039gk557j7w24c8_2_FALSE_COLOR_jpg.rf.97de798a00cc57edc094543e77769e8a.jpg,1.0
cl6kgbwuw002ec455gkee9mir_6_SWIR_jpg.rf.97da971dc9acccc3a05887adfc80123f.jpg,1.0
cl6opqgtf007nao55d5fr4p16_6_SWIR_jpg.rf.97e0d651cef1292535acda381e50011b.jpg,1.0
cl6ocozkd0004ao55e5fq7tfw_2_FALSE_COLOR_jpg.rf.9802539204df9b496cf5e3dcd52a1c42.jpg,1.0
cl6b6672j006al45550ixdqdo_4_FALSE_COLOR__URBAN_jpg.rf.980914ee593c0f0012938ea06ba46337.jpg,1.0
cl6csdu2700fal455982ifw90_2_FALSE_COLOR_jpg.rf.980d9af3bd2c8919750b4ed1bffc807f.jpg,1.0
cl6m1a7kz003c8w55646e1v53_6_SWIR_jpg.rf.97fa295a12dfa694bec75f61af076a7f.jpg,1.0
cl6kggj9a002rc4556h0x9jxc_1_TRUE_COLOR_jpg.rf.982d4d1526255b986e67b1a75344c4f3.jpg,1.0
cl6opjoc7007aao558i28fuxw_2_FALSE_COLOR_jpg.rf.9834be5020874f1a0d2765f833c3514b.jpg,1.0
cl6keymqs0000c4559gsd6y3f_1_TRUE_COLOR_jpg.rf.97eb0cf6820f8d88bc8263391be92941.jpg,1.0
cl6ct8os600h3l4559qbzgmk2_4_FALSE_COLOR__URBAN_jpg.rf.97fe315b96a394d3a8188ee33f7b76b4.jpg,1.0
cl6cs00tw00eel455eivc6jwi_2_FALSE_COLOR_jpg.rf.980e0469c8dcabec7361d7c40da910ae.jpg,1.0
cl6cgh0lk00b3l455a01o4mrg_1_TRUE_COLOR_jpg.rf.980d0052187b2f5f68bde67504b272c5.jpg,1.0
cl6oir8s2003mao552l3w3cre_2_FALSE_COLOR_jpg.rf.980442358dd18a3240cb9593ca3a15dd.jpg,1.0
cl6e35mru003cgk559os14r7y_1_TRUE_COLOR_jpg.rf.9858cd504136b55c9e619fef1a667f7a.jpg,1.0
cl6ocohki0003ao55bnyg99kc_4_FALSE_COLOR__URBAN_jpg.rf.9837111dc1e15095d8f2beafbf4c8e55.jpg,1.0
cl6cs7poo00f2l4557i4i86z6_6_SWIR_jpg.rf.9883a440e22b4b8ec04c030340570215.jpg,1.0
cl6b5b5g0002zl455cjty1v7p_2_FALSE_COLOR_jpg.rf.988c8cb3ac21a8cbc0fbb74cd542dadc.jpg,1.0
cl6b78tww009tl45524un0omv_4_FALSE_COLOR__URBAN_jpg.rf.987652de4f2d7c442410ff641c0963cb.jpg,1.0
cl6odgxwb001tao559phvfhb7_1_TRUE_COLOR_jpg.rf.97bb79ca203bac6fb1de08afe0796548.jpg,1.0
cl6oiyg3q003zao55c5k11xtf_1_TRUE_COLOR_jpg.rf.985b4d1100b5b5362df529c6a1a19a51.jpg,1.0
cl6e1vti2001lgk558oznamsf_6_SWIR_jpg.rf.988df84ea6cda9f5a847dd429e00488a.jpg,1.0
cl6keymqs0000c4559gsd6y3f_2_FALSE_COLOR_jpg.rf.989f5a5e8484d00d97ac3a50d73ed129.jpg,1.0
cl6csq2j100fyl4550kka11gw_1_TRUE_COLOR_jpg.rf.98d61d7f765684111287c699cf9964c1.jpg,1.0
cl6od2k870017ao556wo27foz_1_TRUE_COLOR_jpg.rf.970d56f84b62972553c226e7c75fec52.jpg,1.0
cl6cgwlv800bol4557nsq5jwk_4_FALSE_COLOR__URBAN_jpg.rf.98a54d8d2fe0f4fc508114f8a3691b08.jpg,1.0
cl6e0dbw9000pgk55cv1sgp5x_4_FALSE_COLOR__URBAN_jpg.rf.98c94ce9e8f8da7d8f8220de6f18d394.jpg,1.0
cl6ok8rik005rao5581r9bkn0_4_FALSE_COLOR__URBAN_jpg.rf.98b31458082d289158f05cadcf427090.jpg,1.0
cl6kj4n7o000o8w55eq83czxi_2_FALSE_COLOR_jpg.rf.98f203a6439c434d4507ab4845fe93a4.jpg,1.0
cl6oj7z2w004fao5547tp6hl2_4_FALSE_COLOR__URBAN_jpg.rf.989d373c638f2b67dbcc8451a863f220.jpg,1.0
cl6kibg7b00068w55cog49lxl_2_FALSE_COLOR_jpg.rf.98a7cb0615393468a5cf39928a540f43.jpg,1.0
cl6b6pieh007rl455fwvb73gr_2_FALSE_COLOR_jpg.rf.98a81e117b38e91451c28c38f530412d.jpg,1.0
cl6b694mv006ml4554nwqack1_2_FALSE_COLOR_jpg.rf.98c3dcc4a6599bced0980b76883748f5.jpg,1.0
cl6ct849h00h0l4554tpb1q3i_6_SWIR_jpg.rf.99021243f607f9186c15ac8682cd05eb.jpg,1.0
cl6b652mi0068l4552keu9loj_2_FALSE_COLOR_jpg.rf.98e24cc12e4ac63d77711bd61c684e76.jpg,1.0
cl6e2uo3r002kgk556io96bkr_2_FALSE_COLOR_jpg.rf.98c1b20d226cb1245cafce581b5d5eb7.jpg,1.0
cl6kf8i8i000pc455cr9ueit3_1_TRUE_COLOR_jpg.rf.9900d7a514964c9025c3b92ca5d2874b.jpg,1.0
cl6m0pnw5002y8w552btfchke_2_FALSE_COLOR_jpg.rf.98e506ffbeeab8e154bf81c082e0daf6.jpg,1.0
cl6ouaiyn00aeao550h4i06dx_1_TRUE_COLOR_jpg.rf.98d81e0ebda68266c9f0f2a081819ba2.jpg,1.0
cl6ki7l6900048w55hs8c6nwt_6_SWIR_jpg.rf.98c0d3f5eee50e00114e47860b1db2fa.jpg,1.0
cl6chx0s400cul455eh3zhhyf_1_TRUE_COLOR_jpg.rf.98ede3129e3c64127a3983ecf4631165.jpg,1.0
cl6op3smm006gao55ea02ba3u_1_TRUE_COLOR_jpg.rf.99081351cf9d72f951715bb5deafa142.jpg,1.0
cl6m15k1g00378w559sqfahyu_4_FALSE_COLOR__URBAN_jpg.rf.98dd7853aef0ac77091568cef0c233bf.jpg,1.0
cl6oj7z2w004fao5547tp6hl2_6_SWIR_jpg.rf.98dd42106fac5f6a13a4402f08db5f18.jpg,1.0
cl6ok74u9005oao557sb5dqub_4_FALSE_COLOR__URBAN_jpg.rf.99085522f83002e24428df954bbf1fd1.jpg,1.0
cl6e3bzkq003kgk550ppl67ww_4_FALSE_COLOR__URBAN_jpg.rf.99280947653ad1ecc5c657e57004f2d0.jpg,1.0
cl6kf3j6a000cc455a7ny9xom_1_TRUE_COLOR_jpg.rf.992397105dfd6f8a02d139e3ea260db7.jpg,0.0
cl6dytpbv000jhg5517e1d6xy_6_SWIR_jpg.rf.9929815624beeeb9ede80c4c4bbc59f9.jpg,1.0
cl6dzs6a4000vhg55f52u2xze_2_FALSE_COLOR_jpg.rf.994a6031bad8c2ebb51014c8167acdcf.jpg,1.0
cl6cthgh500hpl4550qm12ykl_4_FALSE_COLOR__URBAN_jpg.rf.99229a6083bd517285ff928b13ba485e.jpg,1.0
cl6kfowty0017c455b591d008_1_TRUE_COLOR_jpg.rf.9943d5699a5e15d11a8860633d24d082.jpg,1.0
cl6chxs9s00cwl455abx51f8x_2_FALSE_COLOR_jpg.rf.9939165384aca339d055dea1e124c9b2.jpg,1.0
cl6b5uskz0058l455gbd534lm_6_SWIR_jpg.rf.9944605e32191a00c80a3120b8f308be.jpg,1.0
cl6b7a6r2009xl455evyu7k9f_6_SWIR_jpg.rf.994b7df8185f4ddb0e3e9ac21360db38.jpg,1.0
cl6e0ic4d000zgk55gqkieyhi_2_FALSE_COLOR_jpg.rf.999c0b3a729890b163c48af1a111ba71.jpg,1.0
cl6lt41jh00268w55ammyc72e_1_TRUE_COLOR_jpg.rf.995aee76095429719d1286a35bcefed7.jpg,1.0
cl6csvg6n00gal45513b052pr_2_FALSE_COLOR_jpg.rf.994d8758b9dda431b7dda72866230752.jpg,1.0
cl6kj5gsh000q8w55a8xmdixf_6_SWIR_jpg.rf.99686ca9005c4a027a7747a84119336f.jpg,1.0
cl6ok56zt005mao55cmacfcg4_4_FALSE_COLOR__URBAN_jpg.rf.996e4d03766bc5590e2a10ff27ba410a.jpg,1.0
cl6ltuz3i002x8w554lrq3tnc_6_SWIR_jpg.rf.9943d595ef59ac4d02d8ba31882c13e4.jpg,1.0
cl6kii4xj000d8w55drgxdpae_6_SWIR_jpg.rf.99ae7b8cff566cb8edf2fcd577263ae4.jpg,1.0
cl6b592jd002tl4553ego08to_6_SWIR_jpg.rf.99b5e8aa75086ce9274289b272c4f4c3.jpg,1.0
cl6b5uskz0058l455gbd534lm_6_SWIR_jpg.rf.997ce4ee28173b78ca26c8df78f0709f.jpg,1.0
cl6e1y3zz001ngk559rm6ec1q_6_SWIR_jpg.rf.99c64c4f120dd584489f362bcc5ea750.jpg,1.0
cl6cglc9n00b8l45520og7tym_2_FALSE_COLOR_jpg.rf.99a61819c894aa3eb149b4e87832633d.jpg,1.0
cl6b6ovux007pl455g8am6gh6_2_FALSE_COLOR_jpg.rf.996e80f2d5e8ced935e13947fc93486d.jpg,1.0
cl6cs2r9300epl455apt67bac_4_FALSE_COLOR__URBAN_jpg.rf.99dd667d885b378917b8e68a064240c9.jpg,1.0
cl6kjd3dd00178w550194376c_1_TRUE_COLOR_jpg.rf.995a31e27b82be26eab84778cfd5f106.jpg,1.0
cl6b5ejqg003kl455gf5wgxm0_6_SWIR_jpg.rf.992d868eba7a3efd0c5db401f2f76323.jpg,1.0
cl6b5dekg003el4552wy46fsz_4_FALSE_COLOR__URBAN_jpg.rf.99ba04d8340f8602f3c26c8e44a58dd9.jpg,1.0
cl6cgcj0400arl455ft6yh6hi_6_SWIR_jpg.rf.996df6924e3e6ba2bd84d9553e2a6fbf.jpg,1.0
cl6oqvksq009bao556412da6l_2_FALSE_COLOR_jpg.rf.99bb5e1191ecb13406ea0917c0aed56d.jpg,1.0
cl6odzs5e002oao55heuig0a6_4_FALSE_COLOR__URBAN_jpg.rf.99edebe98aef32827737fe47fb27fc75.jpg,1.0
cl6b7crtk00a1l4552n2vbda4_1_TRUE_COLOR_jpg.rf.99fc2a917abe0801edc62cb0544c3f5b.jpg,1.0
cl6kj4n7o000o8w55eq83czxi_4_FALSE_COLOR__URBAN_jpg.rf.99f6a5291aad13710f078c8357f91ffa.jpg,1.0
cl6crwhp200e4l455f6nf73c3_1_TRUE_COLOR_jpg.rf.99f0d0baa831c43bf48d271a70a184f1.jpg,1.0
cl6ojv5dx0056ao557rpa0ljr_2_FALSE_COLOR_jpg.rf.9a083e3c9de47bd8d6750d93cf3c986d.jpg,1.0
cl6kj5gsh000q8w55a8xmdixf_6_SWIR_jpg.rf.9a21f17ec406c43eb8336ac08b914e3d.jpg,1.0
cl6b75qhp0098l455giwk7bva_1_TRUE_COLOR_jpg.rf.9a14adedd01f199a7578b3fe31c545a4.jpg,1.0
cl6b5h8hs003sl4559hmj1w9m_6_SWIR_jpg.rf.9a019c886c2f8c9baedda86177c2b353.jpg,1.0
cl6chonxj00cjl455bqcs1fnt_6_SWIR_jpg.rf.9a19e8e3739853af0134f0765613e433.jpg,1.0
cl6e1y3zz001ngk559rm6ec1q_1_TRUE_COLOR_jpg.rf.9a2bda70c03c27ca7e59addaf5969220.jpg,1.0
cl6odyfwh002lao55bnflcuaj_1_TRUE_COLOR_jpg.rf.99f954be9ba6db0213faa78511eaec59.jpg,1.0
cl6opqgtf007nao55d5fr4p16_6_SWIR_jpg.rf.99f6d8c66ea1dfda64c98eefa47316df.jpg,1.0
cl6cpcvc900dgl45500ys0wsi_2_FALSE_COLOR_jpg.rf.9a30db2418bdf4fce247e01b70e31256.jpg,1.0
cl6csapmj00f7l4558gne2y5r_6_SWIR_jpg.rf.9a5002cd23b4b7c5ec1b9a5e91bf4803.jpg,1.0
cl6e2u0ix002igk555d3b0uai_4_FALSE_COLOR__URBAN_jpg.rf.9a5ad0a7dae6d1ee5ca04d46c6fe26c5.jpg,1.0
cl6cg5po900afl4552e791kdq_4_FALSE_COLOR__URBAN_jpg.rf.9a664e9206a54b75c5423cb86fbcc749.jpg,1.0
cl6lt6ipg00288w55ee7scu7b_4_FALSE_COLOR__URBAN_jpg.rf.9a5cb3438e30f687a0062fa15c543a79.jpg,1.0
cl6lt6ipg00288w55ee7scu7b_2_FALSE_COLOR_jpg.rf.9aa2f1b168b745a348b98eacac8919dd.jpg,1.0
cl6oplsq0007fao556ul723tq_4_FALSE_COLOR__URBAN_jpg.rf.9a95f786e5323960d596fe01dc5c7317.jpg,1.0
cl6kgjivy002xc4559k1m5r9y_1_TRUE_COLOR_jpg.rf.9aa3e56a176a4a073a6d9c2fbbd28c61.jpg,1.0
cl6kgbl9x002dc4559jl8blf8_4_FALSE_COLOR__URBAN_jpg.rf.9ab156b65e256adbba70441c96cb0b9f.jpg,1.0
cl6kfqf04001dc45543rtgu9n_6_SWIR_jpg.rf.9ad8d98e0e82eeae2c19aacda1b4c4de.jpg,1.0
cl6kf5bk5000fc455brw6a6hw_2_FALSE_COLOR_jpg.rf.9b39564ed488f262b13a7858cf0f6d93.jpg,1.0
cl6m0w1nh002z8w558do5f7ar_1_TRUE_COLOR_jpg.rf.9aedaf959aeb7b7ab17386585007c4bd.jpg,1.0
cl6b6fb550077l455eud74h5q_1_TRUE_COLOR_jpg.rf.9afeee3c27f5d4df29e526834e287ee3.jpg,1.0
cl6ltc7lo002h8w556xm59h02_1_TRUE_COLOR_jpg.rf.9ac0ce0a1fdc63ec6fab21dea85759dc.jpg,0.0
cl6b77nut009ll45588wha4d5_2_FALSE_COLOR_jpg.rf.9abe6dee83205ed84c8820f32a92c6bb.jpg,1.0
cl6m16jg100398w5516eqah85_1_TRUE_COLOR_jpg.rf.9af6ea288463b9c95dea3c9f2d064224.jpg,0.0
cl6chw5x300csl455fwv6g4li_2_FALSE_COLOR_jpg.rf.9b3a955b004ca2f119f7aa29e46ea30a.jpg,1.0
cl6oig6yp0030ao55grdefh8e_1_TRUE_COLOR_jpg.rf.9acd7335b775a84cd42e3fe25221307f.jpg,1.0
cl6cse9tv00fbl4552j5aepjj_1_TRUE_COLOR_jpg.rf.9aeb9cd6c78f44367b1b364942ef8170.jpg,1.0
cl6e3gmqp0040gk55gklf0ka1_2_FALSE_COLOR_jpg.rf.9b3f37ea033b9a2dcd770fa0b0d6110c.jpg,1.0
cl6kj8fjf00118w55aij5h57n_6_SWIR_jpg.rf.9b4da62f290cc736d6bf6166aab94abb.jpg,1.0
cl6op2fce006fao55753l8ulj_2_FALSE_COLOR_jpg.rf.9b2314f8215ee14bfa7e817477974f8d.jpg,1.0
cl6ocys2m000sao5550mof7nx_6_SWIR_jpg.rf.9b39e1885b9b321a3a0fd4272525a215.jpg,1.0
cl6b5a7y0002xl4559jz37wc4_1_TRUE_COLOR_jpg.rf.9b4229ae5af50b820c66028eb578ef57.jpg,1.0
cl6ct3pgp00gsl455ha8uf8on_6_SWIR_jpg.rf.9b12bf57c459d40f219b987227e979fb.jpg,1.0
cl6b5t5vk004zl455d1h36vwf_1_TRUE_COLOR_jpg.rf.9ac23a37043f220a7fac4b09dfed20d7.jpg,1.0
cl6b551w3002dl4550lwt59yl_1_TRUE_COLOR_jpg.rf.9b682078498e19ab7913bf09de848952.jpg,1.0
cl6e3cezg003lgk551giraowq_1_TRUE_COLOR_jpg.rf.9ae3ef254ca1c9d215bbd7a1184110e9.jpg,1.0
cl6oui3xy00aoao55d29e9vlz_4_FALSE_COLOR__URBAN_jpg.rf.9b20f2ea055fd4baff093b9d4e542803.jpg,1.0
cl6b0blqb000nl455c1ul13y1_2_FALSE_COLOR_jpg.rf.9b3756c53bf12c56996faa26d49af820.jpg,1.0
cl6b5c2sv0035l455962o3knd_1_TRUE_COLOR_jpg.rf.9b4ba80cd05b58b3170f675cf9041e3a.jpg,1.0
cl6b50joj0020l455h0thgx23_4_FALSE_COLOR__URBAN_jpg.rf.9b765fb7c99c404382ae9ccc6b762335.jpg,1.0
cl6e31up4002zgk55aj7w7a0x_1_TRUE_COLOR_jpg.rf.9a9292da64f01771ca0097832319cb97.jpg,1.0
cl6oq0pc4008cao550sw50jjc_2_FALSE_COLOR_jpg.rf.9b9487efe6aedde30386f91c826ba083.jpg,1.0
cl6ojv5dx0056ao557rpa0ljr_4_FALSE_COLOR__URBAN_jpg.rf.9b994846ac699918fba9fae9c8111887.jpg,1.0
cl6b5vl5q005bl4554dg30yje_1_TRUE_COLOR_jpg.rf.9b854972bb4fa834cac96979130d5084.jpg,1.0
cl6cthgh500hpl4550qm12ykl_1_TRUE_COLOR_jpg.rf.9ba38058e35b4a3aee5ed4b2a18e7753.jpg,1.0
cl6m1gm78003z8w553teegbzw_1_TRUE_COLOR_jpg.rf.9bad3e9b1cdfc098389065c337af82ee.jpg,1.0
cl6b7g1w400a8l455eezq0iqb_1_TRUE_COLOR_jpg.rf.9bbac359fff6ea86941b3322b3f43f1f.jpg,1.0
cl6chzaqh00d0l4557irlbjwq_4_FALSE_COLOR__URBAN_jpg.rf.9bce5c7175c9c9b84bf9af2d8f11d0ad.jpg,1.0
cl6b6fb550077l455eud74h5q_2_FALSE_COLOR_jpg.rf.9bd2d0528c2027b74d185c082b318ccc.jpg,1.0
cl6orlxem009lao5513o7hr6s_2_FALSE_COLOR_jpg.rf.9be8eaae191d3d9df0b9f1dd46339982.jpg,1.0
cl6az56oy0003f05554mh92wy_6_SWIR_jpg.rf.9bc17856cde03b99b045079aa1eb7901.jpg,1.0
cl6b06tq7000dl45584afckiv_4_FALSE_COLOR__URBAN_jpg.rf.9bae4ecf8b8b261130fae6d78eabecd8.jpg,1.0
cl6e1mzj0001bgk55bm966l6h_4_FALSE_COLOR__URBAN_jpg.rf.9bd880c7df7e822d36524214478aa4a4.jpg,1.0
cl6ops2eo007sao551s7xen90_4_FALSE_COLOR__URBAN_jpg.rf.9be129d6bd5ef2a09f01d7bfaa483738.jpg,1.0
cl6e3bzkq003kgk550ppl67ww_2_FALSE_COLOR_jpg.rf.9bd4bf3d50a77306b7b42e61250049a7.jpg,1.0
cl6oj3e9z0049ao5543571do7_2_FALSE_COLOR_jpg.rf.9bbb3a738f84311a2061cdefd1e28820.jpg,1.0
cl6ct99jl00h6l4552nabhg3g_6_SWIR_jpg.rf.9bf61904b3f240a0d48acdb0b676db92.jpg,1.0
cl6opbe62006wao55djzu951u_2_FALSE_COLOR_jpg.rf.9bdb81669e757eae9fd5421cf5217d50.jpg,1.0
cl6kgcy30002hc455hqb400gb_6_SWIR_jpg.rf.9c00a00cbf20077c2b0992a17b5d34be.jpg,1.0
cl6kfsip4001jc455e11ybj3f_2_FALSE_COLOR_jpg.rf.9c09eaf0df548eb3d084712cc696de17.jpg,1.0
cl6e2kcsy002cgk5582jih4dd_2_FALSE_COLOR_jpg.rf.9bd2bb6a5ff86c2d2e3f0c70ddde4ba3.jpg,1.0
cl6odx8ff002jao5531b01e4o_1_TRUE_COLOR_jpg.rf.9bc6920255cae833a28e2f6c5366f1db.jpg,1.0
cl6lsxiqd001v8w55fgtjavib_2_FALSE_COLOR_jpg.rf.9becb5cc6994883a8f0e5754c6edc708.jpg,1.0
cl6e2kygp002egk55asrs2brz_4_FALSE_COLOR__URBAN_jpg.rf.9c094fc15eaf1e3be2f0d13af63f414b.jpg,1.0
cl6ct64f500gyl455byyqdaud_4_FALSE_COLOR__URBAN_jpg.rf.9bcf75253eeba60cfc39cbc49341a37b.jpg,1.0
cl6oq26pe008eao55afu47fi0_4_FALSE_COLOR__URBAN_jpg.rf.9c0a33001c122d340573d52e2bb3d750.jpg,1.0
cl6ok2egr005kao55bv7hfye5_2_FALSE_COLOR_jpg.rf.9bfc33781a2f6ddd5d020a7033227aa0.jpg,1.0
cl6oiz4yx0040ao55gbep3evs_4_FALSE_COLOR__URBAN_jpg.rf.9c0b25a29c9c9d6453eb4525e1e94b8d.jpg,1.0
cl6cgbyeo00aql455eui3fiu4_2_FALSE_COLOR_jpg.rf.9baff16f1213ab6397b7ef0ac5a3d893.jpg,1.0
cl6ocxo5w000oao5510nb2jrx_1_TRUE_COLOR_jpg.rf.9c154f5872a82298ac9df19d18534715.jpg,1.0
cl6cte7ud00hjl455f3v1es6e_1_TRUE_COLOR_jpg.rf.9c2d62707e585837b4b10db07273b8d5.jpg,1.0
cl6ojo12l004wao55btps0rwg_2_FALSE_COLOR_jpg.rf.9c2dc04979e38efdadbbb28d32c45588.jpg,1.0
cl6cti5zm00hrl4555pdk0ef9_4_FALSE_COLOR__URBAN_jpg.rf.9c1c948f9d7e4e8f80e4e239a053e54a.jpg,1.0
cl6kgfqaa002oc455gxuy2vys_2_FALSE_COLOR_jpg.rf.9bb266440bfa15437c02ac61375b3310.jpg,1.0
cl6b7fkmx00a7l455d75h2co1_6_SWIR_jpg.rf.9c2c5340c032dadb78a1569f64bae5a4.jpg,1.0
cl6ctopvo00i4l455cgtw30dd_4_FALSE_COLOR__URBAN_jpg.rf.9c45a506df972d2d030a9a3fadf8b9e6.jpg,1.0
cl6ct849h00h0l4554tpb1q3i_1_TRUE_COLOR_jpg.rf.9ba714b8de4cb85a2bda63c6da2afdd1.jpg,1.0
cl6ok0jxn005hao55hyz7967m_2_FALSE_COLOR_jpg.rf.9c48a340e10737a2590a09c7851d808e.jpg,1.0
cl6op9m80006sao552sp0bgyl_2_FALSE_COLOR_jpg.rf.9c79948b38a7c53baec146d68bb4b9be.jpg,1.0
cl6cstc5x00g7l455ec9d32eh_1_TRUE_COLOR_jpg.rf.9c4eb1ab948f0350de4dff704bb49148.jpg,1.0
cl6oitxum003tao55ghqu4f36_2_FALSE_COLOR_jpg.rf.9c7d8788316aac666bfa34e75acc548e.jpg,1.0
cl6e3281e0030gk551kti6yl3_1_TRUE_COLOR_jpg.rf.9c39d2e3a312fd7c5778a30b00b21a78.jpg,1.0
cl6ou5qcj00a3ao555mak9y55_6_SWIR_jpg.rf.9caefc012e6979656dc5269b99aaf68f.jpg,1.0
cl6ojycgj005bao557mc6afad_4_FALSE_COLOR__URBAN_jpg.rf.9c683b28c5ca6f4c801b21104e7b1752.jpg,1.0
cl6b5w0pv005dl455ej5m1iej_1_TRUE_COLOR_jpg.rf.9cbd7a506a3aad4595200a745dd546b9.jpg,1.0
cl6ctquqv00i6l4554a2rdn94_6_SWIR_jpg.rf.9c6605d58a793116a714417d7121637b.jpg,1.0
cl6b6lhmf007ll4552cnl5tsv_4_FALSE_COLOR__URBAN_jpg.rf.9cbe6624ec87f3f330c79280957ca2fb.jpg,1.0
cl6b6o1av007nl455829ah78j_4_FALSE_COLOR__URBAN_jpg.rf.9c6d7497abaa9d9445fc21c1f9be0f84.jpg,1.0
cl6oim1lr003cao555vs11jcz_6_SWIR_jpg.rf.9cabe1ae52a2231140a4ab608e237b08.jpg,1.0
cl6oroiyh009qao55fjioccgf_6_SWIR_jpg.rf.9c8c6791299e0c5923943725e37c3069.jpg,1.0
cl6octpb0000gao557tk19wmi_2_FALSE_COLOR_jpg.rf.9c7bb8e71b200d39bf5794a0976f04a7.jpg,1.0
cl6b0lf0t0017l4550spldd4v_2_FALSE_COLOR_jpg.rf.9c85eda32bdbf3128e03782f8d2f474a.jpg,1.0
cl6ltuz3i002x8w554lrq3tnc_4_FALSE_COLOR__URBAN_jpg.rf.9cb1f197052ec55af0c22ac763431aa9.jpg,1.0
cl6e32fcc0031gk55dtxeatwl_2_FALSE_COLOR_jpg.rf.9c31e16cbeb48240ef96a5015267106f.jpg,1.0
cl6opr2a8007pao556ffeh9fl_4_FALSE_COLOR__URBAN_jpg.rf.9ccc5fecdf435388c9fe2f7f0045c13c.jpg,1.0
cl6b5u4030055l455hl9956ni_6_SWIR_jpg.rf.9cb363be048a831bc52b7d6a82aaa890.jpg,1.0
cl6crwhp200e4l455f6nf73c3_2_FALSE_COLOR_jpg.rf.9c7178cde0061efd78d83f6807da14a3.jpg,1.0
cl6b5ut900059l45529cb1tl2_2_FALSE_COLOR_jpg.rf.9cdf776e2f322dd9e0fdfcdf44b3524c.jpg,1.0
cl6oips2c003kao559sp4fuwd_6_SWIR_jpg.rf.9c9cc5fb445a8f54a104beacbe03d4f3.jpg,1.0
cl6keyw310001c4551ugx15q5_2_FALSE_COLOR_jpg.rf.9cd5f26aba7311006687d2d4d743cfc6.jpg,1.0
cl6ok0jxn005hao55hyz7967m_1_TRUE_COLOR_jpg.rf.9cd728e0ab37e1445c04217f5a8b9c3d.jpg,1.0
cl6orr67o009yao552re7cwu8_1_TRUE_COLOR_jpg.rf.9c8b42f13490ff01d9fbe701c129cb38.jpg,1.0
cl6kfe4yn0012c4556ug51m1e_6_SWIR_jpg.rf.9cc47e94c5a7e5cad2a46b3063c0a31f.jpg,1.0
cl6chxgc300cvl455h1z60m0l_2_FALSE_COLOR_jpg.rf.9cccedf274cdf25eac63a64ee3eec8ac.jpg,1.0
cl6b7gtl200aal4552nve0ap1_1_TRUE_COLOR_jpg.rf.9cdffaf338b4be54130c1d44b2442cbc.jpg,1.0
cl6b5f0o3003ll4553yz85s0u_1_TRUE_COLOR_jpg.rf.9cee031c0ae1341bc75430a61b731e7e.jpg,1.0
cl6b6tta10081l455gz1y3eys_4_FALSE_COLOR__URBAN_jpg.rf.9d12009524177e7f595ea290ee3f98ca.jpg,1.0
cl6b7hk7q00adl4550rwe3x4h_2_FALSE_COLOR_jpg.rf.9cfe3324a01edf324d7ee9c14d3b56c8.jpg,1.0
cl6cti5zm00hrl4555pdk0ef9_1_TRUE_COLOR_jpg.rf.9d05b286e54f1040793b188b923eded9.jpg,1.0
cl6ct07zx00gll4554jg5b8r4_4_FALSE_COLOR__URBAN_jpg.rf.9d25dd8350fb00f49122b1b015c94671.jpg,1.0
cl6e2cbgk001tgk5560zhhqm7_1_TRUE_COLOR_jpg.rf.9d01b2646b1a5fdc6456d9b9a8257f05.jpg,1.0
cl6b620rw005yl455a8ev4bo0_6_SWIR_jpg.rf.9d6ab384e0bc1ff8604cb5d31fb9c350.jpg,1.0
cl6oq5o43008lao55fwaycnl7_2_FALSE_COLOR_jpg.rf.9cfd87c0523ab1fee7c7766adc92b460.jpg,1.0
cl6chl1rg00cbl455e1p5cw7x_1_TRUE_COLOR_jpg.rf.9d38613c352778df47bf6e121f1290fe.jpg,1.0
cl6kjjuo1001n8w55cwk28w01_1_TRUE_COLOR_jpg.rf.9d0da0ebb09d66d3f25faaadbc96ea5e.jpg,1.0
cl6b694mv006ml4554nwqack1_1_TRUE_COLOR_jpg.rf.9d3ecd7c45d71a0b40872ff2f8d897b3.jpg,1.0
cl6b77933009jl4554y5l30h3_4_FALSE_COLOR__URBAN_jpg.rf.9d158eba25ad05f2b69d21ff9d3c225f.jpg,1.0
cl6b5f9f1003ml455abwkc72t_1_TRUE_COLOR_jpg.rf.9d71e890750b986f0d76a50b09c091ca.jpg,1.0
cl6e36bwt003egk553qs07yng_2_FALSE_COLOR_jpg.rf.9d5eef1db221625e399592a925fd92a0.jpg,1.0
cl6ouls6z00ayao55bf2p0x2k_1_TRUE_COLOR_jpg.rf.9d0ba5e98e7c04e01d4d84df7d3a4ebc.jpg,1.0
cl6oiyg3q003zao55c5k11xtf_4_FALSE_COLOR__URBAN_jpg.rf.9d11b3204821cfdfe9ba0ae7da1a3eef.jpg,1.0
cl6m1b5o6003f8w55bts57rav_6_SWIR_jpg.rf.9d5a06498bead76f3210f7438498a10d.jpg,1.0
cl6b5o2zq004el455548z49am_4_FALSE_COLOR__URBAN_jpg.rf.9d64d8ef9389e3aa5e842acaa6d13e62.jpg,1.0
cl6cpeq5000dkl455ae4qcoq2_1_TRUE_COLOR_jpg.rf.9ce7827ccafe696602019aea38f0b9d2.jpg,1.0
cl6kgdzqp002kc455030p44eo_4_FALSE_COLOR__URBAN_jpg.rf.9d34137e2b2ce480061037db8a642c9a.jpg,1.0
cl6azt6cd0002go55f0qt1otm_4_FALSE_COLOR__URBAN_jpg.rf.9d723711f78d1723489bf47cb6d94138.jpg,1.0
cl6crzmr500ecl4558jp511l2_4_FALSE_COLOR__URBAN_jpg.rf.9d4a31bd0924c87890c76a4b97818545.jpg,1.0
cl6kf5bk5000fc455brw6a6hw_1_TRUE_COLOR_jpg.rf.9d671358c96c681ada2fe9d92252bc51.jpg,1.0
cl6kgdfbl002ic45506ui0jbm_6_SWIR_jpg.rf.9d0213082250cb60260068eebbb73633.jpg,1.0
cl6b5u0en0054l4551vpacdoj_2_FALSE_COLOR_jpg.rf.9d52133f800ff6bebec4fc2123a49675.jpg,1.0
cl6odl83k001zao5593urbteq_1_TRUE_COLOR_jpg.rf.9d7a572480bbfb122cbe890d097f5081.jpg,1.0
cl6csrtfm00g2l455becnfxr8_2_FALSE_COLOR_jpg.rf.9d7ebcd5cf00fd7ed2d2c3946d74ea8a.jpg,1.0
cl6b78tww009tl45524un0omv_6_SWIR_jpg.rf.9d7477d200a5158f12abd698d7cb41e0.jpg,1.0
cl6lsxiqd001v8w55fgtjavib_1_TRUE_COLOR_jpg.rf.9d8ed0e7d4c24d941a8ba42272e2a3b4.jpg,1.0
cl6chb1kq00c3l45538v16mga_2_FALSE_COLOR_jpg.rf.9d8f7964ae69f8700b5dbdd7238567f5.jpg,1.0
cl6ormrr6009nao55a7r8cs06_6_SWIR_jpg.rf.9da39b3c8df90879de243260571fa238.jpg,1.0
cl6ctbgwv00hel455fxql5pdm_1_TRUE_COLOR_jpg.rf.9d95c877bfadab06f7cffe6614ea4181.jpg,1.0
cl6e0ic4d000zgk55gqkieyhi_1_TRUE_COLOR_jpg.rf.9d89710922b06b47c29466354757a941.jpg,1.0
cl6b7fkmx00a7l455d75h2co1_2_FALSE_COLOR_jpg.rf.9e013990acf6e25ac17bddb14509711d.jpg,1.0
cl6oqdjr6008yao55dfmibcy4_6_SWIR_jpg.rf.9ddd665f8baaf0b8cbb50ad9acd5191d.jpg,1.0
cl6oq2n1i008fao551fa07saw_4_FALSE_COLOR__URBAN_jpg.rf.9e02e8dc83cf1b3824d076f004ee3b92.jpg,1.0
cl6odcx12001oao55f8bma9y4_1_TRUE_COLOR_jpg.rf.9d85cce5d826bf5bf858def77fc01935.jpg,1.0
cl6kj7x8x000z8w550u2icc2v_1_TRUE_COLOR_jpg.rf.9dc99d12c91cd4485e6980da614e34ba.jpg,1.0
cl6b762z9009al4555tw4br78_6_SWIR_jpg.rf.9db74d816c67cd2a6220048a7b09c28e.jpg,1.0
cl6ougd7000akao555jiq5oyz_1_TRUE_COLOR_jpg.rf.9dd0d5e75284b4a85b33179f423f4820.jpg,1.0
cl6oq1492008dao553mjgbuun_2_FALSE_COLOR_jpg.rf.9e18795ef54852c9f13ff2f221f2e2ae.jpg,1.0
cl6op3smm006gao55ea02ba3u_2_FALSE_COLOR_jpg.rf.9e0769021aba085f233c071f68f801b6.jpg,1.0
cl6e2u0ix002igk555d3b0uai_6_SWIR_jpg.rf.9e22cd10f15b2dc9d2d738378edbdf3c.jpg,1.0
cl6e3gza20041gk5576hgd9vg_2_FALSE_COLOR_jpg.rf.9e1ad3c80b45cc971e0544b728850078.jpg,1.0
cl6e06h37000agk55e1m39xvy_4_FALSE_COLOR__URBAN_jpg.rf.9d99997eef380a2781acd6aa1c73c1db.jpg,1.0
cl6b6nafs007ml4558op181ff_1_TRUE_COLOR_jpg.rf.9e07efd1733244be20091790dadc986a.jpg,1.0
cl6lszvtz001z8w55b69k6gsj_6_SWIR_jpg.rf.9e0e28cde9b169c7d2d54e12afb23d0a.jpg,1.0
cl6b6vvhu0087l4557uqog2by_6_SWIR_jpg.rf.9e34f45400d13adf54714a48304e2200.jpg,1.0
cl6oiiz8r0036ao55b8lt6p4l_2_FALSE_COLOR_jpg.rf.9e36b959628b51e1ee3f13c218281bd9.jpg,1.0
cl6kez8j70002c455axv68ulf_1_TRUE_COLOR_jpg.rf.9e054621f00a2c9686a47b48d50f87f6.jpg,1.0
cl6cskwng00fol4555eloc4nh_1_TRUE_COLOR_jpg.rf.9e5a4a15239038fe8b1fe40a2699390f.jpg,1.0
cl6oqbr98008uao55hhpyg2l0_2_FALSE_COLOR_jpg.rf.9e1483922c610c3d321e043329243afe.jpg,1.0
cl6aniex40000f0559xrzal6j_4_FALSE_COLOR__URBAN_jpg.rf.9df865cdac1f1d16757643d3ba8b16f6.jpg,1.0
cl6ltu5kv002v8w555n2uhb4s_1_TRUE_COLOR_jpg.rf.9e746308bf48d614907751df3eb821d9.jpg,1.0
cl6cpfs8q00dml4554w0t2f82_6_SWIR_jpg.rf.9e17de6301a826ef5ec7849e660aef21.jpg,1.0
cl6lt37ph00248w55dnhvff9s_6_SWIR_jpg.rf.9e747a7a11b6d6733f5af1744f28bc31.jpg,1.0
cl6orsbq600a1ao5543sigy1j_2_FALSE_COLOR_jpg.rf.9e82735712346847f4dde5f7aa565700.jpg,1.0
cl6ctmr0300hzl4556sau1m41_1_TRUE_COLOR_jpg.rf.9e8b81494923661ff35c0394a11839cc.jpg,1.0
cl6m1dd0r003o8w5569ma5agl_1_TRUE_COLOR_jpg.rf.9e9bfb7391e022c60f99fb472c6f0f83.jpg,1.0
cl6cpc9qx00del455co6haqas_1_TRUE_COLOR_jpg.rf.9ec3f094a588806a00bc1ca2e1e92bf2.jpg,1.0
cl6kig3wf00098w556e894kgn_2_FALSE_COLOR_jpg.rf.9ece413cb9835b8410585083a079b343.jpg,1.0
cl6kf821l000nc4555y4p2rm4_6_SWIR_jpg.rf.9e8a79e0403657a1524218a4f1a43b65.jpg,1.0
cl6b7118q008ol4551ye8g44d_6_SWIR_jpg.rf.9eaeb4920acc3225ef38291778c0cf15.jpg,1.0
cl6kitrsd000j8w557yff59mf_4_FALSE_COLOR__URBAN_jpg.rf.9e9a141700fd8e9fcdb8697f92fb2216.jpg,1.0
cl6dypwru000chg559pvqei5w_2_FALSE_COLOR_jpg.rf.9ecb210fac570cbdb3ba68107ec6808c.jpg,1.0
cl6opvi1n007yao55cdfm04gj_2_FALSE_COLOR_jpg.rf.9ef3e3877bd8ed34d82c9209f60c9f7f.jpg,1.0
cl6ct99jl00h6l4552nabhg3g_4_FALSE_COLOR__URBAN_jpg.rf.9f30b1318f2c0c3a5b8e7c02474543c2.jpg,1.0
cl6ct487q00gul455bxvzaopi_1_TRUE_COLOR_jpg.rf.9f5a45a02cd97543c1fc83dbf76e1b1d.jpg,1.0
cl6ltqjke002q8w55ct7j5tel_2_FALSE_COLOR_jpg.rf.9eee98ce89ee9f1af3e411e6c0e31f8b.jpg,1.0
cl6oirxxk003oao552r40b8yf_1_TRUE_COLOR_jpg.rf.9f03334ced47de4be813a93ab3886aac.jpg,1.0
cl6ch93ke00c2l4558vo85rjw_4_FALSE_COLOR__URBAN_jpg.rf.9eff022d2f2fd6c35093b08a88603412.jpg,1.0
cl6b6d8tg006zl455b6e3ca7q_2_FALSE_COLOR_jpg.rf.9f02590f17d28babd61293b84a5adc22.jpg,0.0
cl6opfjg40074ao557e3g3skn_6_SWIR_jpg.rf.9f0bdafad00fb086c00f75f479c8f21c.jpg,1.0
cl6m1h5id00408w55h3u27bzc_1_TRUE_COLOR_jpg.rf.9ef30f61bef4889054030f5cede1fab4.jpg,1.0
cl6kjk4ho001o8w55ai7s6txj_6_SWIR_jpg.rf.9f2729852009b8eafd760b625975913f.jpg,1.0
cl6kg0ssm0021c4559i7q1mhh_1_TRUE_COLOR_jpg.rf.9eb3892e00851524f2ee2b49ddb72d82.jpg,1.0
cl6b748ds0092l455b1k2fidy_4_FALSE_COLOR__URBAN_jpg.rf.9f6151c96227fa8533de2d995a7d6b37.jpg,1.0
cl6e31hgi002ygk55dfaq7cqn_2_FALSE_COLOR_jpg.rf.9d8db8ced10956505b7c13c799f8e31c.jpg,1.0
cl6b5goei003ql45521jt4njh_6_SWIR_jpg.rf.9f3667c4bf1ee88acb6857b78b5191fb.jpg,1.0
cl6op7ba0006mao558jkudmdk_4_FALSE_COLOR__URBAN_jpg.rf.9f0bc02d233447700b87fa2e966d1fe6.jpg,1.0
cl6okf9bk0067ao55bstpe75r_6_SWIR_jpg.rf.9f4b39449ffc29820a56309bb6d62fd8.jpg,1.0
cl6b5a7y0002xl4559jz37wc4_4_FALSE_COLOR__URBAN_jpg.rf.9ed943614b5dd90339a7ae1c8ce6aec9.jpg,1.0
cl6b7f8ys00a6l4550hw509f9_1_TRUE_COLOR_jpg.rf.9f66d0fca414a491f8968533a869f967.jpg,1.0
cl6opeibd0071ao55f9t2g6nw_4_FALSE_COLOR__URBAN_jpg.rf.9fa89c9b00d21c171c347c1f35278785.jpg,1.0
cl6ojftwf004vao557igrc357_4_FALSE_COLOR__URBAN_jpg.rf.9f820cbc46f2da088fb0cba1dd8f14ad.jpg,1.0
cl6crtivm00dwl45544k043su_6_SWIR_jpg.rf.9fabf536e69dc0ab22ece8d183219a18.jpg,1.0
cl6kj7x8x000z8w550u2icc2v_6_SWIR_jpg.rf.9fc9dce9fd2f5cb5d97f0c7d3668f375.jpg,1.0
cl6ki3fbe00018w55146m86ja_6_SWIR_jpg.rf.9fbc6e12269b0d2045318122b3ae90cd.jpg,1.0
cl6kj5gsh000q8w55a8xmdixf_2_FALSE_COLOR_jpg.rf.9f90cd0d12e31d61c5f0e706f4fd2f45.jpg,1.0
cl6opgi3y0076ao555l7p203p_6_SWIR_jpg.rf.9f314720e9a52e0858d97cb332ea5e33.jpg,1.0
cl6b5yjxa005nl45516k465kb_2_FALSE_COLOR_jpg.rf.9fcdcec3f2b266edb9241e3d25ef81cc.jpg,1.0
cl6chk39d00c9l455805d6a4d_1_TRUE_COLOR_jpg.rf.9fadf531d20881eb0ba0660c88393e6b.jpg,1.0
cl6ctfvqa00hnl455fu4bf37z_2_FALSE_COLOR_jpg.rf.9fda925aacd0b21fb8cc7ee214452feb.jpg,1.0
cl6e311ol002wgk554lafcdqd_1_TRUE_COLOR_jpg.rf.9fd7c1b899ecfe23286b22af80bb33b1.jpg,1.0
cl6ojsywi0052ao55d43z62q3_4_FALSE_COLOR__URBAN_jpg.rf.9fd7f56ea7164402a5c45f35242f921f.jpg,1.0
cl6b6172m005wl45594a27gqy_1_TRUE_COLOR_jpg.rf.a00616a1c60139d36467715c2dac879d.jpg,1.0
cl6kf4001000dc455co2qd2kx_2_FALSE_COLOR_jpg.rf.9fa0796c9229bffe3d9ec54b16c20d5f.jpg,1.0
cl6oj031d0042ao55aior769s_2_FALSE_COLOR_jpg.rf.a0121e56a0f5932d56ca9b5adbd92dd4.jpg,1.0
cl6oj4idn004cao558e80ezcu_6_SWIR_jpg.rf.a095f5a6d7d48b027ca54e2104b5f16a.jpg,1.0
cl6kjgg8s001f8w55gpld4jfw_1_TRUE_COLOR_jpg.rf.a012a5e26725e3f2770a6c9cd4253c39.jpg,1.0
cl6cgr33o00bfl45526e3ajl1_1_TRUE_COLOR_jpg.rf.a071cc2e8d70097fa047f47ba262f82c.jpg,1.0
cl6cgnbdj00bdl455d8vd8iqf_4_FALSE_COLOR__URBAN_jpg.rf.9ff2438518773a364db8b4765a1ed8d8.jpg,1.0
cl6ouhohh00anao55e3fn1crb_6_SWIR_jpg.rf.9fd6a083d7c402bd3f6f9522346ee641.jpg,1.0
cl6opat9m006uao55hjajghn3_1_TRUE_COLOR_jpg.rf.a05a26093b88ac23ea1d1d7db0da17e3.jpg,1.0
cl6b7118q008ol4551ye8g44d_2_FALSE_COLOR_jpg.rf.a0835de9ce13426bfb1e6bc12e387b39.jpg,1.0
cl6ojysgh005dao55c9ax3bwq_1_TRUE_COLOR_jpg.rf.a089042877112dd9ef4e263679bce843.jpg,1.0
cl6ou7ryz00a9ao554y3uh8jm_6_SWIR_jpg.rf.a030089ce6c9ad83b764d5cf156c2e56.jpg,1.0
cl6ct23ww00gql45503oubjmo_1_TRUE_COLOR_jpg.rf.a0a68af776b0e7b21a9dfa4a714aff37.jpg,1.0
cl6kfy9v8001vc4559ubi2rde_1_TRUE_COLOR_jpg.rf.9fdb266fc6d193e0bf109757196ffcf2.jpg,1.0
cl6e36bwt003egk553qs07yng_1_TRUE_COLOR_jpg.rf.a02c3cd0111b9ec1fb6bd2b0dd97e43f.jpg,1.0
cl6b7e0xs00a2l455ahn69x2p_2_FALSE_COLOR_jpg.rf.9fe5fed67d3a5edfb57889279529373d.jpg,1.0
cl6csuejr00g9l45566f93g4a_1_TRUE_COLOR_jpg.rf.a0a1e808ee0206081ef4fe90dceb1753.jpg,1.0
cl6b68nqw006il4558i0lfs72_1_TRUE_COLOR_jpg.rf.a0a7f59c767e0f4f3888fbd0a128f186.jpg,1.0
cl6lt41jh00268w55ammyc72e_2_FALSE_COLOR_jpg.rf.a0aad9119cdeedddd082f4a5b9c4c4f2.jpg,1.0
cl6b6djlb0070l455aknp8lu8_4_FALSE_COLOR__URBAN_jpg.rf.a0597e604d0fab8d572b79a623c95f39.jpg,1.0
cl6b78tww009tl45524un0omv_1_TRUE_COLOR_jpg.rf.a07a18686ca035e46d4e1c16260bb3e8.jpg,1.0
cl6b72wd6008tl455cfr9czh5_1_TRUE_COLOR_jpg.rf.a09359618e1425c97e4c42875af27721.jpg,1.0
cl6ocu86l000hao5586i77xky_1_TRUE_COLOR_jpg.rf.a0cad904c5728fb283e67241f1f3d028.jpg,1.0
cl6orndip009oao55fid2ccb1_2_FALSE_COLOR_jpg.rf.a0b5b0a3dee210a5a9e4420e308304ab.jpg,1.0
cl6kgcy30002hc455hqb400gb_1_TRUE_COLOR_jpg.rf.a0aca34617db9a1a9972dc75e8b755fb.jpg,0.0
cl6oujzw400auao55d5qwbeah_2_FALSE_COLOR_jpg.rf.a0bee325965f4500005704620698ac7f.jpg,1.0
cl6cso4jp00ful45554tn3v0d_1_TRUE_COLOR_jpg.rf.a0e163a436eee7363104fda4d3a0e456.jpg,1.0
cl6b5nqx3004dl4556qu6azh4_1_TRUE_COLOR_jpg.rf.a0e4f117b50d32032b17c072f3d279b6.jpg,1.0
cl6b6v8zy0085l4551xgq4ys0_6_SWIR_jpg.rf.a0ed999c50b6c02d43616d1248d819f1.jpg,0.0
cl6e36bwt003egk553qs07yng_6_SWIR_jpg.rf.a0ed29ea30799dc573ba1f547bb2642c.jpg,1.0
cl6b76n2v009fl455ajbx914d_2_FALSE_COLOR_jpg.rf.a0e56a59dd2a93bd69487a38aaa6a160.jpg,1.0
cl6opi0lv0079ao554ptl5yd7_6_SWIR_jpg.rf.a0d1b633b7dd580655e9947e2192d76c.jpg,1.0
cl6csq2j100fyl4550kka11gw_2_FALSE_COLOR_jpg.rf.a1291a0defbd73e3a63b84a6beac996a.jpg,1.0
cl6e2n2tv002hgk553va60g50_2_FALSE_COLOR_jpg.rf.a0ee5d8afd8c127a9ae5f65023bf1607.jpg,1.0
cl6e024qp0002gk55hw935fuj_2_FALSE_COLOR_jpg.rf.a0fd6c22bff17c1bd81cf54007106391.jpg,1.0
cl6ocy9ma000qao55g73m5yl6_6_SWIR_jpg.rf.a120f4250ecaab9c6f059d3a6249dd57.jpg,1.0
cl6m1a7kz003c8w55646e1v53_1_TRUE_COLOR_jpg.rf.a1216c8c91897bbe35c60eb3f1d5c071.jpg,1.0
cl6ctkcif00hvl455e4f58h78_1_TRUE_COLOR_jpg.rf.a16aedea0512c9655e86a6b7baacb770.jpg,1.0
cl6ltpzi4002p8w558kple65k_2_FALSE_COLOR_jpg.rf.a0c93b0233b2fb2d93f3b52f769523a2.jpg,1.0
cl6ok1ewy005iao556ywrdd6d_2_FALSE_COLOR_jpg.rf.a1122ba4e0b433c1058b7bb22d76426d.jpg,1.0
cl6odml2j0024ao55fld01o8f_1_TRUE_COLOR_jpg.rf.a039cafea11f1d59d8a140e8e95222ee.jpg,1.0
cl6cp9ucc00d8l455fzq49p99_6_SWIR_jpg.rf.a1497e71abc0481d5c96e49abab855eb.jpg,1.0
cl6b029x70000l4556t6r3w8m_6_SWIR_jpg.rf.a14359349505efee7551cfc6ffe75be3.jpg,1.0
cl6b6r87c007tl455508729u4_1_TRUE_COLOR_jpg.rf.a184240703492e71601a4cc5d66a70c6.jpg,1.0
cl6e3e9qm003rgk55efdu14ah_2_FALSE_COLOR_jpg.rf.a0faa86394a8473261cd34e3094f6c41.jpg,1.0
cl6kiers800088w554w61grpw_6_SWIR_jpg.rf.a15f723440bc757c2ac3b98a93d97d2c.jpg,1.0
cl6e30lnj002ugk558z8yabbd_4_FALSE_COLOR__URBAN_jpg.rf.a1295f69d492f16e0bc5ee2e26c2f935.jpg,1.0
cl6oqbr98008uao55hhpyg2l0_1_TRUE_COLOR_jpg.rf.a17a023babb7a9f734019d1769db036f.jpg,1.0
cl6b5wl3u005gl455fljch2g9_1_TRUE_COLOR_jpg.rf.a175eebe7e2ecdc3c8da0ac5414461f0.jpg,1.0
cl6oif58n002yao5578ob9fzh_6_SWIR_jpg.rf.a12be5e237eb05fb67e7f5e4b4b41bbd.jpg,1.0
cl6cs6mgj00f0l455egwshib7_4_FALSE_COLOR__URBAN_jpg.rf.a138bd72beab1a8a74f2de36ed0e875d.jpg,1.0
cl6ltn677002k8w558nwy0yql_1_TRUE_COLOR_jpg.rf.a123cb201221e2a6652b85cf05a12203.jpg,1.0
cl6oddf8p001pao558ykw6wkp_1_TRUE_COLOR_jpg.rf.a18438667a6fc605dc03da4e66db4269.jpg,1.0
cl6odx8ff002jao5531b01e4o_6_SWIR_jpg.rf.a1819a1f9bd222783177b477f0a729f3.jpg,1.0
cl6ctopvo00i4l455cgtw30dd_1_TRUE_COLOR_jpg.rf.a191b5216a6fd8cdef3e68468f7ac418.jpg,1.0
cl6cs0lrz00ehl45590z36ae8_4_FALSE_COLOR__URBAN_jpg.rf.a14a3f4dd5e26d557706202eceb55a02.jpg,1.0
cl6e0htxm000ygk558f3oazjy_6_SWIR_jpg.rf.a1ba399b38adb8f26738b62a061ee769.jpg,1.0
cl6ocpfa50005ao55f4xb2vkl_4_FALSE_COLOR__URBAN_jpg.rf.a19b4fc6da800a871904033c940a426e.jpg,1.0
cl6oqrvzj009aao552o4w9gcv_2_FALSE_COLOR_jpg.rf.a198fc5204b25417615e53fd3dbaa9ad.jpg,1.0
cl6ch1am000bsl455a0381kr1_6_SWIR_jpg.rf.a1ac1fd4bfa3143219547ec95a285db4.jpg,1.0
cl6ojvzs90058ao55ddizcpuh_1_TRUE_COLOR_jpg.rf.a19690b8a7e902b9dbab6b1d9109584b.jpg,1.0
cl6e2fi9f001zgk55b58g3gk6_4_FALSE_COLOR__URBAN_jpg.rf.a1be8cb40cd5bbe5c084ea9d105c3215.jpg,1.0
cl6dzkzi2000shg55gijfezk9_2_FALSE_COLOR_jpg.rf.a1be34ebe91371f5ff96064042d83a7f.jpg,1.0
cl6b5x7nw005jl4559ppn5ov2_6_SWIR_jpg.rf.a1ba95d26f41238ccf24591c6b749ca3.jpg,1.0
cl6e1y3zz001ngk559rm6ec1q_4_FALSE_COLOR__URBAN_jpg.rf.a1cb862ebaa03072a99c4478dc04c3d8.jpg,1.0
cl6okdhtr0062ao557yfi3i7c_2_FALSE_COLOR_jpg.rf.a1d5df05a6b3fbe8d8a9b274b199c461.jpg,1.0
cl6b78b5m009pl4550gvdb1ud_2_FALSE_COLOR_jpg.rf.a221842af9ca6f1f18f8792f200ee247.jpg,1.0
cl6cgm3hm00bal455ei1ken8s_2_FALSE_COLOR_jpg.rf.a1cc2d809f3f2a472fa06ae5d8fb2c6c.jpg,1.0
cl6orpl93009tao552w0p7urd_6_SWIR_jpg.rf.a1f215f32022edcd6a8912d10b017500.jpg,1.0
cl6b55npu002gl4553f5c3lj0_6_SWIR_jpg.rf.a213d31dd8cd365022213f809ca82f9b.jpg,0.0
cl6b76n2v009fl455ajbx914d_4_FALSE_COLOR__URBAN_jpg.rf.a22a8e1bb03fabd1ced2866ff6a19451.jpg,1.0
cl6e3fu8m003wgk55085691ox_1_TRUE_COLOR_jpg.rf.a22abe883e593b5e663d29ad46433d2a.jpg,1.0
cl6ltthf9002u8w5567flfr3k_6_SWIR_jpg.rf.a1faf5df96c42c6039f4cdb90194187d.jpg,1.0
cl6e2jm3i002agk55fcue8lsk_1_TRUE_COLOR_jpg.rf.a2353f9201a7a3f4bcc8c752d4fd1f28.jpg,1.0
cl6b0aue4000ml455e4wo3e1j_4_FALSE_COLOR__URBAN_jpg.rf.a22035d1ae2208ea841f916e608d956b.jpg,1.0
cl6od380k001aao552ioagps5_4_FALSE_COLOR__URBAN_jpg.rf.a22c3e0040766b57cda86eaf8002ff94.jpg,1.0
cl6b4y3qb001rl4553jovdn3c_1_TRUE_COLOR_jpg.rf.a22ebb1ee717c8882b5ebc9aa28547e3.jpg,1.0
cl6odles00020ao555y5rc1cl_4_FALSE_COLOR__URBAN_jpg.rf.a22501341b1ef5871548b9d4571416ce.jpg,1.0
cl6b5osai004hl455cp1mh6ki_1_TRUE_COLOR_jpg.rf.a1ef90aa4dcb499996898d3e7e9785ac.jpg,1.0
cl6odvzby002gao5534yy1blj_4_FALSE_COLOR__URBAN_jpg.rf.a21692614b9a8b11127ac7d0de45c0de.jpg,1.0
cl6chyqu800cyl455f9k363zl_2_FALSE_COLOR_jpg.rf.a1d49334b5e199757d9abf3a80673da8.jpg,1.0
cl6oijbft0037ao558i012jhh_2_FALSE_COLOR_jpg.rf.a23f2e85385bce9986c67a7d6bfa21a2.jpg,1.0
cl6op7qgu006nao55fvo422ce_2_FALSE_COLOR_jpg.rf.a1bb686709fcf8d798f4a51b4c581639.jpg,1.0
cl6b6et5c0076l455204j3p53_2_FALSE_COLOR_jpg.rf.a228a089dc1659677586c76b60799d54.jpg,1.0
cl6oj50of004dao558azz1d6c_4_FALSE_COLOR__URBAN_jpg.rf.a21e33d8fbeaf2961aa51e1bb0c2e5dc.jpg,1.0
cl6cg820i00ahl45522fwa74p_4_FALSE_COLOR__URBAN_jpg.rf.a24d68f2940c7cedbb309ff47c8232ad.jpg,1.0
cl6kf4avz000ec455hhw331dx_2_FALSE_COLOR_jpg.rf.a232e89b49231d19389c7d3ea2e9b1cd.jpg,1.0
cl6b6s1o1007vl455511lek8y_4_FALSE_COLOR__URBAN_jpg.rf.a2520a8d9f54332138d4f342fed4d677.jpg,1.0
cl6kiers800088w554w61grpw_4_FALSE_COLOR__URBAN_jpg.rf.a26f9fc997d8740f39a499eb6e9af023.jpg,1.0
cl6opjoc7007aao558i28fuxw_4_FALSE_COLOR__URBAN_jpg.rf.a26ae60745e0a5e8d109ca0924800d7c.jpg,1.0
cl6cskwng00fol4555eloc4nh_6_SWIR_jpg.rf.a27bde84536e1557e3732f4006518395.jpg,1.0
cl6cgdtzy00atl4553q1cfne5_1_TRUE_COLOR_jpg.rf.a2b8d1fb523681839b160830c133c40e.jpg,1.0
cl6b752w00095l45532llequj_6_SWIR_jpg.rf.a28fb48075beab55fc0303b7e7cfab2e.jpg,1.0
cl6cti5zm00hrl4555pdk0ef9_6_SWIR_jpg.rf.a28aa38621a498171a1ff85ac09541d0.jpg,1.0
cl6ch6y2d00byl4557ijbc6o4_2_FALSE_COLOR_jpg.rf.a28577d1fdc941eceb8337b873f292e3.jpg,1.0
cl6ch6a2n00bxl4554kqu9to4_2_FALSE_COLOR_jpg.rf.a290c1c7b4e92b2b523dc9aba9d1a7e4.jpg,1.0
cl6kiers800088w554w61grpw_1_TRUE_COLOR_jpg.rf.a290adec03d1bf11c449ac4ab365a991.jpg,1.0
cl6ocq7n50007ao552jukcs3b_2_FALSE_COLOR_jpg.rf.a2aaa9300a683bfb22cb7d82080d2069.jpg,1.0
cl6ou8fz600abao5561sobj5z_1_TRUE_COLOR_jpg.rf.a2c6e3989b258b9df0c3f93ea92ecbfe.jpg,1.0
cl6lt70fh00298w5541ighy5t_6_SWIR_jpg.rf.a2925dda5f39f4f0c7c08001b601b74f.jpg,1.0
cl6dyl8hm000ahg5552vu7wuo_1_TRUE_COLOR_jpg.rf.a2d087c6f0a752ceaef4a801599df698.jpg,1.0
cl6odzs5e002oao55heuig0a6_2_FALSE_COLOR_jpg.rf.a29c22541f34d18edb821b8359f57ce4.jpg,1.0
cl6kjdoao00188w55hr8w6a5l_2_FALSE_COLOR_jpg.rf.a2d0726ee65507ebc3a04797156d3e43.jpg,1.0
cl6cs36yn00eql4559li2cqy1_4_FALSE_COLOR__URBAN_jpg.rf.a2c5eb0f0577d0f8d6abd6dc093bb83a.jpg,1.0
cl6anjur50001f055bzb494if_1_TRUE_COLOR_jpg.rf.a317ec7b466424e1fad5659b7da43791.jpg,1.0
cl6b66xpr006cl4556kzm7hl2_4_FALSE_COLOR__URBAN_jpg.rf.a3120687f8a91870aade9db48e9f424f.jpg,1.0
cl6chv5i400cpl455b8o71jcm_1_TRUE_COLOR_jpg.rf.a2f13461691c7c0efc669b33cf9fab79.jpg,1.0
cl6lt9ww1002d8w558t0sd31s_6_SWIR_jpg.rf.a2e09c3c3c1754f19cc728b25975e67c.jpg,1.0
cl6cpfs8q00dml4554w0t2f82_4_FALSE_COLOR__URBAN_jpg.rf.a2bdc9176cba97d69daa9b4e0608e2ec.jpg,1.0
cl6lszhlb001y8w558epcey2q_2_FALSE_COLOR_jpg.rf.a2ed7441b6101735d7b295f3322eca14.jpg,1.0
cl6b6svwl007yl455d2w5bw1m_4_FALSE_COLOR__URBAN_jpg.rf.a308bd3e2fa1a406121d03e468fc2573.jpg,1.0
cl6m0whp000308w555xk5cwij_2_FALSE_COLOR_jpg.rf.a2a64e7f8fc56f9b940edc3b957027d6.jpg,1.0
cl6e0dypj000qgk55gndm8q3o_1_TRUE_COLOR_jpg.rf.a317e499347f8e61587fa9ac7ed0e305.jpg,1.0
cl6m0pnw5002y8w552btfchke_1_TRUE_COLOR_jpg.rf.a2ac8ede6744bb542ffe490d7c0edfc7.jpg,1.0
cl6azgmfw0004f0557iqa1usw_4_FALSE_COLOR__URBAN_jpg.rf.a2e5eb0bfadc125b8fed7e682cb2be1e.jpg,1.0
cl6b6xs0d008el455cvd92nt5_4_FALSE_COLOR__URBAN_jpg.rf.a32073f0adeaff14006378e0d036f6d2.jpg,1.0
cl6e1pf9j001ggk55feroguvj_2_FALSE_COLOR_jpg.rf.a326a04f5b7e20f6cc1b8b9c0ee4674c.jpg,1.0
cl6b6pieh007rl455fwvb73gr_2_FALSE_COLOR_jpg.rf.a33cfb0aeeef9257fcd1f994e06114f9.jpg,1.0
cl6cpiy1j00drl4557rsw5dzg_2_FALSE_COLOR_jpg.rf.a361967298616ee346d0aa49e65058f0.jpg,1.0
cl6ougd7000akao555jiq5oyz_1_TRUE_COLOR_jpg.rf.a3319206a23976189b5eb2b5aa6973b7.jpg,1.0
cl6b64hpf0066l4555lt3czhh_6_SWIR_jpg.rf.a338739ae796c38be8e4e6b5dc475bd3.jpg,1.0
cl6chiqvr00c6l455cbe1ekdo_2_FALSE_COLOR_jpg.rf.a36cc6a56580853fd8148c19250d1f38.jpg,1.0
cl6b4y3qb001rl4553jovdn3c_2_FALSE_COLOR_jpg.rf.0021cf355c1e97a769f54f7f7a922785.jpg,1.0
cl6cstc5x00g7l455ec9d32eh_1_TRUE_COLOR_jpg.rf.002c035b0f3aa2fadcfa6808336094f8.jpg,1.0
cl6b56nh5002jl4551m23gtf9_4_FALSE_COLOR__URBAN_jpg.rf.0002ef8d74cc0dbeda89a472c52b7d89.jpg,1.0
cl6op7qgu006nao55fvo422ce_4_FALSE_COLOR__URBAN_jpg.rf.0040abbb7713f41d591d88cdcf0833f3.jpg,1.0
cl6e3den6003ogk552zqffgtp_1_TRUE_COLOR_jpg.rf.00a002a3c868c076aeca95ccc04e19fb.jpg,1.0
cl6e3fu8m003wgk55085691ox_4_FALSE_COLOR__URBAN_jpg.rf.00150a450447293ed54afa246d1ccc93.jpg,1.0
cl6cs0lrz00ehl45590z36ae8_4_FALSE_COLOR__URBAN_jpg.rf.00444b8e8929a65342762da154d2a0f0.jpg,1.0
cl6cpiy1j00drl4557rsw5dzg_6_SWIR_jpg.rf.0015c7e19097902befab5e87548df6fe.jpg,1.0
cl6op8sl6006pao550i549q63_1_TRUE_COLOR_jpg.rf.0031903bb00a3d6c39536c1734713914.jpg,1.0
cl6ocz2a3000tao55dh2pdj1d_4_FALSE_COLOR__URBAN_jpg.rf.005209cd999127a68ad55ab9d2bec147.jpg,1.0
cl6e0jb4i0011gk5501445oon_2_FALSE_COLOR_jpg.rf.00ac027904b6052d6e89e0373c849403.jpg,1.0
cl6kjc5r500168w55bry741c1_2_FALSE_COLOR_jpg.rf.002382c3ca0d9c8d847b42e48fd14636.jpg,1.0
cl6ctjyc600hul455hxis4621_4_FALSE_COLOR__URBAN_jpg.rf.0035a6fb5ba8c4c2824d6382d4cbbaf4.jpg,1.0
cl6cs4oof00eul455fdkybwbf_6_SWIR_jpg.rf.005e669113d7fbc2c06d79c4e76b1dfa.jpg,1.0
cl6odwc2l002hao558cha7kit_6_SWIR_jpg.rf.00476b5960cab64b9587568141b192da.jpg,1.0
cl6b694mv006ml4554nwqack1_6_SWIR_jpg.rf.0087a6297ce67e1605d9fc910064a1f2.jpg,1.0
cl6ct101m00gml455hllggu82_4_FALSE_COLOR__URBAN_jpg.rf.009745c85fda11ae483d83281fcc89dd.jpg,1.0
cl6b4y3qb001rl4553jovdn3c_4_FALSE_COLOR__URBAN_jpg.rf.0057404fcb0028c9fe57b051a5a1a254.jpg,1.0
cl6kj6jxg000u8w559s9eb5je_1_TRUE_COLOR_jpg.rf.006f5632e4eaf49f75f241af7948260f.jpg,0.0
cl6kgbl9x002dc4559jl8blf8_2_FALSE_COLOR_jpg.rf.0065b5f1da4703305e06cd46a9f8289b.jpg,1.0
cl6cscffu00f8l455eoct9jzq_6_SWIR_jpg.rf.00add3ce6aed7dd308e1f9da51e24c61.jpg,1.0
cl6ou8fz600abao5561sobj5z_6_SWIR_jpg.rf.0072cae858f84c856facb43f8509988b.jpg,1.0
cl6ltbirs002g8w55h4yo4v3t_6_SWIR_jpg.rf.0067c5b4f77b22970475a0664e0d9b52.jpg,1.0
cl6b02sgp0001l4552wwg1go7_1_TRUE_COLOR_jpg.rf.00907ec1eb818bc1c5623ffcd6994f07.jpg,1.0
cl6oqvksq009bao556412da6l_6_SWIR_jpg.rf.006872d49b1e7cfc010acc4b9327730c.jpg,1.0
cl6b6asfb006tl455gupd0x8i_4_FALSE_COLOR__URBAN_jpg.rf.00d8d2cb202a4225408503514339f67d.jpg,1.0
cl6kf76uq000jc4559qnk5btt_1_TRUE_COLOR_jpg.rf.00d450010d60d87f98f797126f3e640a.jpg,0.0
cl6b73sp2008zl455br8lh6zt_1_TRUE_COLOR_jpg.rf.00b17011eb0bc4962ebca1072f1cd0e9.jpg,1.0
cl6kiuz0a000l8w554itn2fmi_4_FALSE_COLOR__URBAN_jpg.rf.01058a5f462e6b51f01d6e6875aecb1c.jpg,1.0
cl6dysxe3000ihg5573nzfbsy_6_SWIR_jpg.rf.00e034f98c94b2481e5f8d7134e9017a.jpg,1.0
cl6e1gy620018gk55gvmqas56_4_FALSE_COLOR__URBAN_jpg.rf.00e518ccb933068965dfad170a45a02d.jpg,1.0
cl6kgorr90032c455adjx4557_1_TRUE_COLOR_jpg.rf.012ed602cb6126c6f7ab4aa0819bb463.jpg,0.0
cl6odk9yf001wao558oys61c5_1_TRUE_COLOR_jpg.rf.0116aec0777c7ce8da3f7cdb94f4d59c.jpg,1.0
cl6kft9sm001lc4558tfj4yjn_6_SWIR_jpg.rf.012265ae31c15d3032432232f1723af5.jpg,1.0
cl6dyzssv000ohg551n0rdanu_2_FALSE_COLOR_jpg.rf.016a6e2ef5d69e08ea4e079495a8e169.jpg,1.0
cl6opb5w4006vao55d6ehcwz9_1_TRUE_COLOR_jpg.rf.014b9d14d24c1d9950eeb89b6c79c97d.jpg,1.0
cl6b5yjxa005nl45516k465kb_6_SWIR_jpg.rf.0121a69a1644310541496896b3e317f1.jpg,1.0
cl6ouj4wy00arao551zl9clbo_2_FALSE_COLOR_jpg.rf.00e1d0316f5d6876bef15d4abfbc2b69.jpg,1.0
cl6b6xs0d008el455cvd92nt5_6_SWIR_jpg.rf.016e65dd2ce22fb23078d2e173d9d518.jpg,1.0
cl6oqnb9v0093ao55cge3gyh7_4_FALSE_COLOR__URBAN_jpg.rf.016456f098323bacc53557c730af3e50.jpg,1.0
cl6b5a7y0002xl4559jz37wc4_4_FALSE_COLOR__URBAN_jpg.rf.00fc064e87e8cc79639e6faa92f97950.jpg,1.0
cl6csy33f00ghl455gq3n5t4r_4_FALSE_COLOR__URBAN_jpg.rf.01629425a089b5162c81e887fd450306.jpg,1.0
cl6e2yxqd002pgk5597n8c4s8_1_TRUE_COLOR_jpg.rf.0194df4449555ca2a6389afb7ef4d556.jpg,1.0
cl6odvzby002gao5534yy1blj_2_FALSE_COLOR_jpg.rf.010426cbc16bf4eadeecd1cda76e719e.jpg,1.0
cl6m1b5o6003f8w55bts57rav_4_FALSE_COLOR__URBAN_jpg.rf.018c054edc952ad1ae59258cd3535109.jpg,1.0
cl6kf5xzo000gc4552qc8hhcc_4_FALSE_COLOR__URBAN_jpg.rf.01741727b3a814cfd9e7f8ce367f24e6.jpg,1.0
cl6b6djlb0070l455aknp8lu8_4_FALSE_COLOR__URBAN_jpg.rf.0189b75c8892c1570d7c01721e5ee639.jpg,1.0
cl6css50j00g3l4552tvg839m_1_TRUE_COLOR_jpg.rf.010e3cf1c54a38f22a8e3cdfc6a5ddf8.jpg,1.0
cl6ctc4d100hgl455dxjg6vfb_2_FALSE_COLOR_jpg.rf.013680eea0c1384c940e8c907df2f17e.jpg,1.0
cl6ltkp8x002j8w55ede3g7qb_2_FALSE_COLOR_jpg.rf.019d9a0bf2a64dc07f83cabc2a35704d.jpg,1.0
cl6odyy4q002mao558oty3tax_4_FALSE_COLOR__URBAN_jpg.rf.01b3a8fb60a51dfb483807d90e7ca314.jpg,1.0
cl6e3den6003ogk552zqffgtp_1_TRUE_COLOR_jpg.rf.01b9397f769aa9577b06cd80e8ca1dc9.jpg,1.0
cl6cti5zm00hrl4555pdk0ef9_1_TRUE_COLOR_jpg.rf.01a68cc9ad5e18523042f271ea73869b.jpg,1.0
cl6ougtjt00alao5544y198eo_1_TRUE_COLOR_jpg.rf.01af99196576d1808994c2268b5f0f1a.jpg,1.0
cl6m1h5id00408w55h3u27bzc_4_FALSE_COLOR__URBAN_jpg.rf.01ba2c5cd8cdebf84ea1a5f051e688f7.jpg,1.0
cl6m15k1g00378w559sqfahyu_2_FALSE_COLOR_jpg.rf.01e2cfe82df14a219332d265de5407ad.jpg,1.0
cl6cthshy00hql4559om2e79b_1_TRUE_COLOR_jpg.rf.01b90949fea18b45410e3d19c6293e2a.jpg,1.0
cl6b5j7l8003yl455e8lo7mre_4_FALSE_COLOR__URBAN_jpg.rf.01f3685eb677a98cdf7a6f8db770b2ab.jpg,1.0
cl6b7e0xs00a2l455ahn69x2p_1_TRUE_COLOR_jpg.rf.02189ccd7aa34d09389eae25886ec27d.jpg,1.0
cl6kjhhl5001h8w55fo1v1vqs_2_FALSE_COLOR_jpg.rf.024636b359a279fd5eb22884d2d6c75c.jpg,1.0
cl6e0m79h0016gk5553pj46h0_2_FALSE_COLOR_jpg.rf.0268aab2571686ae1507e54582b80857.jpg,1.0
cl6b77p6x009ml45511vm0cp2_2_FALSE_COLOR_jpg.rf.01e67c45987c56049430b8a5b1548d8c.jpg,1.0
cl6ok86rg005qao552r1p86s0_4_FALSE_COLOR__URBAN_jpg.rf.0225f335a97d09408e294d7e15a49079.jpg,1.0
cl6cgtnl200bll4552u3y49k7_6_SWIR_jpg.rf.020f23b877507f54161b7653b69f9941.jpg,1.0
cl6ocq7n50007ao552jukcs3b_2_FALSE_COLOR_jpg.rf.0217ea8bc6ec704113fcf2abd01b4005.jpg,1.0
cl6odwc2l002hao558cha7kit_6_SWIR_jpg.rf.020e6063ac6973aa9ac81fe552ac83f6.jpg,1.0
cl6okdwy00063ao5588jlcglr_4_FALSE_COLOR__URBAN_jpg.rf.02875cc7f9359a04fc72a25cd4e4a1f3.jpg,1.0
cl6b0slw7001ol455e0rp3o75_6_SWIR_jpg.rf.022628868d01e85aff4328847e0a42fb.jpg,1.0
cl6cg6cf600agl455gtin273p_4_FALSE_COLOR__URBAN_jpg.rf.01d7271d076d94bbbde8e522c7df643d.jpg,1.0
cl6e1icq8001agk55c0pe3e5b_2_FALSE_COLOR_jpg.rf.0241285269db7bb905ba951f69000fe3.jpg,1.0
cl6dysxe3000ihg5573nzfbsy_4_FALSE_COLOR__URBAN_jpg.rf.0240c982f594c9e30967c906eb47e593.jpg,1.0
cl6m16jg100398w5516eqah85_4_FALSE_COLOR__URBAN_jpg.rf.025a9422d61b0aff0e35d99c30dd36f6.jpg,1.0
cl6okcs620060ao552j5fd463_1_TRUE_COLOR_jpg.rf.028b63907f15093e26ebefbb3c834207.jpg,1.0
cl6b78zhf009ul455d3hv7dmp_4_FALSE_COLOR__URBAN_jpg.rf.029043ce6719cae564da1db480c64d2f.jpg,1.0
cl6b785c6009ol455chw68rq7_1_TRUE_COLOR_jpg.rf.0261c8edbefb4e01766607d138dc9f9b.jpg,1.0
cl6oqwja8009cao553jcuagut_4_FALSE_COLOR__URBAN_jpg.rf.027a48976c44ee60d2a080f3b022c168.jpg,1.0
cl6kgj08y002wc455bqfpd8bd_4_FALSE_COLOR__URBAN_jpg.rf.0295ce2e8cdbc7b2013ef35fe9a48ded.jpg,1.0
cl6b5piua004jl4556y4k2p8q_4_FALSE_COLOR__URBAN_jpg.rf.029c0469f1c89041fce294948f108d80.jpg,1.0
cl6m1ejbw003s8w556ie04d5b_1_TRUE_COLOR_jpg.rf.0293f38cd244d0f66b5e9459fad577ea.jpg,0.0
cl6e3den6003ogk552zqffgtp_6_SWIR_jpg.rf.029c15a37c01e39bf0c0e119111de87b.jpg,1.0
cl6oj8j8j004gao559z4qag8f_4_FALSE_COLOR__URBAN_jpg.rf.02d43233268c0f4f6062821651a78547.jpg,1.0
cl6cs4y6q00evl455d2lfbj1u_1_TRUE_COLOR_jpg.rf.02dd6bc0636e51e948bc8b8a008cce04.jpg,1.0
cl6m0x4p100318w55bmg41saz_6_SWIR_jpg.rf.0330d6a5570a892d9b193f247379248c.jpg,1.0
cl6dznlym000thg55950a4qbg_6_SWIR_jpg.rf.02e2ae2190fc1bbe0da6826c2108644a.jpg,1.0
cl6ch0lvz00brl455eij38vi0_2_FALSE_COLOR_jpg.rf.02edb42198288861ff0c709719d5d1bc.jpg,1.0
cl6kf5xzo000gc4552qc8hhcc_6_SWIR_jpg.rf.0319ab924d51d16aa90c18d75eb4403d.jpg,1.0
cl6chv5i400cpl455b8o71jcm_6_SWIR_jpg.rf.0310490481604eb92e8b2cefb4df7b2e.jpg,1.0
cl6kgbwuw002ec455gkee9mir_2_FALSE_COLOR_jpg.rf.0300e485a3db3cc186ccf4d9c9e15e33.jpg,1.0
cl6e3fu8m003wgk55085691ox_4_FALSE_COLOR__URBAN_jpg.rf.032fc1ca7b8451e2aadebac5d452ca88.jpg,1.0
cl6ouawpa00afao55g6vh6ctt_2_FALSE_COLOR_jpg.rf.0315476123080b2dc4e6f816f9a8ca39.jpg,1.0
cl6e2iu9v0027gk55e8cfax9f_4_FALSE_COLOR__URBAN_jpg.rf.0337233851ff6346a225ccd2c7ee88cc.jpg,1.0
cl6e31up4002zgk55aj7w7a0x_2_FALSE_COLOR_jpg.rf.02ca92a018be11a37c0cf82ae30f0c53.jpg,1.0
cl6oukdcw00avao555gp1h971_2_FALSE_COLOR_jpg.rf.0352647cb69c715b610987520f3115ad.jpg,1.0
cl6ojsb1v0050ao55bqfgg51x_6_SWIR_jpg.rf.03246cecaa1d7f650dfe90e701253a98.jpg,1.0
cl6kjfsd8001d8w55e6ne0oyo_1_TRUE_COLOR_jpg.rf.034929a4ae8696396dbc2e4b192f79be.jpg,1.0
cl6chonxj00cjl455bqcs1fnt_2_FALSE_COLOR_jpg.rf.0326717dc5bcb976b0564f2af49cf581.jpg,1.0
cl6ct1fab00gnl455b6a585vi_4_FALSE_COLOR__URBAN_jpg.rf.0368eeaf6ff23ff1cf9513344ff97117.jpg,1.0
cl6cg820i00ahl45522fwa74p_4_FALSE_COLOR__URBAN_jpg.rf.03598e05ed3ea342221b43bbb721c898.jpg,1.0
cl6odbryt001nao55htogdny9_2_FALSE_COLOR_jpg.rf.034e9d25ff3d8697a9f2f25d74535bb1.jpg,1.0
cl6kfnjr50014c4555kd2a1q6_2_FALSE_COLOR_jpg.rf.03067c79baf0c18b9201131f7692fd35.jpg,0.0
cl6od1ecf0012ao5568tb86hu_1_TRUE_COLOR_jpg.rf.02ee7e8d4dc6963c75fe6e110a9f00b9.jpg,1.0
cl6csuejr00g9l45566f93g4a_4_FALSE_COLOR__URBAN_jpg.rf.0324a9a9dbd368a17cbd0ded2aaa1096.jpg,1.0
cl6kf6p46000hc455dcig3109_1_TRUE_COLOR_jpg.rf.037b54f93c369c9627e6abf0c817a38e.jpg,0.0
cl6od6dj2001eao55dxd749up_2_FALSE_COLOR_jpg.rf.0371832515f17c97e38d0b6907bdb040.jpg,1.0
cl6ct1fab00gnl455b6a585vi_4_FALSE_COLOR__URBAN_jpg.rf.035f0dfaeaca14aa240586e5f1180c6b.jpg,1.0
cl6dyeg510004hg554xxs8aux_1_TRUE_COLOR_jpg.rf.037eb771dc73c1217e6d70ff754ece10.jpg,1.0
cl6kghsrn002tc4551wu83z4e_4_FALSE_COLOR__URBAN_jpg.rf.0381d8c661b84c584ff793c36b6632a0.jpg,1.0
cl6kj7x8x000z8w550u2icc2v_6_SWIR_jpg.rf.03803b5e2314b0a91d641b42640334c9.jpg,1.0
cl6cs4y6q00evl455d2lfbj1u_1_TRUE_COLOR_jpg.rf.0387f153641fd876686052b1a431a3b0.jpg,1.0
cl6b6y36r008gl4559z723z25_6_SWIR_jpg.rf.037af27fabe9d2ee54b70db1596294bd.jpg,1.0
cl6oqrvzj009aao552o4w9gcv_1_TRUE_COLOR_jpg.rf.0389c3df00ec9804e164200bc3402acd.jpg,1.0
cl6ltqxhj002r8w553as9ee8t_2_FALSE_COLOR_jpg.rf.0397432c9d8bd6f404e8801dfb39a155.jpg,1.0
cl6ctczpo00hil4556qoq3h4p_4_FALSE_COLOR__URBAN_jpg.rf.039810ce3fca8ce62aa132124f6d23f1.jpg,1.0
cl6b73sp2008zl455br8lh6zt_6_SWIR_jpg.rf.038ee5a05f592fe62bc8145ade1525e1.jpg,1.0
cl6opthke007tao557hsthpgq_1_TRUE_COLOR_jpg.rf.03a3dd934625673532375262dc01dec2.jpg,1.0
cl6e05oow0008gk55ged8bdeo_1_TRUE_COLOR_jpg.rf.03a11445795d0ceaced0f297213f5597.jpg,1.0
cl6cg8f7k00ail455g5xjf4zo_1_TRUE_COLOR_jpg.rf.040308c5ef9e685d5ae05464074572e9.jpg,1.0
cl6e2dity001vgk551ar0hanj_2_FALSE_COLOR_jpg.rf.03faf4b6adec663af23000e8162c190c.jpg,1.0
cl6b5u4030055l455hl9956ni_1_TRUE_COLOR_jpg.rf.03f8ff8f7e964b63f33c805667a3cb84.jpg,1.0
cl6cpbspp00ddl455cdn2h2ov_1_TRUE_COLOR_jpg.rf.03e791994a0dc0c02314f623cddd9ea8.jpg,1.0
cl6b63ehe0062l455c9mib5xv_4_FALSE_COLOR__URBAN_jpg.rf.03ce02f6884f885f0b5ab16210cd813e.jpg,1.0
cl6ou7gn700a8ao551bbh5gaq_1_TRUE_COLOR_jpg.rf.03d66b053d50f1175b4edcbae465f3c5.jpg,1.0
cl6oqq4r40096ao557h69gx2o_1_TRUE_COLOR_jpg.rf.03a392127122b4e5c3e4af3cf8fcc5d0.jpg,1.0
cl6od703v001gao55arwo07qr_1_TRUE_COLOR_jpg.rf.04085eaa3773aedadeab907cbe092736.jpg,1.0
cl6b5pr1b004kl455bt93cfs2_1_TRUE_COLOR_jpg.rf.040d5183e1f48ce1c2a8ae5e20baba26.jpg,1.0
cl6b5dekg003el4552wy46fsz_2_FALSE_COLOR_jpg.rf.03fd84e6f0dd83cdef9d2dd5af5d48c1.jpg,1.0
cl6b66ozy006bl45598b863vf_2_FALSE_COLOR_jpg.rf.041357ab815ab7be4f4f288ed2b9bf08.jpg,1.0
cl6cgzgdg00bpl45558h876qp_2_FALSE_COLOR_jpg.rf.038a286f0e28278720922d21bb60e1d4.jpg,1.0
cl6cpadty00d9l4557ubu7rwz_1_TRUE_COLOR_jpg.rf.0439eb45992282bf55e5a7257fd9adb3.jpg,1.0
cl6b551w3002dl4550lwt59yl_1_TRUE_COLOR_jpg.rf.0417a7945443cb7eae270fda79413a5e.jpg,1.0
cl6b5f9f1003ml455abwkc72t_1_TRUE_COLOR_jpg.rf.0416c9d48830671ceadf9d8c05ffb9cb.jpg,1.0
cl6e2ww4w002lgk555k8x0pjx_1_TRUE_COLOR_jpg.rf.0417ccbe64191f1a31a80acdddbf0612.jpg,1.0
cl6e2j74p0028gk559qcd87o6_1_TRUE_COLOR_jpg.rf.045ad49ff9836395166c0041e2b2d69e.jpg,1.0
cl6oqnqlp0094ao552kce2cqa_6_SWIR_jpg.rf.044c6339cf67496bec34a9dceac49d33.jpg,1.0
cl6opbe62006wao55djzu951u_2_FALSE_COLOR_jpg.rf.0415b379c26973c71dd2b8dc34306805.jpg,1.0
cl6lt2u1a00238w55htxpag7p_1_TRUE_COLOR_jpg.rf.046b038a85b3e761ea6f9ad8af3b1933.jpg,1.0
cl6b71dky008pl4551u1e28u1_2_FALSE_COLOR_jpg.rf.0470d079af1cbfa847d18092264513c0.jpg,1.0
cl6oqa9n4008pao55aziv27ox_1_TRUE_COLOR_jpg.rf.048ee89acde74a72976d2fa4226c5da5.jpg,1.0
cl6b620rw005yl455a8ev4bo0_1_TRUE_COLOR_jpg.rf.046ca5d669526b94cb9f00a0febed3d6.jpg,1.0
cl6ocys2m000sao5550mof7nx_1_TRUE_COLOR_jpg.rf.048dacc3c82a346f5f80479c3ec49950.jpg,1.0
cl6b7118q008ol4551ye8g44d_1_TRUE_COLOR_jpg.rf.048f3c4d9e5b614b2cf57db2c4294fec.jpg,1.0
cl6odoepa0028ao554gdxhnyo_4_FALSE_COLOR__URBAN_jpg.rf.0469550042b7acbebacaf867eaa7f2c6.jpg,1.0
cl6oe0y5h002rao55ghk1g0ha_4_FALSE_COLOR__URBAN_jpg.rf.048e89d21b9df484a50507e218987745.jpg,1.0
cl6dypwru000chg559pvqei5w_2_FALSE_COLOR_jpg.rf.048c07cb4c733e125ed2bd1de19f0682.jpg,1.0
cl6csstjw00g5l455c618frnq_2_FALSE_COLOR_jpg.rf.04126d3f52a027f39fdb819253f941fa.jpg,1.0
cl6od25pv0016ao552ilz4612_2_FALSE_COLOR_jpg.rf.04651009cb2ef2eebb50103445c18247.jpg,1.0
cl6od8ws9001kao558u2r832i_6_SWIR_jpg.rf.0477c60621be1bd22d5043d87b81654b.jpg,1.0
cl6chlszf00cdl455e5f50fbv_6_SWIR_jpg.rf.04d9ee294d9b5f423bf66c9942d790fb.jpg,1.0
cl6b0mkrt001bl4550hq12i9i_2_FALSE_COLOR_jpg.rf.049e0975ea8f21da7ae4dae10b42e417.jpg,1.0
cl6chmuyr00cfl455hd0u03x9_4_FALSE_COLOR__URBAN_jpg.rf.04f6668ab22d01d427df6f9c1f2cbb7e.jpg,1.0
cl6oqvksq009bao556412da6l_4_FALSE_COLOR__URBAN_jpg.rf.05069de13e64a480dc52da91547ca626.jpg,1.0
cl6ct2hu900grl455hdde142n_6_SWIR_jpg.rf.04aceae53a178d5d91225091bf157bc9.jpg,1.0
cl6oct90r000fao553xkha255_1_TRUE_COLOR_jpg.rf.048de926ab8492b6eff83b725fbbec44.jpg,1.0
cl6ocz2a3000tao55dh2pdj1d_6_SWIR_jpg.rf.04e09b6396a5949fc08b8e1c8509899f.jpg,1.0
cl6odzs5e002oao55heuig0a6_4_FALSE_COLOR__URBAN_jpg.rf.040b93a9893928954bc61ab2b012cd36.jpg,1.0
cl6b0skkx001nl4557zd344qi_6_SWIR_jpg.rf.050130f50407894cc5e0827db1da6078.jpg,1.0
cl6b5wyr5005hl4550ouq6nyg_1_TRUE_COLOR_jpg.rf.04965b4fd152a52499f7d024b7de97f2.jpg,1.0
cl6chlszf00cdl455e5f50fbv_1_TRUE_COLOR_jpg.rf.04bd5b96dc7dfa7be505b33b77a81a55.jpg,1.0
cl6ok0jxn005hao55hyz7967m_6_SWIR_jpg.rf.05095f247b39f813c98382847e0868f7.jpg,1.0
cl6ctje2500hsl4550fuvht4f_6_SWIR_jpg.rf.050d7a4bb7f4492becc1e767706c1c0e.jpg,1.0
cl6b5w0pv005dl455ej5m1iej_2_FALSE_COLOR_jpg.rf.052735f98334251a2c277c7e70505020.jpg,0.0
cl6orko2t009kao55b52w8c6b_4_FALSE_COLOR__URBAN_jpg.rf.052aa664db3c1cfb77adb8653bdb02de.jpg,1.0
cl6odcx12001oao55f8bma9y4_2_FALSE_COLOR_jpg.rf.049e764f87f5688cb45f1c872cfed996.jpg,1.0
cl6oie1ic002vao557ua5evp8_6_SWIR_jpg.rf.0528bfdbbd52101265f65922ebf0c4f3.jpg,1.0
cl6e0bntp000mgk55426r9obp_4_FALSE_COLOR__URBAN_jpg.rf.0530d94f5e029aace77b6d5074ab0d8d.jpg,1.0
cl6b06tq7000dl45584afckiv_6_SWIR_jpg.rf.054ecde3fd362a34c647e486d433890c.jpg,1.0
cl6odles00020ao555y5rc1cl_1_TRUE_COLOR_jpg.rf.054b3e5cdbadf5544a8a732c4ea135d7.jpg,1.0
cl6b6frr10078l455hhqe0mw5_6_SWIR_jpg.rf.052d00b4be9a2e9689f8fa1c21fd82ee.jpg,1.0
cl6crxvk200e7l455191phwfv_4_FALSE_COLOR__URBAN_jpg.rf.05528f6afe60bddf6dd1ae02097459af.jpg,1.0
cl6oipd7x003jao55arv3e5iy_1_TRUE_COLOR_jpg.rf.0544da6c8c4e50bbfd4a5d780f936693.jpg,1.0
cl6cpbspp00ddl455cdn2h2ov_1_TRUE_COLOR_jpg.rf.052ce6cf441544101468ae2cd75a7bac.jpg,1.0
cl6b6k5pu007il455f8bp9b5g_2_FALSE_COLOR_jpg.rf.05634b457856b2c3ad0a9a04846aa2ce.jpg,1.0
cl6e0heuk000xgk558bub1o2s_6_SWIR_jpg.rf.0558ae189afab766dd52eaae157fa59f.jpg,1.0
cl6chihhc00c5l455hj7j1iic_1_TRUE_COLOR_jpg.rf.055df1e0f7d4409de5c6f2d785b7c3a2.jpg,1.0
cl6b035dn0002l455hbmqcima_4_FALSE_COLOR__URBAN_jpg.rf.056f3f0d11b71aa0dc76e8e2f34f45c7.jpg,1.0
cl6b6xf5u008cl45592go53gy_1_TRUE_COLOR_jpg.rf.056a778d1050e109dbf6533eeafed960.jpg,1.0
cl6kfr3gw001gc4556plk3d6y_1_TRUE_COLOR_jpg.rf.05766990bbd233ae62c2c3c20148c824.jpg,1.0
cl6odwc2l002hao558cha7kit_6_SWIR_jpg.rf.0571ce9003752c9fef20aeee3443de60.jpg,1.0
cl6dytpbv000jhg5517e1d6xy_4_FALSE_COLOR__URBAN_jpg.rf.056bd03f37004dffa7710dc96ee34b57.jpg,1.0
cl6e30dz3002tgk559uhm11za_1_TRUE_COLOR_jpg.rf.0578cc82d95422e9c0b3336238e3bec2.jpg,1.0
cl6kgag2y002ac455g3l427ic_6_SWIR_jpg.rf.053baf95956da25d5088a86b27eaedde.jpg,1.0
cl6b7263q008rl455cbp6ejbc_6_SWIR_jpg.rf.0555282a9494a9727d715caea4f7a119.jpg,1.0
cl6lt2u1a00238w55htxpag7p_1_TRUE_COLOR_jpg.rf.0566fc2566d66307339229a1a1c9c9ab.jpg,1.0
cl6b6o1av007nl455829ah78j_1_TRUE_COLOR_jpg.rf.0579778f34e5149c47158860c76907ce.jpg,1.0
cl6e3e9qm003rgk55efdu14ah_1_TRUE_COLOR_jpg.rf.056e7c87e6c6407d5300c5266719254f.jpg,1.0
cl6b5myi60048l45530d5anq4_2_FALSE_COLOR_jpg.rf.056e637cebfd780b32d81d9fe2bf5de3.jpg,1.0
cl6b5n12o0049l455063q86e4_4_FALSE_COLOR__URBAN_jpg.rf.056c9a9b357bc3f2a9ab6bfcc73d3745.jpg,1.0
cl6kfxks1001uc455ejvhbs1y_2_FALSE_COLOR_jpg.rf.057df5b10c97782ac936af6dfe0d1ebd.jpg,1.0
cl6oijbft0037ao558i012jhh_6_SWIR_jpg.rf.057f0988ff76bebfbee0763e37c755de.jpg,1.0
cl6opvtw5007zao556bmf7ibn_1_TRUE_COLOR_jpg.rf.05826fa9633f018216573155866e865a.jpg,1.0
cl6oips2c003kao559sp4fuwd_2_FALSE_COLOR_jpg.rf.058fd4d90b8e0ddab13eb7b019f0ab26.jpg,1.0
cl6b73sp2008zl455br8lh6zt_6_SWIR_jpg.rf.057993b917608c122e8f68a69c454f34.jpg,1.0
cl6b06tq7000dl45584afckiv_1_TRUE_COLOR_jpg.rf.04c7759f9de7180c5f317c75116a3027.jpg,1.0
cl6ctkcif00hvl455e4f58h78_2_FALSE_COLOR_jpg.rf.05bcf344ab8f641213ceb72a60d256b4.jpg,1.0
cl6b5osai004hl455cp1mh6ki_2_FALSE_COLOR_jpg.rf.0567d40c6f04b2de6900934c6f8e3feb.jpg,1.0
cl6e0f0n9000tgk5558yt7tyl_4_FALSE_COLOR__URBAN_jpg.rf.0597738011a682230a1c294f24b0e1c6.jpg,1.0
cl6ocu86l000hao5586i77xky_1_TRUE_COLOR_jpg.rf.05d1ae49febc54386451d907e6444885.jpg,1.0
cl6oj3e9z0049ao5543571do7_2_FALSE_COLOR_jpg.rf.05abf149b97a7f928a9bfc1bd2ea81a7.jpg,1.0
cl6kiuz0a000l8w554itn2fmi_1_TRUE_COLOR_jpg.rf.05ab6cae02e8bd90721f5d906e3a823b.jpg,1.0
cl6dynr4h000bhg554cne5yig_4_FALSE_COLOR__URBAN_jpg.rf.05d633a61095a10471329cabed0ab491.jpg,1.0
cl6b0blqb000nl455c1ul13y1_2_FALSE_COLOR_jpg.rf.05f9ea3762e7372bf38bc5d5eaaaef70.jpg,1.0
cl6kgfdjy002nc4551yk01nj6_1_TRUE_COLOR_jpg.rf.05b07298ee1a4a2566255b87f057410e.jpg,1.0
cl6aniex40000f0559xrzal6j_1_TRUE_COLOR_jpg.rf.061f36dd0b6e899f6b531ccf32fb1b21.jpg,1.0
cl6ct5pk300gxl4559vdtfjz2_6_SWIR_jpg.rf.0637c27081b1fdb2a85352394e3c11bd.jpg,1.0
cl6cgepys00avl455d8q7b602_6_SWIR_jpg.rf.06146e97d7dea1cfa1bfc43f04a47806.jpg,1.0
cl6b60nkh005vl455dzr44i2o_2_FALSE_COLOR_jpg.rf.057acf3dfb58b40a1de6e544e4329f43.jpg,1.0
cl6ch1am000bsl455a0381kr1_4_FALSE_COLOR__URBAN_jpg.rf.060eec0d5b0dbbdc3d8935baeb53cb88.jpg,1.0
cl6b6bser006wl455hj0597rq_1_TRUE_COLOR_jpg.rf.064b15b3f852adc6be7c962b27c30fc3.jpg,1.0
cl6b69zw9006pl455be0a3zi1_2_FALSE_COLOR_jpg.rf.06038582c79636db8d50fda0cf188bbc.jpg,0.0
cl6b03sa00004l4555k7m3d9h_1_TRUE_COLOR_jpg.rf.063b85eb9ad9c10d05521cc1a0a725de.jpg,1.0
cl6oqcc63008vao551jrk90jb_2_FALSE_COLOR_jpg.rf.06400f3f86f3617615ac36c8976de360.jpg,1.0
cl6ocohki0003ao55bnyg99kc_1_TRUE_COLOR_jpg.rf.06070d6bd0bb3764d107f95b5176d202.jpg,1.0
cl6b0esbf000vl455co1o9wvm_1_TRUE_COLOR_jpg.rf.066b5cc6151ea421ad598c39e6c9e3ae.jpg,1.0
cl6ojwo190059ao55aqo1dfsk_1_TRUE_COLOR_jpg.rf.066163f51a905c630d4059f2bd31c740.jpg,1.0
cl6oimia5003dao558osp4mxe_6_SWIR_jpg.rf.062b53da87a0ee9d000e9e9df861fff8.jpg,1.0
cl6b5bl3w0032l4550j2k2te5_2_FALSE_COLOR_jpg.rf.065bb0a3659ba42d15b66e1177e32a5f.jpg,1.0
cl6csoq0b00fvl4552zeyhiff_2_FALSE_COLOR_jpg.rf.06749d0ebf73018b337565c322db8bed.jpg,1.0
cl6b6y36r008gl4559z723z25_4_FALSE_COLOR__URBAN_jpg.rf.05f9a59a25150d631b580e3113c7fdf8.jpg,1.0
cl6oim1lr003cao555vs11jcz_1_TRUE_COLOR_jpg.rf.066b83291e6ed21b0b4a1606cf2a78e0.jpg,1.0
cl6kgp3b80033c455hm58af2a_2_FALSE_COLOR_jpg.rf.067a1cdc725345f14fbf4b8fc6dd1e53.jpg,1.0
cl6kg9h8h0028c455at8u1fb4_2_FALSE_COLOR_jpg.rf.0676fba91903187d0a982df31fcf11ee.jpg,1.0
cl6cs8jie00f5l4555hn76aj1_1_TRUE_COLOR_jpg.rf.0669cf163add764b7a10ead55f7e7a43.jpg,1.0
cl6oinvqs003fao55chcqcxbr_2_FALSE_COLOR_jpg.rf.0632bec68376b7a5132a2053f522728f.jpg,1.0
cl6azgmfw0004f0557iqa1usw_6_SWIR_jpg.rf.068d397474b30ce38606fd4bc6fea8f0.jpg,1.0
cl6oisavf003pao556yzob9sf_1_TRUE_COLOR_jpg.rf.06e29b904cfb8b1c22d12d856855addf.jpg,1.0
cl6opxvd40084ao55f1zvab1r_1_TRUE_COLOR_jpg.rf.06ecdd7418b1a42af97f8119312c109d.jpg,1.0
cl6e0l3x90015gk55eki43b8w_6_SWIR_jpg.rf.06a9956c38fc4dcfbecf14fdaa998cea.jpg,1.0
cl6cs8jie00f5l4555hn76aj1_1_TRUE_COLOR_jpg.rf.068deefdc77118784e616a5998bf0c03.jpg,1.0
cl6ch7vs700c0l4550a8j565q_6_SWIR_jpg.rf.06f7ff377a5997a53080181464a3e1ef.jpg,1.0
cl6ctobno00i3l4554o13a57u_1_TRUE_COLOR_jpg.rf.06f0839014c039aa38a6849b0cf9ea06.jpg,1.0
cl6kjc5r500168w55bry741c1_1_TRUE_COLOR_jpg.rf.06f41fdca90621b5ca40918a739b6892.jpg,1.0
cl6oppm12007lao555f2r38iz_4_FALSE_COLOR__URBAN_jpg.rf.067da4ebde52a134dc84414041886653.jpg,1.0
cl6ok56zt005mao55cmacfcg4_4_FALSE_COLOR__URBAN_jpg.rf.073000418bc2f83bcfcc49479a11a3db.jpg,1.0
cl6azgmfw0004f0557iqa1usw_1_TRUE_COLOR_jpg.rf.0749b09c962526bf7ec8e839f15be9ca.jpg,1.0
cl6b6057d005ul4555s1o9t3q_6_SWIR_jpg.rf.06748b1a3d07439f99094e51ff5e2832.jpg,1.0
cl6csjaik00fhl455ga70af2b_1_TRUE_COLOR_jpg.rf.072ae4fe1196fa27cccd46c87c7c4456.jpg,1.0
cl6kg4sfr0026c4552hfe6gtj_2_FALSE_COLOR_jpg.rf.0707b1b798f842eb335ccdf19c6b1485.jpg,1.0
cl6csf9te00fel4552rgvbiq8_2_FALSE_COLOR_jpg.rf.070ad6cfa100f779fa8d16ea971d694c.jpg,1.0
cl6b6wb2i0088l455ep6cb4cd_6_SWIR_jpg.rf.07003bd6cca06ebad45465ebffd68bdc.jpg,1.0
cl6ctah5z00hbl455f84of4co_6_SWIR_jpg.rf.07495ae0df4f39eeed325d6ccb8aeb39.jpg,1.0
cl6ch4qyp00bul455enwie1k7_6_SWIR_jpg.rf.076c69b162e3391c9ea9d2984cbdb249.jpg,1.0
cl6b50joj0020l455h0thgx23_4_FALSE_COLOR__URBAN_jpg.rf.071b26fd6e962015566be38e18fd48aa.jpg,1.0
cl6oqrvzj009aao552o4w9gcv_6_SWIR_jpg.rf.072b67bc73b5154b627124314e2d1c3c.jpg,1.0
cl6b77p6x009ml45511vm0cp2_4_FALSE_COLOR__URBAN_jpg.rf.072e5f82d9add48186de36eca1d37bae.jpg,1.0
cl6cpcvc900dgl45500ys0wsi_2_FALSE_COLOR_jpg.rf.077816a4fe1cb589125663c099cbf717.jpg,1.0
cl6ctquqv00i6l4554a2rdn94_4_FALSE_COLOR__URBAN_jpg.rf.07a36bb6880e8ce0218c0b0fed77ee74.jpg,1.0
cl6od6dj2001eao55dxd749up_6_SWIR_jpg.rf.0774c814ff14539622f77f3e26fe069f.jpg,1.0
cl6azikzm0007f055cez572lb_1_TRUE_COLOR_jpg.rf.0739c071961f35497d62149b6d71407a.jpg,1.0
cl6cs0euj00egl455918xdqll_2_FALSE_COLOR_jpg.rf.078bd1d0b1ed51028c2f431360f8e4a1.jpg,1.0
cl6oe2d76002tao55ckxpdijl_2_FALSE_COLOR_jpg.rf.070bd240b18396f20bed8418b8b92e67.jpg,1.0
cl6kf7tlh000mc4553at3gkgd_4_FALSE_COLOR__URBAN_jpg.rf.0701d37f7aff625fe59fd8f01012f2a8.jpg,1.0
cl6b5nqx3004dl4556qu6azh4_2_FALSE_COLOR_jpg.rf.0756f97157e7a78ecb0e628a3f8cf388.jpg,1.0
cl6cpfs8q00dml4554w0t2f82_2_FALSE_COLOR_jpg.rf.079d8a136bf823d0c6b68cfbea683d74.jpg,1.0
cl6e2m95l002ggk55a3eefylp_1_TRUE_COLOR_jpg.rf.075b0610d7937055c70acaa4c4237f53.jpg,1.0
cl6ch93ke00c2l4558vo85rjw_6_SWIR_jpg.rf.05ff5f53af7ba926e753d8bc1190ab5b.jpg,1.0
cl6cgsj2300bjl4556rjk0yap_2_FALSE_COLOR_jpg.rf.072155be01af0eae07b1d9ef677fe502.jpg,1.0
cl6kjc5r500168w55bry741c1_6_SWIR_jpg.rf.0766f8cfb336fe1513d12164b90dfe4d.jpg,1.0
cl6e2k2rw002bgk55fzl4eqi8_1_TRUE_COLOR_jpg.rf.07c4d77f6baf7e533f67e711985e48dc.jpg,1.0
cl6ocun81000iao55010uhpce_6_SWIR_jpg.rf.07a9c6c29cd3f24cde310f42ceb4a5d1.jpg,1.0
cl6kgcy30002hc455hqb400gb_6_SWIR_jpg.rf.07b720305f6377bf81f961c69680e282.jpg,1.0
cl6oja8ma004kao55atmaakd4_2_FALSE_COLOR_jpg.rf.07fe55148c7308bc95f4bb1cf5b42a86.jpg,1.0
cl6csadov00f6l455ejric5np_2_FALSE_COLOR_jpg.rf.07d400c085cd21def154403251d4aab2.jpg,1.0
cl6opn2ws007hao55es3fg6b2_1_TRUE_COLOR_jpg.rf.07eb1cd3eb8b4bb15c2817c5acf93e1a.jpg,1.0
cl6ojowwz004yao55hvwldnc2_4_FALSE_COLOR__URBAN_jpg.rf.081aae221902abafca2adbe148a1ba2f.jpg,1.0
cl6oplsq0007fao556ul723tq_2_FALSE_COLOR_jpg.rf.07f39bd0b6d51d81a597bdc940c2f435.jpg,1.0
cl6oqpnhu0095ao55fbos77vi_4_FALSE_COLOR__URBAN_jpg.rf.080432e89af7d705523c5f39cc2241b0.jpg,1.0
cl6cgl1e600b7l455b4k067pe_2_FALSE_COLOR_jpg.rf.07f9bb9a7e82c6dc03f690d8f7c0c600.jpg,1.0
cl6kft9sm001lc4558tfj4yjn_1_TRUE_COLOR_jpg.rf.07f64852a3bb9ac1c9cb7aa1521536f3.jpg,1.0
cl6b746nn0091l4556dgg9xwd_4_FALSE_COLOR__URBAN_jpg.rf.07e3300aad537f42a077bf5cb257236d.jpg,1.0
cl6b5a7y0002xl4559jz37wc4_2_FALSE_COLOR_jpg.rf.0834c6105bc7c050bd7256850dad1158.jpg,1.0
cl6kf3j6a000cc455a7ny9xom_6_SWIR_jpg.rf.085a2eaf8f1bee123bb7b5fb344abfe1.jpg,1.0
cl6m1fspy003x8w553wncdjsh_1_TRUE_COLOR_jpg.rf.083972d2932f3ac560f253152ba441ce.jpg,0.0
cl6m1aury003e8w55364mhq6f_1_TRUE_COLOR_jpg.rf.08386a00055e030ee31f4fbe8de7747b.jpg,1.0
cl6oj50of004dao558azz1d6c_4_FALSE_COLOR__URBAN_jpg.rf.081b67cbeaef2d93876f064ca2e262ce.jpg,1.0
cl6oqnb9v0093ao55cge3gyh7_4_FALSE_COLOR__URBAN_jpg.rf.081d99505746c29632ab523b58787f5e.jpg,1.0
cl6oips2c003kao559sp4fuwd_4_FALSE_COLOR__URBAN_jpg.rf.081e6bbb70eb53b72e756175d1586566.jpg,1.0
cl6opi0lv0079ao554ptl5yd7_1_TRUE_COLOR_jpg.rf.082879a46a983b8f1b895135652ba5d0.jpg,1.0
cl6b73duk008vl45583qs4mo9_1_TRUE_COLOR_jpg.rf.088880b1b16dc64aafaa200a87b7d8ad.jpg,1.0
cl6ouiflj00apao55ef14ha2q_2_FALSE_COLOR_jpg.rf.0871c45fec98b515c6976e0d0dc4e5ad.jpg,1.0
cl6ojvjir0057ao55hcywheqa_4_FALSE_COLOR__URBAN_jpg.rf.08476fe5918d407b4b039e2bf7f38d68.jpg,1.0
cl6e34bti0037gk55gzdv0akr_6_SWIR_jpg.rf.08a2362a690b24f3b0f961f5b2893d20.jpg,1.0
cl6csvg6n00gal45513b052pr_6_SWIR_jpg.rf.086c4562e321a2df074d0a093b22c309.jpg,1.0
cl6kgeqar002lc455akv50au4_6_SWIR_jpg.rf.086439ce62b8fd0ed154a2bb5f3235c0.jpg,1.0
cl6oul0ve00axao5549vy6mom_1_TRUE_COLOR_jpg.rf.08420fde0053ba811d6c6fa43eaedc13.jpg,1.0
cl6b7263q008rl455cbp6ejbc_2_FALSE_COLOR_jpg.rf.08940404195bcfaa0bbb2f31b475c32a.jpg,1.0
cl6cruirz00dzl45533iybi5p_4_FALSE_COLOR__URBAN_jpg.rf.08ab0f694ac2a95cbebc607fdb1afc65.jpg,1.0
cl6oe1f0u002sao550ab86ndb_4_FALSE_COLOR__URBAN_jpg.rf.08cd1db7615721efadb00cca8f53065a.jpg,1.0
cl6oe1f0u002sao550ab86ndb_2_FALSE_COLOR_jpg.rf.08baabfdbf1a8caadfd9050f9d1f7595.jpg,1.0
cl6b73duk008vl45583qs4mo9_6_SWIR_jpg.rf.08bff0289a2e0958e88f15acecde69d5.jpg,1.0
cl6oitxum003tao55ghqu4f36_6_SWIR_jpg.rf.090e28800c35b076b66aea5d3e86c14f.jpg,1.0
cl6e32otv0032gk55gxea0jps_1_TRUE_COLOR_jpg.rf.08bb6653aab0e143e7edb5c4712559fd.jpg,1.0
cl6ocun81000iao55010uhpce_1_TRUE_COLOR_jpg.rf.08ad36e3871704a6930b3ed98be034ef.jpg,1.0
cl6ocohki0003ao55bnyg99kc_4_FALSE_COLOR__URBAN_jpg.rf.08d4254a4617ae984f251168a643cf25.jpg,1.0
cl6chkc4400cal4551mau76ln_2_FALSE_COLOR_jpg.rf.090ed356d5d81d62c67380e1069b87f4.jpg,1.0
cl6orq40w009vao552t868lax_2_FALSE_COLOR_jpg.rf.08dd4b57a7b75395ec0a070ad0a88bc3.jpg,1.0
cl6dyqj7a000ehg55buwr46eg_6_SWIR_jpg.rf.0914db3033a7747624199ae119dbd135.jpg,1.0
cl6b5phba004il45531lb6655_6_SWIR_jpg.rf.090806dfe2148db80f88d34dc9d481d5.jpg,1.0
cl6cs1jzq00ekl4555c2107g4_6_SWIR_jpg.rf.08d9c3664931b136b0515a9c3d5f2263.jpg,1.0
cl6anjur50001f055bzb494if_2_FALSE_COLOR_jpg.rf.0906656dcfdf3069871566e3140a5bdf.jpg,1.0
cl6azgmfw0004f0557iqa1usw_6_SWIR_jpg.rf.08e72884ac334b546f3b7d3d55f59476.jpg,1.0
cl6chonxj00cjl455bqcs1fnt_1_TRUE_COLOR_jpg.rf.08e7b9735054e8e4310c14597250e6dc.jpg,1.0
cl6kiuz0a000l8w554itn2fmi_2_FALSE_COLOR_jpg.rf.092d3591a38a3bbc54be27d6cc9b8369.jpg,1.0
cl6cho7a000cil455fiddgkjj_2_FALSE_COLOR_jpg.rf.0905585ccf8777ac06469621d8777368.jpg,1.0
cl6dytpbv000jhg5517e1d6xy_6_SWIR_jpg.rf.091d38c8bc4710ac4f132e0bf6aa4fbe.jpg,1.0
cl6ou6f7u00a5ao55h96m1hvj_1_TRUE_COLOR_jpg.rf.0923d190e93de3bec0931d993d2c3479.jpg,1.0
cl6kipfwb000h8w55dvnhe43x_1_TRUE_COLOR_jpg.rf.08ce5111607aa3b2727a657eee1f8cdf.jpg,1.0
cl6oju5ai0054ao55fbrr6a1p_1_TRUE_COLOR_jpg.rf.092e1d03542b58b489a4cf02ad910e29.jpg,1.0
cl6b0skkx001nl4557zd344qi_2_FALSE_COLOR_jpg.rf.094b58b8c3ce5bc38b5047c805cad14a.jpg,1.0
cl6kf5xzo000gc4552qc8hhcc_2_FALSE_COLOR_jpg.rf.0938925339ac40ea65618be2c8d77b72.jpg,0.0
cl6ctquqv00i6l4554a2rdn94_2_FALSE_COLOR_jpg.rf.093cdb821904d93419316ca51b4c6640.jpg,1.0
cl6kgorr90032c455adjx4557_1_TRUE_COLOR_jpg.rf.095267572971e8eabdc8e90989e8845d.jpg,0.0
cl6kig3wf00098w556e894kgn_6_SWIR_jpg.rf.094e907f94ec4f4035f1c56c7f4f9b07.jpg,1.0
cl6ltpzi4002p8w558kple65k_1_TRUE_COLOR_jpg.rf.0975b783c60cb825e676890f33c04d39.jpg,1.0
cl6e0k0280013gk550nd9grxm_4_FALSE_COLOR__URBAN_jpg.rf.095665fa7af72ef78ec0815a9216132d.jpg,1.0
cl6b78tww009tl45524un0omv_2_FALSE_COLOR_jpg.rf.09676e81b069e5b40416e1e33134dc4a.jpg,1.0
cl6crz0fp00eal455fpwx4d95_1_TRUE_COLOR_jpg.rf.0915a446b7bd9c3883ae4b681130f605.jpg,1.0
cl6b6frr10078l455hhqe0mw5_4_FALSE_COLOR__URBAN_jpg.rf.0967026af1258a7b5a80564d342d2ba2.jpg,1.0
cl6e2kygp002egk55asrs2brz_6_SWIR_jpg.rf.099caa7445845ab1ffe921772b87790d.jpg,1.0
cl6b5xjjd005kl455hfjcd5ra_1_TRUE_COLOR_jpg.rf.093fc8971352587e4b3e55d9a1c98e2c.jpg,1.0
cl6dy9kzz0002hg55bc0s18ph_4_FALSE_COLOR__URBAN_jpg.rf.09367a6c8692e6a4fa21556d18a7fc87.jpg,1.0
cl6b5vl5q005bl4554dg30yje_1_TRUE_COLOR_jpg.rf.098257033c71e7ab0d3cd65061b43813.jpg,1.0
cl6b7f8ys00a6l4550hw509f9_4_FALSE_COLOR__URBAN_jpg.rf.097f3aeea10d6ace97ae4a7de5a72968.jpg,1.0
cl6oif58n002yao5578ob9fzh_1_TRUE_COLOR_jpg.rf.09aad6d83c81deb923ee775be86c6fc7.jpg,1.0
cl6orko2t009kao55b52w8c6b_6_SWIR_jpg.rf.09e2c6a856fa6a06dc86bc395a66a9ed.jpg,1.0
cl6ct101m00gml455hllggu82_4_FALSE_COLOR__URBAN_jpg.rf.0958e4850961287b97b4712a03481cb3.jpg,1.0
cl6e2kygp002egk55asrs2brz_6_SWIR_jpg.rf.098a63a4dd8df44b1454f080fe495f24.jpg,1.0
cl6opag1s006tao55h8pkceie_4_FALSE_COLOR__URBAN_jpg.rf.09f4dfe0d84e884640a876bfdd3b15ae.jpg,1.0
cl6kjd3dd00178w550194376c_4_FALSE_COLOR__URBAN_jpg.rf.09de268261fa1f00b9ebdaee3aa4976b.jpg,1.0
cl6ctfvqa00hnl455fu4bf37z_2_FALSE_COLOR_jpg.rf.09ffaaf02d7b83544e4bd21687fdeac2.jpg,1.0
cl6op95w5006qao55gj2cery4_4_FALSE_COLOR__URBAN_jpg.rf.093f6d3c02640757fe969d9abf400164.jpg,1.0
cl6b79rs5009wl4550jbyddo9_1_TRUE_COLOR_jpg.rf.0a0aad1544d71a89252e91c24b192a86.jpg,1.0
cl6b03yzy0005l455dq6x4eyc_2_FALSE_COLOR_jpg.rf.09a82f2948430dc04f5f99dbacea7d4f.jpg,1.0
cl6oujzw400auao55d5qwbeah_2_FALSE_COLOR_jpg.rf.0a034c01313bd484f593ceee966eb7da.jpg,1.0
cl6cteplg00hkl4551scr5fko_1_TRUE_COLOR_jpg.rf.0a0af61b7baaac6c5ef74eef3aecfcef.jpg,1.0
cl6ki56x400028w55hs1xab54_1_TRUE_COLOR_jpg.rf.0a0d7c6f7d75806db2c0bbf4be5ea930.jpg,1.0
cl6ojcant004qao555opq5lio_4_FALSE_COLOR__URBAN_jpg.rf.0a19e9775d41ce80870e95c41f13fe2d.jpg,1.0
cl6e3j5rh0046gk5519l319wr_2_FALSE_COLOR_jpg.rf.0a1d7d1c70a73b8faaa4e67f2d61eadd.jpg,1.0
cl6cg6cf600agl455gtin273p_1_TRUE_COLOR_jpg.rf.0a1f12fba6f73ec2d67fe3f340f26311.jpg,1.0
cl6oqrvzj009aao552o4w9gcv_1_TRUE_COLOR_jpg.rf.0a1bda846a98743ee6dfee7839c7f96c.jpg,1.0
cl6b6vvhu0087l4557uqog2by_1_TRUE_COLOR_jpg.rf.0a3c0740afc27547c78dc36ef0145af7.jpg,1.0
cl6b7hybt00ael455dfth5qs9_1_TRUE_COLOR_jpg.rf.09ff87b5e0539a6e00183634d077a097.jpg,1.0
cl6cii68700d6l455amco5bi5_1_TRUE_COLOR_jpg.rf.0a301e8f52d09c1d3b240517b672547c.jpg,1.0
cl6b04dof0006l455d30k5py4_4_FALSE_COLOR__URBAN_jpg.rf.0a33f54c32cfe0ed16bfa7b26cc79c76.jpg,1.0
cl6b7e0xs00a2l455ahn69x2p_4_FALSE_COLOR__URBAN_jpg.rf.0a39cae339d86e155aac28477e7ea498.jpg,1.0
cl6b5x7nw005jl4559ppn5ov2_1_TRUE_COLOR_jpg.rf.0a21ec473ac716fe2362d5c2ec10a863.jpg,1.0
cl6chiqvr00c6l455cbe1ekdo_1_TRUE_COLOR_jpg.rf.0a790b73521932a19c216f0cad9b2f84.jpg,1.0
cl6ctgypm00hol455a8epfwn4_2_FALSE_COLOR_jpg.rf.0a295d3a9e07bdeb460a8f7a2bbd734b.jpg,1.0
cl6kf4avz000ec455hhw331dx_4_FALSE_COLOR__URBAN_jpg.rf.0a24aa4b87960e4d2a2f4932d95607d6.jpg,1.0
cl6op61od006kao558qpbabp6_2_FALSE_COLOR_jpg.rf.0a97cb0edce62070a94bf0d28e28fdbc.jpg,1.0
cl6dznlym000thg55950a4qbg_2_FALSE_COLOR_jpg.rf.0a3b6949d3b8485d919f5307b1ce6d15.jpg,1.0
cl6opucm6007vao553ut5eta8_2_FALSE_COLOR_jpg.rf.0a92d32275cc46fe7f1b4351d820de26.jpg,1.0
cl6cpebce00djl4559trp2fbu_1_TRUE_COLOR_jpg.rf.0a991b5c6c2b9e065232ebb226e19ff1.jpg,1.0
cl6ltthf9002u8w5567flfr3k_4_FALSE_COLOR__URBAN_jpg.rf.0a4fc4533dda220c636849a7819da748.jpg,1.0
cl6ok7ls2005pao55gqxi8e54_1_TRUE_COLOR_jpg.rf.0a73c8cdfa7307957026956b39dcb357.jpg,1.0
cl6kfsx2l001kc455ezxdhkvx_6_SWIR_jpg.rf.0a95fb403bfd54d264448705ae440a52.jpg,1.0
cl6b5yjxa005nl45516k465kb_1_TRUE_COLOR_jpg.rf.0a24e9302db999842a93a0540950e61a.jpg,1.0
cl6b58d1y002rl4558379g2db_1_TRUE_COLOR_jpg.rf.0a7040f56b8b8f3e7adc61ea938a9914.jpg,1.0
cl6cguk2800bml4556lfx35kx_2_FALSE_COLOR_jpg.rf.0aa933c2a4d7ed83e9d502f2e801e6bb.jpg,1.0
cl6b6aeiv006rl455ho4ugrkp_1_TRUE_COLOR_jpg.rf.0aba3c203454bc30b7d1978247083d8d.jpg,1.0
cl6e06umy000bgk55gkbw1ajq_2_FALSE_COLOR_jpg.rf.0aa10b57b478963177d2abb6dc74af2a.jpg,1.0
cl6kg0ssm0021c4559i7q1mhh_6_SWIR_jpg.rf.0ae61a9af564df3d9f07981b2a422dee.jpg,1.0
cl6e0fdc7000ugk557kzy30u6_2_FALSE_COLOR_jpg.rf.0aae3f283d8840fcce25c4df71328742.jpg,1.0
cl6oix6p8003xao558gep7jfa_1_TRUE_COLOR_jpg.rf.093102f9dad63e5ecc527bc397042ba7.jpg,1.0
cl6kj9dst00148w55fw0gfc6p_1_TRUE_COLOR_jpg.rf.0ae6947d98abf6a9fb483d54f09b4a41.jpg,1.0
cl6kjgg8s001f8w55gpld4jfw_1_TRUE_COLOR_jpg.rf.0ac25f00b06b0d0ab2ed4bbf481a59f7.jpg,1.0
cl6oqz7u8009eao55hd74fzt1_4_FALSE_COLOR__URBAN_jpg.rf.0af2a182bcfbfb5bac8bfaf897c825fc.jpg,1.0
cl6ou9hl600adao559w1qda4m_4_FALSE_COLOR__URBAN_jpg.rf.0aff1c2dde2e1994c0bdfa35c4479e2d.jpg,1.0
cl6op88w4006oao552mmn9knc_2_FALSE_COLOR_jpg.rf.0afec67c829e874fce6859aa50d61c6b.jpg,1.0
cl6b02sgp0001l4552wwg1go7_4_FALSE_COLOR__URBAN_jpg.rf.0b1ed116e2e43d6f29763d81eadc8763.jpg,1.0
cl6orsbq600a1ao5543sigy1j_1_TRUE_COLOR_jpg.rf.0ad1c4cbd21a99f03a877ebc3ce89339.jpg,1.0
cl6b6tlip0080l4550crfdhm2_1_TRUE_COLOR_jpg.rf.0ae94de6b9f9589b2c0015b5ec2f2541.jpg,1.0
cl6kfzb24001zc4555e770ib2_1_TRUE_COLOR_jpg.rf.0b687669519456bdb613e9014700d247.jpg,1.0
cl6cssfer00g4l455g2wbecis_4_FALSE_COLOR__URBAN_jpg.rf.0b3ec02ac8146cb2a73aae502d5db406.jpg,1.0
cl6oq9ozh008nao5591t079g1_1_TRUE_COLOR_jpg.rf.0b56f8663cc2b8d5f603c4d58dbcdced.jpg,1.0
cl6ctah5z00hbl455f84of4co_6_SWIR_jpg.rf.0b590c562cd0a97146d23c7a1c3ef97b.jpg,1.0
cl6b746nn0091l4556dgg9xwd_6_SWIR_jpg.rf.0b65924ef8b14e855ce9ec8c7f86e813.jpg,1.0
cl6m1a7kz003c8w55646e1v53_1_TRUE_COLOR_jpg.rf.0b49a527c06a8d21cb6930f4e961d228.jpg,1.0
cl6kgidey002uc455a3qe2ark_1_TRUE_COLOR_jpg.rf.0b05e9f22e6a85f29d227c6601f39bf6.jpg,1.0
cl6b7g1w400a8l455eezq0iqb_4_FALSE_COLOR__URBAN_jpg.rf.0b0d7d8eca6ccfef6356b67085e7bf2d.jpg,1.0
cl6e0eki8000sgk55gpb73kwu_4_FALSE_COLOR__URBAN_jpg.rf.0b4ae5a6ae3421e1b7ba813ec4a77b84.jpg,1.0
cl6oqz7u8009eao55hd74fzt1_2_FALSE_COLOR_jpg.rf.0b7f86f12257d14b31a1091f67168f35.jpg,1.0
cl6kj8pto00128w55cj0y58qg_2_FALSE_COLOR_jpg.rf.0b01acc4d0917d77173fe17e18550c7f.jpg,1.0
cl6b6frr10078l455hhqe0mw5_1_TRUE_COLOR_jpg.rf.0b50b113649c711e3ce96620e7bb5e11.jpg,1.0
cl6crz0fp00eal455fpwx4d95_1_TRUE_COLOR_jpg.rf.0b605458d3f586ce4f527cda8dfcb53c.jpg,1.0
cl6b0kfnx0013l4552ot9bv5b_2_FALSE_COLOR_jpg.rf.0b7ded2b6e4f82764c9d2afd53bd39cd.jpg,1.0
cl6b6ovux007pl455g8am6gh6_1_TRUE_COLOR_jpg.rf.0b5a7b2da8c0c82aa185bf2ce310bec4.jpg,1.0
cl6odbryt001nao55htogdny9_4_FALSE_COLOR__URBAN_jpg.rf.0b320eb70ae9a85da4750c2cfd43f04b.jpg,1.0
cl6e2dw4y001wgk5562da7pdl_4_FALSE_COLOR__URBAN_jpg.rf.0b6c9e9d00d44766bea50b4eb219e825.jpg,1.0
cl6e30dz3002tgk559uhm11za_4_FALSE_COLOR__URBAN_jpg.rf.0b6d3b452c69f2763ee6490648d0dbd9.jpg,1.0
cl6m1ho5c00418w55hopz9miu_2_FALSE_COLOR_jpg.rf.0b8dfec9c3225f0a1b46f0df147d2027.jpg,1.0
cl6e1pp8g001hgk555wsz5aja_6_SWIR_jpg.rf.0b8e30c1f30ded9d9236218e84c60d25.jpg,1.0
cl6oilbwz003bao55ayyaeiti_1_TRUE_COLOR_jpg.rf.0b834e89a67ac5c647c050464b10740a.jpg,1.0
cl6ougtjt00alao5544y198eo_2_FALSE_COLOR_jpg.rf.0b7a4e9d31bb1098c59301bb326e140b.jpg,1.0
cl6b534co0028l4557bpr4k5i_1_TRUE_COLOR_jpg.rf.0bcbcfb32562744bbb73c65b7cdc1c80.jpg,1.0
cl6oqwja8009cao553jcuagut_1_TRUE_COLOR_jpg.rf.0bd0048f7671d9c1dc343ecd251f6a06.jpg,1.0
cl6b6h5fo007bl455669md4vp_2_FALSE_COLOR_jpg.rf.0be58d241184473e1539568f18ea9658.jpg,1.0
cl6b753ud0096l455eypnas0u_2_FALSE_COLOR_jpg.rf.0be4e318b34fab527d80635e71a81f0f.jpg,1.0
cl6cruirz00dzl45533iybi5p_6_SWIR_jpg.rf.0bdb367a3f991ca9e5c0004375d9d066.jpg,1.0
cl6dywrm9000mhg55c48n2wtt_1_TRUE_COLOR_jpg.rf.0b9b893358bb89b31926facd8742052b.jpg,1.0
cl6csemjv00fcl455g14q355c_2_FALSE_COLOR_jpg.rf.0bf4b729c5d0a4d2d2f86294d0998ebf.jpg,1.0
cl6e05oow0008gk55ged8bdeo_4_FALSE_COLOR__URBAN_jpg.rf.0bca1e313f30f1b59c97576d0b13d303.jpg,1.0
cl6kgp3b80033c455hm58af2a_6_SWIR_jpg.rf.0c2313c2220d453f653e8a726f2e4f9a.jpg,1.0
cl6ctopvo00i4l455cgtw30dd_2_FALSE_COLOR_jpg.rf.0c08f2797cbb47fc4688903c32c46a78.jpg,1.0
cl6b03sa00004l4555k7m3d9h_2_FALSE_COLOR_jpg.rf.0c3d06b5a32606725bbb640443ce16c5.jpg,1.0
cl6m1c3ae003j8w553eyv5bne_2_FALSE_COLOR_jpg.rf.0c466b821905171f19d0bf8bf50fe330.jpg,1.0
cl6b63vpq0064l455flci5m80_6_SWIR_jpg.rf.0c4f58d91cd7f3eb63a64236a205898a.jpg,1.0
cl6ocxo5w000oao5510nb2jrx_2_FALSE_COLOR_jpg.rf.0c0bac471eb6b2ea179dad741c74449d.jpg,1.0
cl6b5xjjd005kl455hfjcd5ra_6_SWIR_jpg.rf.0c0cc76cf899c989cd5db95d442a9561.jpg,1.0
cl6oj3e9z0049ao5543571do7_4_FALSE_COLOR__URBAN_jpg.rf.0bb2f201f82da0fe111d3b6d919d4883.jpg,1.0
cl6e351jb003agk55474uguhw_6_SWIR_jpg.rf.0be755e8fb1e7ebd51cb1663848e2ec1.jpg,1.0
cl6dywrm9000mhg55c48n2wtt_4_FALSE_COLOR__URBAN_jpg.rf.0c38b888fcfeec54a6fafab2a6136047.jpg,1.0
cl6cgl1e600b7l455b4k067pe_6_SWIR_jpg.rf.0c2a99d865a7d556cefdbf5dc2bf9b32.jpg,1.0
cl6oilbwz003bao55ayyaeiti_6_SWIR_jpg.rf.0c54a4b04833ef6367462838951f8126.jpg,1.0
cl6chm8sy00cel455ckjkfykq_2_FALSE_COLOR_jpg.rf.0be8310831777ff13fd667b005d522ae.jpg,1.0
cl6ltu5kv002v8w555n2uhb4s_2_FALSE_COLOR_jpg.rf.0c4d7a5675cdb88551dfd99745a31054.jpg,1.0
cl6b72nfa008sl455dg2a9zbg_2_FALSE_COLOR_jpg.rf.0c24a33cb5c09c7619c119d1ae424901.jpg,1.0
cl6ojcant004qao555opq5lio_2_FALSE_COLOR_jpg.rf.0c1f7d34c9b028475090c2958924f11a.jpg,1.0
cl6oiyg3q003zao55c5k11xtf_2_FALSE_COLOR_jpg.rf.0c5b77e82a98ecb9f609617470365aca.jpg,1.0
cl6ok5klz005nao55dbmig3bd_4_FALSE_COLOR__URBAN_jpg.rf.0c442ac28d473e5b760e5ec95e33abf1.jpg,1.0
cl6csq2j100fyl4550kka11gw_1_TRUE_COLOR_jpg.rf.0c5d06e529c27462a7e723020df57d2b.jpg,1.0
cl6odwuqk002iao555zzv0c59_4_FALSE_COLOR__URBAN_jpg.rf.0c65192f9b374df7b3256d2b0497f202.jpg,1.0
cl6ocozkd0004ao55e5fq7tfw_1_TRUE_COLOR_jpg.rf.0c6c6622fa9f6e24b5021a2416f6fb82.jpg,1.0
cl6b0okeb001fl455fgue1wrj_2_FALSE_COLOR_jpg.rf.0c6f1f9861d6215d41ee450ca8a1a052.jpg,1.0
cl6cpjjol00dsl45581fhfrm9_2_FALSE_COLOR_jpg.rf.0c80110b4791ebaf130197eaf1164f55.jpg,1.0
cl6ltuz3i002x8w554lrq3tnc_2_FALSE_COLOR_jpg.rf.0c8511a5833eb879910bb6a62eb2520d.jpg,1.0
cl6oqz7u8009eao55hd74fzt1_6_SWIR_jpg.rf.0c97d147d1a3d48ebe77bb54d1655841.jpg,1.0
cl6oieqtk002xao5545u415h6_1_TRUE_COLOR_jpg.rf.0cc11fa894e2ef9ea4a1e1a8bd56f87e.jpg,1.0
cl6b7hybt00ael455dfth5qs9_2_FALSE_COLOR_jpg.rf.0cd3d35bb9935417e5af78dba31d5cf7.jpg,1.0
cl6kg4imi0025c45589qy7p3i_2_FALSE_COLOR_jpg.rf.0cf4b233aa37856bf8adc363a1265584.jpg,1.0
cl6ki5yui00038w5540ju3qix_1_TRUE_COLOR_jpg.rf.0cc24872ed8b3ce94d26d10b71ec71fc.jpg,1.0
cl6op7ba0006mao558jkudmdk_2_FALSE_COLOR_jpg.rf.0cdaf4296a033d54db0fef6f19a4d98c.jpg,1.0
cl6kf7tlh000mc4553at3gkgd_2_FALSE_COLOR_jpg.rf.0c8e12f111aa1b3cee08b95d849bc8f2.jpg,1.0
cl6ojsb1v0050ao55bqfgg51x_2_FALSE_COLOR_jpg.rf.0cf8a409579c94bf37b5de141eb3f59b.jpg,1.0
cl6kf7tlh000mc4553at3gkgd_1_TRUE_COLOR_jpg.rf.0d019f7cbcce0f41f13dea8350839bb7.jpg,1.0
cl6ou8fz600abao5561sobj5z_4_FALSE_COLOR__URBAN_jpg.rf.0cbe0f61b2d9fbbdfb833c42782647e8.jpg,1.0
cl6b7as54009yl455ag52hzr2_4_FALSE_COLOR__URBAN_jpg.rf.0d30606171eca439fabe1fda5c264e79.jpg,1.0
cl6cpadty00d9l4557ubu7rwz_2_FALSE_COLOR_jpg.rf.0cf7f22c0bfa98f92335259bb4cd44d6.jpg,1.0
cl6b76gu6009el455fxes9rlh_2_FALSE_COLOR_jpg.rf.0d07fb3c7c355a4384196a547e76122d.jpg,1.0
cl6chpi4800ckl455epxjdzyy_1_TRUE_COLOR_jpg.rf.0d499027a52c1026324046e8f847cfce.jpg,1.0
cl6e3dpyr003pgk5549kb5vj7_1_TRUE_COLOR_jpg.rf.0ce8c1e3ff7cb404ef9fe7d2bcd020a4.jpg,1.0
cl6oj4idn004cao558e80ezcu_4_FALSE_COLOR__URBAN_jpg.rf.0d33757d9c4a395109eab3ee11099aa6.jpg,1.0
cl6m1dwdp003q8w55hcgdgrrm_1_TRUE_COLOR_jpg.rf.0cc3582efa32e7511003e8a13d1fbf7e.jpg,1.0
cl6b5zvva005tl455617x069k_6_SWIR_jpg.rf.0ce17e9c93142d34ff3c6a330dbf748d.jpg,1.0
cl6b52uh70025l45570k50sh9_4_FALSE_COLOR__URBAN_jpg.rf.0cba9d9b2959c262a4fe20b47c442a3c.jpg,1.0
cl6kj6wc7000v8w55bojfd748_1_TRUE_COLOR_jpg.rf.0d32f3bf44a4065d89ecd1ebfe5a2a9f.jpg,1.0
cl6cryqwi00e9l4557j2w0vqw_2_FALSE_COLOR_jpg.rf.0d298d95e579256c5296ddc60af90bc6.jpg,1.0
cl6ojcant004qao555opq5lio_1_TRUE_COLOR_jpg.rf.0c6b66c8f32ff79f5fbae6ebd9793fbc.jpg,1.0
cl6b5y1m8005ml455dfsobrvc_1_TRUE_COLOR_jpg.rf.0d5ad6149cfaba6d129a55992c1f7a11.jpg,1.0
cl6odge0x001sao551k414izu_6_SWIR_jpg.rf.0d63c3bc4eebb3ea31ab2d1282568828.jpg,1.0
cl6cskwng00fol4555eloc4nh_4_FALSE_COLOR__URBAN_jpg.rf.0d0abbd8a7cf1a82464c28fb65c071a4.jpg,1.0
cl6ocwm59000lao557aje5r5p_4_FALSE_COLOR__URBAN_jpg.rf.0d71a67e536d3cfe54403280b6167bc6.jpg,1.0
cl6b71dky008pl4551u1e28u1_1_TRUE_COLOR_jpg.rf.0d794a65ab64ac73b9dc6828269058a3.jpg,1.0
cl6oro0mr009pao556hg6dj0a_4_FALSE_COLOR__URBAN_jpg.rf.0d6ca153530f06fc8366a30f9b8c01ac.jpg,1.0
cl6kfz1rf001yc45571zv9cp7_1_TRUE_COLOR_jpg.rf.0d69ffd6d536183668eeb3b1aa3dd3cc.jpg,1.0
cl6ok33x3005lao555fmcbrr8_6_SWIR_jpg.rf.0d7a4ac15a6512177ea3167f25c9cb5d.jpg,1.0
cl6ct23ww00gql45503oubjmo_2_FALSE_COLOR_jpg.rf.0d81c33a0edce521bd6dad8e2e3b5d07.jpg,1.0
cl6b5wjqa005fl4550muectqc_2_FALSE_COLOR_jpg.rf.0da0e070076f596281453f3d81688cca.jpg,1.0
cl6kjjuo1001n8w55cwk28w01_1_TRUE_COLOR_jpg.rf.0dc1d4d7e146ca9a86b5f842ce447143.jpg,1.0
cl6b7263q008rl455cbp6ejbc_1_TRUE_COLOR_jpg.rf.0d8268c05081a5e9a372348347423a73.jpg,1.0
cl6csdu2700fal455982ifw90_4_FALSE_COLOR__URBAN_jpg.rf.0d8b2548b82337a88b8d674c5e881b8c.jpg,1.0
cl6b5cr7o003al455cptggjjs_1_TRUE_COLOR_jpg.rf.0d9bfda5d999a3916a3743ae53a5e88b.jpg,1.0
cl6cgro8500bhl455267h78fj_1_TRUE_COLOR_jpg.rf.0d8eed03c31d56b906057cd3edc5c264.jpg,1.0
cl6ctbgwv00hel455fxql5pdm_1_TRUE_COLOR_jpg.rf.0d9df5a5b30b211e4fcaf023270ba02b.jpg,1.0
cl6b6c9bh006yl455efyd100t_1_TRUE_COLOR_jpg.rf.0d88132315a9707d5eef7419228c52ec.jpg,1.0
cl6kgjivy002xc4559k1m5r9y_1_TRUE_COLOR_jpg.rf.0dc80d36ae2e4fcda650228c27930d23.jpg,1.0
cl6b6h5fo007bl455669md4vp_1_TRUE_COLOR_jpg.rf.0dccd0bf25b8353e684435173ffa06e9.jpg,1.0
cl6b7crtk00a1l4552n2vbda4_1_TRUE_COLOR_jpg.rf.0dda6d569cfb74a276c31e8be8a1b54d.jpg,1.0
cl6cpfs8q00dml4554w0t2f82_1_TRUE_COLOR_jpg.rf.0def7bbc8ff68e91b0a7b0356adb6394.jpg,1.0
cl6op9m80006sao552sp0bgyl_4_FALSE_COLOR__URBAN_jpg.rf.0dfda3bed69aa2f9185e7521af6fe5fc.jpg,1.0
cl6chm8sy00cel455ckjkfykq_4_FALSE_COLOR__URBAN_jpg.rf.0e0d856e46a64dbbc86d3af0fe61370c.jpg,1.0
cl6ct1fab00gnl455b6a585vi_1_TRUE_COLOR_jpg.rf.0df48e5bd97c6caf0d6cd5263b72cf63.jpg,1.0
cl6e3fu8m003wgk55085691ox_1_TRUE_COLOR_jpg.rf.0e63f0ba64844ec49cfad635a24474c6.jpg,1.0
cl6e0bntp000mgk55426r9obp_4_FALSE_COLOR__URBAN_jpg.rf.0e5545bbca5543be541c7ff5866b3b08.jpg,1.0
cl6odvzby002gao5534yy1blj_4_FALSE_COLOR__URBAN_jpg.rf.0ea5891072c59ac14e47c09ad20ed846.jpg,1.0
cl6chv5i400cpl455b8o71jcm_2_FALSE_COLOR_jpg.rf.0e5d3c394f58264622714e1c5d67b7f2.jpg,1.0
cl6chb1kq00c3l45538v16mga_1_TRUE_COLOR_jpg.rf.0e526b66b4b1762932a1ce537509451d.jpg,1.0
cl6oqmixz0092ao550l10dlqc_1_TRUE_COLOR_jpg.rf.0e74e27f102993facd77f340c1a98ccb.jpg,1.0
cl6e0cu5f000ogk5534kg23s9_1_TRUE_COLOR_jpg.rf.0e0eadfbe2bbe809baa8117f895d72aa.jpg,1.0
cl6ct99jl00h6l4552nabhg3g_1_TRUE_COLOR_jpg.rf.0e82d5869bd63992ffa2c3018cc1312e.jpg,1.0
cl6kig3wf00098w556e894kgn_4_FALSE_COLOR__URBAN_jpg.rf.0e89e3c6e3ab0266cbf800900f26cd7a.jpg,1.0
cl6opfzmo0075ao55ft2tbgtg_4_FALSE_COLOR__URBAN_jpg.rf.0e8b7468aca5348f29abca93ed262756.jpg,1.0
cl6b5qnq6004nl455160o65u9_4_FALSE_COLOR__URBAN_jpg.rf.0e4c53e60b6cab8b2c2831391a16e212.jpg,1.0
cl6lt50lf00278w555isdaowx_4_FALSE_COLOR__URBAN_jpg.rf.0d650374cec1c671ee85d098526a0591.jpg,1.0
cl6cpiy1j00drl4557rsw5dzg_6_SWIR_jpg.rf.0eb11ff00dcafcea6a762a28eb24d47e.jpg,1.0
cl6ltopha002n8w5531cg4sky_1_TRUE_COLOR_jpg.rf.0e75607bda8309bd69ecfb590ef552b4.jpg,1.0
cl6lsukwg001t8w556kieb72f_1_TRUE_COLOR_jpg.rf.0e523633f2b6b8ae683d2b1421086bbc.jpg,1.0
cl6oe1f0u002sao550ab86ndb_2_FALSE_COLOR_jpg.rf.0e54b7384874846d93ae25ba9a3912ad.jpg,1.0
cl6ki7l6900048w55hs8c6nwt_1_TRUE_COLOR_jpg.rf.0e2d2109b03c2841ab379b0c50b14c4f.jpg,1.0
cl6kj5qso000r8w55f5o100o0_6_SWIR_jpg.rf.0e5facc42201d685e789cbe97d2a7676.jpg,1.0
cl6b53k570029l45574z79k7e_4_FALSE_COLOR__URBAN_jpg.rf.0ea435cf408604e7af017775d44534ac.jpg,1.0
cl6ougtjt00alao5544y198eo_6_SWIR_jpg.rf.0eb7db9f1434fe50f0eb8b31bee09ea6.jpg,1.0
cl6b77nut009ll45588wha4d5_2_FALSE_COLOR_jpg.rf.0e78ab8a9aece97bc6e347088a145d21.jpg,1.0
cl6odles00020ao555y5rc1cl_4_FALSE_COLOR__URBAN_jpg.rf.0ea6fb981e3c6184c1e8fe78c430fca7.jpg,1.0
cl6ok1ewy005iao556ywrdd6d_6_SWIR_jpg.rf.0ed350007ff2e2f814a65ca3cec8ddd9.jpg,1.0
cl6e2fi9f001zgk55b58g3gk6_1_TRUE_COLOR_jpg.rf.0e596f36e7ef99a494ca94c49ca0cdbc.jpg,1.0
cl6e3hmo90042gk550afsdsxy_2_FALSE_COLOR_jpg.rf.0eb8437a9e130fb8717ca6d6f8ecd52c.jpg,1.0
cl6kj8pto00128w55cj0y58qg_6_SWIR_jpg.rf.0ec4b714ad944a786953743acd9abdcf.jpg,1.0
cl6b0p3i7001gl455h7p6b9g1_1_TRUE_COLOR_jpg.rf.0ecb6d94a7a244d3e32f9282ff0b8f49.jpg,1.0
cl6crz0fp00eal455fpwx4d95_6_SWIR_jpg.rf.0ee2b4a4cbc418cd315a28cda01035f8.jpg,1.0
cl6b51y140022l4551rmyafv5_6_SWIR_jpg.rf.0ef6af947a32a3869258fb36b7cd59c1.jpg,1.0
cl6crvsiz00e2l4554s22ay6f_6_SWIR_jpg.rf.0ef3c200c7eb5a3a7074756d91a976e9.jpg,1.0
cl6kj7x8x000z8w550u2icc2v_1_TRUE_COLOR_jpg.rf.0edc83939b36490a0372be4ce895cb78.jpg,1.0
cl6b5goei003ql45521jt4njh_4_FALSE_COLOR__URBAN_jpg.rf.0ee7502bdc03f7c7e2691526f9214389.jpg,1.0
cl6kfoffk0016c455cvxsalj2_2_FALSE_COLOR_jpg.rf.0ed9d019e175a4d49efd5fc8e6a49366.jpg,1.0
cl6b5x63r005il4551chxdt93_2_FALSE_COLOR_jpg.rf.0f09f6f84a904d13f14906d575f3612f.jpg,0.0
cl6op0cny006bao55hefn0jyf_1_TRUE_COLOR_jpg.rf.0ee36535cc0a38b718c438c0c31b8c21.jpg,1.0
cl6cscffu00f8l455eoct9jzq_2_FALSE_COLOR_jpg.rf.0ef849ab78e377869101d5be19031a67.jpg,1.0
cl6chumom00col4556jyfb7a5_6_SWIR_jpg.rf.0f2b7e39fb4a16e62ada9cb8b6a4dd16.jpg,1.0
cl6op3smm006gao55ea02ba3u_6_SWIR_jpg.rf.0efe9dbf4be60686e79ee5025ae687bc.jpg,1.0
cl6cstiuc00g8l4559dvy72jo_6_SWIR_jpg.rf.0f23c2d258dc653e6a530bfe705628c7.jpg,1.0
cl6ok1ewy005iao556ywrdd6d_6_SWIR_jpg.rf.0f1f9275c4985d04647b21ea66a94ace.jpg,1.0
cl6odgxwb001tao559phvfhb7_1_TRUE_COLOR_jpg.rf.0f05798c02f3d810d3c87b501797aa7e.jpg,1.0
cl6b6vihd0086l4553gmk0011_1_TRUE_COLOR_jpg.rf.0f2e18d350d811ec75b0af66c5a22140.jpg,1.0
cl6oroiyh009qao55fjioccgf_1_TRUE_COLOR_jpg.rf.0f1fc08517432ca6815388f035913613.jpg,1.0
cl6e32ym20033gk558fa76664_6_SWIR_jpg.rf.0f153d565acd97f101ebfaafc5d9846c.jpg,1.0
cl6kgmrej002zc455a27d973q_2_FALSE_COLOR_jpg.rf.0f3fa8fa632bf3fa9bab01bd6437ed9d.jpg,1.0
cl6e3bzkq003kgk550ppl67ww_1_TRUE_COLOR_jpg.rf.0f14c2467a01e9b32ba46675f9e67e83.jpg,1.0
cl6chu8h100cnl4552hz21fjt_1_TRUE_COLOR_jpg.rf.0f2d453966bf2b5d44751a924ad948e8.jpg,1.0
cl6b5y1m8005ml455dfsobrvc_2_FALSE_COLOR_jpg.rf.0f30b5cf6a24d6431924f43e21736b5c.jpg,1.0
cl6m0w1nh002z8w558do5f7ar_6_SWIR_jpg.rf.0f269e56948984038a3286ea0407b201.jpg,1.0
cl6b57up4002pl455ckk17uw7_1_TRUE_COLOR_jpg.rf.0f4c4b5578db2143ddd831bd3d74256e.jpg,1.0
cl6kfpeg80019c455an5z7myg_2_FALSE_COLOR_jpg.rf.0ef75e29d61f15a268c957600c54bb72.jpg,1.0
cl6oju5ai0054ao55fbrr6a1p_2_FALSE_COLOR_jpg.rf.0f67bf64f1d12d103ec6051c7a3c2db5.jpg,1.0
cl6b7g1w400a8l455eezq0iqb_6_SWIR_jpg.rf.0f317e56a37ea534316f24f14404cc24.jpg,1.0
cl6kf9nvv000tc455gs7pbv7h_2_FALSE_COLOR_jpg.rf.0ee36f089799d2bee553f8939d237040.jpg,1.0
cl6cpfs8q00dml4554w0t2f82_1_TRUE_COLOR_jpg.rf.0f4f6c34f098acc1e04c9a338ed490f7.jpg,1.0
cl6ch7g5b00bzl4557xjh57a2_2_FALSE_COLOR_jpg.rf.0f723821cf1c53315b65142a6e4e9b85.jpg,1.0
cl6ou72e300a7ao55ham55bxa_4_FALSE_COLOR__URBAN_jpg.rf.0f8523ff39768ed2ccbedc607c67cd35.jpg,1.0
cl6ou90tv00acao559ijshkxd_4_FALSE_COLOR__URBAN_jpg.rf.0f7ff43628cdfc25947b236b990b9da2.jpg,1.0
cl6cscffu00f8l455eoct9jzq_6_SWIR_jpg.rf.0f6bb838d1be4abc8c1e4af27f469226.jpg,1.0
cl6kf6p46000hc455dcig3109_4_FALSE_COLOR__URBAN_jpg.rf.0f92371ace63b287041231cf1c576ba0.jpg,1.0
cl6e0aboc000jgk55bfnyfi9v_6_SWIR_jpg.rf.0f8910827e89bc1b63fd2099f31ccff8.jpg,1.0
cl6b0pmvm001hl4558c7z7rzv_2_FALSE_COLOR_jpg.rf.0f93417e86bf2a20a9e71d3151e553fb.jpg,1.0
cl6ctu9tf00ibl455cvffhm3v_1_TRUE_COLOR_jpg.rf.0f92a2ecbeb62e3f479b5293f611829b.jpg,1.0
cl6opfzmo0075ao55ft2tbgtg_4_FALSE_COLOR__URBAN_jpg.rf.100d2a2e67affb8c4e8fc8164c4aec93.jpg,1.0
cl6crzmr500ecl4558jp511l2_6_SWIR_jpg.rf.0fb519e4aa4e18ac8a0084469f3af017.jpg,1.0
cl6odwc2l002hao558cha7kit_4_FALSE_COLOR__URBAN_jpg.rf.0f95dc9d9104f7ed0afa2378399d6ce8.jpg,1.0
cl6cszfwz00gkl45529qw979l_2_FALSE_COLOR_jpg.rf.0fbf46b018807d499019c7fb1f791d47.jpg,1.0
cl6oikmzw003aao558ooh48tf_6_SWIR_jpg.rf.0fd166620a4c87abd2ddcf1cb0a7040b.jpg,1.0
cl6oinvqs003fao55chcqcxbr_6_SWIR_jpg.rf.0fc2e49d0f64429f7c27053a3506f1cb.jpg,1.0
cl6csozke00fwl45538jlfe9v_6_SWIR_jpg.rf.100836787da8e43114911abaecdd6f0d.jpg,1.0
cl6op0vfi006cao553gmp6trs_6_SWIR_jpg.rf.101e531356306f38b8702ab7d63f40f9.jpg,1.0
cl6cru4e800dyl455gekch8cy_1_TRUE_COLOR_jpg.rf.0fd515e9b2cb5b5fafcb74e3b22d42aa.jpg,1.0
cl6ch8asj00c1l4556jdzeuny_4_FALSE_COLOR__URBAN_jpg.rf.0fc0c3d54913403924d479cf1bb84a58.jpg,1.0
cl6kjk4ho001o8w55ai7s6txj_6_SWIR_jpg.rf.0fcb91344baaee1bd31caee8d930a08a.jpg,1.0
cl6b0hhjo0010l455bbrwenrb_6_SWIR_jpg.rf.1004e06da19ff868a4264ed48c1da818.jpg,1.0
cl6orsbq600a1ao5543sigy1j_1_TRUE_COLOR_jpg.rf.0fcce063c1a3063478065e3980e56051.jpg,1.0
cl6op9m80006sao552sp0bgyl_2_FALSE_COLOR_jpg.rf.0ff6b8aa95cbd7ab6418f503d9334746.jpg,1.0
cl6csn2vw00fsl455h2a79t61_1_TRUE_COLOR_jpg.rf.101948d375b6d191f54654ca9746a521.jpg,1.0
cl6ocqy790009ao55dmfo7t3e_1_TRUE_COLOR_jpg.rf.10247554894fd5926b6ceb68d1fcacb4.jpg,1.0
cl6b57up4002pl455ckk17uw7_4_FALSE_COLOR__URBAN_jpg.rf.1019d949357ad12d11707b394757adaa.jpg,1.0
cl6anke2i0002f055e7ht1udi_6_SWIR_jpg.rf.10284699abb63dd8f5b8fd0ca6202eaa.jpg,1.0
cl6cgbyeo00aql455eui3fiu4_4_FALSE_COLOR__URBAN_jpg.rf.0fd24c0101b14842ef66b85c968b7317.jpg,1.0
cl6dzjmr4000qhg55bnr2akq0_1_TRUE_COLOR_jpg.rf.0fae77afc68776b9bbf5ab95b2128d30.jpg,1.0
cl6kgh8cf002sc4558jry9v2p_1_TRUE_COLOR_jpg.rf.104dfb4ea9182ce4220abf9570595dcc.jpg,1.0
cl6b6wzwc008al455bssbcrir_4_FALSE_COLOR__URBAN_jpg.rf.103425cf29f591119f51c6df1838f55d.jpg,1.0
cl6ocz2a3000tao55dh2pdj1d_2_FALSE_COLOR_jpg.rf.102aef3f0a8c1a9afd13457777aeffbe.jpg,1.0
cl6b5mgel0046l455192ze0hp_2_FALSE_COLOR_jpg.rf.1041c5532dc28c127f47e10283a1b437.jpg,1.0
cl6kiuz0a000l8w554itn2fmi_6_SWIR_jpg.rf.102ca636ad56d9559cb487cf86dd305d.jpg,1.0
cl6ojo12l004wao55btps0rwg_2_FALSE_COLOR_jpg.rf.103a5b3abeb3fb856254ec64fc4f8bb1.jpg,1.0
cl6b5qhgi004ml4554fwj59ku_1_TRUE_COLOR_jpg.rf.0f85de2f3fe39f19a4a741472227c022.jpg,1.0
cl6ci185e00d3l4552vji3q2k_1_TRUE_COLOR_jpg.rf.1051d6817221483412e3d8bb583542ec.jpg,1.0
cl6e1qges001kgk555z158f33_6_SWIR_jpg.rf.10b666ef716a460ece3bbaf663fb4641.jpg,1.0
cl6b78q1y009sl455ekwc1jfp_1_TRUE_COLOR_jpg.rf.1065433e1335028a4875847aeb1f7624.jpg,1.0
cl6ctnko800i1l4557pimhby6_1_TRUE_COLOR_jpg.rf.0f756786af95eae6b053718251b96b59.jpg,1.0
cl6opr2a8007pao556ffeh9fl_2_FALSE_COLOR_jpg.rf.1075adb119df7af4c5576c25ad153fb9.jpg,1.0
cl6cht8c600cml4558wv5emrs_4_FALSE_COLOR__URBAN_jpg.rf.10532164a0295c65e5af11af2fb93343.jpg,1.0
cl6b5uskz0058l455gbd534lm_4_FALSE_COLOR__URBAN_jpg.rf.10c0c32b170a0820266bfd84aa1b9b0d.jpg,1.0
cl6b762z9009al4555tw4br78_1_TRUE_COLOR_jpg.rf.10ec0ec892779e9550683eb3e829628c.jpg,1.0
cl6csvg6n00gal45513b052pr_1_TRUE_COLOR_jpg.rf.10dadb0075bca3b25b9bc968e3a36c78.jpg,1.0
cl6e1o8p9001fgk55413s4ag8_4_FALSE_COLOR__URBAN_jpg.rf.1067bf0f084fe47d0f3c17a4c08389ef.jpg,1.0
cl6od6ner001fao558jrx7rsm_2_FALSE_COLOR_jpg.rf.110df97e86044accaee90c9974444c6d.jpg,1.0
cl6chm8sy00cel455ckjkfykq_6_SWIR_jpg.rf.10e57041f0bc4f0572ea65d2d6cca0d3.jpg,1.0
cl6b08qce000hl455fod5abjo_2_FALSE_COLOR_jpg.rf.10d4b3fff0f15c7cd8b68548617e29e4.jpg,1.0
cl6oju5ai0054ao55fbrr6a1p_1_TRUE_COLOR_jpg.rf.1054d8d92cc75f262b076dc97aeececb.jpg,1.0
cl6kidboc00078w55f9rfey2b_2_FALSE_COLOR_jpg.rf.112f5482f3f222774b2c5622d446b912.jpg,1.0
cl6dyqj7a000ehg55buwr46eg_2_FALSE_COLOR_jpg.rf.10562a211ac40216e7847b649906778b.jpg,1.0
cl6okbkxz005xao55cwhm56ie_1_TRUE_COLOR_jpg.rf.1115d87394c85a7f9d76c0e2448079a6.jpg,1.0
cl6m0x4p100318w55bmg41saz_2_FALSE_COLOR_jpg.rf.1120209ac3d4489303f9faa6b42aa862.jpg,1.0
cl6e3dpyr003pgk5549kb5vj7_6_SWIR_jpg.rf.10dd37c4d944dff2115813b6453b66d2.jpg,1.0
cl6od01zy000wao5564tqf2dq_6_SWIR_jpg.rf.11349af956c4ae893b516c26afd2c3fd.jpg,1.0
cl6cso4jp00ful45554tn3v0d_4_FALSE_COLOR__URBAN_jpg.rf.1137af7f752aacc6bfac188cf921c0d2.jpg,1.0
cl6cgfb7300axl455efzk80f6_1_TRUE_COLOR_jpg.rf.10f0532277c5dc336c3c78c213ca13be.jpg,1.0
cl6ou8fz600abao5561sobj5z_1_TRUE_COLOR_jpg.rf.116a83f572ffd31c8198c330d441c382.jpg,1.0
cl6kgfdjy002nc4551yk01nj6_4_FALSE_COLOR__URBAN_jpg.rf.111150b6b199278ade6e90b0f4adb4ef.jpg,1.0
cl6ocn0yw0001ao55850zb04a_1_TRUE_COLOR_jpg.rf.115fcc11586dde2f30b861a4bdcc6d36.jpg,1.0
cl6opat9m006uao55hjajghn3_4_FALSE_COLOR__URBAN_jpg.rf.11605ef03440b01b43228ed7c9bd216a.jpg,1.0
cl6cs1jzq00ekl4555c2107g4_2_FALSE_COLOR_jpg.rf.1186251f0ba0705a4617395168a827ea.jpg,1.0
cl6cgl1e600b7l455b4k067pe_1_TRUE_COLOR_jpg.rf.110ec1734708971921383b4ea10257b2.jpg,1.0
cl6oqnb9v0093ao55cge3gyh7_1_TRUE_COLOR_jpg.rf.111f9d06453a8df2b4b8e042e993bbea.jpg,1.0
cl6kg2ozz0023c455byeq4ye9_6_SWIR_jpg.rf.11789ec43eebf1dab5099ebf6243ab23.jpg,1.0
cl6opeibd0071ao55f9t2g6nw_2_FALSE_COLOR_jpg.rf.1180be67a0419d5dd3ac6d4b4a20f796.jpg,1.0
cl6b6gdyh0079l4555ka0g84o_1_TRUE_COLOR_jpg.rf.1175c27f9acda9a1e76e412c09ef42f8.jpg,1.0
cl6ltbirs002g8w55h4yo4v3t_2_FALSE_COLOR_jpg.rf.11911380193a6ec931ed12bb01724f60.jpg,1.0
cl6e2n2tv002hgk553va60g50_4_FALSE_COLOR__URBAN_jpg.rf.119253807b41de340161f2eec24e2c40.jpg,1.0
cl6kgdfbl002ic45506ui0jbm_1_TRUE_COLOR_jpg.rf.11ab1c03d7d55ca6a784dea6f59b9ed2.jpg,1.0
cl6op7qgu006nao55fvo422ce_2_FALSE_COLOR_jpg.rf.11983b24dda75a0d40865efb512862c0.jpg,1.0
cl6cskhdp00fml4550oip27vq_4_FALSE_COLOR__URBAN_jpg.rf.11c00fb06d26aeace244d1802914c3c1.jpg,1.0
cl6dzx0z8000zhg55h3no3zv0_4_FALSE_COLOR__URBAN_jpg.rf.119cffe72c9f849a1f7ca66306ed33fd.jpg,1.0
cl6ct487q00gul455bxvzaopi_4_FALSE_COLOR__URBAN_jpg.rf.11be2449747a23454095aa085328c7d4.jpg,1.0
cl6b76u3e009hl455bhpzgyys_2_FALSE_COLOR_jpg.rf.11a5ec1141acc0a9a1bc2b7009fef866.jpg,1.0
cl6b09m65000kl455dbrteofg_4_FALSE_COLOR__URBAN_jpg.rf.11bf8d7d7f1d6da06e2be0cea84b99ec.jpg,1.0
cl6b785c6009ol455chw68rq7_1_TRUE_COLOR_jpg.rf.11c6fc74657e3a7cc58c4cad82afa22a.jpg,1.0
cl6ok7ls2005pao55gqxi8e54_2_FALSE_COLOR_jpg.rf.11f58a387db4d479e993d728cd05d89f.jpg,1.0
cl6b0esbf000vl455co1o9wvm_6_SWIR_jpg.rf.120bd3ae358a47591c0a6f7c0e7cc3a6.jpg,1.0
cl6b08qce000hl455fod5abjo_1_TRUE_COLOR_jpg.rf.11f10ebaff1bf5a394dc516a451869e5.jpg,1.0
cl6ki3fbe00018w55146m86ja_1_TRUE_COLOR_jpg.rf.11ad27f28ed8645ff1377aeed41afd49.jpg,1.0
cl6kj91fl00138w55et6m1crf_2_FALSE_COLOR_jpg.rf.11e6fc9c173d76093c84ccb92adfa9bf.jpg,1.0
cl6e0htxm000ygk558f3oazjy_4_FALSE_COLOR__URBAN_jpg.rf.122b7b5bcf65a6e5fde0f13f3e3fdef9.jpg,1.0
cl6b7hybt00ael455dfth5qs9_2_FALSE_COLOR_jpg.rf.1192f8fd0c0acf4a5eebcb42ad0e7624.jpg,1.0
cl6b62b07005zl455eftq37tr_4_FALSE_COLOR__URBAN_jpg.rf.11f559f2e084599e21b74340dee4cfe1.jpg,1.0
cl6kghsrn002tc4551wu83z4e_2_FALSE_COLOR_jpg.rf.11f8eb44dccaed24e8c81dcaeb517714.jpg,1.0
cl6kfs9ar001ic4556dkk65k6_1_TRUE_COLOR_jpg.rf.121298b1a5679cf48e6c15c19b17fabb.jpg,1.0
cl6oka2mq005tao556l2t8nyy_2_FALSE_COLOR_jpg.rf.11b0cd351f3406ac2c54198ce5d0e8fc.jpg,1.0
cl6oips2c003kao559sp4fuwd_1_TRUE_COLOR_jpg.rf.11ca8dfc1ab612ec4ee275e7cf9297e1.jpg,1.0
cl6e0bntp000mgk55426r9obp_2_FALSE_COLOR_jpg.rf.123d1b737db087913dd95ba4061548dc.jpg,1.0
cl6ct23ww00gql45503oubjmo_4_FALSE_COLOR__URBAN_jpg.rf.1225b9389807d6f74fb57f79bd8a32b1.jpg,1.0
cl6b7f8ys00a6l4550hw509f9_4_FALSE_COLOR__URBAN_jpg.rf.11cbf7af8944248ce9e5f58476be1468.jpg,1.0
cl6ltthf9002u8w5567flfr3k_2_FALSE_COLOR_jpg.rf.122dceab4599906b646cc3960d9e3751.jpg,1.0
cl6oqlhh6008zao55gago04ul_6_SWIR_jpg.rf.1259cf7b8d9d16bb8f584df21e71f592.jpg,1.0
cl6kgm9qr002yc455g5qs87kz_6_SWIR_jpg.rf.123ced862544c17b5cd8a91163180f85.jpg,1.0
cl6azvz950000t0552g8v22is_2_FALSE_COLOR_jpg.rf.1270e7ba01a692bc005e4f38682c32a4.jpg,1.0
cl6oiyg3q003zao55c5k11xtf_4_FALSE_COLOR__URBAN_jpg.rf.11f8e7c8460cf1ae4ee6fd05bfd12756.jpg,1.0
cl6ct64f500gyl455byyqdaud_4_FALSE_COLOR__URBAN_jpg.rf.124756bca6c715647294a6bcee263d02.jpg,1.0
cl6b50joj0020l455h0thgx23_6_SWIR_jpg.rf.123d6188f9dd48e8e434b8974c738098.jpg,1.0
cl6b5amhu002yl455ge4y545t_6_SWIR_jpg.rf.126a0f3ea4bc68b90de51c5b7e0c22c9.jpg,1.0
cl6b6vvhu0087l4557uqog2by_1_TRUE_COLOR_jpg.rf.124c69a1cc938fcfa3376d2eff85c266.jpg,1.0
cl6oitxum003tao55ghqu4f36_1_TRUE_COLOR_jpg.rf.125ae43e9fad73b65fc84358f1e997c8.jpg,1.0
cl6e0c4x3000ngk55c47nhbiz_2_FALSE_COLOR_jpg.rf.127b6a5c25fa9c53c3a40137193f53fa.jpg,1.0
cl6ct8vzr00h4l455e4w420qh_2_FALSE_COLOR_jpg.rf.12b89085fab592c9b0542e6b7457cce0.jpg,1.0
cl6cg8f7k00ail455g5xjf4zo_1_TRUE_COLOR_jpg.rf.128824e1a9123acc20ff6aaf56f78978.jpg,1.0
cl6cswt5400gdl4554rn2gjz9_1_TRUE_COLOR_jpg.rf.12cf511f9fae4828a1102e9f16d1bf5c.jpg,1.0
cl6oj8w06004hao558ky44xei_2_FALSE_COLOR_jpg.rf.12b391ef172366d8a0d4b15549cddd3a.jpg,1.0
cl6chxgc300cvl455h1z60m0l_1_TRUE_COLOR_jpg.rf.12db454329b4c78a217a6757e92b229c.jpg,1.0
cl6b03yzy0005l455dq6x4eyc_2_FALSE_COLOR_jpg.rf.12b562390162216af93f10a5a7920d7c.jpg,1.0
cl6e3g7x5003ygk558i9cetp5_1_TRUE_COLOR_jpg.rf.12de38fc2971e99babf45fbefae54368.jpg,0.0
cl6crwyyq00e5l4558o6g9ltn_1_TRUE_COLOR_jpg.rf.12c568634751a755623f49675651b3b7.jpg,1.0
cl6dyxq50000nhg5571bs31g5_6_SWIR_jpg.rf.12ded73295218839e4d162d8fa20d1ef.jpg,1.0
cl6e1w3mk001mgk5561ce1hn7_4_FALSE_COLOR__URBAN_jpg.rf.13135b07effbc0d5bc163b3a512a298e.jpg,1.0
cl6b6dmty0071l455668oabtj_6_SWIR_jpg.rf.12c57f34a69186215953165b3253e177.jpg,1.0
cl6oq1492008dao553mjgbuun_2_FALSE_COLOR_jpg.rf.12c1721a2b08b9a2ec347e5cac4c7561.jpg,1.0
cl6e0jkl30012gk55cttphw3u_1_TRUE_COLOR_jpg.rf.131a96ea5e048c0c1248d861ecf72791.jpg,1.0
cl6b4x9pw001pl455en07csnz_1_TRUE_COLOR_jpg.rf.13266e9caca2d71bea0935e8608a6342.jpg,1.0
cl6ci1vnh00d5l455d4ts3luw_4_FALSE_COLOR__URBAN_jpg.rf.131597e1469abbdbb111f5724c0538a0.jpg,1.0
cl6e0kgem0014gk55cl4692g7_2_FALSE_COLOR_jpg.rf.12bcedcb0017a9b7986013b46e5061c2.jpg,1.0
cl6od7f7j001hao55016b86jo_6_SWIR_jpg.rf.12fadbf156313d9153a6cf0fc9aeceb0.jpg,1.0
cl6opowct007kao55518p0qp4_2_FALSE_COLOR_jpg.rf.1320cc132758f281a9d6f6201316e071.jpg,1.0
cl6ou6sxn00a6ao555hql3vsm_1_TRUE_COLOR_jpg.rf.130e6fa38700543518aa63c75f76c493.jpg,1.0
cl6dzjmr4000qhg55bnr2akq0_4_FALSE_COLOR__URBAN_jpg.rf.132fa18c70da9594b0eb7af6f7626f9f.jpg,1.0
cl6ok7ls2005pao55gqxi8e54_1_TRUE_COLOR_jpg.rf.12c3aeb8e291bd5f75623cbc59371fb9.jpg,1.0
cl6ojofa2004xao556rjh31ss_2_FALSE_COLOR_jpg.rf.12d4d494b2095cda7f96cee35072ab3d.jpg,1.0
cl6b78tww009tl45524un0omv_6_SWIR_jpg.rf.131e4fe6b8deff6f537bc40bf9439488.jpg,1.0
cl6okcs620060ao552j5fd463_6_SWIR_jpg.rf.1340a400d8d6e29e4881f460c9716ae4.jpg,1.0
cl6oje823004tao557z2r0e1d_1_TRUE_COLOR_jpg.rf.134536ce4b32e3393b5e63a914caa4dc.jpg,1.0
cl6ct99jl00h6l4552nabhg3g_4_FALSE_COLOR__URBAN_jpg.rf.1341b99d7c0c3aa84998f3e89869fc03.jpg,1.0
cl6kjm7cv001r8w55czzsenxh_2_FALSE_COLOR_jpg.rf.13450580603826da916f9cbe9618e010.jpg,1.0
cl6b5y1m8005ml455dfsobrvc_4_FALSE_COLOR__URBAN_jpg.rf.132efa688a0fa6f80ff793a1ee531c63.jpg,1.0
cl6oivr2z003wao55395g5u07_1_TRUE_COLOR_jpg.rf.133de23de735000d3b286776cde80bdb.jpg,1.0
cl6ct487q00gul455bxvzaopi_1_TRUE_COLOR_jpg.rf.135391ed2d3f1901d0a134eabdf7ab76.jpg,1.0
cl6ki56x400028w55hs1xab54_6_SWIR_jpg.rf.1379a5b50a8966c06ba70c1da37f6697.jpg,1.0
cl6m1a7kz003c8w55646e1v53_6_SWIR_jpg.rf.13774390ca739cc3c7a9aed8b486c2da.jpg,1.0
cl6chzaqh00d0l4557irlbjwq_1_TRUE_COLOR_jpg.rf.13577a4737ca2d1a595692dedbfcec90.jpg,1.0
cl6cgkn5000b6l455cg451vw6_2_FALSE_COLOR_jpg.rf.1372a6c7436f97d4eb2c0e4e761f4a9b.jpg,1.0
cl6op88w4006oao552mmn9knc_1_TRUE_COLOR_jpg.rf.138b673417b1f51566ef5f8b992c407b.jpg,1.0
cl6ct8vzr00h4l455e4w420qh_1_TRUE_COLOR_jpg.rf.13832853479a055062e97f77d151f4e6.jpg,1.0
cl6e2zv7h002sgk55a6xy82ty_6_SWIR_jpg.rf.1384ec6bec6256b1eac20e2b1449183b.jpg,1.0
cl6azwb8d0001t055d2a160qn_6_SWIR_jpg.rf.139a351a41f4851cf34cad145f4a0ed4.jpg,1.0
cl6oq1492008dao553mjgbuun_4_FALSE_COLOR__URBAN_jpg.rf.136b20dade6c5f1c3b4afb6528a73772.jpg,1.0
cl6ltthf9002u8w5567flfr3k_1_TRUE_COLOR_jpg.rf.13de8ef8cb4a94ef492fcc91159fee8a.jpg,1.0
cl6kgj08y002wc455bqfpd8bd_1_TRUE_COLOR_jpg.rf.1389e22f0a462b42bc518faf06d8f225.jpg,1.0
cl6ouc1eq00aiao558jd2hz4w_4_FALSE_COLOR__URBAN_jpg.rf.13fd8bc0134406b5c548543adcb8a374.jpg,1.0
cl6csf9te00fel4552rgvbiq8_6_SWIR_jpg.rf.13b900408d13edeb7e774179bf1683de.jpg,1.0
cl6chpi4800ckl455epxjdzyy_6_SWIR_jpg.rf.13dd5b73bb641098b76c6f0ba32cf350.jpg,1.0
cl6ocx87y000nao554f3ig67h_4_FALSE_COLOR__URBAN_jpg.rf.13f837866e519ada104c7407d8d2052a.jpg,1.0
cl6cgtnl200bll4552u3y49k7_6_SWIR_jpg.rf.138d0e5e6f940466be07a657e7a37211.jpg,1.0
cl6b0797l000fl4556jpv3nqd_4_FALSE_COLOR__URBAN_jpg.rf.13f8331ad733b904c5d6d2fd94669a54.jpg,1.0
cl6oqmixz0092ao550l10dlqc_2_FALSE_COLOR_jpg.rf.13e521d7efcffc5f22f2843e67028ca2.jpg,1.0
cl6b5rw90004tl4550usmc96c_1_TRUE_COLOR_jpg.rf.13934fcccd6c82a1c21d9d556c642ff3.jpg,0.0
cl6b0esbf000vl455co1o9wvm_2_FALSE_COLOR_jpg.rf.13ab3182eb6c29394a281477d2232d1f.jpg,1.0
cl6b79f3e009vl455hmyk8e9e_4_FALSE_COLOR__URBAN_jpg.rf.13e6e9acfa3ad18673a4d21c729f080e.jpg,1.0
cl6ojvzs90058ao55ddizcpuh_6_SWIR_jpg.rf.13b244679fff061678693adfa25beb3d.jpg,1.0
cl6b0czhh000rl4555uf846qc_4_FALSE_COLOR__URBAN_jpg.rf.13ff48b70ecf1f6f46521fff613efbcf.jpg,1.0
cl6cta0z600h9l455cygudh3w_6_SWIR_jpg.rf.142bb62e0808f416f3bef0621b4ea0cb.jpg,1.0
cl6dzi6b8000phg55ebf66l7r_4_FALSE_COLOR__URBAN_jpg.rf.1408886d5cf506bd2faec47041eb5797.jpg,1.0
cl6odzdk0002nao55dz13d0s9_1_TRUE_COLOR_jpg.rf.141e7997dca9f710d73b06542b9faa19.jpg,1.0
cl6odn5mw0025ao5561or3jne_1_TRUE_COLOR_jpg.rf.13e4a687639c7e1874d74843fa112a3d.jpg,1.0
cl6b5piua004jl4556y4k2p8q_2_FALSE_COLOR_jpg.rf.144f2dbf867a9c2ebc7a1a8fe946a3f1.jpg,1.0
cl6chv5i400cpl455b8o71jcm_1_TRUE_COLOR_jpg.rf.1441d2b521ae5b51b1edd40afbbc2f24.jpg,1.0
cl6b63m6b0063l4556zdoe0cc_1_TRUE_COLOR_jpg.rf.144f40f33f2cf12bd6b174b0cb1ba61f.jpg,1.0
cl6op40ua006hao55h2vahefn_6_SWIR_jpg.rf.13e3c2262ed7530ac42f05a6b6c7f52a.jpg,1.0
cl6ctbgwv00hel455fxql5pdm_4_FALSE_COLOR__URBAN_jpg.rf.142885366b05b60dd991ca227b097437.jpg,1.0
cl6b08qce000hl455fod5abjo_2_FALSE_COLOR_jpg.rf.14412151b4abcf50bc7664dae1029896.jpg,1.0
cl6chjmg800c8l4551fu3ef4x_1_TRUE_COLOR_jpg.rf.1473dd685d5e4173504818588f7af325.jpg,1.0
cl6cse9tv00fbl4552j5aepjj_1_TRUE_COLOR_jpg.rf.146e72d92d27aee7fb8015f1e5df0a04.jpg,1.0
cl6ok1xz8005jao55et1x9ny0_2_FALSE_COLOR_jpg.rf.14bca9f9cbca64bdd06a4aec69fdb07b.jpg,1.0
cl6e34bti0037gk55gzdv0akr_1_TRUE_COLOR_jpg.rf.1484f1e9ee25f19233699789f1b4614a.jpg,1.0
cl6b5czu1003cl4551r7icqnt_6_SWIR_jpg.rf.1475eb03fcbc37e559a7b1ae4ef61426.jpg,1.0
cl6ciijds00d7l455hntlhi6p_6_SWIR_jpg.rf.149e3fe86b6eee8be5e610ec12d86db3.jpg,1.0
cl6odvzby002gao5534yy1blj_1_TRUE_COLOR_jpg.rf.14dc805257a7ff4a52c4d562910549c1.jpg,1.0
cl6oug08g00ajao55edulc8y8_1_TRUE_COLOR_jpg.rf.14f25d297a355f6572c51b212899e701.jpg,1.0
cl6cgl1e600b7l455b4k067pe_6_SWIR_jpg.rf.14c0bfa378052dcf1be00a7fe37c7087.jpg,1.0
cl6ltopha002n8w5531cg4sky_6_SWIR_jpg.rf.14ffd13dff219e09e94188045bd5cbd9.jpg,1.0
cl6ok5klz005nao55dbmig3bd_4_FALSE_COLOR__URBAN_jpg.rf.1526572c03273ad554a81a0b512c8d12.jpg,1.0
cl6kgp3b80033c455hm58af2a_2_FALSE_COLOR_jpg.rf.14a205a3c6743ca955aca59363efab70.jpg,1.0
cl6od8bxt001iao55h1ibgqsj_6_SWIR_jpg.rf.14e3f2bcc5ff631ed05ad9d47c2aa13d.jpg,1.0
cl6b63m6b0063l4556zdoe0cc_1_TRUE_COLOR_jpg.rf.15383c480aa742d1c4f1a0faad244037.jpg,1.0
cl6b77nut009ll45588wha4d5_1_TRUE_COLOR_jpg.rf.1526a27e5e360da1b4d101be8a17c5a4.jpg,1.0
cl6crz0fp00eal455fpwx4d95_6_SWIR_jpg.rf.14dd0fae8dfef1b21607d0fc6a45fa0d.jpg,1.0
cl6csnj9g00ftl4554f0z30lc_2_FALSE_COLOR_jpg.rf.14d8f34a49a97b87c852a4d4b97df567.jpg,1.0
cl6oe2xsq002uao554eff2q34_1_TRUE_COLOR_jpg.rf.1543a7e091d740c48bce5a5cafe0ffac.jpg,1.0
cl6oimia5003dao558osp4mxe_1_TRUE_COLOR_jpg.rf.14ba2046d2b962a2c48cabfce5ee4151.jpg,1.0
cl6b5osai004hl455cp1mh6ki_4_FALSE_COLOR__URBAN_jpg.rf.1474f3677e4f2cc87ab60e0080089b45.jpg,1.0
cl6oe04jy002pao551fir09my_6_SWIR_jpg.rf.15228588d545532ae28e5b7aa7219700.jpg,1.0
cl6kgjivy002xc4559k1m5r9y_2_FALSE_COLOR_jpg.rf.154a99fb86bb3a95e7a2cd1da205f533.jpg,1.0
cl6opfjg40074ao557e3g3skn_1_TRUE_COLOR_jpg.rf.1524ceabf9524248b8f4dd88d2a65fd3.jpg,1.0
cl6oju5ai0054ao55fbrr6a1p_6_SWIR_jpg.rf.154d376296455b066d0b708508f47c56.jpg,1.0
cl6e08s0e000fgk558toxgj1j_2_FALSE_COLOR_jpg.rf.154e65fef646470c57a631971a245eb7.jpg,1.0
cl6b58d1y002rl4558379g2db_2_FALSE_COLOR_jpg.rf.1561d6008577f48ce7791dbfcd48dd26.jpg,1.0
cl6oim1lr003cao555vs11jcz_2_FALSE_COLOR_jpg.rf.14d63561df38a6ecd654d2fb38994785.jpg,1.0
cl6kga3590029c455dfqjh4v7_1_TRUE_COLOR_jpg.rf.15590139e0e2322870bc5b4f81b5e1a8.jpg,1.0
cl6oputjf007wao55fnke0ppv_1_TRUE_COLOR_jpg.rf.15688495169e99d2bdbb6a5e7a80821a.jpg,1.0
cl6e3bzkq003kgk550ppl67ww_2_FALSE_COLOR_jpg.rf.14f1dcf18becc3ed813351449eb9e470.jpg,1.0
cl6e2hp3l0025gk55buu53wd8_2_FALSE_COLOR_jpg.rf.15839da9b7c5f74114e473ec3c226684.jpg,1.0
cl6e2j74p0028gk559qcd87o6_1_TRUE_COLOR_jpg.rf.158537b8e3347e9ebe183927a255430e.jpg,1.0
cl6oiqz18003lao55eb3ebson_6_SWIR_jpg.rf.156f3e4fcc1b5ee4ff53f848b3a5d56d.jpg,1.0
cl6orndip009oao55fid2ccb1_1_TRUE_COLOR_jpg.rf.15989482404628bf0a09ce7f5dbebc0d.jpg,1.0
cl6odxshy002kao554h0tez0a_4_FALSE_COLOR__URBAN_jpg.rf.15879fe833dabeed5247a7dc7465dda9.jpg,1.0
cl6cguk2800bml4556lfx35kx_6_SWIR_jpg.rf.159abbb8a2308489369d0e1cad20e25e.jpg,1.0
cl6oj27q10047ao55glv255m8_2_FALSE_COLOR_jpg.rf.15a06a03484239a19d20ff633dbcbecc.jpg,1.0
cl6od30dk0019ao5505uf2i2v_6_SWIR_jpg.rf.15d52188d966f25089f1b3ef5de88d26.jpg,1.0
cl6lt70fh00298w5541ighy5t_2_FALSE_COLOR_jpg.rf.15bf737d6dab133dbe069d99d1fc5e5a.jpg,1.0
cl6ormdvy009mao551gd3alcq_1_TRUE_COLOR_jpg.rf.15e0d2ec5a63d9f206aecfd6ac3e0d2b.jpg,1.0
cl6b5sn8f004xl455a0z7eski_1_TRUE_COLOR_jpg.rf.15dac16fe97723a728ea0454cc70f657.jpg,1.0
cl6cpadty00d9l4557ubu7rwz_6_SWIR_jpg.rf.164cb8ecd17ccabf62f05c894bf3cde0.jpg,1.0
cl6e3f884003ugk55b7a0bh8d_6_SWIR_jpg.rf.15d8057283a6fc7aab1f60229ea942df.jpg,1.0
cl6b0hhjo0010l455bbrwenrb_1_TRUE_COLOR_jpg.rf.15b1eca7eaecfed8954ac532388dfd8a.jpg,1.0
cl6cglc9n00b8l45520og7tym_2_FALSE_COLOR_jpg.rf.15d38b084a5fd14fb2ecaa93035a7eb4.jpg,1.0
cl6cta0z600h9l455cygudh3w_6_SWIR_jpg.rf.163a9c4fa61d2d0cee58c1fa99780e32.jpg,1.0
cl6cswt5400gdl4554rn2gjz9_2_FALSE_COLOR_jpg.rf.159dd831f1442f1b6e41be4c582f373a.jpg,1.0
cl6cgh0lk00b3l455a01o4mrg_4_FALSE_COLOR__URBAN_jpg.rf.15aca81ce11a599012d9314f98a8c6c9.jpg,1.0
cl6crvsiz00e2l4554s22ay6f_1_TRUE_COLOR_jpg.rf.166369b3c098bdf9522b828deb0f9cce.jpg,1.0
cl6oqqr8s0098ao551igt70zb_6_SWIR_jpg.rf.168022860b445b5175d706831bed925b.jpg,1.0
cl6e1nvfl001egk556fa6giz7_6_SWIR_jpg.rf.15dfbbbbeb99068ec0a929ff8804effc.jpg,1.0
cl6odm3oj0023ao55641s046f_6_SWIR_jpg.rf.15d2fe3a531359ac4fd5a2c8fc48676b.jpg,1.0
cl6odxshy002kao554h0tez0a_2_FALSE_COLOR_jpg.rf.16a0dace7a3ee0352c287f3f96f7cec7.jpg,1.0
cl6oprerh007qao550eopgo74_2_FALSE_COLOR_jpg.rf.16a6ef74f16786125ba4807ebb0f8e7f.jpg,1.0
cl6kf3axb000bc45538k8b660_1_TRUE_COLOR_jpg.rf.169d41e4018371c6274ac7c9c8b064e9.jpg,0.0
cl6ct2hu900grl455hdde142n_4_FALSE_COLOR__URBAN_jpg.rf.168a161f777517f22cb2df8c988d0f26.jpg,1.0
cl6e024qp0002gk55hw935fuj_1_TRUE_COLOR_jpg.rf.1686e817d1203cce0fe9756bcaf4439e.jpg,1.0
cl6kjin4n001k8w556abi09ie_2_FALSE_COLOR_jpg.rf.161ac2236ba8b40b547209cc5aa293e8.jpg,1.0
cl6b652mi0068l4552keu9loj_1_TRUE_COLOR_jpg.rf.16a9aa4aa56ba24185ca48c90f526450.jpg,1.0
cl6b7263q008rl455cbp6ejbc_6_SWIR_jpg.rf.16920c3ea2d20eb68ce401e404b45d93.jpg,1.0
cl6ocozkd0004ao55e5fq7tfw_4_FALSE_COLOR__URBAN_jpg.rf.1699d09b10bac71e430aec6ab1a9b525.jpg,1.0
cl6b6bzma006xl4550xca1cbf_6_SWIR_jpg.rf.15ec720add4ff50f9f3ae45956e8d881.jpg,0.0
cl6oirxxk003oao552r40b8yf_2_FALSE_COLOR_jpg.rf.16b3d8848b3da912c7f7c0778c33f8cc.jpg,1.0
cl6b7640j009bl455ash2ahqi_4_FALSE_COLOR__URBAN_jpg.rf.16b99a4cc645fb23e3df6e3d994e02c9.jpg,1.0
cl6ok86rg005qao552r1p86s0_6_SWIR_jpg.rf.16b56a12483700db44a93d7a04aaf032.jpg,1.0
cl6csn2vw00fsl455h2a79t61_6_SWIR_jpg.rf.16ca89dcd19eb2c31cd51c930edd17af.jpg,1.0
cl6kj91fl00138w55et6m1crf_1_TRUE_COLOR_jpg.rf.16d34a9661b1a1d687d8221e4331efb3.jpg,0.0
cl6e36kv1003fgk55gnb9050o_4_FALSE_COLOR__URBAN_jpg.rf.16cb6a2090fcad2e6f70930730d34fde.jpg,1.0
cl6oqlhh6008zao55gago04ul_6_SWIR_jpg.rf.16df3ca9f5a41d433985b6f9ec2297f9.jpg,1.0
cl6oqpnhu0095ao55fbos77vi_6_SWIR_jpg.rf.16e333b52f53181c59ba7af2f6230d98.jpg,1.0
cl6e06umy000bgk55gkbw1ajq_1_TRUE_COLOR_jpg.rf.16d89150c86e0d65edbbd93fd8c732bf.jpg,1.0
cl6chonxj00cjl455bqcs1fnt_6_SWIR_jpg.rf.16cd4cb952ba789a5c370e285a20e749.jpg,1.0
cl6e3jpqn0048gk558al26xi4_1_TRUE_COLOR_jpg.rf.172cc0022d50eb7d4f3713ead4054185.jpg,0.0
cl6ojx2va005aao55c05b0bvm_4_FALSE_COLOR__URBAN_jpg.rf.172e17835af1efc7f54bed611c39d93b.jpg,1.0
cl6b67dvg006dl455cgxl9kq8_4_FALSE_COLOR__URBAN_jpg.rf.1732e63bd4120a08c0c8f90058cb0d78.jpg,1.0
cl6kgaw2p002bc455hair6q7o_2_FALSE_COLOR_jpg.rf.16e38d58c4a0e9c1157cdd85f4f5c6b8.jpg,1.0
cl6od1ecf0012ao5568tb86hu_2_FALSE_COLOR_jpg.rf.16fa79a631dfe2bffd699a27427d7349.jpg,1.0
cl6orqkwo009wao55euf3d9vn_2_FALSE_COLOR_jpg.rf.1711a445e0ad1f500b6016bc8b038b7b.jpg,1.0
cl6ouhohh00anao55e3fn1crb_4_FALSE_COLOR__URBAN_jpg.rf.173966d6cc44bf04c230bb5f90c225b5.jpg,1.0
cl6oj0ggm0043ao55acihdj7s_2_FALSE_COLOR_jpg.rf.171005a26d59d6e515bf0253a7b0a31d.jpg,1.0
cl6e3enfn003sgk554uim9wo6_1_TRUE_COLOR_jpg.rf.16f082c689af4ff893b05dae830eaea8.jpg,0.0
cl6oja8ma004kao55atmaakd4_1_TRUE_COLOR_jpg.rf.17556ac22e4cb05735c23439cb6b0935.jpg,1.0
cl6crwyyq00e5l4558o6g9ltn_6_SWIR_jpg.rf.1701a6ffde37388483a9333f0f8fb423.jpg,1.0
cl6dzuimb000xhg552nh5hdd9_6_SWIR_jpg.rf.16f76f085dd76cc9d1cff1d2aeada49c.jpg,1.0
cl6oq3bjn008gao551ciogvom_1_TRUE_COLOR_jpg.rf.17513c6a7c20723d86b1ed9b55adfdb3.jpg,1.0
cl6dyqj7a000ehg55buwr46eg_2_FALSE_COLOR_jpg.rf.173e3c428037f4132b96a27ef12e7f6f.jpg,1.0
cl6e0jb4i0011gk5501445oon_6_SWIR_jpg.rf.176942959cf0da8c77848a0edf9f1818.jpg,1.0
cl6m1c3ae003j8w553eyv5bne_6_SWIR_jpg.rf.17695151b9959965f3be334f8437e57c.jpg,1.0
cl6ch6a2n00bxl4554kqu9to4_1_TRUE_COLOR_jpg.rf.1713430d02eb2859e2bb9c69fad254ba.jpg,1.0
cl6ojx2va005aao55c05b0bvm_2_FALSE_COLOR_jpg.rf.171ae2b55c8e616ce6d00a2f93e2cfb7.jpg,1.0
cl6chumom00col4556jyfb7a5_4_FALSE_COLOR__URBAN_jpg.rf.175a99f95876a0962f010cf385363d91.jpg,1.0
cl6kfmic20013c455dd9jcpm4_4_FALSE_COLOR__URBAN_jpg.rf.176472c8bd8f9e7b9cf0fc3beb882821.jpg,1.0
cl6b79f3e009vl455hmyk8e9e_1_TRUE_COLOR_jpg.rf.175d822fc867a28f564f26f75d48030c.jpg,1.0
cl6ou7ryz00a9ao554y3uh8jm_2_FALSE_COLOR_jpg.rf.1757a0e4b4f3e309a7975a1d847045bc.jpg,1.0
cl6m1gm78003z8w553teegbzw_2_FALSE_COLOR_jpg.rf.177ca284fe6375789ca9bad116fdbf22.jpg,1.0
cl6b0lf0t0017l4550spldd4v_1_TRUE_COLOR_jpg.rf.17720d2b87477d0b3a749f0adfd81fc5.jpg,1.0
cl6b0gln2000wl4559wpzdukf_4_FALSE_COLOR__URBAN_jpg.rf.176a8c2c064e4bc4239a1704b9cfaf86.jpg,1.0
cl6ougd7000akao555jiq5oyz_4_FALSE_COLOR__URBAN_jpg.rf.17a36ff4dd4b6d54741a919e80274661.jpg,1.0
cl6odyy4q002mao558oty3tax_4_FALSE_COLOR__URBAN_jpg.rf.1790e29a40be88e201e62b5934cc3ea8.jpg,1.0
cl6kgp3b80033c455hm58af2a_2_FALSE_COLOR_jpg.rf.1794c98fa9b6d44bbc0f44a226d85b3b.jpg,1.0
cl6okdwy00063ao5588jlcglr_1_TRUE_COLOR_jpg.rf.178f5cd5ecc9f151fc981d021ac34331.jpg,1.0
cl6ctkcif00hvl455e4f58h78_4_FALSE_COLOR__URBAN_jpg.rf.17aa97aedfa211805b0c3d8b068c354d.jpg,1.0
cl6b6l171007kl4552zfu0hh5_1_TRUE_COLOR_jpg.rf.179293e6609c354a44c280e06c89d210.jpg,1.0
cl6op3smm006gao55ea02ba3u_1_TRUE_COLOR_jpg.rf.1800bfda5811b176a417b65f063035e8.jpg,1.0
cl6oplars007eao55fno41dzm_4_FALSE_COLOR__URBAN_jpg.rf.17d7137db93d7450304295b394cfce73.jpg,1.0
cl6oco3m10002ao55ejzs6p2n_2_FALSE_COLOR_jpg.rf.17f360fc23be4f74451502a54b71c21a.jpg,1.0
cl6b0czhh000rl4555uf846qc_1_TRUE_COLOR_jpg.rf.17e860453d452eabfe33ea95bed2184e.jpg,1.0
cl6csjvur00fjl455ati39b6k_1_TRUE_COLOR_jpg.rf.179721a35e3e0d5c4b780c318a5a24de.jpg,1.0
cl6b51tzw0021l455hoys6t5x_6_SWIR_jpg.rf.1794becb73df2270e93ac5cd71696c8b.jpg,1.0
cl6ocsssy000eao55ep2v2ijm_1_TRUE_COLOR_jpg.rf.1814367e6d3bb292647618f09b98dc89.jpg,1.0
cl6chu8h100cnl4552hz21fjt_2_FALSE_COLOR_jpg.rf.178a1da96f954a4f5c76467331a40793.jpg,1.0
cl6kjbb3u00158w55e0y48ful_4_FALSE_COLOR__URBAN_jpg.rf.180646f6e02547d15c7f5f665d28e4e1.jpg,1.0
cl6ougd7000akao555jiq5oyz_2_FALSE_COLOR_jpg.rf.17f6b5cf777bebe761d8864c84ef85f3.jpg,1.0
cl6b77nut009ll45588wha4d5_4_FALSE_COLOR__URBAN_jpg.rf.17e6f1deefd9892d9a705eddfb319ec2.jpg,1.0
cl6e2kcsy002cgk5582jih4dd_1_TRUE_COLOR_jpg.rf.17d4af09889de2d9f8758af58dad2dc4.jpg,1.0
cl6b7118q008ol4551ye8g44d_6_SWIR_jpg.rf.17e0c0d4093b750eb2d0ae3c8ecdaa27.jpg,1.0
cl6cteplg00hkl4551scr5fko_6_SWIR_jpg.rf.180c374845d5da77466978a2ef10310d.jpg,1.0
cl6kfmic20013c455dd9jcpm4_4_FALSE_COLOR__URBAN_jpg.rf.17d71bbd68a679068cadbf170ee6aea2.jpg,1.0
cl6e1nvfl001egk556fa6giz7_6_SWIR_jpg.rf.183e1ed99c26b43441f3dbcb9e58b924.jpg,1.0
cl6oj4idn004cao558e80ezcu_1_TRUE_COLOR_jpg.rf.18068676596f196ed6cb46907f4eeac7.jpg,1.0
cl6b5dtwl003gl455a4x29a1d_4_FALSE_COLOR__URBAN_jpg.rf.17863ab093c52664ed88c520da89be74.jpg,1.0
cl6b76n2v009fl455ajbx914d_1_TRUE_COLOR_jpg.rf.183e711d3c5e1a32178ba4e7668af4b7.jpg,1.0
cl6odlurj0022ao555x9o9cng_2_FALSE_COLOR_jpg.rf.18383a010f3874b1698c7659e4460f3d.jpg,1.0
cl6kj8pto00128w55cj0y58qg_2_FALSE_COLOR_jpg.rf.18588ca862a3c5e8be1cf012c4779998.jpg,1.0
cl6ocq7n50007ao552jukcs3b_1_TRUE_COLOR_jpg.rf.184d475ce04febc735da442ea51211de.jpg,1.0
cl6ojvzs90058ao55ddizcpuh_6_SWIR_jpg.rf.1858975db955b06b88fc88a95badd705.jpg,1.0
cl6b6v8zy0085l4551xgq4ys0_6_SWIR_jpg.rf.188de08fa1c1bce2de0ee432b55c8365.jpg,0.0
cl6cp9ucc00d8l455fzq49p99_1_TRUE_COLOR_jpg.rf.188b1a8bd0d142c03754356dd4febbce.jpg,1.0
cl6b7hk7q00adl4550rwe3x4h_6_SWIR_jpg.rf.185de083ac27b10b83b2290a2b1c5f33.jpg,1.0
cl6oppm12007lao555f2r38iz_1_TRUE_COLOR_jpg.rf.186334fb3669ad7060774359435f6880.jpg,1.0
cl6ojakz1004lao55gg29c7l2_4_FALSE_COLOR__URBAN_jpg.rf.18a66bf8693a012383321ce328e3663a.jpg,1.0
cl6op7ba0006mao558jkudmdk_1_TRUE_COLOR_jpg.rf.18890b9a9422a7c7116db5b90353a619.jpg,1.0
cl6b6p96a007ql455cvrh6peg_6_SWIR_jpg.rf.18c6c1275117bbb91671dcca4553ef2a.jpg,1.0
cl6dygaz70006hg559adtahcs_2_FALSE_COLOR_jpg.rf.18cc5a99765b63aa8e93e3d563d8101a.jpg,1.0
cl6m1i65g00428w55dj3h5btk_1_TRUE_COLOR_jpg.rf.18feb6625ba35c5409e9fd5efc7df5a5.jpg,1.0
cl6ojevvt004uao55432mcnea_4_FALSE_COLOR__URBAN_jpg.rf.18a9dc02d28bd632a45a43611310b16f.jpg,1.0
cl6e0fn3v000vgk55gj468vfq_2_FALSE_COLOR_jpg.rf.18efc4fb96eea3de425796ef4af62f01.jpg,1.0
cl6opc9oz006zao552eyx63jq_2_FALSE_COLOR_jpg.rf.190a8cdcc0fc889e9fc04eba59bda145.jpg,1.0
cl6e2zlv2002rgk552w2ve4ev_1_TRUE_COLOR_jpg.rf.191352cefbd0343f1865b2cce65f03c9.jpg,0.0
cl6e1w3mk001mgk5561ce1hn7_6_SWIR_jpg.rf.19209aee8b0f12b004f9f2c897040075.jpg,1.0
cl6ou7gn700a8ao551bbh5gaq_2_FALSE_COLOR_jpg.rf.192d77d8ffbbe4040d8482fadf372869.jpg,1.0
cl6ct8vzr00h4l455e4w420qh_2_FALSE_COLOR_jpg.rf.19096ef32c4e1d619f607514da50b10d.jpg,1.0
cl6b78q1y009sl455ekwc1jfp_1_TRUE_COLOR_jpg.rf.1924c100e19962689da2c88264a7f40b.jpg,1.0
cl6b6uyec0084l4556i8cd4f4_2_FALSE_COLOR_jpg.rf.193326c12c6ff1da3323f83dfb4c9a3c.jpg,1.0
cl6b73duk008vl45583qs4mo9_2_FALSE_COLOR_jpg.rf.18f4ddb56613a5a640e78f62f18187a6.jpg,1.0
cl6opfzmo0075ao55ft2tbgtg_4_FALSE_COLOR__URBAN_jpg.rf.1939eeb6726e5aca8a96f4fc937b24f1.jpg,1.0
cl6m0pnw5002y8w552btfchke_4_FALSE_COLOR__URBAN_jpg.rf.18dc9687eacb3cf45fda828259667ffb.jpg,1.0
cl6ocn0yw0001ao55850zb04a_1_TRUE_COLOR_jpg.rf.19463188597a24d8be61798be7dbc233.jpg,1.0
cl6oduc5a002cao556mn91qk2_1_TRUE_COLOR_jpg.rf.18fad41d47f292c3f53d0ee1ab5a8138.jpg,1.0
cl6ojwo190059ao55aqo1dfsk_1_TRUE_COLOR_jpg.rf.19464d4bf02572c86e9c61c0a81575b9.jpg,1.0
cl6ojaxxv004mao552t7ah2ky_2_FALSE_COLOR_jpg.rf.1951a394047fcab331e190f98f6f1b9a.jpg,1.0
cl6e0jkl30012gk55cttphw3u_2_FALSE_COLOR_jpg.rf.195216e0037730d4e917e7b8676fcbd3.jpg,1.0
cl6opowct007kao55518p0qp4_1_TRUE_COLOR_jpg.rf.194e82d031e991562d5147ace880129e.jpg,1.0
cl6cs113t00eil4553ipt3ogj_4_FALSE_COLOR__URBAN_jpg.rf.196ec768b2bcbbfc95c7842cf6301203.jpg,1.0
cl6chpi4800ckl455epxjdzyy_6_SWIR_jpg.rf.1961fa138611d0aa1640d29f0857d8a7.jpg,1.0
cl6b542k6002bl455fmydcwlb_4_FALSE_COLOR__URBAN_jpg.rf.1965d0cb9eb4e46862f0ef526e114e2b.jpg,1.0
cl6odfk31001qao557bfi78e5_2_FALSE_COLOR_jpg.rf.196e332f0d045d545490000f365c07fc.jpg,1.0
cl6dyeg510004hg554xxs8aux_6_SWIR_jpg.rf.197b511ee80b2363dfba217c764b4c5d.jpg,1.0
cl6ocs2h6000cao559bx42yho_6_SWIR_jpg.rf.195b6b85bfadf9c0d2010148c040dac0.jpg,1.0
cl6b68oyb006jl4557yvt2wuy_1_TRUE_COLOR_jpg.rf.197603fc056862bdafb384e05fe4b50a.jpg,1.0
cl6b57brh002ll4555o3te631_2_FALSE_COLOR_jpg.rf.197106425152e6ca57a80b0b08fb8162.jpg,1.0
cl6lsukwg001t8w556kieb72f_1_TRUE_COLOR_jpg.rf.1970fa8dd014629340b33cf915e5926f.jpg,1.0
cl6ojevvt004uao55432mcnea_2_FALSE_COLOR_jpg.rf.198a28deedb89cdec64120add035bf0f.jpg,1.0
cl6odfk31001qao557bfi78e5_1_TRUE_COLOR_jpg.rf.19ac117910092a761fd3ef50fdb6649a.jpg,1.0
cl6ch0lvz00brl455eij38vi0_6_SWIR_jpg.rf.197a0741a4c19130de682bea657d6021.jpg,1.0
cl6b6v8zy0085l4551xgq4ys0_6_SWIR_jpg.rf.199564a3d0e4e831e8f532f593cfa553.jpg,0.0
cl6kf3j6a000cc455a7ny9xom_4_FALSE_COLOR__URBAN_jpg.rf.199f3f3a14403d563876373ac2106795.jpg,1.0
cl6kfci270010c45580qyfo1k_6_SWIR_jpg.rf.19b2a116ebee80835eea4a49914c89d6.jpg,1.0
cl6kfarcn000wc455738t9fff_2_FALSE_COLOR_jpg.rf.19b58651d6e26e3cdecfd7bafee3f3fb.jpg,1.0
cl6cpff5c00dll455ew1ddl1f_1_TRUE_COLOR_jpg.rf.1964b6b20214d456da42e8bff1cd77b0.jpg,1.0
cl6kgidey002uc455a3qe2ark_6_SWIR_jpg.rf.199f2fdfd12b0c528e6ca5b64e92824b.jpg,1.0
cl6e2kcsy002cgk5582jih4dd_2_FALSE_COLOR_jpg.rf.19a6d8a316cf1f7e0a0b705a91ead66a.jpg,1.0
cl6csjaik00fhl455ga70af2b_6_SWIR_jpg.rf.199eb4305bb26efdd798520cc540412e.jpg,1.0
cl6kigvdj000a8w55e1ed0r42_6_SWIR_jpg.rf.19bdbc1177990015b244f0cc4ced34c0.jpg,1.0
cl6oj0ggm0043ao55acihdj7s_1_TRUE_COLOR_jpg.rf.19f158e581c998bda70b226c21513d45.jpg,1.0
cl6b5j7l8003yl455e8lo7mre_6_SWIR_jpg.rf.19be45a9d6e7151a73cd5ad530077c3e.jpg,1.0
cl6oieqtk002xao5545u415h6_2_FALSE_COLOR_jpg.rf.19b5c9dcabf7b545f2fab8ae6375e6ac.jpg,1.0
cl6b79rs5009wl4550jbyddo9_6_SWIR_jpg.rf.19bfd819a1eafd923502bc76dbb860ec.jpg,1.0
cl6kjd3dd00178w550194376c_6_SWIR_jpg.rf.19fe62524c0b726412fc55509670aedc.jpg,1.0
cl6kgjivy002xc4559k1m5r9y_4_FALSE_COLOR__URBAN_jpg.rf.19f75f41d4e18b3e74ed8e253a626a47.jpg,1.0
cl6kjke1w001p8w5502tgdjwv_2_FALSE_COLOR_jpg.rf.19e7dfa79bffa55d0e443f8826d0e8b1.jpg,1.0
cl6cs297e00enl455hbtp421f_4_FALSE_COLOR__URBAN_jpg.rf.1a5ce51dcd82670e7737adefd09c96fc.jpg,1.0
cl6b6s1o1007vl455511lek8y_6_SWIR_jpg.rf.1a103b5b9c28cfbab8cedf6701f910fe.jpg,1.0
cl6cgzgdg00bpl45558h876qp_1_TRUE_COLOR_jpg.rf.1a7d8f0fa686c771260d5e8b84cd2dfc.jpg,1.0
cl6csapmj00f7l4558gne2y5r_1_TRUE_COLOR_jpg.rf.1a8047fec25386f0882f033b959ca02e.jpg,1.0
cl6cttw6o00ial4555urs554w_1_TRUE_COLOR_jpg.rf.1a8580320f2420ac0f1f375fd6647e1c.jpg,1.0
cl6b0mbsn001al4551f0hdz4x_6_SWIR_jpg.rf.1a5a4eb1af2127509072a6b62b743a1b.jpg,1.0
cl6opfzmo0075ao55ft2tbgtg_6_SWIR_jpg.rf.1a0f31f22bd0ea3a7ae43df9b6f3dc5e.jpg,1.0
cl6kfr3gw001gc4556plk3d6y_2_FALSE_COLOR_jpg.rf.1a7659a3f2723c6798651a45f9751eba.jpg,1.0
cl6kfpnu6001ac4551zdx0uev_2_FALSE_COLOR_jpg.rf.1a20ffd2093d2e2b3bee7b980d7ee8cd.jpg,1.0
cl6kga3590029c455dfqjh4v7_2_FALSE_COLOR_jpg.rf.1a77a34914128f3f08b61236f43907a8.jpg,1.0
cl6cpfs8q00dml4554w0t2f82_2_FALSE_COLOR_jpg.rf.1a8b925c67b96b386a04ec8731c7ffb9.jpg,1.0
cl6lsxiqd001v8w55fgtjavib_6_SWIR_jpg.rf.1aa4ffdc50c84a6ffe690c0837a4f701.jpg,1.0
cl6ltqjke002q8w55ct7j5tel_2_FALSE_COLOR_jpg.rf.19fd5c10b37ca98581966e20eff209df.jpg,1.0
cl6b5k38g003zl455bgtd1317_4_FALSE_COLOR__URBAN_jpg.rf.1a98fe241ab35948154653c14653af72.jpg,1.0
cl6ojevvt004uao55432mcnea_1_TRUE_COLOR_jpg.rf.1aafc39c869d984ce8cd040ca0eeefb0.jpg,1.0
cl6cgwlv800bol4557nsq5jwk_1_TRUE_COLOR_jpg.rf.1ab4eaa11a2fa92288952bea7735e186.jpg,1.0
cl6m1ebtk003r8w557razf73c_1_TRUE_COLOR_jpg.rf.1aae01699cada6041743eda2c8d27d4e.jpg,1.0
cl6oqmixz0092ao550l10dlqc_2_FALSE_COLOR_jpg.rf.1abb17ae40e6e241e2a1d47b4380aa86.jpg,1.0
cl6ojwo190059ao55aqo1dfsk_2_FALSE_COLOR_jpg.rf.1ac88ddf5e53d489fa607ef844b40d52.jpg,1.0
cl6b5tf5i0052l4552vkucy9o_2_FALSE_COLOR_jpg.rf.1ae0cf3bc188194251d234dc19192969.jpg,1.0
cl6opb5w4006vao55d6ehcwz9_4_FALSE_COLOR__URBAN_jpg.rf.1ac00792669a6b86695a77c279e54257.jpg,1.0
cl6m10azo00328w550q5i0wyx_4_FALSE_COLOR__URBAN_jpg.rf.1ad63b0c12f9a387b601bac98c864715.jpg,1.0
cl6dydo100003hg55gkkv0c3a_4_FALSE_COLOR__URBAN_jpg.rf.1abd0ec0d4e5a37d53fc438ff0cb893d.jpg,1.0
cl6csrtfm00g2l455becnfxr8_1_TRUE_COLOR_jpg.rf.1b1194e837dfed7684467b1e2daa4f95.jpg,1.0
cl6e2kcsy002cgk5582jih4dd_1_TRUE_COLOR_jpg.rf.1affcd760fa4c1fea5cd8c8a0a81839e.jpg,1.0
cl6orp9en009sao55f6gaa7jv_1_TRUE_COLOR_jpg.rf.1b26db5402df539696486a5d5a09670d.jpg,1.0
cl6opthke007tao557hsthpgq_2_FALSE_COLOR_jpg.rf.1b179614bd7c76c5d504d47d4268388e.jpg,1.0
cl6b65ksg0069l455f4od44cb_2_FALSE_COLOR_jpg.rf.1b133fd6f2e4170eb4ea5d3b1c3c73fd.jpg,1.0
cl6lt50lf00278w555isdaowx_2_FALSE_COLOR_jpg.rf.1add0a19511876c9b49a73ae8644f9f5.jpg,1.0
cl6lszvtz001z8w55b69k6gsj_6_SWIR_jpg.rf.1af512702866e8473e11f46d2efce1e4.jpg,1.0
cl6b508o5001zl455ccee4frg_2_FALSE_COLOR_jpg.rf.1b377914bdff458576f18d1d3fdc5986.jpg,1.0
cl6b55k98002fl455fxpwaq8j_4_FALSE_COLOR__URBAN_jpg.rf.1acb47301e52a01edfcef401d2309b7f.jpg,1.0
cl6kgidey002uc455a3qe2ark_6_SWIR_jpg.rf.1aeb564785f7eef5a63c1915bb2e55ce.jpg,1.0
cl6ch7vs700c0l4550a8j565q_1_TRUE_COLOR_jpg.rf.1b4335095740f4ae90bba48e9e7a5a68.jpg,1.0
cl6lszvtz001z8w55b69k6gsj_2_FALSE_COLOR_jpg.rf.1b46cc238e70401f2a9b4c01794711b0.jpg,1.0
cl6ctlg9300hwl4558d9t1n71_6_SWIR_jpg.rf.1ac9408aeaec339522ffa56fa30a0ec3.jpg,1.0
cl6m1aj68003d8w55e8c3aim3_1_TRUE_COLOR_jpg.rf.1b1d821d3a32703ec71cd3e4d9f9540d.jpg,1.0
cl6b76n2v009fl455ajbx914d_2_FALSE_COLOR_jpg.rf.1b12d163c2f0d58a46a72641b7c435c6.jpg,1.0
cl6ops2eo007sao551s7xen90_6_SWIR_jpg.rf.1b2c347a23280ff5d5712e303944b164.jpg,1.0
cl6m12kpt00358w55c0oah42i_6_SWIR_jpg.rf.1b176153996f5edaa9d4d7dbba704e72.jpg,1.0
cl6ctmco900hxl4552n6d6jc1_1_TRUE_COLOR_jpg.rf.1b3a329ce9d132ca06b226ce02499e9d.jpg,1.0
cl6oilbwz003bao55ayyaeiti_6_SWIR_jpg.rf.1b52ad2d64c409979208d10f038ed7c5.jpg,1.0
cl6b78tww009tl45524un0omv_4_FALSE_COLOR__URBAN_jpg.rf.1b2838ec0bc050cea822152c902857a9.jpg,1.0
cl6e1hzlh0019gk555vc2fpgf_1_TRUE_COLOR_jpg.rf.1b56ca6dddc1f5073afe860aff5db0d0.jpg,1.0
cl6oj1gzx0046ao5546xf9oac_1_TRUE_COLOR_jpg.rf.1af6b18813d7e009448eafb83ec43163.jpg,1.0
cl6b0h2rs000yl4550y7ccftv_1_TRUE_COLOR_jpg.rf.1b5d406297819b9c6f45cd075bebb662.jpg,1.0
cl6ojwo190059ao55aqo1dfsk_2_FALSE_COLOR_jpg.rf.1b6c54eb3e36c6de73c06fe2d05f7697.jpg,1.0
cl6cgh0lk00b3l455a01o4mrg_1_TRUE_COLOR_jpg.rf.1b62ae801d1ec4e64fa035b65654309b.jpg,1.0
cl6b5bhxx0031l4557l1l8rmh_6_SWIR_jpg.rf.1b5584517991a2806e11273c46257ca9.jpg,1.0
cl6kez8j70002c455axv68ulf_6_SWIR_jpg.rf.1b81bebb12eccc8d4739f5061604d7c6.jpg,1.0
cl6b6asfb006tl455gupd0x8i_4_FALSE_COLOR__URBAN_jpg.rf.1b855e3feecaf36d7430f1190a19dce6.jpg,1.0
cl6b6172m005wl45594a27gqy_6_SWIR_jpg.rf.1ba3c7423f5feb89eae71fc963e9045f.jpg,1.0
cl6op20j8006eao55cw0ucbhh_1_TRUE_COLOR_jpg.rf.1b97ca44939be71373fd8b028370a36b.jpg,1.0
cl6b4ykst001sl4550amagaw5_1_TRUE_COLOR_jpg.rf.1bc11b22ca9490acbe8b554886c6839f.jpg,1.0
cl6oe2d76002tao55ckxpdijl_4_FALSE_COLOR__URBAN_jpg.rf.1b976f53ecff9b955a35b632c87d4201.jpg,1.0
cl6b6vihd0086l4553gmk0011_2_FALSE_COLOR_jpg.rf.1b745dbb8cfdeb979f69cec26a84c063.jpg,1.0
cl6dygvee0008hg555fvcfnky_6_SWIR_jpg.rf.1b8823a705de49be5d4fa6429dd921f3.jpg,1.0
cl6cgro8500bhl455267h78fj_1_TRUE_COLOR_jpg.rf.1babb5603c47bcaa01fd2a8a399327e3.jpg,1.0
cl6kj5qso000r8w55f5o100o0_6_SWIR_jpg.rf.1ba3718b6d1584145a807d599dc3b88c.jpg,1.0
cl6ch417300btl4554l143qop_4_FALSE_COLOR__URBAN_jpg.rf.1bbd96aebe471da99e9cc87292b9f2d0.jpg,1.0
cl6dywrm9000mhg55c48n2wtt_2_FALSE_COLOR_jpg.rf.1baa27b6885ce0c221ce8a0c43d4db0b.jpg,1.0
cl6cgdbl900asl4551u073cce_6_SWIR_jpg.rf.1b93ad71902b2a06cde43ac11c3b54f7.jpg,1.0
cl6op0cny006bao55hefn0jyf_6_SWIR_jpg.rf.1c07a67a13b1b735ac5288207a67ee97.jpg,1.0
cl6cpcvc900dgl45500ys0wsi_6_SWIR_jpg.rf.1be198184fd1303141c7bf32452b15df.jpg,1.0
cl6e0fn3v000vgk55gj468vfq_4_FALSE_COLOR__URBAN_jpg.rf.1bce97ba1a3cfbe4b3b4a9d38dc27f35.jpg,1.0
cl6ojuvc30055ao55enk04i13_2_FALSE_COLOR_jpg.rf.1bd5239804d004243c8149cccff3c2ab.jpg,1.0
cl6b63m6b0063l4556zdoe0cc_2_FALSE_COLOR_jpg.rf.1bd38442f95664aeccad68f9c53dc8d4.jpg,1.0
cl6b6pieh007rl455fwvb73gr_2_FALSE_COLOR_jpg.rf.1bc70997eed8104386becd510ddbf849.jpg,1.0
cl6b6op7a007ol455fvvv6g4a_4_FALSE_COLOR__URBAN_jpg.rf.1bcc570bebc35cc657e7f5cc31a277a1.jpg,1.0
cl6chx0s400cul455eh3zhhyf_1_TRUE_COLOR_jpg.rf.1bc64b74bd5c562c7a31d2f7f2a547f3.jpg,1.0
cl6odzdk0002nao55dz13d0s9_2_FALSE_COLOR_jpg.rf.1be19b2b03fa3663dba1a011dcf56264.jpg,1.0
cl6lsxiqd001v8w55fgtjavib_1_TRUE_COLOR_jpg.rf.1bc7cb1212531f0363d5ba22da36ec39.jpg,1.0
cl6oinvqs003fao55chcqcxbr_6_SWIR_jpg.rf.1c0ce27b1e84e146cfaa165ba8212228.jpg,1.0
cl6ct64f500gyl455byyqdaud_1_TRUE_COLOR_jpg.rf.1bf2a0dce41712c5345ed8ceb64920c0.jpg,1.0
cl6opxvd40084ao55f1zvab1r_2_FALSE_COLOR_jpg.rf.1c0db70b998ad3bde081dd28d849e9c9.jpg,1.0
cl6khu4gb00008w5575zsg2eh_6_SWIR_jpg.rf.1c2d6b3b4f0766c1f48baee158473d08.jpg,1.0
cl6b5ei80003jl45568eh02jo_4_FALSE_COLOR__URBAN_jpg.rf.1c0f8d876bf886942db0a5f0223a21cd.jpg,0.0
cl6odgxwb001tao559phvfhb7_2_FALSE_COLOR_jpg.rf.1c28dcd61a28a9106f6836604c2882b6.jpg,1.0
cl6e0c4x3000ngk55c47nhbiz_6_SWIR_jpg.rf.1bfc7f70d8e5cb85d1b44d75f9dc64c3.jpg,1.0
cl6oqnqlp0094ao552kce2cqa_2_FALSE_COLOR_jpg.rf.1c333b3168c771c0d7b79adf4fde1345.jpg,1.0
cl6e2jm3i002agk55fcue8lsk_2_FALSE_COLOR_jpg.rf.1c3ddba58802fe9c93d0d1a395a45d3b.jpg,1.0
cl6oikmzw003aao558ooh48tf_6_SWIR_jpg.rf.1c45201b1634469bc3f572c7582f12ef.jpg,1.0
cl6e0heuk000xgk558bub1o2s_2_FALSE_COLOR_jpg.rf.1bc950df6b49e72330370cd4a65d9224.jpg,1.0
cl6lsygs2001w8w551eungans_1_TRUE_COLOR_jpg.rf.1c46759ce62f24957d6a5ac37e115ee0.jpg,1.0
cl6oje823004tao557z2r0e1d_6_SWIR_jpg.rf.1c80fc6597183ec294d722e7c3ca77f8.jpg,1.0
cl6ouls6z00ayao55bf2p0x2k_6_SWIR_jpg.rf.1c4ce8ef50e078e27006c1cfcbc024b7.jpg,1.0
cl6m0whp000308w555xk5cwij_4_FALSE_COLOR__URBAN_jpg.rf.1c6b3fb65bbe529cbbf1ccfa448d1c9d.jpg,1.0
cl6e371x0003ggk55e6x4cocz_4_FALSE_COLOR__URBAN_jpg.rf.1c6fb0eb0376656b43cd8389280ec0d9.jpg,1.0
cl6dyiwx60009hg55freo14hg_2_FALSE_COLOR_jpg.rf.1c9316e2d08299bac6a551f1bc51e47d.jpg,1.0
cl6lsyw82001x8w55h42v4y3p_1_TRUE_COLOR_jpg.rf.1c53d20b4c8f7bac276e9e2788f8e6f5.jpg,1.0
cl6dzi6b8000phg55ebf66l7r_1_TRUE_COLOR_jpg.rf.1c5836ac8e339cc05bc37b2ea052c0f2.jpg,1.0
cl6kf9nvv000tc455gs7pbv7h_6_SWIR_jpg.rf.1c6dbcf48a8a25441d670dda5037e81e.jpg,1.0
cl6ope5pm0070ao55c3fo01he_4_FALSE_COLOR__URBAN_jpg.rf.1c8feab01d0188aabfa1f926d6a36e00.jpg,1.0
cl6od5fxe001dao55dwsx001s_6_SWIR_jpg.rf.1c8258d83dcd4da244662535aed554ae.jpg,1.0
cl6kjk4ho001o8w55ai7s6txj_2_FALSE_COLOR_jpg.rf.1c4ec936fc0d0b724934070da87bfbef.jpg,1.0
cl6oif58n002yao5578ob9fzh_4_FALSE_COLOR__URBAN_jpg.rf.1ca7301545f731a3070ddea7a2d165d3.jpg,1.0
cl6oitxum003tao55ghqu4f36_4_FALSE_COLOR__URBAN_jpg.rf.1c9ef646fd09377b4b109a34bbd45c0b.jpg,1.0
cl6e3jpqn0048gk558al26xi4_1_TRUE_COLOR_jpg.rf.1c4fc6e163a2946b4e06e7c5ca3dc6d0.jpg,0.0
cl6keyw310001c4551ugx15q5_4_FALSE_COLOR__URBAN_jpg.rf.1ca0b58ae451007f9c59f5d4c381220d.jpg,1.0
cl6oe04jy002pao551fir09my_2_FALSE_COLOR_jpg.rf.1ca7f43c0b51dee7e6e15fdf577754e3.jpg,1.0
cl6od8ws9001kao558u2r832i_2_FALSE_COLOR_jpg.rf.1c7ed681911c911de1b8456e99fc019b.jpg,1.0
cl6oqpnhu0095ao55fbos77vi_1_TRUE_COLOR_jpg.rf.1c6d67bf40a3f6c1ba35349ee9be0b68.jpg,1.0
cl6oj45gi004bao550n8cfkqx_1_TRUE_COLOR_jpg.rf.1ca980e0a6e05511702ad76d527430f7.jpg,1.0
cl6kiuz0a000l8w554itn2fmi_1_TRUE_COLOR_jpg.rf.1cb9dd631ed89d7be62f8a34b71b9fe5.jpg,1.0
cl6e06umy000bgk55gkbw1ajq_2_FALSE_COLOR_jpg.rf.1cb2ae2dff33175ecf51773a961f2320.jpg,1.0
cl6oixxvs003yao555nvw8ao1_1_TRUE_COLOR_jpg.rf.1c3650d35bc1b572c86a992315576478.jpg,1.0
cl6cglp1000b9l4555bzvbgqj_2_FALSE_COLOR_jpg.rf.1cc51d03c3a240167fa1ec3e45454573.jpg,1.0
cl6csdbcu00f9l455hnwh8a4z_1_TRUE_COLOR_jpg.rf.1c983e10f67eb65d0dc1057929d80dfe.jpg,1.0
cl6cs2r9300epl455apt67bac_6_SWIR_jpg.rf.1ccba694c3c33e02bd2de74c9c1e721a.jpg,1.0
cl6b53wx1002al45513fq5hip_6_SWIR_jpg.rf.1ccc4eba98226974c9f5b6c135c693d7.jpg,1.0
cl6e03vbi0004gk55g1k665dy_1_TRUE_COLOR_jpg.rf.1cd08ab97f7145b6681c518eee7d9f13.jpg,0.0
cl6b58d1y002rl4558379g2db_1_TRUE_COLOR_jpg.rf.1d0cdd7ebf4a4676cf59f07a8aca2205.jpg,1.0
cl6cpc9qx00del455co6haqas_6_SWIR_jpg.rf.1ce7705ee195f7a90806c6c7afe09ccc.jpg,1.0
cl6oigza00032ao5597wob75w_6_SWIR_jpg.rf.1cd427a387afb5548ef59745b695b296.jpg,1.0
cl6ciijds00d7l455hntlhi6p_6_SWIR_jpg.rf.1d0e5be9ad8150a8ad3ab7d82d102a6e.jpg,1.0
cl6oixxvs003yao555nvw8ao1_6_SWIR_jpg.rf.1d0626a0c07105c6ccea002792991ef9.jpg,1.0
cl6crzmr500ecl4558jp511l2_1_TRUE_COLOR_jpg.rf.1cd0a57c9cc38a58b6079ee7b2f48a51.jpg,1.0
cl6b78b5m009pl4550gvdb1ud_1_TRUE_COLOR_jpg.rf.1d12d0a601ffbc035310a269312677fd.jpg,1.0
cl6ci1vnh00d5l455d4ts3luw_6_SWIR_jpg.rf.1cabf187049b67090c82357ca60f0097.jpg,1.0
cl6m1dwdp003q8w55hcgdgrrm_1_TRUE_COLOR_jpg.rf.1d32a8279159b860caa3a9ac28aed085.jpg,1.0
cl6e2yxqd002pgk5597n8c4s8_6_SWIR_jpg.rf.1d4b46c6732237f8933025b2cf8b6a36.jpg,1.0
cl6lto1fw002l8w55052sbhvh_2_FALSE_COLOR_jpg.rf.1d5a85a14635a3ddd613ae0d92c9f3e3.jpg,1.0
cl6e2xkh0002mgk55aif2aqvo_4_FALSE_COLOR__URBAN_jpg.rf.1d2afccc60239cd04d08f32f3cf72abe.jpg,1.0
cl6csygqn00gil4554ynr4r8a_1_TRUE_COLOR_jpg.rf.1d586413afadf3baefe525843dbca750.jpg,1.0
cl6e20f48001rgk5574xt82w3_2_FALSE_COLOR_jpg.rf.1d1fd02b361874b6384bc8eca72acabb.jpg,1.0
cl6oui3xy00aoao55d29e9vlz_1_TRUE_COLOR_jpg.rf.1d55200fe94adfb4d43e06397ef7221c.jpg,1.0
cl6cgeaqz00aul4553pd8gh18_4_FALSE_COLOR__URBAN_jpg.rf.1d4e809c98802f44380883cd95191e1c.jpg,1.0
cl6e3ieqj0044gk55azpfcs6x_6_SWIR_jpg.rf.1d4b5c757857355be6ab11e3e82d95a1.jpg,1.0
cl6e2kygp002egk55asrs2brz_1_TRUE_COLOR_jpg.rf.1d66cb20ac73957d673059e4b6d4caae.jpg,0.0
cl6e0m79h0016gk5553pj46h0_1_TRUE_COLOR_jpg.rf.1d31e0c1da7a82d9eb314cd7db8d01de.jpg,1.0
cl6e2m95l002ggk55a3eefylp_6_SWIR_jpg.rf.1d4463ed184213ca981b6a05103e342d.jpg,1.0
cl6b7fkmx00a7l455d75h2co1_4_FALSE_COLOR__URBAN_jpg.rf.1d820e3983f36df00bed60fbd18c315f.jpg,1.0
cl6odzs5e002oao55heuig0a6_1_TRUE_COLOR_jpg.rf.1d4119ee477c599bd286343643cfe62e.jpg,1.0
cl6cs8jie00f5l4555hn76aj1_6_SWIR_jpg.rf.1d6dfa9b3d5ac55898c5b58a7ad31b10.jpg,1.0
cl6oj45gi004bao550n8cfkqx_2_FALSE_COLOR_jpg.rf.1d78cf80d4ade2af0cfa44f8da7448db.jpg,1.0
cl6oujzw400auao55d5qwbeah_6_SWIR_jpg.rf.1d7c7c0e787fcccfc89598518d9a02cc.jpg,1.0
cl6e2xkh0002mgk55aif2aqvo_1_TRUE_COLOR_jpg.rf.1d94eae62fb6d8c084c3970c742d3b72.jpg,1.0
cl6oqpnhu0095ao55fbos77vi_4_FALSE_COLOR__URBAN_jpg.rf.1d511859dc40fd72334155887ffd7c3f.jpg,1.0
cl6ltn677002k8w558nwy0yql_6_SWIR_jpg.rf.1d7fd79ea45a67a5e44386d650c515d0.jpg,1.0
cl6b0aue4000ml455e4wo3e1j_6_SWIR_jpg.rf.1d4613f94f5643b52093291881a667cd.jpg,1.0
cl6opat9m006uao55hjajghn3_4_FALSE_COLOR__URBAN_jpg.rf.1d1854e8b2b6e692f8676d7dccec4529.jpg,1.0
cl6kj8fjf00118w55aij5h57n_2_FALSE_COLOR_jpg.rf.1dadda441c1a7b40964998a6c83ee493.jpg,1.0
cl6cpeq5000dkl455ae4qcoq2_2_FALSE_COLOR_jpg.rf.1dca7fe7391bb8035525fcb867dcc5b2.jpg,1.0
cl6kj4n7o000o8w55eq83czxi_2_FALSE_COLOR_jpg.rf.1da2037f0418a58e9e6cd6a7184dc886.jpg,1.0
cl6cpgf7u00dnl455327713eo_1_TRUE_COLOR_jpg.rf.1df7f3b90d45c02f31a196bc0f2ebbf4.jpg,1.0
cl6op6nll006lao553d190xdf_4_FALSE_COLOR__URBAN_jpg.rf.1dec57694c02eec8f354568877bb9f3e.jpg,1.0
cl6kidboc00078w55f9rfey2b_1_TRUE_COLOR_jpg.rf.1dd6e380606cd5ceb18337c731f6adf8.jpg,1.0
cl6oj27q10047ao55glv255m8_6_SWIR_jpg.rf.1dfd117bf092b895ba131d25f50f46a1.jpg,1.0
cl6kgfqaa002oc455gxuy2vys_2_FALSE_COLOR_jpg.rf.1de40c3852ad00853c31b2daa127418f.jpg,1.0
cl6b753ud0096l455eypnas0u_4_FALSE_COLOR__URBAN_jpg.rf.1de8b7720bc6a4c595bed6b7a54ba097.jpg,1.0
cl6cgdtzy00atl4553q1cfne5_4_FALSE_COLOR__URBAN_jpg.rf.1db433f3d5b770cb429317bde1a4a68b.jpg,1.0
cl6b5t5vk004zl455d1h36vwf_1_TRUE_COLOR_jpg.rf.1dfd7c2ba5ee210ad083efa050104514.jpg,1.0
cl6b5nhyt004bl455bxss4mll_1_TRUE_COLOR_jpg.rf.1dd9ea91e6ec97afd86273a4fc99f1e2.jpg,1.0
cl6b5q3z4004ll45585wq8rtu_4_FALSE_COLOR__URBAN_jpg.rf.1e17034444b001bd12e2e53d5c43e377.jpg,1.0
cl6ltc7lo002h8w556xm59h02_1_TRUE_COLOR_jpg.rf.1e170001dbf271cce604072cc223aca2.jpg,0.0
cl6chvqmw00crl455dq182jri_2_FALSE_COLOR_jpg.rf.1e2fea8d1d7a5d5214e0804c529c0cdd.jpg,1.0
cl6csdbcu00f9l455hnwh8a4z_2_FALSE_COLOR_jpg.rf.1e1f65afcf63bf2a87837576cae3d54f.jpg,1.0
cl6cpha7s00dpl4559lpahzmn_1_TRUE_COLOR_jpg.rf.1e131a5c78ccb65376a4f7ce89a679b9.jpg,1.0
cl6cru4e800dyl455gekch8cy_4_FALSE_COLOR__URBAN_jpg.rf.1de9fe2a0a719a8ffcb2ddef4f5674b0.jpg,1.0
cl6e2kcsy002cgk5582jih4dd_1_TRUE_COLOR_jpg.rf.1e24c0add86f0444f44596e791365be4.jpg,1.0
cl6b63m6b0063l4556zdoe0cc_2_FALSE_COLOR_jpg.rf.1e57c0472df1b0fa9f87accd8d6cf783.jpg,1.0
cl6oe2d76002tao55ckxpdijl_1_TRUE_COLOR_jpg.rf.1e545330eac3d4a04b38dac9adf270a5.jpg,1.0
cl6dyqj7a000ehg55buwr46eg_1_TRUE_COLOR_jpg.rf.1e42bbc6e59aa5170789ed88376380cc.jpg,1.0
cl6cgazz700aol455e5vr2tge_6_SWIR_jpg.rf.1dc8d448c583698cf3806f50a82021f5.jpg,1.0
cl6b5pr1b004kl455bt93cfs2_6_SWIR_jpg.rf.1e339fbd5049013b43e98bfb14379923.jpg,1.0
cl6ltuz3i002x8w554lrq3tnc_1_TRUE_COLOR_jpg.rf.1e588530232a354dddd824d62343fbcf.jpg,1.0
cl6m1bogh003h8w553evr8lfd_1_TRUE_COLOR_jpg.rf.1e5be10f2ae4d4ee97492206c382092e.jpg,1.0
cl6e2zlv2002rgk552w2ve4ev_2_FALSE_COLOR_jpg.rf.1e507f6d6ac98cdc1298f5da02e5415c.jpg,0.0
cl6e3d4oq003ngk55d297d2jb_1_TRUE_COLOR_jpg.rf.1e9c80b7538bbfe56bf8e2ead6c8f5b8.jpg,1.0
cl6oqnqlp0094ao552kce2cqa_4_FALSE_COLOR__URBAN_jpg.rf.1e3399a3b73f82f001cf97f47f7c0384.jpg,1.0
cl6op7ba0006mao558jkudmdk_4_FALSE_COLOR__URBAN_jpg.rf.1e710423950d78956fbea6f8ae82bd87.jpg,1.0
cl6e31hgi002ygk55dfaq7cqn_2_FALSE_COLOR_jpg.rf.1e9b4d70961a68987cc3bdee8d7a9576.jpg,1.0
cl6e1gy620018gk55gvmqas56_2_FALSE_COLOR_jpg.rf.1e8ef8e588ee2a52bc2f1c8f6f556104.jpg,1.0
cl6cgzyml00bql4557ej3af4i_4_FALSE_COLOR__URBAN_jpg.rf.1e607d6073831bea699ea3f501ec8ed5.jpg,1.0
cl6cs7eox00f1l455595w1d49_6_SWIR_jpg.rf.1e8d21cbd54cda4c8c80c8b285fb13e9.jpg,1.0
cl6dzs6a4000vhg55f52u2xze_2_FALSE_COLOR_jpg.rf.1e673644a7b20595dbcd2474d081815a.jpg,1.0
cl6e0c4x3000ngk55c47nhbiz_4_FALSE_COLOR__URBAN_jpg.rf.1ea7bc711e52ef85a69da44c868d2343.jpg,1.0
cl6b0aue4000ml455e4wo3e1j_2_FALSE_COLOR_jpg.rf.1e708a9e42af7c20e895977f55fcf6c6.jpg,1.0
cl6cgr33o00bfl45526e3ajl1_6_SWIR_jpg.rf.1ea97d857caf41c249b8fbd9c35465f9.jpg,1.0
cl6ou5qcj00a3ao555mak9y55_6_SWIR_jpg.rf.1eb1b604d27a0f3924bd725acff5a140.jpg,1.0
cl6cii68700d6l455amco5bi5_2_FALSE_COLOR_jpg.rf.1ecf646b8118e32716d2b3b3503c782c.jpg,1.0
cl6m1c3ae003j8w553eyv5bne_2_FALSE_COLOR_jpg.rf.1edc544e1973f480d5a774f9f6bdb304.jpg,1.0
cl6odml2j0024ao55fld01o8f_6_SWIR_jpg.rf.1eebe7da2fdc561e2d3242ecafbe8d24.jpg,1.0
cl6kgcddp002gc455ekvaehyc_1_TRUE_COLOR_jpg.rf.1ec1375a5807dd6c2f97916e2ea7c8f2.jpg,1.0
cl6kiuz0a000l8w554itn2fmi_2_FALSE_COLOR_jpg.rf.1eaef214467556bb0f67fc396c545d64.jpg,1.0
cl6b6i65c007cl4550t4i61rw_4_FALSE_COLOR__URBAN_jpg.rf.1f0188e03086871698c186fddab8ce37.jpg,1.0
cl6kfyj4a001wc4558emoaaeq_6_SWIR_jpg.rf.1f0b500d1aaa138462f9183bcc75393a.jpg,1.0
cl6e07sbz000dgk556f1cemmc_1_TRUE_COLOR_jpg.rf.1ea5ac86592142b3fec07e9619cac630.jpg,1.0
cl6cs0lrz00ehl45590z36ae8_1_TRUE_COLOR_jpg.rf.1ee7c56ed711f6201fd94895f0a9d43b.jpg,1.0
cl6b0959c000il4553c448za8_1_TRUE_COLOR_jpg.rf.1eddab2ada8360fa9f6a99a90a47d464.jpg,1.0
cl6b6op7a007ol455fvvv6g4a_1_TRUE_COLOR_jpg.rf.1efe0cda3f76f0a1a80c32c6b1ba788b.jpg,1.0
cl6kii4xj000d8w55drgxdpae_1_TRUE_COLOR_jpg.rf.1f1faa3da0ce0cd0cc3ec3daf8558a56.jpg,1.0
cl6b58mbx002sl4550bzf0gow_2_FALSE_COLOR_jpg.rf.1f1e64bd55e10e020d31a746aa12d4a5.jpg,1.0
cl6ct9osf00h7l45538051wz5_4_FALSE_COLOR__URBAN_jpg.rf.1f46229f4a5bde624cfcc01358bf6a8a.jpg,1.0
cl6crszmm00dvl455a2pb9ff5_6_SWIR_jpg.rf.1f262f0b8c9f44d84c94c4a33d491517.jpg,1.0
cl6cguk2800bml4556lfx35kx_4_FALSE_COLOR__URBAN_jpg.rf.1f3acea9e39a1bb56b2694d8979e8a4e.jpg,1.0
cl6b5zpnm005rl4554xa7cvp7_2_FALSE_COLOR_jpg.rf.1f294cfb12426121bc457e5e1b31070d.jpg,1.0
cl6kioqix000f8w55cu1n98v2_2_FALSE_COLOR_jpg.rf.1f6b97a1a32f76fc63a08f799d8ed6f5.jpg,1.0
cl6ojo12l004wao55btps0rwg_1_TRUE_COLOR_jpg.rf.1f690d2d4d7719de0dcabbd340d433d9.jpg,1.0
cl6cti5zm00hrl4555pdk0ef9_2_FALSE_COLOR_jpg.rf.1f476bfbc97d4cbc6004eb2d9ed78212.jpg,1.0
cl6ocs2h6000cao559bx42yho_6_SWIR_jpg.rf.1f39a9c5827d0d1a8945c15cce400ad0.jpg,1.0
cl6oizoxx0041ao55csrr4whh_2_FALSE_COLOR_jpg.rf.1fae9a3748bf2634a52e5da4be3d9582.jpg,1.0
cl6b5xjjd005kl455hfjcd5ra_1_TRUE_COLOR_jpg.rf.1f80461eefaaac78e484030d668e4952.jpg,1.0
cl6oq8ags008mao55b74o6kch_4_FALSE_COLOR__URBAN_jpg.rf.1f893b9a11c6389cbb639fd93b485ee6.jpg,1.0
cl6oplars007eao55fno41dzm_6_SWIR_jpg.rf.1f6baabde65d44c1e2a42c05f7199c1b.jpg,1.0
cl6ojakz1004lao55gg29c7l2_2_FALSE_COLOR_jpg.rf.1f51023483d64cee770e302d4023ea28.jpg,1.0
cl6b551w3002dl4550lwt59yl_6_SWIR_jpg.rf.1f7f361128e89df121bbd009e76e4496.jpg,1.0
cl6b5n12o0049l455063q86e4_6_SWIR_jpg.rf.1f6bc297237085e13eecd9436d13240e.jpg,1.0
cl6ouaiyn00aeao550h4i06dx_1_TRUE_COLOR_jpg.rf.1f9e80fcf0e6791b8099b3ee5529872d.jpg,1.0
cl6e1gy620018gk55gvmqas56_1_TRUE_COLOR_jpg.rf.1f91fb4e4217b8cfddea479881f3cf86.jpg,1.0
cl6ltphn6002o8w55a78j55fa_2_FALSE_COLOR_jpg.rf.1fb3b8e384893eebf771737fd4f7a8f4.jpg,1.0
cl6kf6p46000hc455dcig3109_6_SWIR_jpg.rf.1fa48180857a669ddcff972cf5987e1f.jpg,1.0
cl6aniex40000f0559xrzal6j_2_FALSE_COLOR_jpg.rf.1fccab452d4981c4ef3a1c3dc88474a0.jpg,1.0
cl6ok7ls2005pao55gqxi8e54_4_FALSE_COLOR__URBAN_jpg.rf.1fc3152731d468b9b5a7dcc5b7f7759e.jpg,1.0
cl6e06h37000agk55e1m39xvy_1_TRUE_COLOR_jpg.rf.1fb96ff08a92e515d58b6b925f59ffdf.jpg,1.0
cl6b0lf0t0017l4550spldd4v_1_TRUE_COLOR_jpg.rf.1f888095384b2c071b30c8d3f41d5563.jpg,1.0
cl6kgo2ff0031c455dv515gju_1_TRUE_COLOR_jpg.rf.1fdbb3462efc0842349a4dccc81fd0cb.jpg,1.0
cl6ok86rg005qao552r1p86s0_2_FALSE_COLOR_jpg.rf.1f588c317b145f1744a2415a850e56f2.jpg,1.0
cl6keymqs0000c4559gsd6y3f_2_FALSE_COLOR_jpg.rf.1fb95466d4d30e126579f9b5d23fb7c7.jpg,1.0
cl6b5cr7o003al455cptggjjs_6_SWIR_jpg.rf.1f6f2793a12e25126a66a9d412783755.jpg,1.0
cl6csvg6n00gal45513b052pr_4_FALSE_COLOR__URBAN_jpg.rf.1fc2f1e35aaf5a3d902c60b51fa2eb54.jpg,1.0
cl6csygqn00gil4554ynr4r8a_6_SWIR_jpg.rf.1f9f88b78d936989c7091c7a7f997e3e.jpg,1.0
cl6csygqn00gil4554ynr4r8a_2_FALSE_COLOR_jpg.rf.1f6d581435db213cbc8c7a5c1b117ed6.jpg,1.0
cl6b5l3lm0041l45509eycth4_2_FALSE_COLOR_jpg.rf.1fea0b5284a88dff638cf7b73f33ccc3.jpg,1.0
cl6cgmfwp00bbl455aa650cyv_1_TRUE_COLOR_jpg.rf.1fe4374a594d29a8f5714272f39942b1.jpg,1.0
cl6b5t5vk004zl455d1h36vwf_1_TRUE_COLOR_jpg.rf.200d67a1cb26b7b7810fc609e5210cdf.jpg,1.0
cl6oro0mr009pao556hg6dj0a_2_FALSE_COLOR_jpg.rf.1fe568ce259240592fcc8ce32f248514.jpg,1.0
cl6cht8c600cml4558wv5emrs_1_TRUE_COLOR_jpg.rf.20101876fb53955a5fef67fc86778883.jpg,1.0
cl6azwb8d0001t055d2a160qn_4_FALSE_COLOR__URBAN_jpg.rf.1fe0aa2d4979cad54de961f38ce2d018.jpg,1.0
cl6e09v5e000igk55bgqi62m1_1_TRUE_COLOR_jpg.rf.201f34b960b266f1caece5e5c850b039.jpg,1.0
cl6oju5ai0054ao55fbrr6a1p_2_FALSE_COLOR_jpg.rf.1ffa5af56e0eb7baf1c526b50d1edce6.jpg,1.0
cl6ouj4wy00arao551zl9clbo_6_SWIR_jpg.rf.1ff92d309272a1280e74af80135accc6.jpg,1.0
cl6kgfqaa002oc455gxuy2vys_2_FALSE_COLOR_jpg.rf.2021e5af84889da74d995677c2c7e7bb.jpg,1.0
cl6b51y140022l4551rmyafv5_4_FALSE_COLOR__URBAN_jpg.rf.2001997a172912d86f192a08d8b70541.jpg,1.0
cl6kgidey002uc455a3qe2ark_1_TRUE_COLOR_jpg.rf.20206553c8a44a8ce760b92578a1837f.jpg,1.0
cl6m0w1nh002z8w558do5f7ar_4_FALSE_COLOR__URBAN_jpg.rf.203f893a3991a43e17c18974643e5bfb.jpg,1.0
cl6op20j8006eao55cw0ucbhh_4_FALSE_COLOR__URBAN_jpg.rf.204764db0b1e3a24bab5608c6f509223.jpg,1.0
cl6b50joj0020l455h0thgx23_2_FALSE_COLOR_jpg.rf.1fddd5f3d4515725a3d1a3548ea2819a.jpg,1.0
cl6ocx87y000nao554f3ig67h_1_TRUE_COLOR_jpg.rf.204538a4d8b4ca866d7b3baa954b47a5.jpg,1.0
cl6ok7ls2005pao55gqxi8e54_2_FALSE_COLOR_jpg.rf.1fed8dd218f1bda805dcd50c9feb9165.jpg,1.0
cl6cguk2800bml4556lfx35kx_1_TRUE_COLOR_jpg.rf.205b15770081ed920f2535194c0490e3.jpg,1.0
cl6ocys2m000sao5550mof7nx_2_FALSE_COLOR_jpg.rf.205a6938b6f1de3898822d2e1499c71f.jpg,1.0
cl6dyiwx60009hg55freo14hg_1_TRUE_COLOR_jpg.rf.206804fb957d35b9a59dc4e062a3b6d8.jpg,1.0
cl6b77nut009ll45588wha4d5_6_SWIR_jpg.rf.20696097dd4796c9d08c5267a249e6b1.jpg,1.0
cl6chihhc00c5l455hj7j1iic_2_FALSE_COLOR_jpg.rf.204420b047ab5d8bd5cccd8812fa19b3.jpg,1.0
cl6kgh8cf002sc4558jry9v2p_2_FALSE_COLOR_jpg.rf.207c4d0cbe277890f3fb4f3056ecac0a.jpg,1.0
cl6b5f0o3003ll4553yz85s0u_1_TRUE_COLOR_jpg.rf.2070a1ea53bd46f9d7da41541894103b.jpg,1.0
cl6azt6c90001go55dv661od3_4_FALSE_COLOR__URBAN_jpg.rf.2087ede837168654c95adcf45f0964da.jpg,1.0
cl6ct07zx00gll4554jg5b8r4_2_FALSE_COLOR_jpg.rf.2042064eba03cea48aadccb69da445df.jpg,1.0
cl6ctobno00i3l4554o13a57u_1_TRUE_COLOR_jpg.rf.206d95d5b69f78e0058a80bb86adec8e.jpg,1.0
cl6m1ejbw003s8w556ie04d5b_4_FALSE_COLOR__URBAN_jpg.rf.20810214c70b928e44e49e6be94957b2.jpg,1.0
cl6cpha7s00dpl4559lpahzmn_6_SWIR_jpg.rf.20a63e38b89ab9eb19a867cadf1be8d5.jpg,1.0
cl6kfpnu6001ac4551zdx0uev_1_TRUE_COLOR_jpg.rf.208acb8e99112e95a61f30f3a5cdc667.jpg,1.0
cl6ojaxxv004mao552t7ah2ky_6_SWIR_jpg.rf.206e8e323115e2927445acd36de025e1.jpg,1.0
cl6orlxem009lao5513o7hr6s_6_SWIR_jpg.rf.20a30484f236833d472d0a570b9cdf0a.jpg,1.0
cl6e1mzj0001bgk55bm966l6h_2_FALSE_COLOR_jpg.rf.2067997de2dad486e6b4adaee4645965.jpg,1.0
cl6b57brh002ll4555o3te631_2_FALSE_COLOR_jpg.rf.20b8fadc7a449875c5e3a324fd1c93ae.jpg,1.0
cl6ct23ww00gql45503oubjmo_4_FALSE_COLOR__URBAN_jpg.rf.20ad7c8fd0b09a9d66dac55372440655.jpg,1.0
cl6ojwo190059ao55aqo1dfsk_4_FALSE_COLOR__URBAN_jpg.rf.20baced8faeae3342ff6adc8287f9e69.jpg,1.0
cl6opfzmo0075ao55ft2tbgtg_6_SWIR_jpg.rf.21303856ff4f77bae55178e14783336b.jpg,1.0
cl6b746nn0091l4556dgg9xwd_6_SWIR_jpg.rf.212cb77d64bb5dbec732525e133b3fd7.jpg,1.0
cl6e064go0009gk55e8lcflfy_1_TRUE_COLOR_jpg.rf.20e594a296c4a264a69973d7722913cc.jpg,1.0
cl6chl1rg00cbl455e1p5cw7x_1_TRUE_COLOR_jpg.rf.21337df3245e925f5caee874777793d3.jpg,1.0
cl6ocmhv80000ao55b7ybfzf5_1_TRUE_COLOR_jpg.rf.20d1e0e5bd93afd9879e85962ad43c50.jpg,1.0
cl6e0fdc7000ugk557kzy30u6_2_FALSE_COLOR_jpg.rf.21228518ab856d0d54a2e869db376ee7.jpg,1.0
cl6odfk31001qao557bfi78e5_4_FALSE_COLOR__URBAN_jpg.rf.214e4a608c891a47639c109e57e935f0.jpg,1.0
cl6kidboc00078w55f9rfey2b_1_TRUE_COLOR_jpg.rf.21226c227278ef313dd97155f21b58c2.jpg,1.0
cl6oul0ve00axao5549vy6mom_1_TRUE_COLOR_jpg.rf.2114e6ea09be9221e6a9100fea629151.jpg,1.0
cl6dywrm9000mhg55c48n2wtt_4_FALSE_COLOR__URBAN_jpg.rf.21204f928de9a9f7cf634f4bff3e269b.jpg,1.0
cl6od0yei0010ao55a36egny5_2_FALSE_COLOR_jpg.rf.212ae44e9424d358b0111ab3d0decc53.jpg,1.0
cl6odn5mw0025ao5561or3jne_1_TRUE_COLOR_jpg.rf.2146c5cf44eac6efe866acc9869a1c84.jpg,1.0
cl6ch417300btl4554l143qop_4_FALSE_COLOR__URBAN_jpg.rf.213550101071b6bcdce649470a8902fc.jpg,1.0
cl6cpha7s00dpl4559lpahzmn_1_TRUE_COLOR_jpg.rf.20dbe1b6fd2cb8b4a47cead425a62bef.jpg,1.0
cl6ocozkd0004ao55e5fq7tfw_1_TRUE_COLOR_jpg.rf.20fb956ec19af9a5a5d4b19ad7d463ac.jpg,1.0
cl6dzi6b8000phg55ebf66l7r_6_SWIR_jpg.rf.20e5351b8b9e6a1d4e2fff26e3702b6f.jpg,1.0
cl6e0dypj000qgk55gndm8q3o_2_FALSE_COLOR_jpg.rf.20fd6c727d4c6ae0cb8989c07985e320.jpg,1.0
cl6b53k570029l45574z79k7e_4_FALSE_COLOR__URBAN_jpg.rf.21079cd013d090df2ac4db629c78a061.jpg,1.0
cl6m1aury003e8w55364mhq6f_6_SWIR_jpg.rf.2138a9ab5e804d09ba85c7cdfeb82ea4.jpg,1.0
cl6ojofa2004xao556rjh31ss_6_SWIR_jpg.rf.20ad44c65f5d8bdbdde2cf91e534342a.jpg,1.0
cl6lsyw82001x8w55h42v4y3p_4_FALSE_COLOR__URBAN_jpg.rf.211bcf3d36dd7f59caccbf8390ef826c.jpg,1.0
cl6b652mi0068l4552keu9loj_4_FALSE_COLOR__URBAN_jpg.rf.2112794355edf29930670d66a32b7168.jpg,1.0
cl6oddf8p001pao558ykw6wkp_1_TRUE_COLOR_jpg.rf.2159505dea9c7fc8bbbcde1c8dfd2425.jpg,1.0
cl6oj50of004dao558azz1d6c_1_TRUE_COLOR_jpg.rf.217e4ded5d0ab10927a93df11aff8239.jpg,1.0
cl6ciijds00d7l455hntlhi6p_1_TRUE_COLOR_jpg.rf.216953129d9e560b11cbd2bc83c51c4b.jpg,1.0
cl6cgzyml00bql4557ej3af4i_2_FALSE_COLOR_jpg.rf.21549d0b72d8d6bf6750b7bfbbcaa57d.jpg,1.0
cl6orlxem009lao5513o7hr6s_1_TRUE_COLOR_jpg.rf.215cfef20a02a164e7c9b5eae0d426e9.jpg,1.0
cl6b5phba004il45531lb6655_1_TRUE_COLOR_jpg.rf.216a405edfa5c7298a923c863dc80c96.jpg,1.0
cl6e07sbz000dgk556f1cemmc_6_SWIR_jpg.rf.2189b8420f72dd376e0fe7fa255ff5ca.jpg,1.0
cl6ki56x400028w55hs1xab54_4_FALSE_COLOR__URBAN_jpg.rf.2170aaed0982d0b54459d2eb923d1612.jpg,1.0
cl6e2j74p0028gk559qcd87o6_6_SWIR_jpg.rf.217c4772cc43f8bcf85e0bd9699947f9.jpg,1.0
cl6b0q209001jl4553gmg5wxk_6_SWIR_jpg.rf.21a227bd75a16eb6ffd68aa4851510bc.jpg,1.0
cl6chnv4k00chl455heba8syd_2_FALSE_COLOR_jpg.rf.21a2c84930a61eeda33ba256dadac95f.jpg,1.0
cl6m0pnw5002y8w552btfchke_4_FALSE_COLOR__URBAN_jpg.rf.215f3d17a4f4bd67428a100c2e529fea.jpg,1.0
cl6ocys2m000sao5550mof7nx_2_FALSE_COLOR_jpg.rf.217c4678a322eed8463f54c320c0bdfa.jpg,1.0
cl6ok86rg005qao552r1p86s0_4_FALSE_COLOR__URBAN_jpg.rf.21a527588dfc475f1f8ca7f1858cff28.jpg,1.0
cl6ki3fbe00018w55146m86ja_2_FALSE_COLOR_jpg.rf.214fcf8beebeecec88da7967d6d398da.jpg,1.0
cl6b5c2sv0035l455962o3knd_1_TRUE_COLOR_jpg.rf.21ad734c5f94cd3f16c051b9636c52bd.jpg,1.0
cl6opi0lv0079ao554ptl5yd7_6_SWIR_jpg.rf.21ad3ec4b6e257fc112764ba04040672.jpg,1.0
cl6b62b07005zl455eftq37tr_2_FALSE_COLOR_jpg.rf.218ec9302926592ec1e36d5fa006b347.jpg,1.0
cl6od703v001gao55arwo07qr_1_TRUE_COLOR_jpg.rf.21ada476523538bc9239f832c0552c87.jpg,1.0
cl6kfu7bi001oc455dxld1p8i_1_TRUE_COLOR_jpg.rf.21938725a2bd4b7e9078438233b1c7fe.jpg,1.0
cl6e0dbw9000pgk55cv1sgp5x_4_FALSE_COLOR__URBAN_jpg.rf.21ae3758909bae20e097e5e61bc6562c.jpg,1.0
cl6odyfwh002lao55bnflcuaj_4_FALSE_COLOR__URBAN_jpg.rf.219ce3873dc2437a652f3fc1f9084a72.jpg,1.0
cl6b0gln2000wl4559wpzdukf_1_TRUE_COLOR_jpg.rf.219a7ca663a3ee96752cc9f45e026bce.jpg,1.0
cl6b6iksa007dl4551508f1n4_1_TRUE_COLOR_jpg.rf.219be76ff47af792ec80ce2e2e5d261c.jpg,1.0
cl6b76u3e009hl455bhpzgyys_6_SWIR_jpg.rf.21b3f92b76aee9d05ec925ff4e0da4c5.jpg,1.0
cl6ou8fz600abao5561sobj5z_4_FALSE_COLOR__URBAN_jpg.rf.21b33fdd114f36a0cbdd028a759ec911.jpg,1.0
cl6csiins00fgl45562qya3h6_1_TRUE_COLOR_jpg.rf.21b2a4b22b9c5024658421a7d9bbeca4.jpg,1.0
cl6opfjg40074ao557e3g3skn_1_TRUE_COLOR_jpg.rf.21b7309050a47d11e1e5b8e144be4eb6.jpg,1.0
cl6oizoxx0041ao55csrr4whh_4_FALSE_COLOR__URBAN_jpg.rf.21ca6a5eaa5b6e46752d6d32a3edccf4.jpg,1.0
cl6e2n2tv002hgk553va60g50_2_FALSE_COLOR_jpg.rf.2169cc558ff32e4dd748103d96cf9cdf.jpg,1.0
cl6cpc9qx00del455co6haqas_1_TRUE_COLOR_jpg.rf.21d0613cd045a5c0c9f97dbe31295dd0.jpg,1.0
cl6oq2n1i008fao551fa07saw_4_FALSE_COLOR__URBAN_jpg.rf.21d0cc67d05ccb966431592e6bea9e8e.jpg,1.0
cl6opfzmo0075ao55ft2tbgtg_2_FALSE_COLOR_jpg.rf.21d95d000bc3cc4a9e791ef399a7284d.jpg,1.0
cl6cgl1e600b7l455b4k067pe_2_FALSE_COLOR_jpg.rf.21dc45297e35800f65a33dd401ecb457.jpg,1.0
cl6kfarcn000wc455738t9fff_6_SWIR_jpg.rf.21cfb8491b16887f1c57695f2a7dbddd.jpg,1.0
cl6e0c4x3000ngk55c47nhbiz_4_FALSE_COLOR__URBAN_jpg.rf.21cf725973a10fd3209e8e8610b73910.jpg,1.0
cl6b6c9bh006yl455efyd100t_6_SWIR_jpg.rf.21c6fe14658abc2c23a60f55342e3a4a.jpg,1.0
cl6cgk7k600b5l455ceot4yy5_6_SWIR_jpg.rf.21d2f8dd653a45b5d8d3abacc3f02cb7.jpg,1.0
cl6ok8rik005rao5581r9bkn0_2_FALSE_COLOR_jpg.rf.21e7f8d30c011ceec54bd29c0efc0eab.jpg,1.0
cl6b5x63r005il4551chxdt93_1_TRUE_COLOR_jpg.rf.21ead901c8cc118c61ab1f861b796251.jpg,0.0
cl6b0aue4000ml455e4wo3e1j_4_FALSE_COLOR__URBAN_jpg.rf.21edef524c6229bdb60af084681133ac.jpg,1.0
cl6b5c6tw0036l45521p0dl9c_6_SWIR_jpg.rf.2234fbce995723835be94fd8ac7f02d2.jpg,1.0
cl6e3dpyr003pgk5549kb5vj7_4_FALSE_COLOR__URBAN_jpg.rf.220f6b411e85ab9ef3629d2b350fdf7c.jpg,1.0
cl6kg0ssm0021c4559i7q1mhh_1_TRUE_COLOR_jpg.rf.21cd5b502a69679167c3c19f49d3b1fb.jpg,1.0
cl6b5l3lm0041l45509eycth4_2_FALSE_COLOR_jpg.rf.21d47a62bb0acbabd36a3018aa7d6e29.jpg,1.0
cl6kjbb3u00158w55e0y48ful_4_FALSE_COLOR__URBAN_jpg.rf.222e8c8fa2cca06d38c422382344050a.jpg,1.0
cl6cgah3400anl4554lg2hxzy_1_TRUE_COLOR_jpg.rf.21c2b7272af09d253f39bbc77db8f761.jpg,1.0
cl6cpeq5000dkl455ae4qcoq2_2_FALSE_COLOR_jpg.rf.21fb92094a0986e6de8e2f0e239b6cc7.jpg,1.0
cl6opkqwo007dao55e4yr3lyo_4_FALSE_COLOR__URBAN_jpg.rf.222123240fb415e6edcdf93b88235a4a.jpg,1.0
cl6oe0y5h002rao55ghk1g0ha_1_TRUE_COLOR_jpg.rf.223db70c31d77854d48701f222cb31b4.jpg,1.0
cl6e2cyo5001ugk556dvqc83s_1_TRUE_COLOR_jpg.rf.22372831bf9be115498d9160820c01d5.jpg,1.0
cl6od703v001gao55arwo07qr_4_FALSE_COLOR__URBAN_jpg.rf.223a53ef267763d2a496acfc78f8ffe1.jpg,1.0
cl6b6y36r008gl4559z723z25_4_FALSE_COLOR__URBAN_jpg.rf.224ce8b8d0e5e994e36adf8e49e8b679.jpg,1.0
cl6aniex40000f0559xrzal6j_1_TRUE_COLOR_jpg.rf.224331c0214a8280f7e9909576cc23c8.jpg,1.0
cl6b6xf5u008cl45592go53gy_1_TRUE_COLOR_jpg.rf.21f6acb57f618ef2d26e926e3ced1f4b.jpg,1.0
cl6b0lf0t0017l4550spldd4v_2_FALSE_COLOR_jpg.rf.222a329e163488a785f187d2e77f61e4.jpg,1.0
cl6lt1hpb00208w55bfs7e6iz_6_SWIR_jpg.rf.225c2000abf52b1b5274090f858cd844.jpg,1.0
cl6b5s1n0004ul455es9i793w_2_FALSE_COLOR_jpg.rf.225af17c42cc6b509412b70f5a914313.jpg,1.0
cl6e1qges001kgk555z158f33_4_FALSE_COLOR__URBAN_jpg.rf.2286da9ee5f4222d922b23b5032f635c.jpg,1.0
cl6opeul20072ao55eq23cssc_1_TRUE_COLOR_jpg.rf.2288900521946843f7e95e732dfab8d4.jpg,1.0
cl6opfjg40074ao557e3g3skn_6_SWIR_jpg.rf.22707d3e70543be12c022aa49eaa49d2.jpg,1.0
cl6kj7d6l000x8w55cwtv1hfp_4_FALSE_COLOR__URBAN_jpg.rf.22a42ae6d66115b65a535647bbe80d3e.jpg,1.0
cl6kfpnu6001ac4551zdx0uev_6_SWIR_jpg.rf.22b6441200aeb3361a4126f0e031305d.jpg,1.0
cl6e3j5rh0046gk5519l319wr_2_FALSE_COLOR_jpg.rf.229155f14825c7945350b29ace02ca71.jpg,1.0
cl6odml2j0024ao55fld01o8f_4_FALSE_COLOR__URBAN_jpg.rf.2290b656b6e7346eb8a689ec1b2eeacd.jpg,1.0
cl6oihv2n0034ao55fdp36vw4_2_FALSE_COLOR_jpg.rf.22c846d7aaae55b2c1d8aaf30349a513.jpg,1.0
cl6oigza00032ao5597wob75w_1_TRUE_COLOR_jpg.rf.22a7452eab2eac3ddfc34afdfa585b4e.jpg,1.0
cl6b0hhjo0010l455bbrwenrb_2_FALSE_COLOR_jpg.rf.22d2ef894f17ff276c41a6807da8202b.jpg,1.0
cl6ocozkd0004ao55e5fq7tfw_6_SWIR_jpg.rf.22985adc0e0c798a228154ab96971cc8.jpg,1.0
cl6oirxxk003oao552r40b8yf_2_FALSE_COLOR_jpg.rf.2289d7722f22be2eaa83f07913a0ce4e.jpg,1.0
cl6ok1xz8005jao55et1x9ny0_6_SWIR_jpg.rf.22e998768911dd8969da810ee210666e.jpg,1.0
cl6cguk2800bml4556lfx35kx_1_TRUE_COLOR_jpg.rf.22a11a6e5f119bb9f635f3dcb642ac79.jpg,1.0
cl6orndip009oao55fid2ccb1_2_FALSE_COLOR_jpg.rf.2296d7e5a761628b352ceb0ff377d2fe.jpg,1.0
cl6lt9ww1002d8w558t0sd31s_2_FALSE_COLOR_jpg.rf.22c77cfadbf47f4b82c2d2d14fe8972a.jpg,1.0
cl6ch7g5b00bzl4557xjh57a2_1_TRUE_COLOR_jpg.rf.22c001bf5cdb8822144c2e0a6e76c28d.jpg,1.0
cl6b0slw7001ol455e0rp3o75_2_FALSE_COLOR_jpg.rf.22cf12c6c6f56148dc7b2f2141876dac.jpg,1.0
cl6cpbspp00ddl455cdn2h2ov_2_FALSE_COLOR_jpg.rf.228fe6e74cabccfb7a3adc3c5e5d868f.jpg,1.0
cl6oix6p8003xao558gep7jfa_1_TRUE_COLOR_jpg.rf.228a49907c1599eb318be880163f9cb3.jpg,1.0
cl6od3kun001bao55bcq677k3_4_FALSE_COLOR__URBAN_jpg.rf.22c3d8b4c97d1b7593e5316590f60344.jpg,1.0
cl6oplsq0007fao556ul723tq_4_FALSE_COLOR__URBAN_jpg.rf.22c1598e5b89f6f209405b5fa980b0cc.jpg,1.0
cl6dzs6a4000vhg55f52u2xze_1_TRUE_COLOR_jpg.rf.22a61902c76c8fe3fa86900e08cb5b88.jpg,1.0
cl6ct5pk300gxl4559vdtfjz2_2_FALSE_COLOR_jpg.rf.2300c1aeabc83c2f3b5687286e8edf79.jpg,1.0
cl6e2hp3l0025gk55buu53wd8_1_TRUE_COLOR_jpg.rf.2305e04d56fb1f171e195a7da19ab5fa.jpg,1.0
cl6b6d8tg006zl455b6e3ca7q_1_TRUE_COLOR_jpg.rf.22fb093dddb97ebeed4ac693048bcf0d.jpg,1.0
cl6ocw54k000kao554ryq6ukn_1_TRUE_COLOR_jpg.rf.22eb4c25d2cee9dbe0dea6c513fef884.jpg,1.0
cl6oiojdm003hao55geo24bj6_1_TRUE_COLOR_jpg.rf.230b8ce3041d2d419787062d8c4350a1.jpg,1.0
cl6lt50lf00278w555isdaowx_4_FALSE_COLOR__URBAN_jpg.rf.230f388ad99c03ddf3bdcdd0309194e7.jpg,1.0
cl6b65ksg0069l455f4od44cb_1_TRUE_COLOR_jpg.rf.23234f7b377686892999dfee421c41f4.jpg,1.0
cl6odhcaj001uao552i9j0ykn_6_SWIR_jpg.rf.23107ccc6cbb2bd749a25747776b1ac0.jpg,1.0
cl6opq0g0007mao556zsr2z59_4_FALSE_COLOR__URBAN_jpg.rf.233aa86e8d454ff8a638788fbfb54aee.jpg,1.0
cl6kgeqar002lc455akv50au4_1_TRUE_COLOR_jpg.rf.233381e659ebf1aab54a33838a3473ab.jpg,1.0
cl6csrtfm00g2l455becnfxr8_4_FALSE_COLOR__URBAN_jpg.rf.234d4ca5aaa931a35273c8bb4ea17e93.jpg,1.0
cl6ocys2m000sao5550mof7nx_6_SWIR_jpg.rf.23569c6b63db97c31651559395c6236d.jpg,1.0
cl6odxshy002kao554h0tez0a_1_TRUE_COLOR_jpg.rf.233f227cb3accf5f555237bae83a0465.jpg,1.0
cl6chb1kq00c3l45538v16mga_2_FALSE_COLOR_jpg.rf.231fb5a99be8f364c7695fd72919d8d4.jpg,1.0
cl6oe1f0u002sao550ab86ndb_1_TRUE_COLOR_jpg.rf.235d3d7b0786f37e7237196c0a387b1f.jpg,1.0
cl6b5y1m8005ml455dfsobrvc_6_SWIR_jpg.rf.237bba6fe1ebaff739ccdbcd87a799d1.jpg,1.0
cl6b5tn5o0053l4555lotaojg_6_SWIR_jpg.rf.23a4643e1e9800fff2fb312909699902.jpg,1.0
cl6e20np5001sgk555chada9l_6_SWIR_jpg.rf.239fc0048fa3386e2df284c3b1560891.jpg,1.0
cl6oiv12w003uao55arup9ca6_2_FALSE_COLOR_jpg.rf.2416fdf7d866eebc9e5480c08ba8be27.jpg,1.0
cl6ct487q00gul455bxvzaopi_2_FALSE_COLOR_jpg.rf.23caa8fce4e7de8205b2ea753fcf760f.jpg,1.0
cl6b52uh70025l45570k50sh9_1_TRUE_COLOR_jpg.rf.239ca03ca294f4150f143342a836723f.jpg,1.0
cl6b5cr7o003al455cptggjjs_1_TRUE_COLOR_jpg.rf.23c8d9c0a9e7c6c5fa82dad500b6d340.jpg,1.0
cl6m170d0003a8w5556k5hzhc_2_FALSE_COLOR_jpg.rf.2374ce38b2623558b4f6219d4deaab3f.jpg,1.0
cl6kfxks1001uc455ejvhbs1y_4_FALSE_COLOR__URBAN_jpg.rf.23952643e8cbe620f1ca2ec6173d14bb.jpg,1.0
cl6cgi18y00b4l455dvo73gk3_1_TRUE_COLOR_jpg.rf.23a0225bd0809298278b7a682410e047.jpg,1.0
cl6kgpdp90034c4556foheik0_4_FALSE_COLOR__URBAN_jpg.rf.232fb530e0726a9fb3fe723b03e313f4.jpg,1.0
cl6oqmixz0092ao550l10dlqc_6_SWIR_jpg.rf.234e4243fd9f8f7c6fe9b0e7aa4b98f3.jpg,1.0
cl6cgtnl200bll4552u3y49k7_1_TRUE_COLOR_jpg.rf.2362ec386d59a178007eef0a208a9a65.jpg,1.0
cl6ocn0yw0001ao55850zb04a_2_FALSE_COLOR_jpg.rf.23e270c3c2e7e14589ebc99d4c37fa18.jpg,1.0
cl6kj737i000w8w559m2x1ig7_2_FALSE_COLOR_jpg.rf.2420d0bb8547543ef0a86b6ec202db64.jpg,1.0
cl6csvg6n00gal45513b052pr_4_FALSE_COLOR__URBAN_jpg.rf.23cfed83c622d070a328a4a7771942ec.jpg,1.0
cl6m10x9x00348w55h67q3hes_4_FALSE_COLOR__URBAN_jpg.rf.242187226c8ef48a53ee3c1cb8ce9fb7.jpg,1.0
cl6cs5j5d00exl455afqp4ysw_1_TRUE_COLOR_jpg.rf.242a245566536039a900902b1710de9b.jpg,1.0
cl6e2lc56002fgk554s6m4xro_2_FALSE_COLOR_jpg.rf.243b116bc3baf1257c0568eedd66694e.jpg,1.0
cl6e0m79h0016gk5553pj46h0_2_FALSE_COLOR_jpg.rf.244ec9acf9961f0eba7f7345c36e9104.jpg,1.0
cl6opypeq0087ao55cd0fhzah_1_TRUE_COLOR_jpg.rf.243bb1878019b5b12de4f7bd02ee2c9c.jpg,1.0
cl6e1nvfl001egk556fa6giz7_2_FALSE_COLOR_jpg.rf.244af4277eed92652e6863db93f45db7.jpg,1.0
cl6odyfwh002lao55bnflcuaj_2_FALSE_COLOR_jpg.rf.2422f9f9b22ac5f8420d2a935e5f2e19.jpg,1.0
cl6e20np5001sgk555chada9l_2_FALSE_COLOR_jpg.rf.248080eee12f910574a10663924d0982.jpg,1.0
cl6b7bt0y009zl455397c4vju_4_FALSE_COLOR__URBAN_jpg.rf.243f8ac591f120d2c46bc034f0ebba2a.jpg,1.0
cl6kfx47x001tc45578ts0yz6_6_SWIR_jpg.rf.243bfd762c02f3b7ae657555411e7997.jpg,1.0
cl6op7ba0006mao558jkudmdk_1_TRUE_COLOR_jpg.rf.2438e8b605848c260a9dae88fa66132d.jpg,1.0
cl6oui3xy00aoao55d29e9vlz_2_FALSE_COLOR_jpg.rf.2467384fde62ccc0ad7db09199eb1522.jpg,1.0
cl6cp9ucc00d8l455fzq49p99_1_TRUE_COLOR_jpg.rf.2476cfce2c636e01f64bda550398be81.jpg,1.0
cl6oj9ml8004jao55bfvl5xnu_6_SWIR_jpg.rf.2430eedba6b6b88aacb4e2761dfc31ce.jpg,1.0
cl6od8ws9001kao558u2r832i_6_SWIR_jpg.rf.24763575aaf41ca8fb7e6da6bf53f692.jpg,1.0
cl6dyf3ua0005hg555lbzak23_1_TRUE_COLOR_jpg.rf.243f516b667f5caf63574bb13e55ec31.jpg,1.0
cl6opucm6007vao553ut5eta8_4_FALSE_COLOR__URBAN_jpg.rf.245abe07f2b6467d2ff4ffa6d2c99b92.jpg,1.0
cl6chqhwl00cll4558hnj0glz_6_SWIR_jpg.rf.2499d6923f07ab1870f6eef9f426046a.jpg,1.0
cl6kfyj4a001wc4558emoaaeq_4_FALSE_COLOR__URBAN_jpg.rf.248cd6555ad53d91848388c77116fa6a.jpg,1.0
cl6oj1gzx0046ao5546xf9oac_2_FALSE_COLOR_jpg.rf.242836e7b0bf71fa863687918bd5d1fa.jpg,1.0
cl6e0htxm000ygk558f3oazjy_1_TRUE_COLOR_jpg.rf.2477d93d736853112035d870ac1e5a32.jpg,1.0
cl6kf7mvw000lc455d6b9d062_6_SWIR_jpg.rf.249a55abbfb44f66d60050e39068693a.jpg,1.0
cl6ocqy790009ao55dmfo7t3e_1_TRUE_COLOR_jpg.rf.24aee9922dbef56ef54f0600f68ec520.jpg,1.0
cl6b5wl3u005gl455fljch2g9_1_TRUE_COLOR_jpg.rf.2462153913a2221f4a2f9bd57d55432d.jpg,1.0
cl6octpb0000gao557tk19wmi_4_FALSE_COLOR__URBAN_jpg.rf.24833e83add78683e0bd989e7a2848e8.jpg,1.0
cl6e06h37000agk55e1m39xvy_1_TRUE_COLOR_jpg.rf.24c858ac6b08640de0ab5d244abbcb52.jpg,1.0
cl6m10x9x00348w55h67q3hes_1_TRUE_COLOR_jpg.rf.24bf5dd9c10ab34554833bad26723739.jpg,1.0
cl6az56oy0003f05554mh92wy_1_TRUE_COLOR_jpg.rf.242a4e0f25ccb58282c1761b3e382d31.jpg,1.0
cl6cszfwz00gkl45529qw979l_4_FALSE_COLOR__URBAN_jpg.rf.24bbbb16b156227ec7a0b4a28df05059.jpg,1.0
cl6cs8jie00f5l4555hn76aj1_6_SWIR_jpg.rf.2487e8a0226777f9c746290a961f0667.jpg,1.0
cl6b0czhh000rl4555uf846qc_6_SWIR_jpg.rf.24b707ec8d7919c1797dc1429aaf2d0f.jpg,1.0
cl6cswt5400gdl4554rn2gjz9_2_FALSE_COLOR_jpg.rf.2481f63adfadac47c78fab4eec8d9219.jpg,1.0
cl6e311ol002wgk554lafcdqd_4_FALSE_COLOR__URBAN_jpg.rf.24aa9e74d698d2438ec0f3ad5d13b199.jpg,1.0
cl6ki56x400028w55hs1xab54_6_SWIR_jpg.rf.24cfc9b3a4926354ee08b83a991bef72.jpg,1.0
cl6m1a7kz003c8w55646e1v53_2_FALSE_COLOR_jpg.rf.2501fbde6ea717f93c70ab935a68b8c2.jpg,1.0
cl6m0x4p100318w55bmg41saz_4_FALSE_COLOR__URBAN_jpg.rf.24cf5a2768efec816ce365364941de38.jpg,1.0
cl6e2ww4w002lgk555k8x0pjx_6_SWIR_jpg.rf.24f89f7956ec76d4825033bf181a1e85.jpg,1.0
cl6chvqmw00crl455dq182jri_2_FALSE_COLOR_jpg.rf.250062bb9b3284a8e7dc165ee795f7b7.jpg,1.0
cl6e2cyo5001ugk556dvqc83s_2_FALSE_COLOR_jpg.rf.2559b2bb09f75a4deb292eda870c09b6.jpg,1.0
cl6e3hmo90042gk550afsdsxy_4_FALSE_COLOR__URBAN_jpg.rf.24fd9ba4be412993b7970eb621c2e4c0.jpg,1.0
cl6kjjetw001m8w557l9r668h_4_FALSE_COLOR__URBAN_jpg.rf.25039413010ef8b3bfbbe8a963e5d7df.jpg,1.0
cl6odl83k001zao5593urbteq_1_TRUE_COLOR_jpg.rf.24d999e61a1444b7474afdf20b31c778.jpg,1.0
cl6cgw2be00bnl455cetv4inw_1_TRUE_COLOR_jpg.rf.2537b5875cdcced3cd00c3288f052fec.jpg,1.0
cl6b748ds0092l455b1k2fidy_6_SWIR_jpg.rf.250f4f7f845cd6b60b7969f10e16b027.jpg,1.0
cl6lto1fw002l8w55052sbhvh_1_TRUE_COLOR_jpg.rf.256baa88a95200ce354499f2fd6ec7b3.jpg,1.0
cl6kfarcn000wc455738t9fff_2_FALSE_COLOR_jpg.rf.2519ea824a497743a62a9ba67133711e.jpg,1.0
cl6b7118q008ol4551ye8g44d_4_FALSE_COLOR__URBAN_jpg.rf.25523f6503509860ebf07f3e01819682.jpg,1.0
cl6e09v5e000igk55bgqi62m1_2_FALSE_COLOR_jpg.rf.25737f0567bee85816f05a3d116d7fa0.jpg,1.0
cl6kgaw2p002bc455hair6q7o_6_SWIR_jpg.rf.25325280d07926ca3ea9949580ef3167.jpg,1.0
cl6b0czhh000rl4555uf846qc_1_TRUE_COLOR_jpg.rf.25628e12906038bc42b09e71d013c785.jpg,1.0
cl6ouaiyn00aeao550h4i06dx_4_FALSE_COLOR__URBAN_jpg.rf.25761ce44a1eb5351e5101448e8accd6.jpg,1.0
cl6kg4sfr0026c4552hfe6gtj_4_FALSE_COLOR__URBAN_jpg.rf.25855b05f58d245ec36b05f286552501.jpg,1.0
cl6b5mgel0046l455192ze0hp_1_TRUE_COLOR_jpg.rf.25680639941b176c6d74eb47bdc7e297.jpg,1.0
cl6kfnjr50014c4555kd2a1q6_2_FALSE_COLOR_jpg.rf.257a70d2931a60ac17c6cf4bc12ac10d.jpg,0.0
cl6cs2r9300epl455apt67bac_6_SWIR_jpg.rf.255f2db40c956b49ae54a3fe7aa38bfb.jpg,1.0
cl6kjc5r500168w55bry741c1_4_FALSE_COLOR__URBAN_jpg.rf.256065bb1ef7136f6d8ca14ecd54a91c.jpg,1.0
cl6odx8ff002jao5531b01e4o_1_TRUE_COLOR_jpg.rf.25385e9d01d3caef642794bce393556d.jpg,1.0
cl6b79rs5009wl4550jbyddo9_4_FALSE_COLOR__URBAN_jpg.rf.2587fd181f0f8692d1823f8f1044a784.jpg,1.0
cl6csoq0b00fvl4552zeyhiff_1_TRUE_COLOR_jpg.rf.25644555ef110bcfeeb8a187ff7c68b3.jpg,1.0
cl6ocz2a3000tao55dh2pdj1d_2_FALSE_COLOR_jpg.rf.258a4425b8c3885ed141a9c30dcd1fec.jpg,1.0
cl6ltopha002n8w5531cg4sky_4_FALSE_COLOR__URBAN_jpg.rf.2589f3d91834512d5ca9925acf89a082.jpg,1.0
cl6opmk2m007gao55exvlfv4q_6_SWIR_jpg.rf.2590eb3ed42655c57b9df5181a0850a1.jpg,1.0
cl6e2uo3r002kgk556io96bkr_1_TRUE_COLOR_jpg.rf.25a121f7911d34563898bb934eb9244b.jpg,1.0
cl6ophgti0078ao557twhfw8d_4_FALSE_COLOR__URBAN_jpg.rf.258cef21b448fd79a99d9c76f755503a.jpg,1.0
cl6od1qhh0014ao55hlfact4a_4_FALSE_COLOR__URBAN_jpg.rf.25e91e1dd008fd6590eb3d49831b78e3.jpg,1.0
cl6ch6a2n00bxl4554kqu9to4_2_FALSE_COLOR_jpg.rf.259aea3327f4be41d542879b550b1c00.jpg,1.0
cl6ct64f500gyl455byyqdaud_2_FALSE_COLOR_jpg.rf.259be9056de969aefbda61134bd0789f.jpg,1.0
cl6dzkjup000rhg5589g0afdf_4_FALSE_COLOR__URBAN_jpg.rf.25ccc396ab381451ce182ef2c80008b6.jpg,1.0
cl6op7qgu006nao55fvo422ce_1_TRUE_COLOR_jpg.rf.25a872faf7ceaf50df6b63be0f418260.jpg,1.0
cl6b6et5c0076l455204j3p53_4_FALSE_COLOR__URBAN_jpg.rf.25e1b5066d9c3748b5c3453fd0f436f6.jpg,1.0
cl6e2k2rw002bgk55fzl4eqi8_2_FALSE_COLOR_jpg.rf.26091ea984da75189f241d1ba220dbdc.jpg,1.0
cl6lt1hpb00208w55bfs7e6iz_6_SWIR_jpg.rf.25da525432c4a8b5ca0e8dcdf3ef2945.jpg,1.0
cl6oiqz18003lao55eb3ebson_1_TRUE_COLOR_jpg.rf.25ab76a96dbcc20377fb877d7a996adc.jpg,1.0
cl6b5x7nw005jl4559ppn5ov2_1_TRUE_COLOR_jpg.rf.25d91506ea767ef72c7c6e9cadde3bbf.jpg,1.0
cl6ct07zx00gll4554jg5b8r4_6_SWIR_jpg.rf.260f601e22a51807f06d5dce4e1c98da.jpg,1.0
cl6e0bntp000mgk55426r9obp_1_TRUE_COLOR_jpg.rf.25c7a9dd9303f812f51fb9befeaa9240.jpg,1.0
cl6cttw6o00ial4555urs554w_4_FALSE_COLOR__URBAN_jpg.rf.25b57151273a6b369d2274627a7b98d5.jpg,1.0
cl6opthke007tao557hsthpgq_4_FALSE_COLOR__URBAN_jpg.rf.261d90f1f9478e3e1e40a4e05148db6b.jpg,1.0
cl6ct8os600h3l4559qbzgmk2_1_TRUE_COLOR_jpg.rf.25f5581f6366eb9a8e2a57fc14fbe70f.jpg,1.0
cl6b68nqw006il4558i0lfs72_1_TRUE_COLOR_jpg.rf.26517a35ec0fbf3dc277ca4db2515247.jpg,1.0
cl6oq1492008dao553mjgbuun_4_FALSE_COLOR__URBAN_jpg.rf.25a293999dd5639d88e9df394f4b4e1d.jpg,1.0
cl6cgsj2300bjl4556rjk0yap_1_TRUE_COLOR_jpg.rf.26564e4f5d8b2b1b0fd33ac305070d92.jpg,1.0
cl6b53wx1002al45513fq5hip_4_FALSE_COLOR__URBAN_jpg.rf.261e4d5ad6c285995666baa2b8644c87.jpg,1.0
cl6azgmfw0004f0557iqa1usw_1_TRUE_COLOR_jpg.rf.265b8f0395b4e302efd1c82308c4a24c.jpg,1.0
cl6oj27q10047ao55glv255m8_2_FALSE_COLOR_jpg.rf.260d40f9a138dc2a5653e3841cc6eee4.jpg,1.0
cl6kfx47x001tc45578ts0yz6_4_FALSE_COLOR__URBAN_jpg.rf.2609324ec3f6f0c7807dd44da43be879.jpg,1.0
cl6e0f0n9000tgk5558yt7tyl_1_TRUE_COLOR_jpg.rf.265a3e092b47ff18d7b8552be5ae51c0.jpg,1.0
cl6oj3q5x004aao55ala51kbg_2_FALSE_COLOR_jpg.rf.26752993f0ab314c7928475cdcc14120.jpg,1.0
cl6op0vfi006cao553gmp6trs_6_SWIR_jpg.rf.266494b2ce8d44340d9e0cbb57b2d11f.jpg,1.0
cl6b5goei003ql45521jt4njh_1_TRUE_COLOR_jpg.rf.265c8e77825a5f44f8ef6165fe77bcca.jpg,1.0
cl6m0w1nh002z8w558do5f7ar_2_FALSE_COLOR_jpg.rf.2625617e49e709f2fc4d04e33448807e.jpg,1.0
cl6ojrtzp004zao55hqhsfffg_2_FALSE_COLOR_jpg.rf.26278ab0855262321da43e65d1a11107.jpg,1.0
cl6e1icq8001agk55c0pe3e5b_4_FALSE_COLOR__URBAN_jpg.rf.267fde1ad5072acf2eb31c26163e76dd.jpg,1.0
cl6ou6f7u00a5ao55h96m1hvj_4_FALSE_COLOR__URBAN_jpg.rf.268397ee700eb425b66a079969a1b54c.jpg,1.0
cl6op0vfi006cao553gmp6trs_4_FALSE_COLOR__URBAN_jpg.rf.26abc6ebbfc4c7c633d4445ec70ba794.jpg,1.0
cl6kgew7t002mc455cugt2w2w_6_SWIR_jpg.rf.2694e3cd50da8f81a1a20b3de0b71e02.jpg,1.0
cl6cgghym00b1l455c02jbl7m_1_TRUE_COLOR_jpg.rf.26a4def9857bd0c339f098b2ef5bdd12.jpg,1.0
cl6od7f7j001hao55016b86jo_1_TRUE_COLOR_jpg.rf.26a21c0c87bb1155705e79ae69a20398.jpg,1.0
cl6b4znqq001wl4554xy23bep_2_FALSE_COLOR_jpg.rf.26bca1c2b2a86f9318a57b086ab85946.jpg,1.0
cl6oqm42o0091ao5554tdbtq5_2_FALSE_COLOR_jpg.rf.26b398d0da67bf5310b9ced57c245ca5.jpg,1.0
cl6cte7ud00hjl455f3v1es6e_2_FALSE_COLOR_jpg.rf.26e643ee91de0dbde408ad6710d5214f.jpg,1.0
cl6b7bt0y009zl455397c4vju_6_SWIR_jpg.rf.26d626aecfb776000061d4ded998af06.jpg,1.0
cl6ops2eo007sao551s7xen90_6_SWIR_jpg.rf.26a1247edbac3ec3c1b39880981c318d.jpg,1.0
cl6e32fcc0031gk55dtxeatwl_2_FALSE_COLOR_jpg.rf.26bd297b11af1f5253262dec2aeb616e.jpg,1.0
cl6b6bl97006ul4559f34hfxc_1_TRUE_COLOR_jpg.rf.27228c3ac9ee0e24181841d81aaf9d43.jpg,1.0
cl6kjexus001b8w55d6iq8ma6_1_TRUE_COLOR_jpg.rf.26eaff673a5358b98604a3b5cd120728.jpg,1.0
cl6oj8j8j004gao559z4qag8f_1_TRUE_COLOR_jpg.rf.2695320d29ca0b9a086451be235a54af.jpg,1.0
cl6kinecw000e8w551c8r9tyn_2_FALSE_COLOR_jpg.rf.26ff2cc912f88b8169ffeddaa4c0d852.jpg,1.0
cl6ltche3002i8w55a3oj2dyk_4_FALSE_COLOR__URBAN_jpg.rf.2675c816c1b8b3e9d481bba3b866c42a.jpg,1.0
cl6oka2mq005tao556l2t8nyy_6_SWIR_jpg.rf.2725c4475b8f99db95afe6483f423eaa.jpg,1.0
cl6b04dof0006l455d30k5py4_4_FALSE_COLOR__URBAN_jpg.rf.26f78ff592d3d7a411ae460b1f8abe81.jpg,1.0
cl6b6et5c0076l455204j3p53_2_FALSE_COLOR_jpg.rf.26d08b54d5fd79545e99b2a95d8de600.jpg,1.0
cl6cgro8500bhl455267h78fj_2_FALSE_COLOR_jpg.rf.26c228ca810484c7bc1c3038484e0fcd.jpg,1.0
cl6e20np5001sgk555chada9l_4_FALSE_COLOR__URBAN_jpg.rf.2723de1e7e08e9b70e4ab2abe65ae40b.jpg,1.0
cl6crspfd00dul455d42h7xbn_2_FALSE_COLOR_jpg.rf.271b3e29ba695c0a42d83605198c1cea.jpg,1.0
cl6dzrpz8000uhg553etw7mko_2_FALSE_COLOR_jpg.rf.26c05bf5926b60a585e4e1cc0f625f4b.jpg,1.0
cl6b5goei003ql45521jt4njh_6_SWIR_jpg.rf.2707c94e46670e987e43340a790824c8.jpg,1.0
cl6b0kfnx0013l4552ot9bv5b_1_TRUE_COLOR_jpg.rf.272666fecb04b96a224249b8e4404ae3.jpg,1.0
cl6dynr4h000bhg554cne5yig_6_SWIR_jpg.rf.266f08df666626c5c98141d4f6340288.jpg,1.0
cl6dzkzi2000shg55gijfezk9_1_TRUE_COLOR_jpg.rf.2739208ddb72937e649fc2b86d9f0b93.jpg,1.0
cl6lsukwg001t8w556kieb72f_4_FALSE_COLOR__URBAN_jpg.rf.272a308e41d59a0b6a006080c4945730.jpg,1.0
cl6e2dity001vgk551ar0hanj_2_FALSE_COLOR_jpg.rf.272e0d639a6e305445d2f0c327ee8acc.jpg,1.0
cl6e3d4oq003ngk55d297d2jb_6_SWIR_jpg.rf.2727b5217eed08f20b7781c030ed98c2.jpg,1.0
cl6e1zx08001pgk554gv1bhpt_1_TRUE_COLOR_jpg.rf.272e2fef804447b15da856cc1ba74099.jpg,1.0
cl6e1y3zz001ngk559rm6ec1q_4_FALSE_COLOR__URBAN_jpg.rf.273a49e3d04dc68f48cbb4183e0b5bf7.jpg,1.0
cl6b68oyb006jl4557yvt2wuy_2_FALSE_COLOR_jpg.rf.2744958477633e27c4d3b4bd4570ec30.jpg,1.0
cl6e3ieqj0044gk55azpfcs6x_2_FALSE_COLOR_jpg.rf.2750fb2a7d7447d638aecd674d77e1fb.jpg,1.0
cl6ctc4d100hgl455dxjg6vfb_6_SWIR_jpg.rf.2753baab954de6878e2ba9150863d3a3.jpg,1.0
cl6e3bkid003jgk5568qqgh5c_4_FALSE_COLOR__URBAN_jpg.rf.275a618ec8ba2627e596d49911b1ec50.jpg,1.0
cl6ct6g9a00gzl4555brigazi_2_FALSE_COLOR_jpg.rf.27674efe702fc7f54ea1dcb8046ca978.jpg,1.0
cl6csqi8m00fzl455hbvqhcm2_6_SWIR_jpg.rf.2779da1084fc71c46c71d6d6175062fd.jpg,1.0
cl6od25pv0016ao552ilz4612_4_FALSE_COLOR__URBAN_jpg.rf.27d9e334765a0cb5e3b7e2c68a77d2bc.jpg,1.0
cl6oqvksq009bao556412da6l_6_SWIR_jpg.rf.2787daff066f33ff79b006182cd86706.jpg,1.0
cl6ltkp8x002j8w55ede3g7qb_2_FALSE_COLOR_jpg.rf.27c2d225d49e016c6dbab5b3aae2cf9f.jpg,1.0
cl6b6wb2i0088l455ep6cb4cd_1_TRUE_COLOR_jpg.rf.277438f885796eb53dc2a0c2075452a8.jpg,1.0
cl6ouhohh00anao55e3fn1crb_6_SWIR_jpg.rf.275250963b0640e981771814dc1c325a.jpg,1.0
cl6ooxizh0068ao55h1l3hrim_1_TRUE_COLOR_jpg.rf.27bf56f79d21904ac2b4fe0890b65db2.jpg,1.0
cl6kii4xj000d8w55drgxdpae_4_FALSE_COLOR__URBAN_jpg.rf.27deb96c2a57a6d1a118b1a4c2a2a29c.jpg,1.0
cl6kjjetw001m8w557l9r668h_1_TRUE_COLOR_jpg.rf.277b0a864e1bc61f729b77ef4fdbe655.jpg,1.0
cl6cp9ucc00d8l455fzq49p99_4_FALSE_COLOR__URBAN_jpg.rf.276fe71ccf1294b196181b1c02af066a.jpg,1.0
cl6b5zpnm005rl4554xa7cvp7_2_FALSE_COLOR_jpg.rf.27cb4b9ec2c544973df0a3e655db3161.jpg,1.0
cl6odxshy002kao554h0tez0a_4_FALSE_COLOR__URBAN_jpg.rf.278e85b6432aca892a5d13fd299b3ae6.jpg,1.0
cl6opyglh0086ao5564y69kx6_1_TRUE_COLOR_jpg.rf.27f2553bcc448a46fd33602c6ee69512.jpg,1.0
cl6kfowty0017c455b591d008_1_TRUE_COLOR_jpg.rf.27dc129c534eaf6c834b1adee010255a.jpg,1.0
cl6cpcvc900dgl45500ys0wsi_1_TRUE_COLOR_jpg.rf.279bd2e75589d23b3ec4bf74bd23bf93.jpg,1.0
cl6odge0x001sao551k414izu_6_SWIR_jpg.rf.27ec3b7091c2a73060371985c001bd06.jpg,1.0
cl6e20np5001sgk555chada9l_1_TRUE_COLOR_jpg.rf.27e48e476ea4bf084f8295e154591112.jpg,1.0
cl6ct9osf00h7l45538051wz5_4_FALSE_COLOR__URBAN_jpg.rf.277810bf9c1a654286cf703298964a2e.jpg,1.0
cl6e06umy000bgk55gkbw1ajq_4_FALSE_COLOR__URBAN_jpg.rf.27fb435afd5500d3d7578fd28c63ba24.jpg,1.0
cl6kf7tlh000mc4553at3gkgd_2_FALSE_COLOR_jpg.rf.2808a55390748dcb1dc9ceee287f63b8.jpg,1.0
cl6e31up4002zgk55aj7w7a0x_4_FALSE_COLOR__URBAN_jpg.rf.27cdf5d4f84dc229f507eccd14425d07.jpg,1.0
cl6od5fxe001dao55dwsx001s_6_SWIR_jpg.rf.27050025f9e8699446b29a8331b8f703.jpg,1.0
cl6oddf8p001pao558ykw6wkp_2_FALSE_COLOR_jpg.rf.280365696b87406d733be7811c8e1362.jpg,1.0
cl6odzdk0002nao55dz13d0s9_1_TRUE_COLOR_jpg.rf.283670090ddd4dae683aa068c7662880.jpg,1.0
cl6azgmfw0004f0557iqa1usw_2_FALSE_COLOR_jpg.rf.280efaa1510b9387ee8ddb7e30d97c81.jpg,1.0
cl6oj9ml8004jao55bfvl5xnu_1_TRUE_COLOR_jpg.rf.2810150f13f0076a1b289cee1ffcf1fc.jpg,1.0
cl6ch4qyp00bul455enwie1k7_2_FALSE_COLOR_jpg.rf.27f087df09f2c4b6b54e5fa58991be34.jpg,1.0
cl6ctmco900hxl4552n6d6jc1_4_FALSE_COLOR__URBAN_jpg.rf.283a9ac74267bfc6eafd3506a11e891a.jpg,1.0
cl6ojuvc30055ao55enk04i13_1_TRUE_COLOR_jpg.rf.2857d15f10115587932612dba57afa3a.jpg,1.0
cl6lt6ipg00288w55ee7scu7b_6_SWIR_jpg.rf.2833fea56656e85c088de387afbc325c.jpg,1.0
cl6ctgypm00hol455a8epfwn4_4_FALSE_COLOR__URBAN_jpg.rf.283839947714a98d12dc996fda588067.jpg,1.0
cl6odkye9001yao55bl6y87ra_1_TRUE_COLOR_jpg.rf.285884d036e24f8ed1f24fb6e0f3029c.jpg,1.0
cl6m12kpt00358w55c0oah42i_6_SWIR_jpg.rf.28754ce0a099a256b4f958ed6a259ded.jpg,1.0
cl6cgw2be00bnl455cetv4inw_6_SWIR_jpg.rf.287ae4b12e55a7d7848036e0ed885272.jpg,1.0
cl6oqwja8009cao553jcuagut_2_FALSE_COLOR_jpg.rf.28c9baf2dab587399804d86a07320600.jpg,1.0
cl6e2dw4y001wgk5562da7pdl_6_SWIR_jpg.rf.28c6d5d5fdc33bdbe1f168528a2633d5.jpg,1.0
cl6cttw6o00ial4555urs554w_2_FALSE_COLOR_jpg.rf.2850a92ca75e588f1ba52480d153b1ff.jpg,1.0
cl6ojofa2004xao556rjh31ss_1_TRUE_COLOR_jpg.rf.28b9bf5de560ae121710fda5688331d9.jpg,1.0
cl6cpbspp00ddl455cdn2h2ov_2_FALSE_COLOR_jpg.rf.2871e3430b657b8348ec40fed8c7a88d.jpg,1.0
cl6odge0x001sao551k414izu_1_TRUE_COLOR_jpg.rf.28ba6c934affbbdab46d59e5bf13103d.jpg,1.0
cl6ocroz8000bao556vczaflp_1_TRUE_COLOR_jpg.rf.28552b66ed94f50ffedb9487b1e6d2aa.jpg,1.0
cl6cg8u0w00ajl455a3ho7vov_1_TRUE_COLOR_jpg.rf.28d82e1617b66f6ab93c90f462fe7109.jpg,1.0
cl6e2jm3i002agk55fcue8lsk_2_FALSE_COLOR_jpg.rf.28e09040b405d53c056913c63f3a9fb0.jpg,1.0
cl6op95w5006qao55gj2cery4_1_TRUE_COLOR_jpg.rf.28d99734f997c1af7fb0c66ad41b3c60.jpg,1.0
cl6ki56x400028w55hs1xab54_4_FALSE_COLOR__URBAN_jpg.rf.28b3ae7d5fdb308b176b8999111fbe6b.jpg,1.0
cl6b5rb8x004rl455g3sp3iqz_2_FALSE_COLOR_jpg.rf.28b00d03bb67f49135fe10902efb1264.jpg,1.0
cl6oketxv0066ao558x3xekq7_1_TRUE_COLOR_jpg.rf.28ad8ddd2beded83dcd285734cc20aff.jpg,1.0
cl6oqbr98008uao55hhpyg2l0_2_FALSE_COLOR_jpg.rf.28ca8f0b2816f2eaffa1ac19175fd0a8.jpg,1.0
cl6b0czhh000rl4555uf846qc_6_SWIR_jpg.rf.28959518e39973df46726877705c6432.jpg,1.0
cl6cgkn5000b6l455cg451vw6_4_FALSE_COLOR__URBAN_jpg.rf.28ff83ad30eeac3e176ef47e1e5aaeda.jpg,1.0
cl6b6et5c0076l455204j3p53_1_TRUE_COLOR_jpg.rf.2889e9387ba073592c32be7b58df6772.jpg,0.0
cl6ch0lvz00brl455eij38vi0_1_TRUE_COLOR_jpg.rf.28eb503cdc7222382349da12d2eee4b2.jpg,1.0
cl6b62b07005zl455eftq37tr_4_FALSE_COLOR__URBAN_jpg.rf.28e629d7983d8ff7b1d2c174e7478cc3.jpg,1.0
cl6kfqmc1001ec4558cle4b25_6_SWIR_jpg.rf.2925b0da5ef7add9bf78d5da7425ffcc.jpg,1.0
cl6lto1fw002l8w55052sbhvh_1_TRUE_COLOR_jpg.rf.2928c0a05bf33c0f1e7394387ae6bbba.jpg,1.0
cl6op88w4006oao552mmn9knc_1_TRUE_COLOR_jpg.rf.2934fcd2c9928a87143405d4a17493b0.jpg,1.0
cl6cgnbdj00bdl455d8vd8iqf_2_FALSE_COLOR_jpg.rf.291f985324ebf563c18f6b09de3af55d.jpg,1.0
cl6b5ejqg003kl455gf5wgxm0_4_FALSE_COLOR__URBAN_jpg.rf.28d3cea83b93c70584595cc26dd37fed.jpg,1.0
cl6cpdnir00dil455c047h42h_4_FALSE_COLOR__URBAN_jpg.rf.293577ed98afd02caf546d9455265d02.jpg,1.0
cl6oirxxk003oao552r40b8yf_1_TRUE_COLOR_jpg.rf.29362c6b241be9f64c300f457807f775.jpg,1.0
cl6cgepys00avl455d8q7b602_4_FALSE_COLOR__URBAN_jpg.rf.2935b8b3efc13976ee9877eb4df0fc82.jpg,1.0
cl6kfowty0017c455b591d008_4_FALSE_COLOR__URBAN_jpg.rf.28fd2d4d6f38b3d95217f22ef6252a39.jpg,1.0
cl6b5q3z4004ll45585wq8rtu_6_SWIR_jpg.rf.2912e635e2e751fe0ce6baeacff0301b.jpg,1.0
cl6cthgh500hpl4550qm12ykl_2_FALSE_COLOR_jpg.rf.293b696006b8b9c0ccc689459aeda1b4.jpg,1.0
cl6e1nvfl001egk556fa6giz7_1_TRUE_COLOR_jpg.rf.294cd97fb794223cc84987503b7e7b16.jpg,1.0
cl6okdwy00063ao5588jlcglr_4_FALSE_COLOR__URBAN_jpg.rf.295c1a735240d30c7693a970d8ddd077.jpg,1.0
cl6e3enfn003sgk554uim9wo6_1_TRUE_COLOR_jpg.rf.2956f06485ee007984d29a6a0cb23baa.jpg,0.0
cl6kj6jxg000u8w559s9eb5je_2_FALSE_COLOR_jpg.rf.2968cfa1f04a5dc94bed280b144e1c2f.jpg,1.0
cl6m1dd0r003o8w5569ma5agl_6_SWIR_jpg.rf.2965a4eb56cd15924073636c8e23f87e.jpg,1.0
cl6b6bser006wl455hj0597rq_4_FALSE_COLOR__URBAN_jpg.rf.298d64d76978ec49308fad7453ef6cf5.jpg,1.0
cl6b4y3qb001rl4553jovdn3c_4_FALSE_COLOR__URBAN_jpg.rf.2960b93b0be3492a2fd9311508a5b3f4.jpg,1.0
cl6kgeqar002lc455akv50au4_4_FALSE_COLOR__URBAN_jpg.rf.297e0ea01e0b2b85d026ef0bb65d803b.jpg,1.0
cl6b7640j009bl455ash2ahqi_2_FALSE_COLOR_jpg.rf.29a0a47997c51069f6a0b07e34ba75b5.jpg,1.0
cl6ci1hel00d4l4557row61tz_4_FALSE_COLOR__URBAN_jpg.rf.29a707e3d63a366620dec9f7424d63cb.jpg,1.0
cl6b5ei80003jl45568eh02jo_6_SWIR_jpg.rf.29b192762415d7bcf391ba93bc548e6e.jpg,1.0
cl6ojbg9t004oao552glqe340_4_FALSE_COLOR__URBAN_jpg.rf.29b5cef803c13b319831cfccf1f185b1.jpg,1.0
cl6odm3oj0023ao55641s046f_6_SWIR_jpg.rf.29c10d2fc7d486fd4a3da71d9c1ecb9d.jpg,1.0
cl6e351jb003agk55474uguhw_6_SWIR_jpg.rf.29c6347b19ecff9cabe5e39599e7bf3a.jpg,1.0
cl6oczf4b000uao559egx35g7_1_TRUE_COLOR_jpg.rf.29db2224b30e3e3332d4b0449800a5a9.jpg,1.0
cl6e06umy000bgk55gkbw1ajq_6_SWIR_jpg.rf.29f36a1de2c5422a8268ae3511ee7a4e.jpg,1.0
cl6od6dj2001eao55dxd749up_6_SWIR_jpg.rf.29952f40b85102bcc911b104e97c948d.jpg,1.0
cl6m1aury003e8w55364mhq6f_2_FALSE_COLOR_jpg.rf.298c6c98e0745978a62e49d4f0e2e61e.jpg,1.0
cl6e3jpqn0048gk558al26xi4_6_SWIR_jpg.rf.2a0ceb4a2b7d3e01bdd37f6d1c15c4dd.jpg,1.0
cl6lsxiqd001v8w55fgtjavib_6_SWIR_jpg.rf.29a4c1d86a5ffe4beeb3033773b0d2c1.jpg,1.0
cl6b6iwdg007el455ep3ab8br_4_FALSE_COLOR__URBAN_jpg.rf.29cae97232d02cb206b5d11eb901416b.jpg,1.0
cl6ct487q00gul455bxvzaopi_2_FALSE_COLOR_jpg.rf.29e4a10685f12a7fc73a17f98c7ca733.jpg,1.0
cl6dzkjup000rhg5589g0afdf_1_TRUE_COLOR_jpg.rf.2a76fac3c8e2d42652287f7599d36faf.jpg,1.0
cl6e2fi9f001zgk55b58g3gk6_2_FALSE_COLOR_jpg.rf.2a47cde2626cf8883d12c316e9722a65.jpg,1.0
cl6ocs2h6000cao559bx42yho_6_SWIR_jpg.rf.29db6dc2a00d6f8fcb09458b3787e4b7.jpg,1.0
cl6dysxe3000ihg5573nzfbsy_6_SWIR_jpg.rf.2a90f33e41c5d31c54bd9ea1c0386cae.jpg,1.0
cl6csygqn00gil4554ynr4r8a_2_FALSE_COLOR_jpg.rf.2a32bd1b98dc9e2bc36921efda94a320.jpg,1.0
cl6oisonk003qao55abjmbm9z_6_SWIR_jpg.rf.2a792b1d99ff15a3ea43bcdbb526efdd.jpg,1.0
cl6kf5bk5000fc455brw6a6hw_6_SWIR_jpg.rf.2a1d9577bf113ead576e520c689319c7.jpg,1.0
cl6kipfwb000h8w55dvnhe43x_6_SWIR_jpg.rf.2a7c1b9abc03ae5341bbc8d32147b402.jpg,1.0
cl6b6et5c0076l455204j3p53_1_TRUE_COLOR_jpg.rf.2a44e8dc226522ba2685672c6c316ebb.jpg,0.0
cl6opbnv8006xao55hbpe2j2u_2_FALSE_COLOR_jpg.rf.2a34211983c9e547b61e23ffb2124cc9.jpg,1.0
cl6dyf3ua0005hg555lbzak23_6_SWIR_jpg.rf.2a4e034905470a81ba141bbd3f9f19f1.jpg,1.0
cl6b6vvhu0087l4557uqog2by_4_FALSE_COLOR__URBAN_jpg.rf.2ab19800ace2324ae9ebd0b43037d513.jpg,1.0
cl6e36bwt003egk553qs07yng_6_SWIR_jpg.rf.2aa5c4bd49ee4ca9ff16ffdf53dd7081.jpg,1.0
cl6csjaik00fhl455ga70af2b_1_TRUE_COLOR_jpg.rf.2ac334198690c98da2ffb0f922433ce1.jpg,1.0
cl6lto1fw002l8w55052sbhvh_1_TRUE_COLOR_jpg.rf.2aba763ec9391e4f7c8869aaea151538.jpg,1.0
cl6csf9te00fel4552rgvbiq8_6_SWIR_jpg.rf.2aaaf5cf577e7106d4e8f1555d9576c9.jpg,1.0
cl6b7h2v400abl455fnnxfm2z_1_TRUE_COLOR_jpg.rf.2b07ff435a86146eea0f0ab5e8d08d54.jpg,1.0
cl6lsyw82001x8w55h42v4y3p_4_FALSE_COLOR__URBAN_jpg.rf.2b28ff696711179ed533d99d1e2ae9be.jpg,1.0
cl6kf3j6a000cc455a7ny9xom_4_FALSE_COLOR__URBAN_jpg.rf.2ac832ba43f60d0b78122a86503e5f80.jpg,1.0
cl6opi0lv0079ao554ptl5yd7_1_TRUE_COLOR_jpg.rf.2ad5522d07f977fa17ff05c245a01740.jpg,1.0
cl6b71u9c008ql4552c2n4uf8_4_FALSE_COLOR__URBAN_jpg.rf.2b09bee819ab935c8b64abe20ba1d894.jpg,1.0
cl6b75x8d0099l455e0ci4k6c_1_TRUE_COLOR_jpg.rf.2b06c7886b906c102369e29f590b69c0.jpg,1.0
cl6e0153u0000gk550fs8f6md_1_TRUE_COLOR_jpg.rf.2aa7fb010c7c3af484287f8fc091f2a8.jpg,1.0
cl6ch7g5b00bzl4557xjh57a2_1_TRUE_COLOR_jpg.rf.2b15de59dd86923ef9d23e4263925f98.jpg,1.0
cl6csuejr00g9l45566f93g4a_6_SWIR_jpg.rf.2b21872b1091d124e600b45b573fe730.jpg,1.0
cl6cgnbdj00bdl455d8vd8iqf_6_SWIR_jpg.rf.2aeccad68a614c3ca146932aa7c6cf24.jpg,1.0
cl6ctb1m400hdl4551wz24flk_6_SWIR_jpg.rf.2b2d766ef4ecbafd1ddd4d47d438e1bb.jpg,1.0
cl6kf8i8i000pc455cr9ueit3_6_SWIR_jpg.rf.2b33882650ef078b20dcdc315c0a47b3.jpg,1.0
cl6kf4avz000ec455hhw331dx_4_FALSE_COLOR__URBAN_jpg.rf.2b45e41fac107269ef68e74ed6a26855.jpg,1.0
cl6kjke1w001p8w5502tgdjwv_4_FALSE_COLOR__URBAN_jpg.rf.2ad6450916d2d070e0fc5b93b36bafaf.jpg,1.0
cl6ct99jl00h6l4552nabhg3g_4_FALSE_COLOR__URBAN_jpg.rf.2afb6419d48826f738660f4f43698f0e.jpg,1.0
cl6lsv1l5001u8w55aryp0azo_2_FALSE_COLOR_jpg.rf.2b11207beb05f84f8c20f791e9cf9fb9.jpg,1.0
cl6kgew7t002mc455cugt2w2w_2_FALSE_COLOR_jpg.rf.2b3829f9e81cfde5fe3b745a6362b8c6.jpg,1.0
cl6oqat3j008rao556mbqfoan_2_FALSE_COLOR_jpg.rf.2af7babdb3e7821005d36a80bce5eedc.jpg,1.0
cl6dzzjvo0010hg552jj7ae4b_1_TRUE_COLOR_jpg.rf.2b321b67720e2849b37190d37ee33713.jpg,1.0
cl6b6asfb006tl455gupd0x8i_2_FALSE_COLOR_jpg.rf.298ff1f20165b4958e004a458f0fb9cd.jpg,1.0
cl6b5m4w10045l4550bi9ea2d_4_FALSE_COLOR__URBAN_jpg.rf.2b2c876b19f1da81f0528cfca5696546.jpg,1.0
cl6b5mgel0046l455192ze0hp_1_TRUE_COLOR_jpg.rf.2a963fb902d94a97538b36d6f75db4d2.jpg,1.0
cl6oips2c003kao559sp4fuwd_1_TRUE_COLOR_jpg.rf.2a9187411eb16e94d1b64499f2e03f16.jpg,1.0
cl6oddf8p001pao558ykw6wkp_6_SWIR_jpg.rf.2b5fbc3f2d12ef54b69e7021a0e21464.jpg,1.0
cl6orndip009oao55fid2ccb1_4_FALSE_COLOR__URBAN_jpg.rf.2b5b51cf3d0b17d958e1d7e6355f0ccd.jpg,1.0
cl6ch7vs700c0l4550a8j565q_2_FALSE_COLOR_jpg.rf.2b403ea88f299ad9437be2d5ca6e0544.jpg,1.0
cl6chmuyr00cfl455hd0u03x9_1_TRUE_COLOR_jpg.rf.2b618b78001ec41db57a1a7f0430f945.jpg,1.0
cl6e0fn3v000vgk55gj468vfq_6_SWIR_jpg.rf.2b7b365c1bc63ce3d8a7e8512bddf51d.jpg,1.0
cl6orjfih009hao556av1hf6s_6_SWIR_jpg.rf.2b7678652fdeccec46cc21b00ad8e36a.jpg,1.0
cl6kibg7b00068w55cog49lxl_1_TRUE_COLOR_jpg.rf.2ba20a8d3b7af64fdc7c70004c443516.jpg,1.0
cl6b6bser006wl455hj0597rq_1_TRUE_COLOR_jpg.rf.2b92e3520f12257964fb66c67bb8fe04.jpg,1.0
cl6opwgvl0080ao553w5rcwez_2_FALSE_COLOR_jpg.rf.2bb06071267b320cdc8a601eb771d2c8.jpg,1.0
cl6kg12gd0022c4555fac0sms_4_FALSE_COLOR__URBAN_jpg.rf.2ba0ae25d180b795c0c4520aceae9e04.jpg,1.0
cl6m12kpt00358w55c0oah42i_2_FALSE_COLOR_jpg.rf.2b9b704436adb96f6440687544c97e04.jpg,1.0
cl6opeibd0071ao55f9t2g6nw_4_FALSE_COLOR__URBAN_jpg.rf.2bebba5196c6ad18744d91e1fe9d299b.jpg,1.0
cl6b631zg0061l45561v86624_1_TRUE_COLOR_jpg.rf.2bf9d48e3728dfc0c4ece3d7f6618bbb.jpg,1.0
cl6opypeq0087ao55cd0fhzah_1_TRUE_COLOR_jpg.rf.2bb1ae22cce9a9033383fe83bd72b232.jpg,1.0
cl6e1y3zz001ngk559rm6ec1q_4_FALSE_COLOR__URBAN_jpg.rf.2bd36643292ce76137c72886cc0611d9.jpg,1.0
cl6b0q209001jl4553gmg5wxk_1_TRUE_COLOR_jpg.rf.2b6972ebe719efbf9711338106ffb48e.jpg,1.0
cl6cg9ocl00all4559cj91lyd_1_TRUE_COLOR_jpg.rf.2c1171d4e21312e11996268c78bac2b1.jpg,1.0
cl6kf76uq000jc4559qnk5btt_2_FALSE_COLOR_jpg.rf.2bd78b68463a58c81aa7aedc7789caec.jpg,1.0
cl6cszfwz00gkl45529qw979l_1_TRUE_COLOR_jpg.rf.2bf7c0e0cae1627644b66f744f58b359.jpg,1.0
cl6cs3y0l00etl4550acr1ii1_6_SWIR_jpg.rf.2c024a66bad34a276361e2beb23aa79a.jpg,1.0
cl6orlxem009lao5513o7hr6s_1_TRUE_COLOR_jpg.rf.2bcecc426e29ed7b8b8954a385c95b65.jpg,1.0
cl6odml2j0024ao55fld01o8f_2_FALSE_COLOR_jpg.rf.2bc8444b0c5a84aeac36af1c862254cf.jpg,1.0
cl6dyf3ua0005hg555lbzak23_2_FALSE_COLOR_jpg.rf.2c017cccfc50ec930da9825e824ae8c2.jpg,1.0
cl6b0cqup000ql4558m8y8a8t_6_SWIR_jpg.rf.2bbca81f49548649472d2285651ea415.jpg,1.0
cl6e2uo3r002kgk556io96bkr_4_FALSE_COLOR__URBAN_jpg.rf.2c511f1447d8696de1d3aff7eadbda4f.jpg,1.0
cl6ctopvo00i4l455cgtw30dd_4_FALSE_COLOR__URBAN_jpg.rf.2bf8fd5d4943fb1706ea37fcb038ace0.jpg,1.0
cl6b63ehe0062l455c9mib5xv_2_FALSE_COLOR_jpg.rf.2c3fff3edbda27ca6886c51c5263cda1.jpg,1.0
cl6b5g1v8003ol455dk0o97jt_1_TRUE_COLOR_jpg.rf.2bc97c6d0ee01bb480d9214052263181.jpg,0.0
cl6e2n2tv002hgk553va60g50_1_TRUE_COLOR_jpg.rf.2c48b97334c990018a00564bf0689c96.jpg,1.0
cl6okbxd2005yao551huyeqkl_4_FALSE_COLOR__URBAN_jpg.rf.2c391d3ae46a9dc40a41e7c8cd2e5f55.jpg,1.0
cl6kf3j6a000cc455a7ny9xom_6_SWIR_jpg.rf.2c4f0cbfa0eb4dc48834d672df4fa105.jpg,1.0
cl6opq0g0007mao556zsr2z59_1_TRUE_COLOR_jpg.rf.2c5051fdb0c433845061a5531cb7c362.jpg,1.0
cl6crxvk200e7l455191phwfv_6_SWIR_jpg.rf.2c154f5cd171359f01c490707f7ae7e9.jpg,1.0
cl6opv5oo007xao553de9g7wd_1_TRUE_COLOR_jpg.rf.2c345f854e56bba9da90eaec722f4ead.jpg,1.0
cl6cpbspp00ddl455cdn2h2ov_4_FALSE_COLOR__URBAN_jpg.rf.2c7c2f4cea4e1c8ac8c9faeadbf735d5.jpg,1.0
cl6cpjjol00dsl45581fhfrm9_1_TRUE_COLOR_jpg.rf.2ca779bc1a185f237199c559bb313e94.jpg,1.0
cl6e2grat0022gk55hpoig5ln_1_TRUE_COLOR_jpg.rf.2ca3c90934db56b4bdac922735405154.jpg,1.0
cl6ctquqv00i6l4554a2rdn94_2_FALSE_COLOR_jpg.rf.2c5a3871c66a0fcbd692d2c72d6d6d32.jpg,1.0
cl6kfqf04001dc45543rtgu9n_1_TRUE_COLOR_jpg.rf.2bfeb94ee5a869e26a4b7796669bb884.jpg,1.0
cl6b6xf5u008cl45592go53gy_2_FALSE_COLOR_jpg.rf.2c47c39692822342edc7b5d2c7050262.jpg,0.0
cl6e2zv7h002sgk55a6xy82ty_1_TRUE_COLOR_jpg.rf.2c39738c0c1d99a03790a42b809cb78b.jpg,1.0
cl6oputjf007wao55fnke0ppv_2_FALSE_COLOR_jpg.rf.2c8d51a0e34cb46d99a813b641dd8e63.jpg,1.0
cl6okam86005vao551risaw3r_6_SWIR_jpg.rf.2ca827ff1dae8a97e7ecb9c0c71d55bf.jpg,1.0
cl6chk39d00c9l455805d6a4d_2_FALSE_COLOR_jpg.rf.2cad4952bcf448d0bb4758b97ba49d7d.jpg,1.0
cl6kfe4yn0012c4556ug51m1e_4_FALSE_COLOR__URBAN_jpg.rf.2bdc52bf0cff58527b9ab88e111d6144.jpg,1.0
cl6b79f3e009vl455hmyk8e9e_2_FALSE_COLOR_jpg.rf.2c560c691912123647f29975b0fa57dd.jpg,1.0
cl6ltrgqp002s8w55bwy9c5b4_1_TRUE_COLOR_jpg.rf.2ccc6f966b3f9ae270f61212f40aa88c.jpg,1.0
cl6cgmfwp00bbl455aa650cyv_6_SWIR_jpg.rf.2cd3e80e79bb1f2ea81d30e183ccd95d.jpg,1.0
cl6m17r53003b8w55c0zsgjie_4_FALSE_COLOR__URBAN_jpg.rf.2d03f91c6d2548df96cb0e7b9802ef12.jpg,1.0
cl6cgghym00b1l455c02jbl7m_1_TRUE_COLOR_jpg.rf.2ce57356ea1a296b206084e93392db0e.jpg,1.0
cl6e2n2tv002hgk553va60g50_4_FALSE_COLOR__URBAN_jpg.rf.2d48bf1d68abc199b9b4382b936fa411.jpg,1.0
cl6b5dtwl003gl455a4x29a1d_4_FALSE_COLOR__URBAN_jpg.rf.2d380e55902902b43883f5c7f93a7d69.jpg,1.0
cl6ou6f7u00a5ao55h96m1hvj_2_FALSE_COLOR_jpg.rf.2d1c6e51edcfedb10e4a5ca5ba6f408a.jpg,1.0
cl6kg4sfr0026c4552hfe6gtj_4_FALSE_COLOR__URBAN_jpg.rf.2ce3fc06e483980d97c203c287d93402.jpg,1.0
cl6b65ksg0069l455f4od44cb_6_SWIR_jpg.rf.2d73d82e94a5ce028118efbfb46f2353.jpg,1.0
cl6orq40w009vao552t868lax_6_SWIR_jpg.rf.2d4bb0947985ddc215463f88fd329a62.jpg,1.0
cl6m162oq00388w554vzpgu70_1_TRUE_COLOR_jpg.rf.2d093e719f348a2a15f6ea905b2ce567.jpg,1.0
cl6b748ds0092l455b1k2fidy_1_TRUE_COLOR_jpg.rf.2d57e21c218e70ce6919ecad05b95766.jpg,1.0
cl6ctlg9300hwl4558d9t1n71_2_FALSE_COLOR_jpg.rf.2cfb8e4b9cafada38ebe5f0619d82e6e.jpg,1.0
cl6kipfwb000h8w55dvnhe43x_6_SWIR_jpg.rf.2d8687f47d8b50a1253f081024a60567.jpg,1.0
cl6kfyj4a001wc4558emoaaeq_1_TRUE_COLOR_jpg.rf.2d3a9b21c0b2807f5cabbd183c72ba0c.jpg,1.0
cl6ok9inm005sao55c3o80dfl_2_FALSE_COLOR_jpg.rf.2d4f66caad618ac8e24b7db054f95284.jpg,1.0
cl6oq4w4y008jao553s62btk7_6_SWIR_jpg.rf.2d7ad1ef9a921df3568eb7510bcc61a8.jpg,1.0
cl6b6svwl007yl455d2w5bw1m_4_FALSE_COLOR__URBAN_jpg.rf.2d8b21bb97731f5f96dce1726089a650.jpg,1.0
cl6cgk7k600b5l455ceot4yy5_1_TRUE_COLOR_jpg.rf.2d2ce28940ca848a9db23fd62f79c41e.jpg,1.0
cl6e0heuk000xgk558bub1o2s_1_TRUE_COLOR_jpg.rf.2d66f0a013f435acca541a2e3bf6622c.jpg,1.0
cl6e1pf9j001ggk55feroguvj_2_FALSE_COLOR_jpg.rf.2d83f81989c522d88c017f1c0814b084.jpg,1.0
cl6b051700008l4557u4651pd_2_FALSE_COLOR_jpg.rf.2d82c8b971d88e7eca82347826692e7c.jpg,1.0
cl6chwo0b00ctl4552uy69sgu_2_FALSE_COLOR_jpg.rf.2d616e5860fe5fe011ee2a0b86bc678b.jpg,1.0
cl6oczf4b000uao559egx35g7_6_SWIR_jpg.rf.2d05b178a8fc89242e749945303ad16b.jpg,1.0
cl6ouj4wy00arao551zl9clbo_1_TRUE_COLOR_jpg.rf.2d553ad52e7c0488cdaa9ce9f6f6116f.jpg,1.0
cl6e3hmo90042gk550afsdsxy_2_FALSE_COLOR_jpg.rf.2d2f9f5794abc8a39d634677cc52758c.jpg,1.0
cl6b5k38g003zl455bgtd1317_1_TRUE_COLOR_jpg.rf.2d8f2262812072ad9e90545b5497b3a5.jpg,1.0
cl6azgmfw0004f0557iqa1usw_2_FALSE_COLOR_jpg.rf.2d91777e6b0c079b91008276b2f6619b.jpg,1.0
cl6od3kun001bao55bcq677k3_1_TRUE_COLOR_jpg.rf.2db4a5c1a155a301310a15c17f034c16.jpg,1.0
cl6e351jb003agk55474uguhw_1_TRUE_COLOR_jpg.rf.2da89bc17465b5e1cef13a0e8db990a1.jpg,1.0
cl6kjm7cv001r8w55czzsenxh_4_FALSE_COLOR__URBAN_jpg.rf.2d9575f8edf5d5acdd0819c2b213d048.jpg,1.0
cl6b6c9bh006yl455efyd100t_1_TRUE_COLOR_jpg.rf.2e5309a89d8867d2d7d3024930951b7f.jpg,1.0
cl6oitdc8003sao55g3x88p25_1_TRUE_COLOR_jpg.rf.2e094a189d44c727e3104883f1805c83.jpg,1.0
cl6b6057d005ul4555s1o9t3q_2_FALSE_COLOR_jpg.rf.2e21c2bc6308dc0411181bfa17ed58d0.jpg,1.0
cl6opc9oz006zao552eyx63jq_6_SWIR_jpg.rf.2d9654194c12cd72d25051367d0779da.jpg,1.0
cl6oco3m10002ao55ejzs6p2n_1_TRUE_COLOR_jpg.rf.2d9c6e131caff32a09bfff3dfdd5bec5.jpg,1.0
cl6cswevu00gbl45556scbr9n_1_TRUE_COLOR_jpg.rf.2e183180a8a2ce231fb0cc0a076f8800.jpg,1.0
cl6kgdzqp002kc455030p44eo_1_TRUE_COLOR_jpg.rf.2e442302facd63b3aeb6bd220d8b4aa6.jpg,1.0
cl6b4ykst001sl4550amagaw5_4_FALSE_COLOR__URBAN_jpg.rf.2e4a810698dd9abb8bb976935917df11.jpg,1.0
cl6crv14300e0l455h48eh7nr_2_FALSE_COLOR_jpg.rf.2dbfe0ad8ebd41ec32d20a64f6cfddd9.jpg,1.0
cl6cgftp700azl455a3ylbfp5_4_FALSE_COLOR__URBAN_jpg.rf.2dc5807740abeed41b22111f594ce5b1.jpg,1.0
cl6cpgf7u00dnl455327713eo_4_FALSE_COLOR__URBAN_jpg.rf.2de94c843dc2de78afbcbde82fb31567.jpg,1.0
cl6az56oy0003f05554mh92wy_2_FALSE_COLOR_jpg.rf.2e5eb284a19fd6e2dd5954daa9f440f5.jpg,1.0
cl6b6svwl007yl455d2w5bw1m_4_FALSE_COLOR__URBAN_jpg.rf.2dd43188c24aaa3d5addf217dbae4c09.jpg,1.0
cl6cs7poo00f2l4557i4i86z6_2_FALSE_COLOR_jpg.rf.2e4deafbcd0cbc8622256372f6b1dcf6.jpg,1.0
cl6opqgtf007nao55d5fr4p16_6_SWIR_jpg.rf.2d9b382b9e97de3adaefc37e71887263.jpg,1.0
cl6b6lhmf007ll4552cnl5tsv_1_TRUE_COLOR_jpg.rf.2dd480aef4c9b132f36660fc3ae8d639.jpg,1.0
cl6oug08g00ajao55edulc8y8_4_FALSE_COLOR__URBAN_jpg.rf.2d97e2e7b6182c991c7e8b9c12d06edf.jpg,1.0
cl6b03yzy0005l455dq6x4eyc_6_SWIR_jpg.rf.2ddb3fa5f97c52253e11bbecb50ed728.jpg,1.0
cl6op6nll006lao553d190xdf_4_FALSE_COLOR__URBAN_jpg.rf.2e64ad19669e36118c682db9a7ab93da.jpg,1.0
cl6odge0x001sao551k414izu_1_TRUE_COLOR_jpg.rf.2db56db88568235a997732ae191c3f95.jpg,1.0
cl6b58mbx002sl4550bzf0gow_1_TRUE_COLOR_jpg.rf.2e5df659acabbd1bf939178181e2bed4.jpg,1.0
cl6kf256r0006c455hwcv6khh_6_SWIR_jpg.rf.2e6637ecf2baf0b5728f2447f4daf3d7.jpg,1.0
cl6dyxq50000nhg5571bs31g5_6_SWIR_jpg.rf.2e2c714a98807f9dfa96e594c1b5faab.jpg,1.0
cl6ormdvy009mao551gd3alcq_2_FALSE_COLOR_jpg.rf.2de7c20287c42ad4059c489ed6cedfdb.jpg,1.0
cl6ctopvo00i4l455cgtw30dd_2_FALSE_COLOR_jpg.rf.2e75216b5b2010715a2c14aa146b841e.jpg,1.0
cl6az56oy0003f05554mh92wy_2_FALSE_COLOR_jpg.rf.2e953098a1e0c54d686135b6184ddd4e.jpg,1.0
cl6e2cbgk001tgk5560zhhqm7_4_FALSE_COLOR__URBAN_jpg.rf.2ef45393187cc1c40e76684e3c41a0d0.jpg,1.0
cl6b5m4w10045l4550bi9ea2d_2_FALSE_COLOR_jpg.rf.2ed094d70da8ff0ed10d8643ba0cdfb9.jpg,1.0
cl6kii4xj000d8w55drgxdpae_2_FALSE_COLOR_jpg.rf.2ea9d5134c76e9a300257b7bae93a2ee.jpg,1.0
cl6b50joj0020l455h0thgx23_1_TRUE_COLOR_jpg.rf.2e9fede4991219f30ae307e83075e347.jpg,1.0
cl6ctpy8q00i5l455bf1se2cj_1_TRUE_COLOR_jpg.rf.2eb12c1caa7133cec30ce5d23aae68d5.jpg,1.0
cl6e0mv1s0017gk5595j92i2d_6_SWIR_jpg.rf.2ec18a8f974c5b43174beff595ef3dcc.jpg,1.0
cl6csemjv00fcl455g14q355c_1_TRUE_COLOR_jpg.rf.2f0a8c63ba8771267d29dfd8a01c08f4.jpg,1.0
cl6b53k570029l45574z79k7e_2_FALSE_COLOR_jpg.rf.2edd8598e3cd9940e8d43294d78dbb77.jpg,1.0
cl6kj8fjf00118w55aij5h57n_1_TRUE_COLOR_jpg.rf.2eef5b0da143b876943dd42e1b614825.jpg,1.0
cl6opzsq7008aao556djk9g0u_2_FALSE_COLOR_jpg.rf.2e85a7f3ddbc891bf4ef7f633a04d1ce.jpg,1.0
cl6ctquqv00i6l4554a2rdn94_1_TRUE_COLOR_jpg.rf.2eb3500a4779a294f685def33bf254ea.jpg,1.0
cl6chnfxe00cgl455cg8v02rb_1_TRUE_COLOR_jpg.rf.2f0a664a034367871918f1304aae458a.jpg,1.0
cl6kjgg8s001f8w55gpld4jfw_2_FALSE_COLOR_jpg.rf.2e953180904e879a786300e7cff380ed.jpg,1.0
cl6lsxiqd001v8w55fgtjavib_2_FALSE_COLOR_jpg.rf.2ea844d3c17bf8e915c939a92a3ba12b.jpg,1.0
cl6b6aeiv006rl455ho4ugrkp_4_FALSE_COLOR__URBAN_jpg.rf.2e9af488cad6b793474e98bb1b152581.jpg,1.0
cl6b6817p006gl4558pqf3z0b_6_SWIR_jpg.rf.2f3d8b7d5862fde832c312b84be241d8.jpg,1.0
cl6kjfsd8001d8w55e6ne0oyo_4_FALSE_COLOR__URBAN_jpg.rf.2f10db0a09329570f518fed7e8472512.jpg,1.0
cl6oinllz003eao55d1t6fnma_1_TRUE_COLOR_jpg.rf.2ebd84a613e83dfcd00fddf0d9f33b38.jpg,1.0
cl6ojowwz004yao55hvwldnc2_1_TRUE_COLOR_jpg.rf.2ef150adb8ec0047a0970eb0df90ba25.jpg,1.0
cl6b5i94f003ul455dplv6fmu_6_SWIR_jpg.rf.2f0e64282acd7253f22007c9ed7318fa.jpg,1.0
cl6orr67o009yao552re7cwu8_6_SWIR_jpg.rf.2f0b01c78f457c4d5fb02b4f9cb104bd.jpg,1.0
cl6b051700008l4557u4651pd_6_SWIR_jpg.rf.2effdb377f7681decd36667b04614433.jpg,1.0
cl6b0cqup000ql4558m8y8a8t_4_FALSE_COLOR__URBAN_jpg.rf.2f3a722ae26b39a9bc57807b2cb28e3f.jpg,1.0
cl6m1fco6003v8w558h0s1dhz_4_FALSE_COLOR__URBAN_jpg.rf.2f3165607101e535d491f93121fa229c.jpg,1.0
cl6e08s0e000fgk558toxgj1j_2_FALSE_COLOR_jpg.rf.2eb92b7c3947720c5856e058f1dd178a.jpg,1.0
cl6b5wjqa005fl4550muectqc_4_FALSE_COLOR__URBAN_jpg.rf.2f41ff35cf37b4c6050e11f8de4060e3.jpg,1.0
cl6kgaw2p002bc455hair6q7o_2_FALSE_COLOR_jpg.rf.2efa4143521741e64b60e717dfc05c99.jpg,1.0
cl6b79rs5009wl4550jbyddo9_1_TRUE_COLOR_jpg.rf.2f406dd9df8b1e647665538d23072979.jpg,1.0
cl6e09v5e000igk55bgqi62m1_6_SWIR_jpg.rf.2f4be6e86d16f5103018324d05828369.jpg,0.0
cl6ouc1eq00aiao558jd2hz4w_4_FALSE_COLOR__URBAN_jpg.rf.2f552ca52c53530bfd5e74142e9e6ef5.jpg,1.0
cl6ct5pk300gxl4559vdtfjz2_2_FALSE_COLOR_jpg.rf.2f58e78f7c90b0c56a54678fbe498951.jpg,1.0
cl6ct07zx00gll4554jg5b8r4_2_FALSE_COLOR_jpg.rf.2f669680666e1902c6c960841a6971b6.jpg,1.0
cl6b5k38g003zl455bgtd1317_1_TRUE_COLOR_jpg.rf.2f5f03819155e9a67052a7f91d2d43dd.jpg,1.0
cl6oqz7u8009eao55hd74fzt1_4_FALSE_COLOR__URBAN_jpg.rf.2f54ca4554fe1f8f08ba35d6a1bbac75.jpg,1.0
cl6kfbq11000yc45577e7e4bg_1_TRUE_COLOR_jpg.rf.2f7cf49e1b92bd9a4a74f2fc8488f87d.jpg,1.0
cl6chxgc300cvl455h1z60m0l_2_FALSE_COLOR_jpg.rf.2f68c518a97f1bcfac2e197c581ad114.jpg,1.0
cl6b0s28i001ll455fuut9xea_2_FALSE_COLOR_jpg.rf.2f8c2b404dff34f6f839bf009e6ec352.jpg,1.0
cl6b0slw7001ol455e0rp3o75_6_SWIR_jpg.rf.2f74085c9feec2c299a6d6490e0c8670.jpg,1.0
cl6csrtfm00g2l455becnfxr8_1_TRUE_COLOR_jpg.rf.2f8fa82f0de31ac45fa9f6d8644e8947.jpg,1.0
cl6e0m79h0016gk5553pj46h0_4_FALSE_COLOR__URBAN_jpg.rf.2f87b8804c1099996d6542aeead0d0bb.jpg,1.0
cl6b6yxoj008kl455d8ku2khx_4_FALSE_COLOR__URBAN_jpg.rf.2f9bb2a89d1ef8ad3762146456d711d5.jpg,1.0
cl6ctmr0300hzl4556sau1m41_2_FALSE_COLOR_jpg.rf.2f698615e3cfb550d5aacf96bee83ae9.jpg,1.0
cl6b5bl3w0032l4550j2k2te5_6_SWIR_jpg.rf.2f67c9d3cadebf630213fe1eba2c7086.jpg,1.0
cl6dznlym000thg55950a4qbg_1_TRUE_COLOR_jpg.rf.2f9520850c4ff5941b33f8219580008d.jpg,1.0
cl6azhuzg0005f0550ahb6bh1_2_FALSE_COLOR_jpg.rf.2fc16f59b6f24d365ae761dcb9df03e7.jpg,1.0
cl6csjaik00fhl455ga70af2b_4_FALSE_COLOR__URBAN_jpg.rf.2fa5d7011c4341237117a75491e4f500.jpg,1.0
cl6ltrgqp002s8w55bwy9c5b4_6_SWIR_jpg.rf.2f7515f2f0c3cd49fc0edfebb212b68e.jpg,1.0
cl6dznlym000thg55950a4qbg_6_SWIR_jpg.rf.2fa25e9338a927f4f9cbe52e53407bd2.jpg,1.0
cl6kfpeg80019c455an5z7myg_1_TRUE_COLOR_jpg.rf.2fbb8ee4417ff9e4f223678861d814c2.jpg,1.0
cl6kj7d6l000x8w55cwtv1hfp_4_FALSE_COLOR__URBAN_jpg.rf.2faba9e9dd32a83609b5441d15e3513f.jpg,1.0
cl6b7crtk00a1l4552n2vbda4_4_FALSE_COLOR__URBAN_jpg.rf.2fba5f58f219a1c2ced3b75be4425abc.jpg,1.0
cl6b76gu6009el455fxes9rlh_2_FALSE_COLOR_jpg.rf.2fb8d2369519ff4c0e8e80049b493a01.jpg,1.0
cl6ltopha002n8w5531cg4sky_2_FALSE_COLOR_jpg.rf.2f97e903e8561bf87d758869ac103cfa.jpg,1.0
cl6e3j5rh0046gk5519l319wr_2_FALSE_COLOR_jpg.rf.2fc30547a1dc607e1154ef98f01e7694.jpg,1.0
cl6e3dpyr003pgk5549kb5vj7_1_TRUE_COLOR_jpg.rf.2fb73f12fadc541c4a4fbb6d50cc2d67.jpg,1.0
cl6b5yjxa005nl45516k465kb_4_FALSE_COLOR__URBAN_jpg.rf.2fd5c835ec3e2bbce87259d47224d15f.jpg,1.0
cl6m1i65g00428w55dj3h5btk_2_FALSE_COLOR_jpg.rf.2fdfecb4f56667303dd5c074e8e9999d.jpg,1.0
cl6cti5zm00hrl4555pdk0ef9_6_SWIR_jpg.rf.2f486d1ca2e982e17d3189802100c6e1.jpg,1.0
cl6cgazz700aol455e5vr2tge_1_TRUE_COLOR_jpg.rf.30137cefb3e207cb848decd65303ae10.jpg,1.0
cl6dywrm9000mhg55c48n2wtt_2_FALSE_COLOR_jpg.rf.302ac890296b95082b234d644eeeb6a0.jpg,1.0
cl6e2yxqd002pgk5597n8c4s8_6_SWIR_jpg.rf.307e4b4aa66a97b4ad5e56e2496c6c42.jpg,1.0
cl6cgkn5000b6l455cg451vw6_2_FALSE_COLOR_jpg.rf.303afe8ae67d8179e9787899602c5e78.jpg,1.0
cl6dyvvvc000lhg5533xc480w_6_SWIR_jpg.rf.30749be453a68775a5ac20d2d50b6759.jpg,1.0
cl6b7hk7q00adl4550rwe3x4h_6_SWIR_jpg.rf.2fee5ee85465cb48d107178686b47503.jpg,1.0
cl6kfnjr50014c4555kd2a1q6_1_TRUE_COLOR_jpg.rf.30732d3c4be4fd0921ce51b6b3e0621d.jpg,0.0
cl6ct99jl00h6l4552nabhg3g_2_FALSE_COLOR_jpg.rf.2ff79927e881e9b7fbe6e2cd75587cd6.jpg,1.0
cl6kjjetw001m8w557l9r668h_2_FALSE_COLOR_jpg.rf.3091681086d1995f2b14f2d23e846c8f.jpg,1.0
cl6e0l3x90015gk55eki43b8w_1_TRUE_COLOR_jpg.rf.307ba550070be900a69996b1d4997ab2.jpg,1.0
cl6e2uo3r002kgk556io96bkr_6_SWIR_jpg.rf.30be56faa141024e05268fdac1811dfa.jpg,1.0
cl6csiins00fgl45562qya3h6_2_FALSE_COLOR_jpg.rf.3056ac58fdcea03a5f58fb8234cbff39.jpg,1.0
cl6e1hzlh0019gk555vc2fpgf_2_FALSE_COLOR_jpg.rf.2fecd5295e5981c8e639989f2a759764.jpg,1.0
cl6csozke00fwl45538jlfe9v_6_SWIR_jpg.rf.3057a4e67784b07ca06c1c160bdb133d.jpg,1.0
cl6odhcaj001uao552i9j0ykn_1_TRUE_COLOR_jpg.rf.2fc4427bbf5de99ef7d9e3cb48b7a9d4.jpg,1.0
cl6azt6cg0003go554b1r3nu4_2_FALSE_COLOR_jpg.rf.3059fe869ded68a48d1f4a19d53297c9.jpg,1.0
cl6kjmnc9001s8w5537ayhyay_1_TRUE_COLOR_jpg.rf.30a2534ddd87723c8784d158028ff13b.jpg,0.0
cl6kgbl9x002dc4559jl8blf8_4_FALSE_COLOR__URBAN_jpg.rf.2fecf83a2de0179c64ac931509fd37fd.jpg,1.0
cl6b733er008ul45506zm5sh8_2_FALSE_COLOR_jpg.rf.30aa4ee55a6002c3149ddba3e196f108.jpg,1.0
cl6kg2ozz0023c455byeq4ye9_6_SWIR_jpg.rf.301b946b16774c82f0c5ba6897b7837a.jpg,1.0
cl6cpgf7u00dnl455327713eo_6_SWIR_jpg.rf.30d629c9a21b18566b4156b3694bb346.jpg,1.0
cl6kiujep000k8w552z6ebrxp_6_SWIR_jpg.rf.30d51a62044727b135250ffe356e5161.jpg,1.0
cl6kinecw000e8w551c8r9tyn_6_SWIR_jpg.rf.3002cd103ebf2c57c8abbde148b25602.jpg,1.0
cl6opq0g0007mao556zsr2z59_2_FALSE_COLOR_jpg.rf.30f240f3275e086801117ca096ff01fa.jpg,1.0
cl6oprp1x007rao55914q8erm_6_SWIR_jpg.rf.3035005b431bfeb318adee37cd35e4ea.jpg,1.0
cl6oj3q5x004aao55ala51kbg_4_FALSE_COLOR__URBAN_jpg.rf.30e09403f354183a7aff9812c427736f.jpg,1.0
cl6b6eah90074l455hnsyaebx_4_FALSE_COLOR__URBAN_jpg.rf.310003721aeaec48c85c0575a5e60b76.jpg,1.0
cl6e0bntp000mgk55426r9obp_4_FALSE_COLOR__URBAN_jpg.rf.30ecc293b0f98abffccc0b0c9b9a785c.jpg,1.0
cl6ci1vnh00d5l455d4ts3luw_4_FALSE_COLOR__URBAN_jpg.rf.302cb9aed7df32f6756db593d2db2ebc.jpg,1.0
cl6b69zjp006ol4556hw337gi_1_TRUE_COLOR_jpg.rf.30fb56f489f837c7d3c6b0f27d0c81a9.jpg,1.0
cl6ltopha002n8w5531cg4sky_4_FALSE_COLOR__URBAN_jpg.rf.3130a07bca418bbc1c407c19ffa6896b.jpg,1.0
cl6b59reu002vl4553fnhgaf4_1_TRUE_COLOR_jpg.rf.311bf677fc005d3be2bc92b18d7c1630.jpg,1.0
cl6kg0ssm0021c4559i7q1mhh_2_FALSE_COLOR_jpg.rf.31462d2536c183517200daad75cec934.jpg,1.0
cl6chj77t00c7l455c5c08ec6_4_FALSE_COLOR__URBAN_jpg.rf.3154ea9739543835f4fdfdbe6e8984c0.jpg,1.0
cl6cs6mgj00f0l455egwshib7_6_SWIR_jpg.rf.314e8d8e517116e4034872dfafe7d97b.jpg,1.0
cl6b0mbsn001al4551f0hdz4x_1_TRUE_COLOR_jpg.rf.3153202b06bf395ad7a8d304fda2ebdd.jpg,1.0
cl6ou3smf00a2ao5558m96qu2_6_SWIR_jpg.rf.30df4310c6f72a4bd65fbe4bb4be7c87.jpg,1.0
cl6oq1492008dao553mjgbuun_4_FALSE_COLOR__URBAN_jpg.rf.3100ac95842001449cc8d35360555e6b.jpg,1.0
cl6oputjf007wao55fnke0ppv_4_FALSE_COLOR__URBAN_jpg.rf.316bdde05071f2b3c9ada4900877109b.jpg,1.0
cl6b0slw7001ol455e0rp3o75_4_FALSE_COLOR__URBAN_jpg.rf.313edbfbe513cebabd0805eb53e37eba.jpg,1.0
cl6b4ykst001sl4550amagaw5_6_SWIR_jpg.rf.313b790d49a0cee7138919b0a3348787.jpg,1.0
cl6b4znqq001wl4554xy23bep_6_SWIR_jpg.rf.318a7f4dd4509827c69946b1ff55747e.jpg,1.0
cl6kjizzk001l8w550s1uej5w_2_FALSE_COLOR_jpg.rf.317f8d1e1698991b4b1b38cb8c40f526.jpg,1.0
cl6b6yxoj008kl455d8ku2khx_2_FALSE_COLOR_jpg.rf.3175400a851a1520d032674795108f3f.jpg,1.0
cl6oj3q5x004aao55ala51kbg_2_FALSE_COLOR_jpg.rf.310d2389b69ef4568bf12d5d72ddb200.jpg,1.0
cl6lt1hpb00208w55bfs7e6iz_1_TRUE_COLOR_jpg.rf.319fa12c2199b3fc845fe82ad7cf3c2f.jpg,1.0
cl6odyfwh002lao55bnflcuaj_2_FALSE_COLOR_jpg.rf.319ce9bbccf0ad335eb7c87c25925c81.jpg,1.0
cl6b5j7l8003yl455e8lo7mre_4_FALSE_COLOR__URBAN_jpg.rf.30b760dc0253eacf6947ae11ed0bda69.jpg,1.0
cl6ctjyc600hul455hxis4621_2_FALSE_COLOR_jpg.rf.3153f1a6d1039a371215aa0f0033deec.jpg,1.0
cl6oro0mr009pao556hg6dj0a_2_FALSE_COLOR_jpg.rf.31b2cdc80090bb9886a47d37e10ca2b3.jpg,1.0
cl6opxvd40084ao55f1zvab1r_1_TRUE_COLOR_jpg.rf.3182fe321d72446a59da38f91da437c1.jpg,1.0
cl6cssfer00g4l455g2wbecis_1_TRUE_COLOR_jpg.rf.3177cb27f4ae3849713a5dfee9819b61.jpg,1.0
cl6b5ejqg003kl455gf5wgxm0_6_SWIR_jpg.rf.31d3b81732f52795e696d5169ba36468.jpg,1.0
cl6e371x0003ggk55e6x4cocz_1_TRUE_COLOR_jpg.rf.31ad44b4788979ed73ccb0c70679ea73.jpg,1.0
cl6b6vvhu0087l4557uqog2by_6_SWIR_jpg.rf.31e9f029c82f5c6a22fcb75fd717bc4f.jpg,1.0
cl6chkc4400cal4551mau76ln_1_TRUE_COLOR_jpg.rf.31d8e0e86d2acfcd16bff60a436928fe.jpg,1.0
cl6b55rgf002hl4554papgucp_6_SWIR_jpg.rf.31f6261b25ff948d8c5fac83916d4b75.jpg,1.0
cl6cgah3400anl4554lg2hxzy_6_SWIR_jpg.rf.31a4e7f451eac575d5404da95458236d.jpg,1.0
cl6orlxem009lao5513o7hr6s_2_FALSE_COLOR_jpg.rf.31d610d65608738ca209de05926f1c70.jpg,1.0
cl6kjfsd8001d8w55e6ne0oyo_2_FALSE_COLOR_jpg.rf.31f1f3de958065fa30b6d8e77b42e8b0.jpg,1.0
cl6chjmg800c8l4551fu3ef4x_4_FALSE_COLOR__URBAN_jpg.rf.31c563632bef65a4f9f5629ad3229c9f.jpg,1.0
cl6odcx12001oao55f8bma9y4_1_TRUE_COLOR_jpg.rf.31dff9a2120e5462cdae65d503f1e17a.jpg,1.0
cl6e39jpe003igk55gh0659o4_6_SWIR_jpg.rf.31d1bfdb3e33a47edc8bc4d183cc1d9b.jpg,1.0
cl6kj4n7o000o8w55eq83czxi_1_TRUE_COLOR_jpg.rf.31e56fb2ec4dde470fd909964fbdce4a.jpg,1.0
cl6dysxe3000ihg5573nzfbsy_4_FALSE_COLOR__URBAN_jpg.rf.31ca73cabda76945c775334da695b47f.jpg,1.0
cl6ok9inm005sao55c3o80dfl_1_TRUE_COLOR_jpg.rf.320194d8f1c6f45d245effeb4d00f79a.jpg,1.0
cl6ouaiyn00aeao550h4i06dx_2_FALSE_COLOR_jpg.rf.31b8d749875e998428925fb497db0102.jpg,1.0
cl6b4zdn5001ul455acof1e3j_1_TRUE_COLOR_jpg.rf.31eb51dd5deee0cec3fc2fffc50fda29.jpg,1.0
cl6cgepys00avl455d8q7b602_1_TRUE_COLOR_jpg.rf.31f364192ff0aa79ff34d315b64fc81d.jpg,1.0
cl6ou9hl600adao559w1qda4m_6_SWIR_jpg.rf.323e616b6686292bf60e9399fc863fb7.jpg,1.0
cl6csjvur00fjl455ati39b6k_1_TRUE_COLOR_jpg.rf.32320cf90b11047073d9d7ce7ffe0384.jpg,1.0
cl6oe2xsq002uao554eff2q34_6_SWIR_jpg.rf.323d760608cc473dd33ce27352a3c269.jpg,1.0
cl6cgdbl900asl4551u073cce_4_FALSE_COLOR__URBAN_jpg.rf.322c8bf698703576b2a700e5c07df237.jpg,1.0
cl6okehd60065ao5551rl7lsa_1_TRUE_COLOR_jpg.rf.3240f67b8fc7bd6fa9b38c99bc4dadd8.jpg,1.0
cl6oisavf003pao556yzob9sf_2_FALSE_COLOR_jpg.rf.3239d683e9a25a7c6108ff7e4cb30df9.jpg,1.0
cl6e0kgem0014gk55cl4692g7_1_TRUE_COLOR_jpg.rf.321e23ace46ebd7278b1047f1c18f2f4.jpg,1.0
cl6ct4zi700gvl455hd187an6_6_SWIR_jpg.rf.323d149852271f4aa04ac5164479c859.jpg,1.0
cl6b6o1av007nl455829ah78j_2_FALSE_COLOR_jpg.rf.3248ba0a5cfb0efee9e39a1a2d56a2b0.jpg,1.0
cl6cpbspp00ddl455cdn2h2ov_2_FALSE_COLOR_jpg.rf.31bcd504a1be8328a4dddb2f6a4bfdb0.jpg,1.0
cl6cgi18y00b4l455dvo73gk3_4_FALSE_COLOR__URBAN_jpg.rf.3242e04c6b8416d6413ec6fd7059b88f.jpg,1.0
cl6lt1hpb00208w55bfs7e6iz_1_TRUE_COLOR_jpg.rf.3276c1598a2333ad8f83454a299dd1a8.jpg,1.0
cl6b5q3z4004ll45585wq8rtu_6_SWIR_jpg.rf.32686b0d13057e3abd5d8cbdbba9b68f.jpg,1.0
cl6kiuz0a000l8w554itn2fmi_2_FALSE_COLOR_jpg.rf.3251df5010d750f14ea50219ca407dfb.jpg,1.0
cl6oun0bl00b2ao556k7ncs0l_2_FALSE_COLOR_jpg.rf.329098a25d26f2d63e3139a494fa9539.jpg,1.0
cl6lt2u1a00238w55htxpag7p_2_FALSE_COLOR_jpg.rf.3291c1113d603b7f55d402bf35496f34.jpg,1.0
cl6ltc7lo002h8w556xm59h02_2_FALSE_COLOR_jpg.rf.328f677c143cfdf078475d6b4e748d81.jpg,0.0
cl6anjur50001f055bzb494if_1_TRUE_COLOR_jpg.rf.3289a054bd2184bde7e394dd9f207317.jpg,1.0
cl6kibg7b00068w55cog49lxl_6_SWIR_jpg.rf.329c108fb8f636081ea8564cecad67e1.jpg,1.0
cl6kitrsd000j8w557yff59mf_6_SWIR_jpg.rf.331a0916039c095f91369a92333ad19a.jpg,1.0
cl6b7e0xs00a2l455ahn69x2p_6_SWIR_jpg.rf.3305d7fdb9f8f8e5022a024170653ede.jpg,1.0
cl6kfx47x001tc45578ts0yz6_2_FALSE_COLOR_jpg.rf.328451e75fca028b9b2d054d35801e31.jpg,0.0
cl6cs00tw00eel455eivc6jwi_4_FALSE_COLOR__URBAN_jpg.rf.32e0561da8a21df3aad821489483d08e.jpg,1.0
cl6ojowwz004yao55hvwldnc2_6_SWIR_jpg.rf.33091446d9899b448f8fba08e90416be.jpg,1.0
cl6oujpxm00atao554qpycnsr_2_FALSE_COLOR_jpg.rf.32aaeed22d95ab05012e457d4653675b.jpg,1.0
cl6b0okeb001fl455fgue1wrj_6_SWIR_jpg.rf.32ad3bdedebcd0b03d90af0324473bd5.jpg,1.0
cl6b6et5c0076l455204j3p53_6_SWIR_jpg.rf.32efa6cac8b4598cfef7efe0b233214a.jpg,1.0
cl6m16jg100398w5516eqah85_4_FALSE_COLOR__URBAN_jpg.rf.32a9cf707b23b8373e2372123c34269a.jpg,1.0
cl6ch1am000bsl455a0381kr1_1_TRUE_COLOR_jpg.rf.32e0dd7e2e19d8cc74b7701be001a626.jpg,1.0
cl6oix6p8003xao558gep7jfa_4_FALSE_COLOR__URBAN_jpg.rf.331ed067308fcfe2b22c233faa244da6.jpg,1.0
cl6ctrx2500i8l455bw1w5a2s_6_SWIR_jpg.rf.32b12c2762b59ad994325ea9148de68b.jpg,1.0
cl6khu4gb00008w5575zsg2eh_4_FALSE_COLOR__URBAN_jpg.rf.32cd3a40c38833179f4e66ae74f741b7.jpg,1.0
cl6oj3e9z0049ao5543571do7_1_TRUE_COLOR_jpg.rf.32e96739ac0f72bcc9d07bbf8c05a7a1.jpg,1.0
cl6ltuz3i002x8w554lrq3tnc_6_SWIR_jpg.rf.32f28bdd46d20dd88f194bafba070239.jpg,1.0
cl6oj50of004dao558azz1d6c_6_SWIR_jpg.rf.3323acbf503917724c3e2b292f4c2519.jpg,1.0
cl6b6asfb006tl455gupd0x8i_4_FALSE_COLOR__URBAN_jpg.rf.32cbad5823698eb892c2250513a0b339.jpg,1.0
cl6orkbgy009jao557kujgsc3_1_TRUE_COLOR_jpg.rf.332538dafab6017065ec87b1fba7db6f.jpg,1.0
cl6kfpeg80019c455an5z7myg_6_SWIR_jpg.rf.3330426c058a2428280994767deaa91e.jpg,1.0
cl6ch6y2d00byl4557ijbc6o4_1_TRUE_COLOR_jpg.rf.333e93c806a7ca7b93e15fde9e48b828.jpg,1.0
cl6odyy4q002mao558oty3tax_1_TRUE_COLOR_jpg.rf.3335fad42a7c08adb4ec2c5c43c23bf3.jpg,1.0
cl6csnj9g00ftl4554f0z30lc_1_TRUE_COLOR_jpg.rf.33324fd19577db6806a3ddf10c08b302.jpg,1.0
cl6cg6cf600agl455gtin273p_4_FALSE_COLOR__URBAN_jpg.rf.333f0d45e92d15ac4ad3cbdc0eed7810.jpg,1.0
cl6crz0fp00eal455fpwx4d95_1_TRUE_COLOR_jpg.rf.33682c7ac189a55c4e89699c5e799ec5.jpg,1.0
cl6ct1xug00gpl4553c9gfjgm_1_TRUE_COLOR_jpg.rf.3380ab157d4ed8c6863b3b092b971d08.jpg,1.0
cl6dzrpz8000uhg553etw7mko_1_TRUE_COLOR_jpg.rf.334e2ff1170b3b63561ec8f0795be32c.jpg,1.0
cl6chzaqh00d0l4557irlbjwq_4_FALSE_COLOR__URBAN_jpg.rf.336d48b7946f94796742230a32fafa85.jpg,1.0
cl6b6vvhu0087l4557uqog2by_2_FALSE_COLOR_jpg.rf.33a6f52322cf991e3ea3c9e54cf80001.jpg,1.0
cl6ok56zt005mao55cmacfcg4_1_TRUE_COLOR_jpg.rf.3344d60482ee45a3598d66a43bf8d8d0.jpg,1.0
cl6opb5w4006vao55d6ehcwz9_4_FALSE_COLOR__URBAN_jpg.rf.33e0f9110d07aef98971b07d98178e23.jpg,1.0
cl6okcigf005zao55dc0wbjsx_1_TRUE_COLOR_jpg.rf.33d4d84b393be5939c7eeedb1a3a1781.jpg,1.0
cl6e2jm3i002agk55fcue8lsk_6_SWIR_jpg.rf.33ff091d4533d02951e73d1f9d5904a2.jpg,1.0
cl6e0heuk000xgk558bub1o2s_4_FALSE_COLOR__URBAN_jpg.rf.33bacfe4be070e7562723c9105bf5db4.jpg,1.0
cl6b78zhf009ul455d3hv7dmp_6_SWIR_jpg.rf.33ccc4b8fee1254fe84cd1a0360008c2.jpg,1.0
cl6e32ym20033gk558fa76664_1_TRUE_COLOR_jpg.rf.33b8e1f09c16828e23d03e83ef3e1493.jpg,1.0
cl6ophgti0078ao557twhfw8d_6_SWIR_jpg.rf.33bf4ba52baf83af2b10bf02fbd8bc36.jpg,1.0
cl6kjc5r500168w55bry741c1_1_TRUE_COLOR_jpg.rf.33fb07557c474e5d582b6dd71545dd0a.jpg,1.0
cl6oduu28002dao550pgs32ff_2_FALSE_COLOR_jpg.rf.3391a145cce747c0bd2d0df1ffd2db2b.jpg,1.0
cl6m0x4p100318w55bmg41saz_4_FALSE_COLOR__URBAN_jpg.rf.33f1a95ab843a201093b3045aedf7bd4.jpg,1.0
cl6oq26pe008eao55afu47fi0_2_FALSE_COLOR_jpg.rf.33be8fb9145a973d121de1033518bdb1.jpg,1.0
cl6csr5tv00g0l45530ayb807_6_SWIR_jpg.rf.33ed97f9aaa5994f9dea7de6f469a248.jpg,1.0
cl6b0blqb000nl455c1ul13y1_1_TRUE_COLOR_jpg.rf.340290ca07237df48e63526427eab84b.jpg,1.0
cl6od3yri001cao55gifvaizk_1_TRUE_COLOR_jpg.rf.3394a5933f2d23e0911a6f8955a816d0.jpg,1.0
cl6kgbl9x002dc4559jl8blf8_1_TRUE_COLOR_jpg.rf.3409879ea8889b02a21d7f013781563e.jpg,1.0
cl6b0esbf000vl455co1o9wvm_4_FALSE_COLOR__URBAN_jpg.rf.33fcf9024a7e0c1d93efcc0e553c7458.jpg,1.0
cl6oq2n1i008fao551fa07saw_1_TRUE_COLOR_jpg.rf.32665513280189569c986d48f3fc72fa.jpg,1.0
cl6kgp3b80033c455hm58af2a_6_SWIR_jpg.rf.341462756067cddf3adaaef4e25f27ff.jpg,1.0
cl6cgzyml00bql4557ej3af4i_6_SWIR_jpg.rf.3421621a6e4e903fd9538cde1f0d8077.jpg,1.0
cl6kg2ozz0023c455byeq4ye9_2_FALSE_COLOR_jpg.rf.338afb39c0bd85976e0a9777de33d3a2.jpg,1.0
cl6kf1do50005c455dxgc4dpo_6_SWIR_jpg.rf.33d47806153249628e3c9909ea1f40cb.jpg,1.0
cl6odbryt001nao55htogdny9_2_FALSE_COLOR_jpg.rf.343e2b1f61453351838fe66d77a1eb87.jpg,1.0
cl6m1f4jn003u8w552wtf02ek_1_TRUE_COLOR_jpg.rf.3458ce1b34f6d057774eb23e2f462cf8.jpg,0.0
cl6b0skkx001nl4557zd344qi_6_SWIR_jpg.rf.343f95ae605258cc3e50a02eaa94131c.jpg,1.0
cl6b762z9009al4555tw4br78_1_TRUE_COLOR_jpg.rf.3429979334c1bbcf559fb264c2469022.jpg,1.0
cl6cssfer00g4l455g2wbecis_2_FALSE_COLOR_jpg.rf.3470d454fd2653f65e6ed727fe0cb501.jpg,1.0
cl6e07sbz000dgk556f1cemmc_1_TRUE_COLOR_jpg.rf.3440228cea8d26998bcc4e714a9f6237.jpg,1.0
cl6opn2ws007hao55es3fg6b2_6_SWIR_jpg.rf.348c05361d1a06527056a1a9dd90f3d4.jpg,1.0
cl6khu4gb00008w5575zsg2eh_6_SWIR_jpg.rf.34614e21fcf2ff88d38324563b695d24.jpg,1.0
cl6kf9nvv000tc455gs7pbv7h_1_TRUE_COLOR_jpg.rf.34bda2dda851f9da9460630fbc5ec7c8.jpg,1.0
cl6chyqu800cyl455f9k363zl_1_TRUE_COLOR_jpg.rf.34cb5e2bd7594a3b5231776f6c8ff4f9.jpg,1.0
cl6oqws41009dao55e9vd2yj4_6_SWIR_jpg.rf.34c4af863cc7deb1e5495ab22dde0975.jpg,1.0
cl6cru4e800dyl455gekch8cy_1_TRUE_COLOR_jpg.rf.34c8f27c16b97017aa301177bf8b8568.jpg,1.0
cl6crxvk200e7l455191phwfv_2_FALSE_COLOR_jpg.rf.34c1f35ae3c2a963bdd7d5f7cc1dbe67.jpg,1.0
cl6b6r87c007tl455508729u4_2_FALSE_COLOR_jpg.rf.347ef665a9a6da5c8f3b19324c0b924e.jpg,1.0
cl6kgmrej002zc455a27d973q_6_SWIR_jpg.rf.347a0378f01dd3f626f90e2a684df914.jpg,1.0
cl6ok74u9005oao557sb5dqub_6_SWIR_jpg.rf.345b2442e55854b94381c3e2a9df34cd.jpg,1.0
cl6lt41jh00268w55ammyc72e_1_TRUE_COLOR_jpg.rf.34c5c40d0c2470147c00ebca2792e95c.jpg,1.0
cl6b6r87c007tl455508729u4_1_TRUE_COLOR_jpg.rf.34f5e6b85999dc88998c35181c5de3ea.jpg,1.0
cl6b6lhmf007ll4552cnl5tsv_6_SWIR_jpg.rf.34e0b2f50d673f263987561828b4857d.jpg,1.0
cl6b5tn5o0053l4555lotaojg_2_FALSE_COLOR_jpg.rf.34d343b581663f01af86fb80590d865c.jpg,1.0
cl6cszfwz00gkl45529qw979l_6_SWIR_jpg.rf.347ad5b3c51212ee116c82a8237de9f2.jpg,1.0
cl6kjjuo1001n8w55cwk28w01_6_SWIR_jpg.rf.34f6b40b33912c56beef78e5b66fb67e.jpg,1.0
cl6b4znqq001wl4554xy23bep_1_TRUE_COLOR_jpg.rf.3500f0065971e48f3d950203620cc4db.jpg,1.0
cl6op7qgu006nao55fvo422ce_1_TRUE_COLOR_jpg.rf.34fb0ec3f04babac91b5910b947a5673.jpg,1.0
cl6e1zkvy001ogk5561l0f1q7_1_TRUE_COLOR_jpg.rf.350b1ea1ffabe18ed641b99acb933a0a.jpg,1.0
cl6ocmhv80000ao55b7ybfzf5_4_FALSE_COLOR__URBAN_jpg.rf.344025e3a602871297f14fc18eb14e76.jpg,1.0
cl6cgtnl200bll4552u3y49k7_2_FALSE_COLOR_jpg.rf.34db9601338e46b9e04b8a5f98c20f1a.jpg,1.0
cl6cg820i00ahl45522fwa74p_2_FALSE_COLOR_jpg.rf.352a4443ef3c7105e3282287e1afb4a5.jpg,1.0
cl6b75x8d0099l455e0ci4k6c_1_TRUE_COLOR_jpg.rf.35232998185f927ad057a6e91d4bb9b5.jpg,1.0
cl6kiers800088w554w61grpw_1_TRUE_COLOR_jpg.rf.353542b1fa5cb2fa85ea29ca42a8c09d.jpg,1.0
cl6oihv2n0034ao55fdp36vw4_6_SWIR_jpg.rf.34a69fb3fcdbe206cafc7d0807e0b186.jpg,1.0
cl6chw5x300csl455fwv6g4li_1_TRUE_COLOR_jpg.rf.355d49f112407b49740cb091fa6be974.jpg,1.0
cl6b73f6l008wl455aqvvcb6n_1_TRUE_COLOR_jpg.rf.353f952e72598fd57ae0eafae4b2ea9d.jpg,1.0
cl6e1w3mk001mgk5561ce1hn7_2_FALSE_COLOR_jpg.rf.357a3abb1a77854c442b8f26f358ee0f.jpg,1.0
cl6b55k98002fl455fxpwaq8j_1_TRUE_COLOR_jpg.rf.35456b2bbb9bbaf1afeed4dc7b44e499.jpg,1.0
cl6kj91fl00138w55et6m1crf_1_TRUE_COLOR_jpg.rf.3550abb5b4f76c31ace447bd0c3dc7ae.jpg,0.0
cl6b0797l000fl4556jpv3nqd_2_FALSE_COLOR_jpg.rf.352e26ee3ce1fe6c0eb6917ea4a22ac9.jpg,1.0
cl6b7640j009bl455ash2ahqi_6_SWIR_jpg.rf.3564e744641154e6779bdef0f081f890.jpg,1.0
cl6oqrvzj009aao552o4w9gcv_6_SWIR_jpg.rf.357a3feea3e288c2204838a691c14540.jpg,1.0
cl6ch7g5b00bzl4557xjh57a2_1_TRUE_COLOR_jpg.rf.353aed5ff89bd577d5747a57ab0ae9cd.jpg,1.0
cl6cskhdp00fml4550oip27vq_6_SWIR_jpg.rf.34f9e35d7fcb48aefe50be9e86bd0e48.jpg,1.0
cl6kjle3b001q8w55cr3p1f1z_2_FALSE_COLOR_jpg.rf.358734e3215b49783e403e17deae10ba.jpg,1.0
cl6cgzyml00bql4557ej3af4i_1_TRUE_COLOR_jpg.rf.353f1c9b06de411971571051422ebd5d.jpg,1.0
cl6cii68700d6l455amco5bi5_1_TRUE_COLOR_jpg.rf.35ba1b4ff327e7c781e0533fc82a9d6e.jpg,1.0
cl6ok74u9005oao557sb5dqub_6_SWIR_jpg.rf.35a79812559321fed3d11968c64d67f7.jpg,1.0
cl6dyf3ua0005hg555lbzak23_1_TRUE_COLOR_jpg.rf.359d60b6d9dbd0fefa0c140a736f5dff.jpg,1.0
cl6m162oq00388w554vzpgu70_2_FALSE_COLOR_jpg.rf.35bd098a7075bc3079c2a066ae2746b8.jpg,1.0
cl6od2qvz0018ao55hk1af8ha_2_FALSE_COLOR_jpg.rf.357dbdc44cd05d097ff2164ab7a4de53.jpg,1.0
cl6m1c3ae003j8w553eyv5bne_6_SWIR_jpg.rf.358d899d19bb119e53409213787000c9.jpg,1.0
cl6ormrr6009nao55a7r8cs06_4_FALSE_COLOR__URBAN_jpg.rf.35c38740cba18c0ea2c42b14bb948e1f.jpg,1.0
cl6od3kun001bao55bcq677k3_2_FALSE_COLOR_jpg.rf.35d2712c379a0b07c28c343995158398.jpg,1.0
cl6cs1jzq00ekl4555c2107g4_6_SWIR_jpg.rf.35bc83fade39b98df5ebef1ef329f0bd.jpg,1.0
cl6b6lhmf007ll4552cnl5tsv_4_FALSE_COLOR__URBAN_jpg.rf.356e55a1dff5fcf7103eeca2c0cf4149.jpg,1.0
cl6cgghym00b1l455c02jbl7m_1_TRUE_COLOR_jpg.rf.358538efd1d9862da9298b80007f1887.jpg,1.0
cl6e30dz3002tgk559uhm11za_4_FALSE_COLOR__URBAN_jpg.rf.35d2e7e96a75a9cb6f5e2b6085a477d0.jpg,1.0
cl6lsyw82001x8w55h42v4y3p_4_FALSE_COLOR__URBAN_jpg.rf.35e68e95e33f96e947de17eaf049c7a2.jpg,1.0
cl6opv5oo007xao553de9g7wd_4_FALSE_COLOR__URBAN_jpg.rf.35cba2fc767c1b20a1fe05c77fc6055f.jpg,1.0
cl6crszmm00dvl455a2pb9ff5_2_FALSE_COLOR_jpg.rf.3606b158002107e94517a6412003de54.jpg,1.0
cl6lt6ipg00288w55ee7scu7b_2_FALSE_COLOR_jpg.rf.35fb7b3aed04f3ded8d88a4ef8da4f4f.jpg,1.0
cl6b03yzy0005l455dq6x4eyc_4_FALSE_COLOR__URBAN_jpg.rf.358a2614d5d9b3dfed5b456c8bc1d774.jpg,1.0
cl6oqrvzj009aao552o4w9gcv_2_FALSE_COLOR_jpg.rf.35e1b21826140ae92931ea56bf1b334d.jpg,1.0
cl6od3yri001cao55gifvaizk_1_TRUE_COLOR_jpg.rf.35fb233f3d9421ab908d904c3ac4d300.jpg,1.0
cl6kf4001000dc455co2qd2kx_2_FALSE_COLOR_jpg.rf.35e323898cd836a92ee6a45f414de192.jpg,1.0
cl6ki82ak00058w55b9dyf8ef_6_SWIR_jpg.rf.360904fef94c734b589d6ff64d2e20a7.jpg,1.0
cl6chu8h100cnl4552hz21fjt_4_FALSE_COLOR__URBAN_jpg.rf.35dd4da6652df6d39b4a3fcaf36219bb.jpg,1.0
cl6m16jg100398w5516eqah85_1_TRUE_COLOR_jpg.rf.35da5fccaeab501d952d7cc702d408e5.jpg,0.0
cl6kgp3b80033c455hm58af2a_1_TRUE_COLOR_jpg.rf.361b64eabfd58632a9441e8b4b3bb8a7.jpg,1.0
cl6oq9ozh008nao5591t079g1_1_TRUE_COLOR_jpg.rf.362ef7d7bd7f8a5eabdf778426f4baec.jpg,1.0
cl6b035dn0002l455hbmqcima_6_SWIR_jpg.rf.366387402b3c4e7d8524baf975051ad2.jpg,1.0
cl6dytpbv000jhg5517e1d6xy_2_FALSE_COLOR_jpg.rf.363752ee07587374dfa6cd0700232e9d.jpg,1.0
cl6ojcant004qao555opq5lio_2_FALSE_COLOR_jpg.rf.365686c22fb07c927dce778c224b60b9.jpg,1.0
cl6ok1ewy005iao556ywrdd6d_2_FALSE_COLOR_jpg.rf.360ff5094037bf7d5b10663b4cb409de.jpg,1.0
cl6kje1zy00198w55f8ld99tb_6_SWIR_jpg.rf.362bf830b32c01fe2bb2f6542f916221.jpg,1.0
cl6b7ep9100a4l455h3w9fstk_4_FALSE_COLOR__URBAN_jpg.rf.364a74d9bb063e9958bf7ce1c50860b4.jpg,1.0
cl6cgmfwp00bbl455aa650cyv_6_SWIR_jpg.rf.3644377ed77f9b4fce4dc9912410f29b.jpg,1.0
cl6b5dtwl003gl455a4x29a1d_6_SWIR_jpg.rf.3599864155121f2717e31b6ab614eb40.jpg,1.0
cl6cgazz700aol455e5vr2tge_2_FALSE_COLOR_jpg.rf.365155083caa5b85cf9651bf6e707e5d.jpg,1.0
cl6oigza00032ao5597wob75w_2_FALSE_COLOR_jpg.rf.3613f13656d40068d4d5f4abc0311e8f.jpg,1.0
cl6b6ptk6007sl45528q81uc9_6_SWIR_jpg.rf.3634f24d64b54a177738948278b605ce.jpg,1.0
cl6e2u0ix002igk555d3b0uai_6_SWIR_jpg.rf.368058a8c84911188ae7fd1bceaa6a81.jpg,1.0
cl6b08hbm000gl4558cb0emta_1_TRUE_COLOR_jpg.rf.368a811151c3280ee77b2c2756d01428.jpg,0.0
cl6ok9inm005sao55c3o80dfl_6_SWIR_jpg.rf.367540a17cc60bc0578f2e195c20886d.jpg,1.0
cl6e06umy000bgk55gkbw1ajq_6_SWIR_jpg.rf.367a905495bc2493db6dd3b9c883e690.jpg,1.0
cl6ocrb1o000aao55gcaec62b_1_TRUE_COLOR_jpg.rf.366ca60b3baf0214d08ea1112922cd11.jpg,1.0
cl6b5c6tw0036l45521p0dl9c_6_SWIR_jpg.rf.36ce4de60dec3905206704f415cca4f3.jpg,1.0
cl6e07sbz000dgk556f1cemmc_4_FALSE_COLOR__URBAN_jpg.rf.369c84072b5cc97a5358aa4b6a699703.jpg,1.0
cl6oe2d76002tao55ckxpdijl_6_SWIR_jpg.rf.3706607885f3c67fa89dc40fda0bd311.jpg,1.0
cl6b6rmls007ul455clqha4p0_2_FALSE_COLOR_jpg.rf.368eb735b3bf1fb7e3709189cd795d26.jpg,1.0
cl6ojevvt004uao55432mcnea_2_FALSE_COLOR_jpg.rf.3668ae7f7222313cda4bd548be3f427c.jpg,1.0
cl6b5yjxa005nl45516k465kb_1_TRUE_COLOR_jpg.rf.37170167b1971b1c50d3a1a385d54bd4.jpg,1.0
cl6dy9kzz0002hg55bc0s18ph_6_SWIR_jpg.rf.3712e4770d136efb3f79a9852679b0f1.jpg,1.0
cl6ltphn6002o8w55a78j55fa_2_FALSE_COLOR_jpg.rf.370ea79866ff2d773f2d3b722d054808.jpg,1.0
cl6e3cezg003lgk551giraowq_1_TRUE_COLOR_jpg.rf.368930a522a2f6acfa7ded0308b7b7b0.jpg,1.0
cl6b5bhxx0031l4557l1l8rmh_4_FALSE_COLOR__URBAN_jpg.rf.3691c8f8c1c9b4864a0d5ae6a1f4fb53.jpg,1.0
cl6b6wb2i0088l455ep6cb4cd_2_FALSE_COLOR_jpg.rf.368c76dc4639411cad22cfc1ea254430.jpg,1.0
cl6cglp1000b9l4555bzvbgqj_4_FALSE_COLOR__URBAN_jpg.rf.37052c8ac5c0a8c364752ed23a59b660.jpg,1.0
cl6kgj08y002wc455bqfpd8bd_4_FALSE_COLOR__URBAN_jpg.rf.36bc59def47edded54a1e20894ecf099.jpg,1.0
cl6b64hpf0066l4555lt3czhh_6_SWIR_jpg.rf.36d8b81a53d4cd37e7c87c1433313a9e.jpg,1.0
cl6e0ic4d000zgk55gqkieyhi_1_TRUE_COLOR_jpg.rf.36ed553e759cc86810dc4effa0db3c23.jpg,1.0
cl6cgw2be00bnl455cetv4inw_6_SWIR_jpg.rf.36c50eea15bc5e987fac59461c047455.jpg,1.0
cl6b6zaju008ll455bbu9506q_4_FALSE_COLOR__URBAN_jpg.rf.36db94df8c32b9db8af4dcb88b7323a3.jpg,1.0
cl6oplsq0007fao556ul723tq_6_SWIR_jpg.rf.369f941c20b6c33a108e2b66b92cffbc.jpg,1.0
cl6oj142t0045ao551qnd97ci_2_FALSE_COLOR_jpg.rf.36be1c43da2947ed4cb5ab71b4293f6d.jpg,1.0
cl6kjd3dd00178w550194376c_6_SWIR_jpg.rf.375233de40f94ed34d37c9594e384fa0.jpg,1.0
cl6b4ykst001sl4550amagaw5_4_FALSE_COLOR__URBAN_jpg.rf.371c53ca55ae09a3a37cf2564a4a1205.jpg,1.0
cl6b57up4002pl455ckk17uw7_1_TRUE_COLOR_jpg.rf.372eb2215df8c2aae4283bcece90a89a.jpg,1.0
cl6b0h2rs000yl4550y7ccftv_2_FALSE_COLOR_jpg.rf.373f23556099930a61036c5566d72a47.jpg,1.0
cl6ormrr6009nao55a7r8cs06_1_TRUE_COLOR_jpg.rf.372d5e00766aa39bdd2d89b8c50c8ddf.jpg,1.0
cl6ouhohh00anao55e3fn1crb_2_FALSE_COLOR_jpg.rf.37695384f65973829dbd7e1f2dc965bc.jpg,1.0
cl6kig3wf00098w556e894kgn_4_FALSE_COLOR__URBAN_jpg.rf.372a1761784618e3d6067fd8255309ba.jpg,1.0
cl6oduc5a002cao556mn91qk2_2_FALSE_COLOR_jpg.rf.376ad5dafa8f28612e8e704ba8c26ea0.jpg,1.0
cl6cgwlv800bol4557nsq5jwk_4_FALSE_COLOR__URBAN_jpg.rf.37813743b53ba7f543613b75efdd97d7.jpg,1.0
cl6ltrgqp002s8w55bwy9c5b4_2_FALSE_COLOR_jpg.rf.374dd1fd90764d61ab8fd20836ff32d0.jpg,1.0
cl6b0hhjo0010l455bbrwenrb_4_FALSE_COLOR__URBAN_jpg.rf.375fafeeb00f1556a3e37b5b77c4b674.jpg,1.0
cl6e2g24k0020gk55d7nlgq0h_4_FALSE_COLOR__URBAN_jpg.rf.37826c9782f3cacc920b11a314726d7a.jpg,1.0
cl6kgidey002uc455a3qe2ark_4_FALSE_COLOR__URBAN_jpg.rf.3787b9fbcc19939a28a110bf54c58bb3.jpg,1.0
cl6e06umy000bgk55gkbw1ajq_2_FALSE_COLOR_jpg.rf.376e9c349388d198f367f5b7f5726b5b.jpg,1.0
cl6kg12gd0022c4555fac0sms_2_FALSE_COLOR_jpg.rf.3783502d6d14e3e0065feebb51bac083.jpg,1.0
cl6b7crtk00a1l4552n2vbda4_1_TRUE_COLOR_jpg.rf.37baabd1c9ab3033b59c1deb271612ce.jpg,1.0
cl6ougd7000akao555jiq5oyz_1_TRUE_COLOR_jpg.rf.37896671bf660f453b121a8640356947.jpg,1.0
cl6odg2fc001rao557orb0ee5_4_FALSE_COLOR__URBAN_jpg.rf.37fd287d577fd3bde5806f9c658198fb.jpg,1.0
cl6chyqu800cyl455f9k363zl_6_SWIR_jpg.rf.37f576d8426801176eb72df65e7767d5.jpg,1.0
cl6b6817p006gl4558pqf3z0b_4_FALSE_COLOR__URBAN_jpg.rf.37ea227e2fe729a6aa9e212f6146be2f.jpg,1.0
cl6b6ptk6007sl45528q81uc9_2_FALSE_COLOR_jpg.rf.37fc45c8af192d367a54bd3ace3f7968.jpg,1.0
cl6ocy9ma000qao55g73m5yl6_1_TRUE_COLOR_jpg.rf.37fea6b3971ed5d33d027059f6498e03.jpg,1.0
cl6opucm6007vao553ut5eta8_6_SWIR_jpg.rf.3813fd9c394b57d564a73ce68495fa00.jpg,1.0
cl6crv14300e0l455h48eh7nr_6_SWIR_jpg.rf.37c2b3f21fb0c7c26ff020e6ae148920.jpg,1.0
cl6cpeq5000dkl455ae4qcoq2_6_SWIR_jpg.rf.37a084cd3ce93a10b67e083b124f2440.jpg,1.0
cl6cs7eox00f1l455595w1d49_2_FALSE_COLOR_jpg.rf.37fc7f75727d759a95c508744765605b.jpg,1.0
cl6oijbft0037ao558i012jhh_1_TRUE_COLOR_jpg.rf.37d2f089fff4357bb2ff47d2e9bc274c.jpg,1.0
cl6ct4zi700gvl455hd187an6_2_FALSE_COLOR_jpg.rf.381b65d5ac2bb50c456d59df9d463eb0.jpg,1.0
cl6okbxd2005yao551huyeqkl_6_SWIR_jpg.rf.380e88ee4f5b9f339fbf879a6d27bf38.jpg,1.0
cl6csy33f00ghl455gq3n5t4r_4_FALSE_COLOR__URBAN_jpg.rf.3792cd52084efb6b4d069aa91ac97854.jpg,1.0
cl6cs113t00eil4553ipt3ogj_1_TRUE_COLOR_jpg.rf.37bd0843df7754d53238e9927054aa0e.jpg,1.0
cl6okb25a005wao558pj4ejty_2_FALSE_COLOR_jpg.rf.381c944cebc96704fe9b94b9cb61185e.jpg,1.0
cl6kf9nvv000tc455gs7pbv7h_6_SWIR_jpg.rf.37d3ab409681ec9021231caa9f0df0c6.jpg,1.0
cl6ltb1wo002f8w558ocbb9ty_6_SWIR_jpg.rf.37ef04e32b3f376a0096c3da0377e06c.jpg,1.0
cl6orq40w009vao552t868lax_4_FALSE_COLOR__URBAN_jpg.rf.38352c336ee331a6cf349ad7d32e2340.jpg,1.0
cl6opthke007tao557hsthpgq_2_FALSE_COLOR_jpg.rf.38385e04764a1af4b68e5f9d97a1aa00.jpg,1.0
cl6b5l3lm0041l45509eycth4_1_TRUE_COLOR_jpg.rf.3838aff89814f4610d37f7a2b2219234.jpg,1.0
cl6kig3wf00098w556e894kgn_2_FALSE_COLOR_jpg.rf.38294742fbea9fb08bb07bd56283f0b8.jpg,1.0
cl6kj8fjf00118w55aij5h57n_6_SWIR_jpg.rf.3838e9f874e745585e5c612abe158158.jpg,1.0
cl6oujpxm00atao554qpycnsr_1_TRUE_COLOR_jpg.rf.37e6cdfd1eec6b1ec1957151f27d850f.jpg,1.0
cl6cgepys00avl455d8q7b602_1_TRUE_COLOR_jpg.rf.38393f18586dfbace9b277c42c148e6d.jpg,1.0
cl6chumom00col4556jyfb7a5_4_FALSE_COLOR__URBAN_jpg.rf.383c061507d4b20aaa7a39022effd1eb.jpg,1.0
cl6anke2i0002f055e7ht1udi_6_SWIR_jpg.rf.38405e7ee3d23b2120bb9f054af029f9.jpg,1.0
cl6ki3fbe00018w55146m86ja_4_FALSE_COLOR__URBAN_jpg.rf.383e0057296d02c18745ec1d428a1314.jpg,1.0
cl6b6op7a007ol455fvvv6g4a_4_FALSE_COLOR__URBAN_jpg.rf.3837633e431f9cb8a3395092177a08a9.jpg,1.0
cl6oqpnhu0095ao55fbos77vi_2_FALSE_COLOR_jpg.rf.3843c866fa09d7001a3a8352e90a98b7.jpg,1.0
cl6kfyj4a001wc4558emoaaeq_4_FALSE_COLOR__URBAN_jpg.rf.384f277d8a6fc5a8c77afd42d21259b6.jpg,1.0
cl6e0jkl30012gk55cttphw3u_1_TRUE_COLOR_jpg.rf.385560cd9acd909960088b275abc7498.jpg,1.0
cl6cgkn5000b6l455cg451vw6_1_TRUE_COLOR_jpg.rf.384fbe10f7c2b785ba7b7af8a9782ea1.jpg,1.0
cl6e3gza20041gk5576hgd9vg_6_SWIR_jpg.rf.3856bda48d0f0af97080ef91ab28f3a3.jpg,1.0
cl6od3yri001cao55gifvaizk_2_FALSE_COLOR_jpg.rf.385fdbba3f140951c01f12d5847a46a6.jpg,1.0
cl6oilbwz003bao55ayyaeiti_4_FALSE_COLOR__URBAN_jpg.rf.386313b8e8a797e648a8eb8da272cc94.jpg,1.0
cl6ok1ewy005iao556ywrdd6d_4_FALSE_COLOR__URBAN_jpg.rf.387997f354b26fd3618f700bd5d581e2.jpg,1.0
cl6cs4oof00eul455fdkybwbf_1_TRUE_COLOR_jpg.rf.385ed9d1ff584540d5141cb9a071e8bf.jpg,1.0
cl6e09v5e000igk55bgqi62m1_6_SWIR_jpg.rf.3872f56e7e1075410337729667d21596.jpg,0.0
cl6cstiuc00g8l4559dvy72jo_6_SWIR_jpg.rf.3887be9812999e08ba418b7c3961ad0d.jpg,1.0
cl6b6k5pu007il455f8bp9b5g_1_TRUE_COLOR_jpg.rf.386d76c21ef9b3fc532adebf3b0d8320.jpg,1.0
cl6kfe4yn0012c4556ug51m1e_6_SWIR_jpg.rf.38621cc4798e4796f05f0080e9b5d0a6.jpg,1.0
cl6cgr33o00bfl45526e3ajl1_2_FALSE_COLOR_jpg.rf.387b5cd9826a11befde0bf55f493d2cb.jpg,1.0
cl6lsukwg001t8w556kieb72f_2_FALSE_COLOR_jpg.rf.38a159b31eb00644e63b8f3b4c8a4e6d.jpg,1.0
cl6e31up4002zgk55aj7w7a0x_2_FALSE_COLOR_jpg.rf.38a1f4960e0875f22e67d40f4e0c0fae.jpg,1.0
cl6oputjf007wao55fnke0ppv_2_FALSE_COLOR_jpg.rf.38a47ec3c9f410beab63ccf546f26481.jpg,1.0
cl6b51tzw0021l455hoys6t5x_1_TRUE_COLOR_jpg.rf.38c2e953c077a56d01441cf847d2a36a.jpg,1.0
cl6kf3axb000bc45538k8b660_1_TRUE_COLOR_jpg.rf.38fed53e3a47ce7d98be97b0d9a772b0.jpg,0.0
cl6m0pnw5002y8w552btfchke_6_SWIR_jpg.rf.38b0a006bf603786d97fb0c18a5099c7.jpg,1.0
cl6anjur50001f055bzb494if_6_SWIR_jpg.rf.38e42e02871265a60872a1e6d1b616bd.jpg,1.0
cl6kfu7bi001oc455dxld1p8i_4_FALSE_COLOR__URBAN_jpg.rf.38c3c7b8f631fcc4a356f9a279103d1f.jpg,1.0
cl6ocz2a3000tao55dh2pdj1d_6_SWIR_jpg.rf.3893f59bcb42a2f64978e7d99bae1535.jpg,1.0
cl6b5itb2003wl455c6390bed_6_SWIR_jpg.rf.38bcb081577e6d435ff74862942b4ecd.jpg,1.0
cl6b6wt730089l455e7c08s4y_1_TRUE_COLOR_jpg.rf.38bdb945e7e86d7460dda8119cfdba43.jpg,1.0
cl6e3f884003ugk55b7a0bh8d_1_TRUE_COLOR_jpg.rf.3894d813c1b36fbfa1edd3b578fee4d1.jpg,1.0
cl6e05oow0008gk55ged8bdeo_6_SWIR_jpg.rf.38c28eddb8c5df22aa99d28b6f6a7b00.jpg,1.0
cl6opn2ws007hao55es3fg6b2_4_FALSE_COLOR__URBAN_jpg.rf.3905cb15da10290e13ce47ea5cc18f16.jpg,1.0
cl6e3cnqe003mgk553mcue2gv_6_SWIR_jpg.rf.393638d833d871dc79efd38bb0c2b7c8.jpg,1.0
cl6ojftwf004vao557igrc357_6_SWIR_jpg.rf.391eff04491cc113da6e194703430936.jpg,1.0
cl6b67dvg006dl455cgxl9kq8_4_FALSE_COLOR__URBAN_jpg.rf.3923e370ad89e7add72254a99c972f73.jpg,1.0
cl6kfmic20013c455dd9jcpm4_1_TRUE_COLOR_jpg.rf.3910a56b21414126c358d914104b555a.jpg,1.0
cl6aniex40000f0559xrzal6j_4_FALSE_COLOR__URBAN_jpg.rf.3941e481945c1c0b976153b49276e21c.jpg,1.0
cl6dzvdbz000yhg552dlf8c2e_4_FALSE_COLOR__URBAN_jpg.rf.39481c7b16edfc741c8d818144144b36.jpg,1.0
cl6oikmzw003aao558ooh48tf_2_FALSE_COLOR_jpg.rf.393bd35e99a2ee8433e22185a0f53269.jpg,1.0
cl6e0dbw9000pgk55cv1sgp5x_2_FALSE_COLOR_jpg.rf.3964470db527e42aab7656931c3c32fb.jpg,1.0
cl6kfsip4001jc455e11ybj3f_1_TRUE_COLOR_jpg.rf.394702f954beee7bf5db9fb3d93c3625.jpg,1.0
cl6crwyyq00e5l4558o6g9ltn_2_FALSE_COLOR_jpg.rf.3966e877982b1f98e4cf5f61acc677e1.jpg,1.0
cl6cs2r9300epl455apt67bac_2_FALSE_COLOR_jpg.rf.397168917dc38bb55cfe484ff9de1b2c.jpg,0.0
cl6kjbb3u00158w55e0y48ful_1_TRUE_COLOR_jpg.rf.396fde28f3a6ebc657cd5e218064db12.jpg,1.0
cl6okb25a005wao558pj4ejty_4_FALSE_COLOR__URBAN_jpg.rf.394c552611c5f8fa217a571da3251fc4.jpg,1.0
cl6odml2j0024ao55fld01o8f_2_FALSE_COLOR_jpg.rf.3960f5dbca68a7de74a3c971c2fe99cb.jpg,1.0
cl6ocu86l000hao5586i77xky_6_SWIR_jpg.rf.39710d40d20b382fe24b01ac1c15e7af.jpg,1.0
cl6kjgg8s001f8w55gpld4jfw_1_TRUE_COLOR_jpg.rf.39a8b875558126135fa5fd3fbadf105b.jpg,1.0
cl6oketxv0066ao558x3xekq7_2_FALSE_COLOR_jpg.rf.39822cbd4b857b0a4c1e62cbb3077d2b.jpg,1.0
cl6b5wjqa005fl4550muectqc_6_SWIR_jpg.rf.39ae993287e620579ae21fbad0d83d0c.jpg,1.0
cl6azikzm0007f055cez572lb_2_FALSE_COLOR_jpg.rf.39a9cc688bf61574c56a42704f1d5604.jpg,1.0
cl6oq5o43008lao55fwaycnl7_1_TRUE_COLOR_jpg.rf.395475fa53546f8179eef3f26fcc92a7.jpg,1.0
cl6kinecw000e8w551c8r9tyn_2_FALSE_COLOR_jpg.rf.398f821e7a0c55b25e90a54e5ad304d8.jpg,1.0
cl6csiins00fgl45562qya3h6_2_FALSE_COLOR_jpg.rf.3976c302a258b9bdd2e5d15707835c76.jpg,1.0
cl6csozke00fwl45538jlfe9v_4_FALSE_COLOR__URBAN_jpg.rf.39b7cc5c9074b4e91555d4991b1a1ead.jpg,1.0
cl6b5z6d1005ol45596rf4y2m_6_SWIR_jpg.rf.39a8315339bdd714a15fa257986e1efc.jpg,1.0
cl6odwuqk002iao555zzv0c59_2_FALSE_COLOR_jpg.rf.39eb8970079bea0bc294d5935fd93817.jpg,1.0
cl6oq3bjn008gao551ciogvom_2_FALSE_COLOR_jpg.rf.39f3818faa9a32e2841638094f2137fb.jpg,1.0
cl6ltqjke002q8w55ct7j5tel_1_TRUE_COLOR_jpg.rf.398913884ba8d0d539d31a838cdca5df.jpg,1.0
cl6odzs5e002oao55heuig0a6_4_FALSE_COLOR__URBAN_jpg.rf.39c10383ad696fc1da1294771a42d83e.jpg,1.0
cl6kivxbs000m8w55byjj0085_2_FALSE_COLOR_jpg.rf.39acb84d9a3667ce8a3e4f1a96f1855c.jpg,1.0
cl6ltche3002i8w55a3oj2dyk_6_SWIR_jpg.rf.39f6ceff2b5561ce6f2cb6522e8385f7.jpg,1.0
cl6e0dypj000qgk55gndm8q3o_1_TRUE_COLOR_jpg.rf.39d573a30d16dd4c75ac950f6346c03e.jpg,1.0
cl6ocx87y000nao554f3ig67h_4_FALSE_COLOR__URBAN_jpg.rf.39dd8d8859c037b9a3d227a9b80fea07.jpg,1.0
cl6ct3pgp00gsl455ha8uf8on_2_FALSE_COLOR_jpg.rf.39f87e1a0c7be906384ac374cd716272.jpg,1.0
cl6op6nll006lao553d190xdf_6_SWIR_jpg.rf.3a0e7747295d87a1039820ee615c295b.jpg,1.0
cl6cg8f7k00ail455g5xjf4zo_2_FALSE_COLOR_jpg.rf.3a1a20955100286fd08e501f738dde20.jpg,1.0
cl6e2kcsy002cgk5582jih4dd_6_SWIR_jpg.rf.3a3171c70926b36fbb2800f2b525224c.jpg,1.0
cl6oqvksq009bao556412da6l_4_FALSE_COLOR__URBAN_jpg.rf.3a31cb8ce5eb860320ece47b1f35c4a2.jpg,1.0
cl6cthshy00hql4559om2e79b_1_TRUE_COLOR_jpg.rf.3a5068e9225a8cb5d11b5c268787d36b.jpg,1.0
cl6oqqr8s0098ao551igt70zb_2_FALSE_COLOR_jpg.rf.3a304558021cdecbfb804b3f0e6ccc48.jpg,1.0
cl6oisavf003pao556yzob9sf_4_FALSE_COLOR__URBAN_jpg.rf.3a20be77aca3d74a48fb7c6783ab6873.jpg,1.0
cl6okbkxz005xao55cwhm56ie_4_FALSE_COLOR__URBAN_jpg.rf.3a7feee9256fd21e29a4d45be557d9d2.jpg,1.0
cl6op88w4006oao552mmn9knc_6_SWIR_jpg.rf.3a7a572743732b87029f7eeeced157e3.jpg,1.0
cl6ocohki0003ao55bnyg99kc_6_SWIR_jpg.rf.3a636a1b3be900a12c26163ad23c260d.jpg,1.0
cl6m16jg100398w5516eqah85_2_FALSE_COLOR_jpg.rf.3a88ad8971e95717bfd42244440290fe.jpg,0.0
cl6b63ehe0062l455c9mib5xv_1_TRUE_COLOR_jpg.rf.3a91104a050dadea99d3c9290530865f.jpg,1.0
cl6e2m95l002ggk55a3eefylp_2_FALSE_COLOR_jpg.rf.3adfa9a5e16db8a6b3eac2b4017d9fe6.jpg,1.0
cl6ctu9tf00ibl455cvffhm3v_1_TRUE_COLOR_jpg.rf.3b156a338dd07a28a815e330da4bbc2c.jpg,1.0
cl6chb1kq00c3l45538v16mga_6_SWIR_jpg.rf.3aeb68721eb1901f717796e90e2861e9.jpg,1.0
cl6kjjuo1001n8w55cwk28w01_1_TRUE_COLOR_jpg.rf.3ad41a6e9a4c788d01a0c5571691cd11.jpg,1.0
cl6opf8iw0073ao55fkep6nhg_1_TRUE_COLOR_jpg.rf.3b28897ffc59ad0a08aa317408a7e428.jpg,1.0
cl6e0fdc7000ugk557kzy30u6_1_TRUE_COLOR_jpg.rf.3b209808c4451509ce5125afa29b24b4.jpg,1.0
cl6kitrsd000j8w557yff59mf_1_TRUE_COLOR_jpg.rf.3afac406361178ff696ce027cf1a253c.jpg,1.0
cl6ch1am000bsl455a0381kr1_6_SWIR_jpg.rf.3b1df2479684d0939f2989bb3ea688f8.jpg,1.0
cl6oipd7x003jao55arv3e5iy_2_FALSE_COLOR_jpg.rf.3b2aec2f8f080bc7eb0e1d360ef10cdf.jpg,1.0
cl6op4t8q006jao559muv9l5l_4_FALSE_COLOR__URBAN_jpg.rf.3b0c83bb29707f46f0a5d119affc7359.jpg,1.0
cl6kgcy30002hc455hqb400gb_2_FALSE_COLOR_jpg.rf.3b2088f1d17b22684225512520035ddb.jpg,1.0
cl6cs3y0l00etl4550acr1ii1_6_SWIR_jpg.rf.3b405f1cae8f46a4d44912684f166d71.jpg,1.0
cl6b73f6l008wl455aqvvcb6n_1_TRUE_COLOR_jpg.rf.3b219bdc708cbd14d35c0e963e603e89.jpg,1.0
cl6e2zv7h002sgk55a6xy82ty_2_FALSE_COLOR_jpg.rf.3b9e022f88112c19f346e972e679c373.jpg,1.0
cl6cteplg00hkl4551scr5fko_1_TRUE_COLOR_jpg.rf.3bbcceeb746bd8b5b6aebe2487324588.jpg,1.0
cl6oq1492008dao553mjgbuun_2_FALSE_COLOR_jpg.rf.3ae2f4048c22a2798ebbac91c5f69e19.jpg,1.0
cl6oda2ew001lao557dap53ni_1_TRUE_COLOR_jpg.rf.3b99c9bc44b7c99fd5881212d2b9c534.jpg,1.0
cl6kftq9a001nc455a3108dvr_6_SWIR_jpg.rf.3bbf878f06d4d40220ab6870059a2744.jpg,1.0
cl6cgdtzy00atl4553q1cfne5_2_FALSE_COLOR_jpg.rf.3b98ff95f3bffe175e5b546e3800596f.jpg,1.0
cl6odbryt001nao55htogdny9_6_SWIR_jpg.rf.3b51a7209bcceafe13748ad4bf285b37.jpg,1.0
cl6chvqmw00crl455dq182jri_1_TRUE_COLOR_jpg.rf.3bbcc446326759e36fd90f04b72d85d9.jpg,1.0
cl6oqpnhu0095ao55fbos77vi_2_FALSE_COLOR_jpg.rf.3b986ad8c03b4d1591229342a68249a4.jpg,1.0
cl6b5qnq6004nl455160o65u9_1_TRUE_COLOR_jpg.rf.3b47212f05c217bff4f3ad651775a4e4.jpg,1.0
cl6od1ecf0012ao5568tb86hu_1_TRUE_COLOR_jpg.rf.3ad439f1ea5c44dcdadba10c31b18715.jpg,1.0
cl6cs64qm00ezl455acru4xkt_2_FALSE_COLOR_jpg.rf.3c148c0c5ecee334ca8bf5e2adb925f9.jpg,1.0
cl6kfqf04001dc45543rtgu9n_4_FALSE_COLOR__URBAN_jpg.rf.3c034734ff3a61ae090b5bb96cda3b82.jpg,1.0
cl6m17r53003b8w55c0zsgjie_6_SWIR_jpg.rf.3be457b1464b6d96526a7ecfe0390d28.jpg,1.0
cl6ch5dh200bvl4559ujea96q_6_SWIR_jpg.rf.3bf3d807cf930470ed5b38162abe66ba.jpg,1.0
cl6okam86005vao551risaw3r_2_FALSE_COLOR_jpg.rf.3c15ffd02aa46cb0fe49d29b5fec05e7.jpg,1.0
cl6b68oyb006jl4557yvt2wuy_1_TRUE_COLOR_jpg.rf.3c1cbbba1567e57d54b84098f4a1d0f5.jpg,1.0
cl6csqi8m00fzl455hbvqhcm2_6_SWIR_jpg.rf.3bd5ef504811d3d654f34b507bc4f58a.jpg,1.0
cl6crwhp200e4l455f6nf73c3_1_TRUE_COLOR_jpg.rf.3bf579ac33659a2aec9e00bc727dd39c.jpg,1.0
cl6oj1gzx0046ao5546xf9oac_4_FALSE_COLOR__URBAN_jpg.rf.3bd06e9d1c7f58e255cf206e3e8752c4.jpg,1.0
cl6e20np5001sgk555chada9l_1_TRUE_COLOR_jpg.rf.3c28d13b3a9eaad5166ac629da3097d0.jpg,1.0
cl6kfx47x001tc45578ts0yz6_6_SWIR_jpg.rf.3bfa79ba0c7797b6a4b5c5bdae140769.jpg,1.0
cl6oiiz8r0036ao55b8lt6p4l_2_FALSE_COLOR_jpg.rf.3c6ba79f2331991cebfd3488262008d1.jpg,1.0
cl6dysxe3000ihg5573nzfbsy_1_TRUE_COLOR_jpg.rf.3c0d8ddbda53584ae3e27e08bd116337.jpg,1.0
cl6cg8u0w00ajl455a3ho7vov_2_FALSE_COLOR_jpg.rf.3c6c0206721b22054c370faa9c919c69.jpg,1.0
cl6ojvzs90058ao55ddizcpuh_2_FALSE_COLOR_jpg.rf.3c43eff9aad3faa5f27660de7899da61.jpg,1.0
cl6e1pf9j001ggk55feroguvj_4_FALSE_COLOR__URBAN_jpg.rf.3c7d87d7791a9fb70671db15f4b4fbb5.jpg,1.0
cl6b6h5fo007bl455669md4vp_1_TRUE_COLOR_jpg.rf.3c7b783ef2c6f4f0b0c8ebe46409e0fe.jpg,1.0
cl6b6nafs007ml4558op181ff_1_TRUE_COLOR_jpg.rf.3c72967872bf619129e2a4b7d715ee7c.jpg,1.0
cl6e064go0009gk55e8lcflfy_6_SWIR_jpg.rf.3c224d0d64b4541c267dfb930b769f74.jpg,1.0
cl6e3cnqe003mgk553mcue2gv_2_FALSE_COLOR_jpg.rf.3bf3fabd1899bcabba559a32906d5058.jpg,1.0
cl6oqcc63008vao551jrk90jb_2_FALSE_COLOR_jpg.rf.3c45d38e36a4da2be9cc11d374b5b283.jpg,1.0
cl6oe0eoe002qao552t6i1m6g_6_SWIR_jpg.rf.3c94c474dbf42676fd12f4088ffedbaa.jpg,1.0
cl6kjdoao00188w55hr8w6a5l_4_FALSE_COLOR__URBAN_jpg.rf.3c7e20ea494b53371e0a019e08db3b9f.jpg,1.0
cl6kj9dst00148w55fw0gfc6p_2_FALSE_COLOR_jpg.rf.3c76516ecdf5c40031798df6e04da516.jpg,1.0
cl6b08qce000hl455fod5abjo_6_SWIR_jpg.rf.3c3d08f670105bb0c4a03964472f0eff.jpg,1.0
cl6b5cr7o003al455cptggjjs_1_TRUE_COLOR_jpg.rf.3c96f46c8acc0d814b2a85ae38b04b01.jpg,1.0
cl6b04dof0006l455d30k5py4_1_TRUE_COLOR_jpg.rf.3c8f86c20388d1f296536761ade6790b.jpg,1.0
cl6ch93ke00c2l4558vo85rjw_2_FALSE_COLOR_jpg.rf.3c98391993f4bcd1482952cd865bb4e7.jpg,1.0
cl6dzx0z8000zhg55h3no3zv0_1_TRUE_COLOR_jpg.rf.3b6c3cef90d52c641073f74aec7c775e.jpg,1.0
cl6op1j95006dao556gcq0ga6_1_TRUE_COLOR_jpg.rf.3c98e24f16a2169df1ea270766bc0ffd.jpg,1.0
cl6csuejr00g9l45566f93g4a_2_FALSE_COLOR_jpg.rf.3c60a2cdc90a60be76a81cd0fde47bf6.jpg,1.0
cl6kig3wf00098w556e894kgn_1_TRUE_COLOR_jpg.rf.3ca952224d5e211a97a47a276ea98292.jpg,1.0
cl6oj9ml8004jao55bfvl5xnu_6_SWIR_jpg.rf.3cabd41d143963e27c823fe9fa2d4863.jpg,1.0
cl6odgxwb001tao559phvfhb7_2_FALSE_COLOR_jpg.rf.3c9b178a4f044d16ac11fa8865c16984.jpg,1.0
cl6odkye9001yao55bl6y87ra_2_FALSE_COLOR_jpg.rf.3cc7510dec9e4a897c37bc5f40da6b7c.jpg,1.0
cl6e2hir00024gk55h2tygxjq_1_TRUE_COLOR_jpg.rf.3ca8a4671c8dded8ceada41578c8b846.jpg,0.0
cl6oq0pc4008cao550sw50jjc_6_SWIR_jpg.rf.3ceb4f6f010f9942312fda72be2cec98.jpg,1.0
cl6oplars007eao55fno41dzm_4_FALSE_COLOR__URBAN_jpg.rf.3cf29e7fda034d3553d63e43952c20b0.jpg,1.0
cl6cte7ud00hjl455f3v1es6e_6_SWIR_jpg.rf.3c9e79e5cbe2f8548bd64a72845f94bf.jpg,1.0
cl6cryqwi00e9l4557j2w0vqw_1_TRUE_COLOR_jpg.rf.3ceb5a0f82c2b583b2a3b21e61f9671a.jpg,1.0
cl6oif58n002yao5578ob9fzh_6_SWIR_jpg.rf.3cb3fecdae5912c37c3d860e23d0ee35.jpg,1.0
cl6oj9ml8004jao55bfvl5xnu_2_FALSE_COLOR_jpg.rf.3cb6c2d275d62065af7910ab5536fad9.jpg,1.0
cl6dyeg510004hg554xxs8aux_1_TRUE_COLOR_jpg.rf.3cf3030682e26ad77584e228e7a02e79.jpg,1.0
cl6b4zdn5001ul455acof1e3j_2_FALSE_COLOR_jpg.rf.3d5b5c8458285057bef1f7ba6acb27ea.jpg,1.0
cl6cskwng00fol4555eloc4nh_6_SWIR_jpg.rf.3cb171f0d833ceee511f40ed77885c6c.jpg,1.0
cl6keyw310001c4551ugx15q5_1_TRUE_COLOR_jpg.rf.3d7c9def5e9a1e454b46f4029fd60332.jpg,1.0
cl6dyxq50000nhg5571bs31g5_2_FALSE_COLOR_jpg.rf.3d735da54c4b09b9866babd3ac61290b.jpg,1.0
cl6kiers800088w554w61grpw_4_FALSE_COLOR__URBAN_jpg.rf.3cdcc481bdf3b6b4dcbd183c7a5e902a.jpg,1.0
cl6b5s1n0004ul455es9i793w_6_SWIR_jpg.rf.3d82e3a9f2ca84c156de0ac5f24e08cb.jpg,1.0
cl6cpeq5000dkl455ae4qcoq2_6_SWIR_jpg.rf.3d0a2872cac371b941c542a56f21917c.jpg,1.0
cl6oq8ags008mao55b74o6kch_2_FALSE_COLOR_jpg.rf.3d57750e6ace43289130864290734ba4.jpg,1.0
cl6m10ni200338w553m5pf9l5_1_TRUE_COLOR_jpg.rf.3d489faee4b7ff61ebe73a1f7e0d1768.jpg,1.0
cl6b0mbsn001al4551f0hdz4x_1_TRUE_COLOR_jpg.rf.3d1e9ef3d76353b82bc29a5ac9396510.jpg,1.0
cl6opfzmo0075ao55ft2tbgtg_2_FALSE_COLOR_jpg.rf.3d848d7096e6b5bc6cb4712e07168663.jpg,1.0
cl6aniex40000f0559xrzal6j_6_SWIR_jpg.rf.3cec7b8d9797e9fc65af3167f28b65c6.jpg,1.0
cl6kgm9qr002yc455g5qs87kz_4_FALSE_COLOR__URBAN_jpg.rf.3cb32ba08f1801162525f298e5920fdc.jpg,1.0
cl6cs6mgj00f0l455egwshib7_1_TRUE_COLOR_jpg.rf.3d6ac5557adb052ab54a60ef8c3f300c.jpg,1.0
cl6odge0x001sao551k414izu_4_FALSE_COLOR__URBAN_jpg.rf.3ce3fffaf4b709ada2e87663eecf5c25.jpg,1.0
cl6e2zv7h002sgk55a6xy82ty_4_FALSE_COLOR__URBAN_jpg.rf.3d88e5adb239622c05a4decaf7f43ff6.jpg,1.0
cl6ou5qcj00a3ao555mak9y55_1_TRUE_COLOR_jpg.rf.3d89ee8c1cbdee808a5d07aae0b17c16.jpg,1.0
cl6kjbb3u00158w55e0y48ful_4_FALSE_COLOR__URBAN_jpg.rf.3d9f6f8b60ae549d2e2a75173cce25da.jpg,1.0
cl6ojbzbq004pao55cdn3hl05_4_FALSE_COLOR__URBAN_jpg.rf.3d9169a33438393c819a942c336ca3b4.jpg,1.0
cl6cs0euj00egl455918xdqll_2_FALSE_COLOR_jpg.rf.3d93b4a19df30d972dc7ee39632edfb7.jpg,1.0
cl6e0fn3v000vgk55gj468vfq_2_FALSE_COLOR_jpg.rf.3de8a7756a342fa051487269ff6ddc8a.jpg,1.0
cl6oje823004tao557z2r0e1d_4_FALSE_COLOR__URBAN_jpg.rf.3daa88b1441530b36540965f6155923f.jpg,1.0
cl6csdbcu00f9l455hnwh8a4z_4_FALSE_COLOR__URBAN_jpg.rf.3dd74ac2bba950363a836ae67229935f.jpg,1.0
cl6dznlym000thg55950a4qbg_4_FALSE_COLOR__URBAN_jpg.rf.3d9e1b1876f730afce7223389c8a5f82.jpg,1.0
cl6cpiy1j00drl4557rsw5dzg_4_FALSE_COLOR__URBAN_jpg.rf.3decf496f64dc6246e9b12475f2bdace.jpg,1.0
cl6e0jb4i0011gk5501445oon_2_FALSE_COLOR_jpg.rf.3dfc585ba88a2b258f42696ceec69854.jpg,1.0
cl6kf2tq50009c455e31x91xi_1_TRUE_COLOR_jpg.rf.3dbc260f8f16ed9e01789abb3f633268.jpg,1.0
cl6b50joj0020l455h0thgx23_1_TRUE_COLOR_jpg.rf.3e0cb1e937fe80fd2229990209cd7ae3.jpg,1.0
cl6b534co0028l4557bpr4k5i_2_FALSE_COLOR_jpg.rf.3e1bdcdfb018df50c830a72506af2d35.jpg,1.0
cl6kitrsd000j8w557yff59mf_2_FALSE_COLOR_jpg.rf.3dc84fdcb47dc15e91ee972cc4ee0158.jpg,1.0
cl6ch4qyp00bul455enwie1k7_1_TRUE_COLOR_jpg.rf.3e033ad0c71e22e08172c702fc86cc7e.jpg,1.0
cl6e0ic4d000zgk55gqkieyhi_6_SWIR_jpg.rf.3dae6be4dd3c492159fac89f381e7ac4.jpg,1.0
cl6az56oy0003f05554mh92wy_4_FALSE_COLOR__URBAN_jpg.rf.3e292fd46588b8df7850d3f362ad6555.jpg,1.0
cl6e09v5e000igk55bgqi62m1_2_FALSE_COLOR_jpg.rf.3e0f57c8e99e257d0580350a68a4ced1.jpg,1.0
cl6oizoxx0041ao55csrr4whh_2_FALSE_COLOR_jpg.rf.3de02855b780b2bdaaa546baedff2c04.jpg,1.0
cl6chl1rg00cbl455e1p5cw7x_6_SWIR_jpg.rf.3dfc96d1af5b800008cea8dc31539e28.jpg,1.0
cl6ouawpa00afao55g6vh6ctt_1_TRUE_COLOR_jpg.rf.3e2dfef9720cabe4954cb557621e4883.jpg,1.0
cl6cgcj0400arl455ft6yh6hi_6_SWIR_jpg.rf.3de485d59646965794bc9e32da5323b1.jpg,1.0
cl6b6d8tg006zl455b6e3ca7q_1_TRUE_COLOR_jpg.rf.3e3b33763f70f689f09299942fdceff6.jpg,1.0
cl6cgah3400anl4554lg2hxzy_6_SWIR_jpg.rf.3e1162397c6b69aa17ddcd22d81be50a.jpg,1.0
cl6opyglh0086ao5564y69kx6_1_TRUE_COLOR_jpg.rf.3e451b1eb85b38d3c62114fb009b862b.jpg,1.0
cl6b0skkx001nl4557zd344qi_1_TRUE_COLOR_jpg.rf.3e3e5c19bf6a3b58ebf2b404a37e7ea9.jpg,1.0
cl6kgcddp002gc455ekvaehyc_6_SWIR_jpg.rf.3e4490de627c054b7ee6ff7bce5309c2.jpg,1.0
cl6b52uh70025l45570k50sh9_4_FALSE_COLOR__URBAN_jpg.rf.3db82aa4a551e503d960628e0b6346cc.jpg,1.0
cl6csiins00fgl45562qya3h6_6_SWIR_jpg.rf.3e78e102b344a43bf9586b6133f6b682.jpg,1.0
cl6oju5ai0054ao55fbrr6a1p_4_FALSE_COLOR__URBAN_jpg.rf.3e03b43ecd752a4717915782ab66e37f.jpg,1.0
cl6b7hybt00ael455dfth5qs9_1_TRUE_COLOR_jpg.rf.3e72c5725e1b894dafa7a83a4f50a111.jpg,1.0
cl6oj1gzx0046ao5546xf9oac_2_FALSE_COLOR_jpg.rf.3e5a8118f4f5a3e1e012c44ac957965e.jpg,1.0
cl6kf256r0006c455hwcv6khh_1_TRUE_COLOR_jpg.rf.3e7465f928328923e8714480e47dec58.jpg,1.0
cl6b7ep9100a4l455h3w9fstk_2_FALSE_COLOR_jpg.rf.3ebf64c68fccafbcf1cc43d6f5955cfb.jpg,1.0
cl6dygaz70006hg559adtahcs_6_SWIR_jpg.rf.3ea5da22b0c2ebf07a856ef1105439e5.jpg,1.0
cl6oigza00032ao5597wob75w_1_TRUE_COLOR_jpg.rf.3e9e8e85b5aa9c8c5e768d024f295fc6.jpg,1.0
cl6e04upl0006gk550fj7cs9u_2_FALSE_COLOR_jpg.rf.3e808499a04eb01517a54951106bc6c6.jpg,1.0
cl6kgh8cf002sc4558jry9v2p_4_FALSE_COLOR__URBAN_jpg.rf.3e8956f4231fca5b2feb764c4ef24124.jpg,1.0
cl6ltt1jq002t8w55dvaoeetg_1_TRUE_COLOR_jpg.rf.3ec5f05906f492dc31e95ef6303cea3d.jpg,1.0
cl6chm8sy00cel455ckjkfykq_1_TRUE_COLOR_jpg.rf.3ee14db0dbdabe7fa8422ffef6ab3255.jpg,1.0
cl6op40ua006hao55h2vahefn_2_FALSE_COLOR_jpg.rf.3ee4079b58f5d6c8ffa2eaa55dd0e3a2.jpg,1.0
cl6cgfb7300axl455efzk80f6_6_SWIR_jpg.rf.3e91d4bb58f0e121385457d69b31e48f.jpg,1.0
cl6cgftp700azl455a3ylbfp5_2_FALSE_COLOR_jpg.rf.3ee459da40231f69e42fb2f4b0e8a291.jpg,1.0
cl6oq8ags008mao55b74o6kch_1_TRUE_COLOR_jpg.rf.3ee7f35c2ca117d3263cee27246c8994.jpg,1.0
cl6ct07zx00gll4554jg5b8r4_1_TRUE_COLOR_jpg.rf.3f37dd58027a8282b5776824d51d466f.jpg,1.0
cl6b5myi60048l45530d5anq4_4_FALSE_COLOR__URBAN_jpg.rf.3efc6a9cce602a8aaab6803c3a05bb3f.jpg,1.0
cl6cs0lrz00ehl45590z36ae8_2_FALSE_COLOR_jpg.rf.3f26795100ef84305f893a224d188a77.jpg,1.0
cl6opvi1n007yao55cdfm04gj_1_TRUE_COLOR_jpg.rf.3ef087eeb540955644c4f92fd7a77d95.jpg,1.0
cl6chu8h100cnl4552hz21fjt_2_FALSE_COLOR_jpg.rf.3f0d5bc73d9ced85b26389743db0a7a1.jpg,1.0
cl6cszfwz00gkl45529qw979l_4_FALSE_COLOR__URBAN_jpg.rf.3f2f7d14e6d60f12d373291eab472a81.jpg,1.0
cl6opag1s006tao55h8pkceie_1_TRUE_COLOR_jpg.rf.3f518ee0144aa019d591a02508443e83.jpg,1.0
cl6m1cyzn003n8w55b05d1g7b_2_FALSE_COLOR_jpg.rf.3f29e229cb53ad0e238ed51a8d63db64.jpg,1.0
cl6kfxks1001uc455ejvhbs1y_6_SWIR_jpg.rf.3ef0213bca0736ea18bdbc85dfdb4c01.jpg,1.0
cl6e1w3mk001mgk5561ce1hn7_2_FALSE_COLOR_jpg.rf.3f718307ad938f3fea63dca24038acd1.jpg,1.0
cl6anjur50001f055bzb494if_6_SWIR_jpg.rf.3f3da1ff2afcf7a3deea3a58c450c792.jpg,1.0
cl6e34bti0037gk55gzdv0akr_1_TRUE_COLOR_jpg.rf.3f4956693bd64a20cdb45aa237a30cfb.jpg,1.0
cl6m1fco6003v8w558h0s1dhz_1_TRUE_COLOR_jpg.rf.3fa12b71da4cbed8a1282954f4bd34f6.jpg,1.0
cl6dzx0z8000zhg55h3no3zv0_2_FALSE_COLOR_jpg.rf.3f886273562f87bbf2341fc980d54551.jpg,1.0
cl6b6xnlo008dl455ft678vcm_1_TRUE_COLOR_jpg.rf.3f5a4dbdfea66915806d596c03e66b3d.jpg,1.0
cl6ojysgh005dao55c9ax3bwq_6_SWIR_jpg.rf.3fb18e4bbdb41d7e5cdc6c0fc6983588.jpg,1.0
cl6ltbirs002g8w55h4yo4v3t_1_TRUE_COLOR_jpg.rf.3f9b43160553bbb965693662506c587a.jpg,1.0
cl6csiins00fgl45562qya3h6_2_FALSE_COLOR_jpg.rf.3f9d18c8db41c3f540f644436b6b5a7f.jpg,1.0
cl6orr67o009yao552re7cwu8_2_FALSE_COLOR_jpg.rf.3f81d6e9fd9c618f354d4ef3e47d5a5a.jpg,1.0
cl6kgeqar002lc455akv50au4_2_FALSE_COLOR_jpg.rf.3f6ea1c4bd9f228ea7b9da0a21b8c88d.jpg,1.0
cl6kjm7cv001r8w55czzsenxh_2_FALSE_COLOR_jpg.rf.3fbc4b8faea61cebaf109f22eeb0f33d.jpg,1.0
cl6kibg7b00068w55cog49lxl_4_FALSE_COLOR__URBAN_jpg.rf.3f59edafa21a19fd07aba4d426c095d8.jpg,1.0
cl6oj4idn004cao558e80ezcu_4_FALSE_COLOR__URBAN_jpg.rf.3fa96870542f57182f1d9848ea3c409e.jpg,1.0
cl6opat9m006uao55hjajghn3_1_TRUE_COLOR_jpg.rf.3f4b97bac930d462df54594bcf50ad43.jpg,1.0
cl6chyqu800cyl455f9k363zl_6_SWIR_jpg.rf.3fe4441a6b453679e4611c0b4bb95aff.jpg,1.0
cl6ojwo190059ao55aqo1dfsk_2_FALSE_COLOR_jpg.rf.3fe039218a95547b2e84f73b5e664535.jpg,1.0
cl6ok8rik005rao5581r9bkn0_6_SWIR_jpg.rf.3fc05dfff0b8585fbe65a1ec46abe3c8.jpg,1.0
cl6op40ua006hao55h2vahefn_1_TRUE_COLOR_jpg.rf.3fbfb77f98540f44c88ad6da8074db2f.jpg,1.0
cl6b58mbx002sl4550bzf0gow_4_FALSE_COLOR__URBAN_jpg.rf.3fb5a31558c20c061eca9ce4322cfcf6.jpg,1.0
cl6e2dw4y001wgk5562da7pdl_4_FALSE_COLOR__URBAN_jpg.rf.3fe0beb2a762fcdc139ccc09a92d1f0c.jpg,1.0
cl6kg4imi0025c45589qy7p3i_1_TRUE_COLOR_jpg.rf.4044f9e7fabb1cc8d89d68efbf7f4bd9.jpg,1.0
cl6e0c4x3000ngk55c47nhbiz_1_TRUE_COLOR_jpg.rf.3fcac9489f61cb680de5c0e84997c572.jpg,1.0
cl6od8ws9001kao558u2r832i_2_FALSE_COLOR_jpg.rf.403073aeeb423241777777bd0682ad53.jpg,1.0
cl6csdu2700fal455982ifw90_2_FALSE_COLOR_jpg.rf.3fe0fb9817b699ef9a209c70440c50df.jpg,1.0
cl6odgxwb001tao559phvfhb7_4_FALSE_COLOR__URBAN_jpg.rf.40267997bb68b0e88f027470059e3391.jpg,1.0
cl6azt6cd0002go55f0qt1otm_2_FALSE_COLOR_jpg.rf.3fcd3a122532ad16574ba9f016696e0d.jpg,1.0
cl6kf1do50005c455dxgc4dpo_6_SWIR_jpg.rf.3fe36a5346dff0f0101c754b94b88c10.jpg,1.0
cl6cswt5400gdl4554rn2gjz9_2_FALSE_COLOR_jpg.rf.40531c78a6fbb959d5b9e2c726a5e5df.jpg,1.0
cl6ltkp8x002j8w55ede3g7qb_4_FALSE_COLOR__URBAN_jpg.rf.4054327f43bee9291aa526ae4dcf3c0a.jpg,1.0
cl6kfoffk0016c455cvxsalj2_1_TRUE_COLOR_jpg.rf.40786e23797bf6801fc715e61f0947c7.jpg,1.0
cl6b785c6009ol455chw68rq7_1_TRUE_COLOR_jpg.rf.404791a70fcefa212c0f1d98aa5fadc8.jpg,1.0
cl6ct99jl00h6l4552nabhg3g_1_TRUE_COLOR_jpg.rf.3fec7cbdff460ceec6f38c2fcf85545b.jpg,1.0
cl6ltbirs002g8w55h4yo4v3t_4_FALSE_COLOR__URBAN_jpg.rf.404485ec446e66aa8792381a9dc85e7a.jpg,1.0
cl6kf821l000nc4555y4p2rm4_4_FALSE_COLOR__URBAN_jpg.rf.3fb8e742abd6a8ea46e40d774c56dd98.jpg,1.0
cl6b5g1v8003ol455dk0o97jt_4_FALSE_COLOR__URBAN_jpg.rf.406126180d5508c5f31ccea438973c10.jpg,1.0
cl6b0mkrt001bl4550hq12i9i_1_TRUE_COLOR_jpg.rf.405c30f673c86508717f531db69b4e88.jpg,1.0
cl6cg99xj00akl4551gvp3ao5_4_FALSE_COLOR__URBAN_jpg.rf.3fec946b01f12d6dfb58bc86c6eee9c7.jpg,1.0
cl6b5cqax0039l4552c73guh6_1_TRUE_COLOR_jpg.rf.40a197de39a454c8e339b8b0d5fca20d.jpg,1.0
cl6kgfdjy002nc4551yk01nj6_2_FALSE_COLOR_jpg.rf.4094cc0e38ca2d9caff5969d3b53a1e0.jpg,1.0
cl6oje823004tao557z2r0e1d_4_FALSE_COLOR__URBAN_jpg.rf.40674c52784d00ff485c71d530b146b8.jpg,1.0
cl6oczf4b000uao559egx35g7_4_FALSE_COLOR__URBAN_jpg.rf.40ac7a19cd708b47b95ed1d8f5d626cd.jpg,1.0
cl6ltb1wo002f8w558ocbb9ty_6_SWIR_jpg.rf.40c476962d5bb3ee9545de0bc0d82316.jpg,1.0
cl6azt6c90001go55dv661od3_4_FALSE_COLOR__URBAN_jpg.rf.40930e0b2794eb5b5842c89b88fb27a1.jpg,1.0
cl6b6uyec0084l4556i8cd4f4_1_TRUE_COLOR_jpg.rf.4087eef0e60c35a3c565458f27fd8af6.jpg,1.0
cl6ok1xz8005jao55et1x9ny0_4_FALSE_COLOR__URBAN_jpg.rf.4087e3502b752c2098cf72197a0f2055.jpg,1.0
cl6lt41jh00268w55ammyc72e_6_SWIR_jpg.rf.3ff976dde18d596e4886fc82fc0b3ed0.jpg,1.0
cl6okcigf005zao55dc0wbjsx_1_TRUE_COLOR_jpg.rf.40c0665ac5918410646837f51da8bc81.jpg,1.0
cl6e30lnj002ugk558z8yabbd_1_TRUE_COLOR_jpg.rf.40b83e4905c7b75cd5734019b1616917.jpg,1.0
cl6m1ejbw003s8w556ie04d5b_1_TRUE_COLOR_jpg.rf.408acd60706adaddc490b583c283c833.jpg,0.0
cl6cgnbdj00bdl455d8vd8iqf_4_FALSE_COLOR__URBAN_jpg.rf.40c38466750a7b5b577b8ff8147aabff.jpg,1.0
cl6oqws41009dao55e9vd2yj4_6_SWIR_jpg.rf.40a1402dc1a6c6291d1d492b737151a8.jpg,1.0
cl6cpdnir00dil455c047h42h_4_FALSE_COLOR__URBAN_jpg.rf.40ae893bf80b6b95c014ab9c555780ce.jpg,1.0
cl6od6ner001fao558jrx7rsm_6_SWIR_jpg.rf.4095afb91c1934cbb1a86141508f29a3.jpg,1.0
cl6ormdvy009mao551gd3alcq_2_FALSE_COLOR_jpg.rf.408e6c2ae3dae125cbee58844df2127d.jpg,1.0
cl6oqmixz0092ao550l10dlqc_6_SWIR_jpg.rf.40d7df1b31deec8ea52bc6e681c0c80e.jpg,1.0
cl6kjhhl5001h8w55fo1v1vqs_6_SWIR_jpg.rf.40e71ee0a68f4f791dd8355d7253be2c.jpg,1.0
cl6cswt5400gdl4554rn2gjz9_1_TRUE_COLOR_jpg.rf.40d52eb9f6c6838e602785ccd276c5d0.jpg,1.0
cl6kfmic20013c455dd9jcpm4_6_SWIR_jpg.rf.40d888ba4bb1e17d0962057d4bddccaa.jpg,1.0
cl6cg6cf600agl455gtin273p_4_FALSE_COLOR__URBAN_jpg.rf.40f5f1a3d943e5c08917913210753232.jpg,1.0
cl6ok9inm005sao55c3o80dfl_2_FALSE_COLOR_jpg.rf.40fcc391d28d26801c65d31e9f61ab7b.jpg,1.0
cl6lt9ww1002d8w558t0sd31s_2_FALSE_COLOR_jpg.rf.411900703c3bb8866a8dbb78a22d73f2.jpg,1.0
cl6oqcmju008wao550c102qjq_1_TRUE_COLOR_jpg.rf.40fed1adffade9d7cd7c417b1550a017.jpg,1.0
cl6azvz950000t0552g8v22is_2_FALSE_COLOR_jpg.rf.4153c6fbb9c433b4370d7b404ffa46a0.jpg,1.0
cl6kihoi2000c8w554tjgeyre_1_TRUE_COLOR_jpg.rf.41114e7a0c90fabfb8fce42de915217e.jpg,1.0
cl6b51y140022l4551rmyafv5_4_FALSE_COLOR__URBAN_jpg.rf.40a216797ba2f49af700580e7c88753c.jpg,1.0
cl6ct07zx00gll4554jg5b8r4_6_SWIR_jpg.rf.414e1f27534e6ca3e0288cccb7b0275b.jpg,1.0
cl6kf9f45000sc455c6f9g0po_6_SWIR_jpg.rf.4146d790a2fd3ddbdfbc12b938598c0a.jpg,1.0
cl6kidboc00078w55f9rfey2b_6_SWIR_jpg.rf.413796650411596557718e4329ad1658.jpg,1.0
cl6b6s1o1007vl455511lek8y_2_FALSE_COLOR_jpg.rf.4126c4b470f3707c8cf4c647773be9cc.jpg,1.0
cl6b0cqup000ql4558m8y8a8t_6_SWIR_jpg.rf.410a548ee78a66b0353fd1a58096ee66.jpg,1.0
cl6kjhx3r001i8w550n9zd54y_2_FALSE_COLOR_jpg.rf.41771237c06e4a42f88b15f530d8c0c1.jpg,1.0
cl6e2m95l002ggk55a3eefylp_2_FALSE_COLOR_jpg.rf.41406ae91bc9b22bc7755698eaf3e0dd.jpg,1.0
cl6cs4oof00eul455fdkybwbf_1_TRUE_COLOR_jpg.rf.41632c6ba591025db4a511dbacf1a9d5.jpg,1.0
cl6oui3xy00aoao55d29e9vlz_4_FALSE_COLOR__URBAN_jpg.rf.417a48ce2f3f83cf62d4cc334948faa8.jpg,1.0
cl6ocq7n50007ao552jukcs3b_6_SWIR_jpg.rf.417a1978efbbeb2a483d086581dbd7b7.jpg,1.0
cl6oujpxm00atao554qpycnsr_2_FALSE_COLOR_jpg.rf.40eb6f882de20a0408e2913948b820b5.jpg,1.0
cl6cgw2be00bnl455cetv4inw_4_FALSE_COLOR__URBAN_jpg.rf.415b40b930eae6a185c6858a905623f1.jpg,1.0
cl6opx5vv0082ao55dx8j73xn_2_FALSE_COLOR_jpg.rf.40efd1b190368bc173592eb5238cf4a0.jpg,1.0
cl6e34bti0037gk55gzdv0akr_1_TRUE_COLOR_jpg.rf.416ba6477bd8522ed4efeee6a5b38261.jpg,1.0
cl6kjek5g001a8w5561zp7ddp_2_FALSE_COLOR_jpg.rf.416ed2d36827ba247211dae6421f9758.jpg,1.0
cl6oqpnhu0095ao55fbos77vi_6_SWIR_jpg.rf.621bf1c5a2d0d726ea72b8f0c3a7386d.jpg,1.0
cl6b5bhxx0031l4557l1l8rmh_6_SWIR_jpg.rf.621ec617bada23d16dcb74fe6e0b2f34.jpg,1.0
cl6od6ner001fao558jrx7rsm_6_SWIR_jpg.rf.62104705a98bbf56a58920199a233d21.jpg,1.0
cl6kiuz0a000l8w554itn2fmi_1_TRUE_COLOR_jpg.rf.6192b8f71e0a124d4e3bb869b60075f6.jpg,1.0
cl6kibg7b00068w55cog49lxl_6_SWIR_jpg.rf.62422a545ed50032617bd1542f1d6a2a.jpg,1.0
cl6b5s1n0004ul455es9i793w_2_FALSE_COLOR_jpg.rf.623fd817ff34c9b692106e912c64426d.jpg,1.0
cl6e32ym20033gk558fa76664_2_FALSE_COLOR_jpg.rf.61ca32a2a5286f91e8329da941ced775.jpg,1.0
cl6ormrr6009nao55a7r8cs06_6_SWIR_jpg.rf.61ed5488b1ccaf49286e2061c0e016cb.jpg,1.0
cl6cgcj0400arl455ft6yh6hi_2_FALSE_COLOR_jpg.rf.6207afaffc2bbf48ce18b91e5256df39.jpg,1.0
cl6csy33f00ghl455gq3n5t4r_1_TRUE_COLOR_jpg.rf.619234537a57cd12cfd328acf3fcb463.jpg,1.0
cl6e3jpqn0048gk558al26xi4_6_SWIR_jpg.rf.61f5686e7b02fc605175a6f1a2d33836.jpg,1.0
cl6od7f7j001hao55016b86jo_6_SWIR_jpg.rf.62450916e9b489abaf17344cffe2eed8.jpg,1.0
cl6oduu28002dao550pgs32ff_1_TRUE_COLOR_jpg.rf.61ca61b5627eedd4e562bf1549db2993.jpg,1.0
cl6e3bzkq003kgk550ppl67ww_6_SWIR_jpg.rf.623ba57481bc1aa039d7e0032e79ad49.jpg,1.0
cl6ou9hl600adao559w1qda4m_6_SWIR_jpg.rf.6207d303e2159735fbd2f7e5a7b6b938.jpg,1.0
cl6oduu28002dao550pgs32ff_1_TRUE_COLOR_jpg.rf.61a8fd43e2f1ad227b512dff606042e6.jpg,1.0
cl6ki3fbe00018w55146m86ja_2_FALSE_COLOR_jpg.rf.61e06a0122cc49e9e37e87703f1a2fe8.jpg,1.0
cl6ormdvy009mao551gd3alcq_4_FALSE_COLOR__URBAN_jpg.rf.620d308dcbc3bed19f4c6052ddaf66de.jpg,1.0
cl6b5h8hs003sl4559hmj1w9m_1_TRUE_COLOR_jpg.rf.619493a3e4b856037da8332dbc51e502.jpg,1.0
cl6chzpc400d1l455fj3y44xt_1_TRUE_COLOR_jpg.rf.61d939ff97b5fa5e5b384916df91e57c.jpg,1.0
cl6oie1ic002vao557ua5evp8_2_FALSE_COLOR_jpg.rf.621000677e34e06bb631207c1b6ba2bb.jpg,1.0
cl6e0cu5f000ogk5534kg23s9_1_TRUE_COLOR_jpg.rf.619509565f88081b58c5187ec683ac8d.jpg,1.0
cl6ch7vs700c0l4550a8j565q_2_FALSE_COLOR_jpg.rf.6180f00f4f250b16280d4dc83096d25c.jpg,1.0
cl6cgk7k600b5l455ceot4yy5_1_TRUE_COLOR_jpg.rf.61b35b67c7ec1e94729dd48d7afed7b5.jpg,1.0
cl6cii68700d6l455amco5bi5_4_FALSE_COLOR__URBAN_jpg.rf.61c6d30fbf8ca37530931d0ec0af80ad.jpg,1.0
cl6ltopha002n8w5531cg4sky_1_TRUE_COLOR_jpg.rf.624b7d5ff9340b6b60b19f25536290ea.jpg,1.0
cl6b51y140022l4551rmyafv5_2_FALSE_COLOR_jpg.rf.624a2df75c59a39d5761959e14048243.jpg,1.0
cl6b05tqy000al4556arxfkpx_2_FALSE_COLOR_jpg.rf.6246fe5fc01d07b9ba72cddb6fdc72f2.jpg,1.0
cl6b5rw90004tl4550usmc96c_1_TRUE_COLOR_jpg.rf.6263b094d7d6451352dd9ce0f3988215.jpg,0.0
cl6ct101m00gml455hllggu82_6_SWIR_jpg.rf.6269ebb9ecb2bf21699ae3106e488f87.jpg,1.0
cl6ocqy790009ao55dmfo7t3e_4_FALSE_COLOR__URBAN_jpg.rf.625a5c0acbd4549a9e225356d5dca927.jpg,1.0
cl6chw5x300csl455fwv6g4li_1_TRUE_COLOR_jpg.rf.6287b8398c86af757ba7cda06a601a45.jpg,1.0
cl6b05tqy000al4556arxfkpx_6_SWIR_jpg.rf.626e5592a7146c7d2425385c4a46d3a4.jpg,1.0
cl6cgw2be00bnl455cetv4inw_4_FALSE_COLOR__URBAN_jpg.rf.628778734b11cb44614d85071fb478b0.jpg,1.0
cl6m15k1g00378w559sqfahyu_2_FALSE_COLOR_jpg.rf.6293e8b0c0692638a4bf667be3d74d40.jpg,1.0
cl6dyf3ua0005hg555lbzak23_6_SWIR_jpg.rf.62b8ac88ba77e0335d2243f2db84e2b2.jpg,1.0
cl6ctlg9300hwl4558d9t1n71_1_TRUE_COLOR_jpg.rf.628b9c06094c29599c7f2502850069d3.jpg,1.0
cl6chmuyr00cfl455hd0u03x9_4_FALSE_COLOR__URBAN_jpg.rf.62839a60c5cc425e65812ad2560880ce.jpg,1.0
cl6cho7a000cil455fiddgkjj_4_FALSE_COLOR__URBAN_jpg.rf.62bbb8bbf6cc9fa6f8ef835a01187f53.jpg,1.0
cl6opbnv8006xao55hbpe2j2u_2_FALSE_COLOR_jpg.rf.62e0287edbdc2842afe56cb42c57a3cb.jpg,1.0
cl6b0pmvm001hl4558c7z7rzv_1_TRUE_COLOR_jpg.rf.626fcd05af4679b1878ea4551c658d0f.jpg,1.0
cl6odxshy002kao554h0tez0a_2_FALSE_COLOR_jpg.rf.62bb49bfc17a860d54eb12c3c4918554.jpg,1.0
cl6dxqd4a0000hg55axmt0iob_2_FALSE_COLOR_jpg.rf.62dfa0af538b35ca2dca37dfab5d7605.jpg,1.0
cl6od0yei0010ao55a36egny5_1_TRUE_COLOR_jpg.rf.62dc15439faaa8faa4cd366502bf537f.jpg,1.0
cl6orq40w009vao552t868lax_4_FALSE_COLOR__URBAN_jpg.rf.62d4f4e6c6ea363a4444e83fb5654cd0.jpg,1.0
cl6m10ni200338w553m5pf9l5_2_FALSE_COLOR_jpg.rf.62e744cbfe30072f5e56ad035ee2abb5.jpg,1.0
cl6ok9inm005sao55c3o80dfl_6_SWIR_jpg.rf.62e05520854bbebfa935e759d36aab5f.jpg,1.0
cl6cgdbl900asl4551u073cce_2_FALSE_COLOR_jpg.rf.63031310aa36585368dbaa6d9dd1432a.jpg,1.0
cl6kg4a1m0024c455eiyw4fqk_2_FALSE_COLOR_jpg.rf.62f667347c467d6804e99c420e20f73b.jpg,0.0
cl6b6uhzk0082l455dc5hco31_6_SWIR_jpg.rf.63362564f140399deed40f845991fd9a.jpg,1.0
cl6b5yjxa005nl45516k465kb_4_FALSE_COLOR__URBAN_jpg.rf.630a3e00166c0c5c945ebefb40ea7622.jpg,1.0
cl6ch5p4h00bwl4552zvifnwy_4_FALSE_COLOR__URBAN_jpg.rf.62d88d93e25cb30275283281ae9ee607.jpg,1.0
cl6b5itb2003wl455c6390bed_1_TRUE_COLOR_jpg.rf.6325afa9392e8869074d2a377cb96abf.jpg,1.0
cl6b58d1y002rl4558379g2db_2_FALSE_COLOR_jpg.rf.632eeccfb5b0dd9cd1b005ef3a50a59c.jpg,1.0
cl6od6ner001fao558jrx7rsm_6_SWIR_jpg.rf.63286beb8889b2178b542694b2981820.jpg,1.0
cl6kjjuo1001n8w55cwk28w01_2_FALSE_COLOR_jpg.rf.62b2fb4e74d858cf2fa38ba357971a37.jpg,1.0
cl6cgsj2300bjl4556rjk0yap_2_FALSE_COLOR_jpg.rf.634e87395cf9f830f7f8f931c0ee3cb1.jpg,1.0
cl6ch6a2n00bxl4554kqu9to4_1_TRUE_COLOR_jpg.rf.6346868d9a05f0c0761ec75f974507df.jpg,1.0
cl6cp9ucc00d8l455fzq49p99_2_FALSE_COLOR_jpg.rf.63553de9706ef003cac8e9c267c00542.jpg,1.0
cl6b748ds0092l455b1k2fidy_4_FALSE_COLOR__URBAN_jpg.rf.63546d776a05b1a1e9ae9b0a11771270.jpg,1.0
cl6oiz4yx0040ao55gbep3evs_4_FALSE_COLOR__URBAN_jpg.rf.6343d6fb6a719df1383362f504ce3a08.jpg,1.0
cl6b5q3z4004ll45585wq8rtu_6_SWIR_jpg.rf.635996e1dac5c51e3d5acf1141eddaeb.jpg,1.0
cl6csqi8m00fzl455hbvqhcm2_2_FALSE_COLOR_jpg.rf.635776c57453664542302c289ee68819.jpg,1.0
cl6ojsywi0052ao55d43z62q3_4_FALSE_COLOR__URBAN_jpg.rf.63625da23cd533c441d79cecc84591c8.jpg,1.0
cl6chw5x300csl455fwv6g4li_4_FALSE_COLOR__URBAN_jpg.rf.636daa14fd00e7426ca8582eb6cdf54b.jpg,1.0
cl6kinecw000e8w551c8r9tyn_1_TRUE_COLOR_jpg.rf.63799305b2a13bcc84bb24fdbd31b24d.jpg,1.0
cl6odhcaj001uao552i9j0ykn_1_TRUE_COLOR_jpg.rf.6390a0c5fd662df3b64c5e39241cd17b.jpg,1.0
cl6kfz1rf001yc45571zv9cp7_2_FALSE_COLOR_jpg.rf.636f580e6b5355c4582d686554197fd3.jpg,1.0
cl6b6zaju008ll455bbu9506q_1_TRUE_COLOR_jpg.rf.63ba8516c6ea48384877674881d58852.jpg,1.0
cl6kf3j6a000cc455a7ny9xom_2_FALSE_COLOR_jpg.rf.63c0146d910190ffa76e1675a3e1049b.jpg,1.0
cl6ltqxhj002r8w553as9ee8t_4_FALSE_COLOR__URBAN_jpg.rf.638baff02656d2381fc4e0fca46fa1f2.jpg,1.0
cl6kfpnu6001ac4551zdx0uev_1_TRUE_COLOR_jpg.rf.63952d712fc701223ba1c554b97beeed.jpg,1.0
cl6oixxvs003yao555nvw8ao1_4_FALSE_COLOR__URBAN_jpg.rf.63719bbdc8588c544cf6897176f41c77.jpg,1.0
cl6b76n2v009fl455ajbx914d_4_FALSE_COLOR__URBAN_jpg.rf.63c0d0de1d7eca04c9c1f69728310ba9.jpg,1.0
cl6kj5qso000r8w55f5o100o0_1_TRUE_COLOR_jpg.rf.6391b2daa47d48df3b86979f6a321636.jpg,1.0
cl6b7fkmx00a7l455d75h2co1_2_FALSE_COLOR_jpg.rf.6395cbdba3c4e02d8e99ff1a21c7f47f.jpg,1.0
cl6lsukwg001t8w556kieb72f_2_FALSE_COLOR_jpg.rf.638d0174ef52bb7f3ea175701aeb0df3.jpg,1.0
cl6oujzw400auao55d5qwbeah_4_FALSE_COLOR__URBAN_jpg.rf.63edb506bfc51a224ce1003730bef719.jpg,1.0
cl6ojdk5a004rao550wcq79f3_1_TRUE_COLOR_jpg.rf.6380452cbee8918a1f2c049f41cf3cbf.jpg,1.0
cl6ctopvo00i4l455cgtw30dd_1_TRUE_COLOR_jpg.rf.63b063d33c863d76f8c5e5cb1a044995.jpg,1.0
cl6kidboc00078w55f9rfey2b_2_FALSE_COLOR_jpg.rf.63c5a5cf8f8b2e9ad55d96ab5e884e3c.jpg,1.0
cl6cpb4b500dbl45509b2egsu_2_FALSE_COLOR_jpg.rf.63f82a7b29dd6f822cb3b2aaf764393a.jpg,1.0
cl6opowct007kao55518p0qp4_6_SWIR_jpg.rf.63706aa6d144592f475e8770db4df626.jpg,1.0
cl6kfpnu6001ac4551zdx0uev_6_SWIR_jpg.rf.63f2ff4be56382fd4a6f32f4a6acd5df.jpg,1.0
cl6opag1s006tao55h8pkceie_4_FALSE_COLOR__URBAN_jpg.rf.63c571113e6c342c5ad65ecd7be106aa.jpg,1.0
cl6ok56zt005mao55cmacfcg4_2_FALSE_COLOR_jpg.rf.63fff09a0fb6b82eb757422fd96ccb18.jpg,1.0
cl6oppm12007lao555f2r38iz_4_FALSE_COLOR__URBAN_jpg.rf.63a726a9eede01c5624f10d29257ebfb.jpg,1.0
cl6kf5xzo000gc4552qc8hhcc_6_SWIR_jpg.rf.63da5002435a014d7a24a0240d155839.jpg,1.0
cl6cssfer00g4l455g2wbecis_6_SWIR_jpg.rf.64070acc1c81e0a494abe560dba612a3.jpg,1.0
cl6oieqtk002xao5545u415h6_4_FALSE_COLOR__URBAN_jpg.rf.6404db2e0c0bba11210aeb6a42f8746c.jpg,1.0
cl6od2qvz0018ao55hk1af8ha_2_FALSE_COLOR_jpg.rf.63f1254285f9fb4f4185b52d12b225a8.jpg,1.0
cl6ou6f7u00a5ao55h96m1hvj_1_TRUE_COLOR_jpg.rf.640d5ccea14d638ff7f3a9aa94fac8e6.jpg,1.0
cl6kg2ozz0023c455byeq4ye9_1_TRUE_COLOR_jpg.rf.63e1c8a188b0cab9181653a27489f5e4.jpg,1.0
cl6m0w1nh002z8w558do5f7ar_2_FALSE_COLOR_jpg.rf.643141e84e452cf5ac5306d061fef873.jpg,1.0
cl6cgi18y00b4l455dvo73gk3_4_FALSE_COLOR__URBAN_jpg.rf.6429b1442416c95409250d074d4f544c.jpg,1.0
cl6ocz2a3000tao55dh2pdj1d_4_FALSE_COLOR__URBAN_jpg.rf.644e14ad2d6e019f4f29935180aa9c94.jpg,1.0
cl6b029x70000l4556t6r3w8m_1_TRUE_COLOR_jpg.rf.646f57a365e7c8afabf6a621a142a196.jpg,1.0
cl6kivxbs000m8w55byjj0085_1_TRUE_COLOR_jpg.rf.6427fa0a42299d2855708629661943e0.jpg,1.0
cl6odml2j0024ao55fld01o8f_1_TRUE_COLOR_jpg.rf.640fca292053aea1e1ccbab2928bfa30.jpg,1.0
cl6cgmfwp00bbl455aa650cyv_2_FALSE_COLOR_jpg.rf.644de16eae1c4e2a012d19cfc84fb4fa.jpg,1.0
cl6oj45gi004bao550n8cfkqx_4_FALSE_COLOR__URBAN_jpg.rf.645f8beef02955240cbc0cb06573b71b.jpg,1.0
cl6cpha7s00dpl4559lpahzmn_6_SWIR_jpg.rf.646ad8989447571dd153aed3380383a0.jpg,1.0
cl6kitrsd000j8w557yff59mf_2_FALSE_COLOR_jpg.rf.6440d306801c1fceb1dee8830e58236f.jpg,1.0
cl6ojbzbq004pao55cdn3hl05_2_FALSE_COLOR_jpg.rf.6415cd0a5622b45c7f2cc13f1494c162.jpg,1.0
cl6b0blqb000nl455c1ul13y1_1_TRUE_COLOR_jpg.rf.6465697507bca0b164325b0a02c028e6.jpg,1.0
cl6oujzw400auao55d5qwbeah_1_TRUE_COLOR_jpg.rf.644cd6d72d3025345972abb308aacbac.jpg,1.0
cl6ct2hu900grl455hdde142n_6_SWIR_jpg.rf.6474ac59154377b27a1ff6b84549b9fc.jpg,1.0
cl6op3smm006gao55ea02ba3u_4_FALSE_COLOR__URBAN_jpg.rf.646cbaadb25143029096f31afe06cb1d.jpg,1.0
cl6oui3xy00aoao55d29e9vlz_1_TRUE_COLOR_jpg.rf.6499cf386f46111b0ea609c68f767527.jpg,1.0
cl6opv5oo007xao553de9g7wd_4_FALSE_COLOR__URBAN_jpg.rf.64740938df56cd8ca030f0e751b142a6.jpg,1.0
cl6b6l171007kl4552zfu0hh5_4_FALSE_COLOR__URBAN_jpg.rf.648a86998f79d7363821796fb2782d42.jpg,1.0
cl6csrtfm00g2l455becnfxr8_2_FALSE_COLOR_jpg.rf.6475c471fd9689b0a806190587a84cf9.jpg,1.0
cl6m1gm78003z8w553teegbzw_1_TRUE_COLOR_jpg.rf.64c9a0a7250f630fe0f195161675bb82.jpg,1.0
cl6e3d4oq003ngk55d297d2jb_6_SWIR_jpg.rf.64b10b45d8097abd0ef9c2cd8a4fe6ba.jpg,1.0
cl6opk4x8007bao55eu7bc5vk_6_SWIR_jpg.rf.64d877f4bce27f08a4d0d4b746cf4fed.jpg,1.0
cl6b035dn0002l455hbmqcima_6_SWIR_jpg.rf.647191cbc579f32c00cd044875970025.jpg,1.0
cl6ojowwz004yao55hvwldnc2_1_TRUE_COLOR_jpg.rf.64ae6908956239f0b4d92d925568b8a4.jpg,1.0
cl6chyqu800cyl455f9k363zl_1_TRUE_COLOR_jpg.rf.64d2321402cd0b0b4e85cbe1810495c8.jpg,1.0
cl6op9m80006sao552sp0bgyl_6_SWIR_jpg.rf.642e91f1663c93cabbee0b7bf2857975.jpg,1.0
cl6kj6jxg000u8w559s9eb5je_1_TRUE_COLOR_jpg.rf.652975a1c5c67bac48cea7a39eee61de.jpg,0.0
cl6kgbl9x002dc4559jl8blf8_1_TRUE_COLOR_jpg.rf.651dcf1aeb177c762b4b6a9f7205f84e.jpg,1.0
cl6oq1492008dao553mjgbuun_6_SWIR_jpg.rf.64f2ef1be7f63689acfa3037ab3c412f.jpg,1.0
cl6ope5pm0070ao55c3fo01he_4_FALSE_COLOR__URBAN_jpg.rf.652a516354bae37303ce2be282eb7065.jpg,1.0
cl6kibg7b00068w55cog49lxl_2_FALSE_COLOR_jpg.rf.6554f84b9d627018de2190392db87bec.jpg,1.0
cl6ct101m00gml455hllggu82_1_TRUE_COLOR_jpg.rf.652f4e20c64291b586f2b7f5b7e7c84a.jpg,1.0
cl6b50joj0020l455h0thgx23_4_FALSE_COLOR__URBAN_jpg.rf.64b7498326f27830a39df6ce30e1ba6c.jpg,1.0
cl6b79f3e009vl455hmyk8e9e_4_FALSE_COLOR__URBAN_jpg.rf.657c9a0144260c7783b24a9cd1a4a1d7.jpg,1.0
cl6b5u0en0054l4551vpacdoj_1_TRUE_COLOR_jpg.rf.65835b8ff0e549056f28c3a2ed203a33.jpg,1.0
cl6kg4imi0025c45589qy7p3i_1_TRUE_COLOR_jpg.rf.6589a13812a525b03233f1fff9fd4606.jpg,1.0
cl6b0okeb001fl455fgue1wrj_6_SWIR_jpg.rf.658f5c05724cf7773cba571a2b25a7b0.jpg,1.0
cl6cgr33o00bfl45526e3ajl1_1_TRUE_COLOR_jpg.rf.65bd9fb7fea24feb9419e62639f07fef.jpg,1.0
cl6kj4ybe000p8w554ytea5li_6_SWIR_jpg.rf.6596e69354c87e555d9d5aec48df673c.jpg,1.0
cl6e2edx3001ygk554c0h3ubb_2_FALSE_COLOR_jpg.rf.66257953198dd22471ef0e75a78d4ec7.jpg,1.0
cl6m1j54d00438w55fkud4oug_1_TRUE_COLOR_jpg.rf.660224cc1a9599498efa0c95606a6a1f.jpg,1.0
cl6b0p3i7001gl455h7p6b9g1_4_FALSE_COLOR__URBAN_jpg.rf.660f1891d65f0f21074f1746f2559190.jpg,1.0
cl6ocpfa50005ao55f4xb2vkl_1_TRUE_COLOR_jpg.rf.6627da002eb1330552ff14668a195378.jpg,1.0
cl6opfjg40074ao557e3g3skn_2_FALSE_COLOR_jpg.rf.65d0c8d5c0dd6bdc6cdc98057221138b.jpg,1.0
cl6b5ecvf003il4553uxr0pcp_2_FALSE_COLOR_jpg.rf.650c502ad73d9307202d2235a9e1d585.jpg,1.0
cl6ops2eo007sao551s7xen90_6_SWIR_jpg.rf.661992d7b1522ffed89dd782593aee32.jpg,1.0
cl6oketxv0066ao558x3xekq7_4_FALSE_COLOR__URBAN_jpg.rf.66421c235db9213d62b1c87cf2067e0c.jpg,1.0
cl6cgdtzy00atl4553q1cfne5_4_FALSE_COLOR__URBAN_jpg.rf.65ee8e3cd090779444c56decd8e66a19.jpg,1.0
cl6kg9h8h0028c455at8u1fb4_2_FALSE_COLOR_jpg.rf.6608fc67c5ba714b0a3af79185e8115d.jpg,1.0
cl6ooxizh0068ao55h1l3hrim_2_FALSE_COLOR_jpg.rf.6624f063298e66dc8b1853c0865f3e18.jpg,1.0
cl6kf1do50005c455dxgc4dpo_1_TRUE_COLOR_jpg.rf.65f2f035930f6b2e49c5e37ae8f778f5.jpg,1.0
cl6b6tta10081l455gz1y3eys_6_SWIR_jpg.rf.66578b6b0325aa26ca0abe37454d4dad.jpg,1.0
cl6dxzwc50001hg550uejeken_4_FALSE_COLOR__URBAN_jpg.rf.65f997e503a6d49e6aa804396bc25003.jpg,1.0
cl6ok86rg005qao552r1p86s0_4_FALSE_COLOR__URBAN_jpg.rf.65c56887a862e14f294b500d34f6a46b.jpg,1.0
cl6m0whp000308w555xk5cwij_6_SWIR_jpg.rf.65c97c2a72f962bb26ce17c6d27f4ba0.jpg,1.0
cl6crspfd00dul455d42h7xbn_1_TRUE_COLOR_jpg.rf.665a3e2e68c9e45ac3a55b4785ffbbf6.jpg,1.0
cl6e1nvfl001egk556fa6giz7_1_TRUE_COLOR_jpg.rf.665bf1194c17bc03c6fa8d3620888f17.jpg,1.0
cl6e06h37000agk55e1m39xvy_2_FALSE_COLOR_jpg.rf.666a6fcbf2605f40996c254cfb1ab7dd.jpg,1.0
cl6m162oq00388w554vzpgu70_1_TRUE_COLOR_jpg.rf.6637aa30ebe1c2aa4520d5b455f60fe6.jpg,1.0
cl6e0gykm000wgk551za948b3_6_SWIR_jpg.rf.65b7fd07a36d105e1c32950a0292a7af.jpg,1.0
cl6e2zv7h002sgk55a6xy82ty_6_SWIR_jpg.rf.65801a6cd34c605de9add04266b7c0a8.jpg,1.0
cl6kft9sm001lc4558tfj4yjn_6_SWIR_jpg.rf.663abd5969a84cd6ba84369f751091d8.jpg,1.0
cl6cpjjol00dsl45581fhfrm9_1_TRUE_COLOR_jpg.rf.66612257d0ba3bcd7e94f0904f686eae.jpg,1.0
cl6e0kgem0014gk55cl4692g7_4_FALSE_COLOR__URBAN_jpg.rf.66769ee177bf15550d9a3e42dbd36abc.jpg,1.0
cl6crv14300e0l455h48eh7nr_6_SWIR_jpg.rf.665f0254eccd49b5123c4e7b7dd1182c.jpg,1.0
cl6ki3fbe00018w55146m86ja_6_SWIR_jpg.rf.66800744c8e2e5866e4f21bcfab54d7e.jpg,1.0
cl6kiw7u3000n8w555peaa411_6_SWIR_jpg.rf.667aa5243fb5d76aaed86cfa92e73b2d.jpg,1.0
cl6cgcj0400arl455ft6yh6hi_2_FALSE_COLOR_jpg.rf.6682ec621f831787c04cb4aace10fe04.jpg,1.0
cl6kfu7bi001oc455dxld1p8i_6_SWIR_jpg.rf.66a9b12fd2f245dac816c892ef572940.jpg,1.0
cl6kgnh9k0030c455dtnabosj_2_FALSE_COLOR_jpg.rf.6690a6566d8a55418a578200520f9436.jpg,1.0
cl6cpfs8q00dml4554w0t2f82_6_SWIR_jpg.rf.669e4264c7b19210189e6b4ae4d724ff.jpg,1.0
cl6cgdtzy00atl4553q1cfne5_6_SWIR_jpg.rf.66abf24203ea6d5048c217326e0f9073.jpg,1.0
cl6e2k2rw002bgk55fzl4eqi8_1_TRUE_COLOR_jpg.rf.66c46c8307ca6241d10b1b721e6d1411.jpg,1.0
cl6e2iblt0026gk558bnw6716_1_TRUE_COLOR_jpg.rf.66bc6a227357d19e6625dea00e35fe0d.jpg,1.0
cl6cs2r9300epl455apt67bac_2_FALSE_COLOR_jpg.rf.668f40378bf98c9c4608a3ab628d55d8.jpg,0.0
cl6b7f8ys00a6l4550hw509f9_2_FALSE_COLOR_jpg.rf.669968126f0ef87bb7bcd615e9058843.jpg,1.0
cl6dzzjvo0010hg552jj7ae4b_1_TRUE_COLOR_jpg.rf.66dec25a0d3ad99cce6d40d5963b37a0.jpg,1.0
cl6ocx87y000nao554f3ig67h_6_SWIR_jpg.rf.66fa256301903f61aa1da7158cfe5bbd.jpg,1.0
cl6cpbspp00ddl455cdn2h2ov_4_FALSE_COLOR__URBAN_jpg.rf.6722ad87e4f6e4a5dd6730dbc18e2e54.jpg,1.0
cl6crvsiz00e2l4554s22ay6f_1_TRUE_COLOR_jpg.rf.66d566c97bc888f70b4d6398ffdc17ef.jpg,1.0
cl6e1icq8001agk55c0pe3e5b_2_FALSE_COLOR_jpg.rf.66f8773888d8eea5a30ef0e838800368.jpg,1.0
cl6m1fco6003v8w558h0s1dhz_4_FALSE_COLOR__URBAN_jpg.rf.66f080201ebbc9f894932e71626790f3.jpg,1.0
cl6opgi3y0076ao555l7p203p_1_TRUE_COLOR_jpg.rf.67134e3c8bb62719282a12be33a36072.jpg,1.0
cl6b5cyyr003bl455dl3u1ojd_6_SWIR_jpg.rf.6716a3b69f830be624e0d28c399be55f.jpg,1.0
cl6oduc5a002cao556mn91qk2_4_FALSE_COLOR__URBAN_jpg.rf.67273af637d0797b357dd3c563d538af.jpg,1.0
cl6cpgf7u00dnl455327713eo_1_TRUE_COLOR_jpg.rf.672ae425606fdcec87b2a78eb445a6ca.jpg,1.0
cl6dyzssv000ohg551n0rdanu_4_FALSE_COLOR__URBAN_jpg.rf.66c9bbef19fe61859973613321400860.jpg,1.0
cl6b6bl97006ul4559f34hfxc_1_TRUE_COLOR_jpg.rf.66f6c580c4975125a75799832eaa12b0.jpg,1.0
cl6b6y36r008gl4559z723z25_2_FALSE_COLOR_jpg.rf.673e1827bfa9cee3b471d150922012cb.jpg,1.0
cl6b7fkmx00a7l455d75h2co1_2_FALSE_COLOR_jpg.rf.6736a0d0edf31775a5746c6801d0c8c2.jpg,1.0
cl6m1cyzn003n8w55b05d1g7b_1_TRUE_COLOR_jpg.rf.6743ff68aa9f7dd02250407b0d0aad0b.jpg,1.0
cl6cpjjol00dsl45581fhfrm9_1_TRUE_COLOR_jpg.rf.668cbd619e9674174a375441187aea50.jpg,1.0
cl6lt6ipg00288w55ee7scu7b_1_TRUE_COLOR_jpg.rf.6724036eebe5ca5af51300b24e89d15b.jpg,1.0
cl6b5s1n0004ul455es9i793w_1_TRUE_COLOR_jpg.rf.675269e8cc77443e4996cba897fb190c.jpg,1.0
cl6lto1fw002l8w55052sbhvh_2_FALSE_COLOR_jpg.rf.676ed4dbc78e5ca6c7775250803c797a.jpg,1.0
cl6kez8j70002c455axv68ulf_4_FALSE_COLOR__URBAN_jpg.rf.6766f4a20e7357b5ad829e04dbe874aa.jpg,1.0
cl6ocn0yw0001ao55850zb04a_6_SWIR_jpg.rf.674ef41f64489b926449a52e67d6ff89.jpg,1.0
cl6dyxq50000nhg5571bs31g5_2_FALSE_COLOR_jpg.rf.67509e8fd30f67b6b014f04bfd2f9fe7.jpg,1.0
cl6cs5j5d00exl455afqp4ysw_1_TRUE_COLOR_jpg.rf.67a46ee5c010e2d616f4f625b519c784.jpg,1.0
cl6ou7gn700a8ao551bbh5gaq_4_FALSE_COLOR__URBAN_jpg.rf.67a0aa15cf45643b9e301891472b69ab.jpg,1.0
cl6cglp1000b9l4555bzvbgqj_6_SWIR_jpg.rf.67abde55bf8e2ee061333bbe1275902b.jpg,1.0
cl6b63m6b0063l4556zdoe0cc_6_SWIR_jpg.rf.679256eae323242b1b03df5f81c5cee6.jpg,1.0
cl6chiqvr00c6l455cbe1ekdo_6_SWIR_jpg.rf.67bb5665a56b7f1156ecf4ec057c06f9.jpg,1.0
cl6e2gfi00021gk55fq9pdi07_4_FALSE_COLOR__URBAN_jpg.rf.67c7017f0967fadb1b6311dea1efbfad.jpg,1.0
cl6ocsssy000eao55ep2v2ijm_4_FALSE_COLOR__URBAN_jpg.rf.67c0165e4799ae02a1772e3e664ef0c5.jpg,1.0
cl6op4gc1006iao556h8zbu0e_6_SWIR_jpg.rf.66e2e313e053ede7264f96111b91dc52.jpg,1.0
cl6m1i65g00428w55dj3h5btk_4_FALSE_COLOR__URBAN_jpg.rf.677102602b283c7734a7dc5b35801b81.jpg,1.0
cl6oq5emc008kao557aa7arvw_1_TRUE_COLOR_jpg.rf.677a2145bb07a347f1d4a1347feff51c.jpg,1.0
cl6oumfkb00b0ao556enkcct1_6_SWIR_jpg.rf.67d153d8dbf5b61939b44043beef57ca.jpg,1.0
cl6ojo12l004wao55btps0rwg_2_FALSE_COLOR_jpg.rf.67a8c7d6a4a061b743b4c38bb539e048.jpg,1.0
cl6ltqxhj002r8w553as9ee8t_4_FALSE_COLOR__URBAN_jpg.rf.67dc3dd8dd7f630566e68c4508902df6.jpg,1.0
cl6b0ll6o0018l455c1kcgegf_4_FALSE_COLOR__URBAN_jpg.rf.67c4d1b4a23230ae4e56e828961321e7.jpg,1.0
cl6okam86005vao551risaw3r_2_FALSE_COLOR_jpg.rf.679cd7184f3fc2ae1446f65d8818ba58.jpg,1.0
cl6opv5oo007xao553de9g7wd_2_FALSE_COLOR_jpg.rf.67819a0def0251314993b44156fe9f3f.jpg,1.0
cl6oj3e9z0049ao5543571do7_4_FALSE_COLOR__URBAN_jpg.rf.680cd57a476461753e5c365fcc63c6a9.jpg,1.0
cl6dyvvvc000lhg5533xc480w_1_TRUE_COLOR_jpg.rf.682046d5d8535e74c5f809354c0ee511.jpg,1.0
cl6b029x70000l4556t6r3w8m_4_FALSE_COLOR__URBAN_jpg.rf.6833ea9bbaad2f1d258b4659d29b668e.jpg,1.0
cl6ocsssy000eao55ep2v2ijm_1_TRUE_COLOR_jpg.rf.680d837e8c0d10890a46aa1a95e07e3f.jpg,1.0
cl6b5s1n0004ul455es9i793w_2_FALSE_COLOR_jpg.rf.67944ff4e05df52c47fcae8f5c7177de.jpg,1.0
cl6m1ebtk003r8w557razf73c_4_FALSE_COLOR__URBAN_jpg.rf.682a1ac13c25b940eb212c9441aa33d2.jpg,1.0
cl6e1nvfl001egk556fa6giz7_2_FALSE_COLOR_jpg.rf.684c0e4079353cc915713f3b2c058042.jpg,1.0
cl6ou8fz600abao5561sobj5z_2_FALSE_COLOR_jpg.rf.68047777bd03e654c12c0575592893c7.jpg,1.0
cl6ojysgh005dao55c9ax3bwq_4_FALSE_COLOR__URBAN_jpg.rf.67be93591182ddb8a5704f502dcb6dc0.jpg,1.0
cl6chqhwl00cll4558hnj0glz_6_SWIR_jpg.rf.67f9cf70ed09a8909f27e92ccc041b86.jpg,1.0
cl6chjmg800c8l4551fu3ef4x_6_SWIR_jpg.rf.66a390f66fd92cfb4f55ee1a0f40b661.jpg,1.0
cl6ct5pk300gxl4559vdtfjz2_6_SWIR_jpg.rf.686c1ca1c1a68db00008b0225f281b3c.jpg,1.0
cl6csygqn00gil4554ynr4r8a_2_FALSE_COLOR_jpg.rf.684318cc7fa1b7e0951e19119462c8e7.jpg,1.0
cl6oukdcw00avao555gp1h971_6_SWIR_jpg.rf.68754fc295e55ad116a08b447ef3f353.jpg,1.0
cl6e0l3x90015gk55eki43b8w_4_FALSE_COLOR__URBAN_jpg.rf.67f5ae45e8e02b7463b1a97e4c7e46be.jpg,1.0
cl6b7640j009bl455ash2ahqi_2_FALSE_COLOR_jpg.rf.68103c021d250e70e094241b111ab429.jpg,1.0
cl6ocrb1o000aao55gcaec62b_2_FALSE_COLOR_jpg.rf.688dce1679b7e7174b2aac9dbc108e50.jpg,1.0
cl6kgh8cf002sc4558jry9v2p_4_FALSE_COLOR__URBAN_jpg.rf.68759a6d5b11e11bc2848869e707abae.jpg,1.0
cl6b7h2v400abl455fnnxfm2z_1_TRUE_COLOR_jpg.rf.68238676537bf7fca03a8d50a5b8bde0.jpg,1.0
cl6oqqr8s0098ao551igt70zb_2_FALSE_COLOR_jpg.rf.684888912370434466e57f8ab852d2d5.jpg,1.0
cl6oix6p8003xao558gep7jfa_6_SWIR_jpg.rf.68671a623999ba6b285c63e4ef0db165.jpg,1.0
cl6odml2j0024ao55fld01o8f_4_FALSE_COLOR__URBAN_jpg.rf.68981d00a1389bed576cd7c75633b6d9.jpg,1.0
cl6b6fb550077l455eud74h5q_1_TRUE_COLOR_jpg.rf.682a12a8f27a050f28c2522815550aa8.jpg,1.0
cl6ok1xz8005jao55et1x9ny0_1_TRUE_COLOR_jpg.rf.688cbb653730370cd0af117736d8458e.jpg,1.0
cl6cscffu00f8l455eoct9jzq_1_TRUE_COLOR_jpg.rf.689955af1c2dd9e7fa7c9c25d191a563.jpg,1.0
cl6kfa8f2000vc45526s9431c_4_FALSE_COLOR__URBAN_jpg.rf.68ebf3d5e404dca1ab80cb2111df5340.jpg,1.0
cl6kf7tlh000mc4553at3gkgd_1_TRUE_COLOR_jpg.rf.68a68268eacb69dfa89c6aac282d1122.jpg,1.0
cl6odm3oj0023ao55641s046f_1_TRUE_COLOR_jpg.rf.68ce2c0f8ce8be55891ff7573222c0f6.jpg,1.0
cl6b0blqb000nl455c1ul13y1_1_TRUE_COLOR_jpg.rf.68f8ce5807a0c9cd0c2335be2998d8f6.jpg,1.0
cl6e0j0t90010gk557b525asz_1_TRUE_COLOR_jpg.rf.68cc4f2485b94b8924ba66f930dd9acc.jpg,1.0
cl6odvq2g002fao558rvf8tfd_2_FALSE_COLOR_jpg.rf.68fa3e8e045403dd43282bb84c649d7c.jpg,1.0
cl6cpgf7u00dnl455327713eo_1_TRUE_COLOR_jpg.rf.68cbcc0ee9dc5db283e12fcdccc1670f.jpg,1.0
cl6kjh3l1001g8w55b15o5lsc_4_FALSE_COLOR__URBAN_jpg.rf.68c9ac40791190d386c08eaa1faae5a2.jpg,1.0
cl6oq2n1i008fao551fa07saw_1_TRUE_COLOR_jpg.rf.6926df841e894d0e5710fe6eef532efa.jpg,1.0
cl6ocrb1o000aao55gcaec62b_4_FALSE_COLOR__URBAN_jpg.rf.68df27381b1cc9b5f5c58ec93056aaa4.jpg,1.0
cl6lt9lyv002c8w55dnyheafs_2_FALSE_COLOR_jpg.rf.69335d2e25afe2366bcfbb9738993787.jpg,1.0
cl6cglp1000b9l4555bzvbgqj_2_FALSE_COLOR_jpg.rf.693252b1158c2d3e5a32b7db89630e08.jpg,1.0
cl6oig6yp0030ao55grdefh8e_6_SWIR_jpg.rf.69335de07a2377e86a23080e5b3b74b5.jpg,1.0
cl6b0dcgw000tl4553dj16rm5_2_FALSE_COLOR_jpg.rf.68b81e93a10f476c2adb597b099022b7.jpg,1.0
cl6ci1hel00d4l4557row61tz_6_SWIR_jpg.rf.68c52e93ba205f90b598c918cb227f1b.jpg,1.0
cl6e3hmo90042gk550afsdsxy_4_FALSE_COLOR__URBAN_jpg.rf.694bc7369e5f2b10a83e1f2c308d6a88.jpg,1.0
cl6ch93ke00c2l4558vo85rjw_1_TRUE_COLOR_jpg.rf.68e96257785fbfe79254ebc37e27cf53.jpg,1.0
cl6od0yei0010ao55a36egny5_1_TRUE_COLOR_jpg.rf.694add8e4e23c1a468342c888808e0e4.jpg,1.0
cl6opr2a8007pao556ffeh9fl_4_FALSE_COLOR__URBAN_jpg.rf.691e5057b10382b83be75b9cf9f99826.jpg,1.0
cl6e2iblt0026gk558bnw6716_1_TRUE_COLOR_jpg.rf.692c846b382ceed839f17b81d590f123.jpg,1.0
cl6b5ei80003jl45568eh02jo_2_FALSE_COLOR_jpg.rf.69464b83abcdaef2f29ad49ef6b56d56.jpg,0.0
cl6ch5p4h00bwl4552zvifnwy_2_FALSE_COLOR_jpg.rf.6953ffa1410e46f8f4ab3a2deed8c74c.jpg,1.0
cl6dyzssv000ohg551n0rdanu_6_SWIR_jpg.rf.690f6fa43cb7f71891e78faefd4f915a.jpg,1.0
cl6ctquqv00i6l4554a2rdn94_4_FALSE_COLOR__URBAN_jpg.rf.68fab80180e241e4f64727616f40f86d.jpg,1.0
cl6e371x0003ggk55e6x4cocz_4_FALSE_COLOR__URBAN_jpg.rf.69559abbed505c19de9dce57f5b2c234.jpg,1.0
cl6b5czu1003cl4551r7icqnt_6_SWIR_jpg.rf.695786d5631b317d35a03a9198659579.jpg,1.0
cl6dynr4h000bhg554cne5yig_6_SWIR_jpg.rf.69387cdc45e872d9d87deb2ee1db6b57.jpg,1.0
cl6b67ypc006fl455bt0s8log_2_FALSE_COLOR_jpg.rf.6954cab1bfc1c92dc294e80829f4dab1.jpg,1.0
cl6ctmco900hxl4552n6d6jc1_4_FALSE_COLOR__URBAN_jpg.rf.695ce747bf5acdda2eb06a12ebf84539.jpg,1.0
cl6ki7l6900048w55hs8c6nwt_4_FALSE_COLOR__URBAN_jpg.rf.696374201d0c1b0b2888dc58c6a4e81f.jpg,1.0
cl6cthgh500hpl4550qm12ykl_1_TRUE_COLOR_jpg.rf.69636d339daa220d94b71f78091be2a5.jpg,1.0
cl6b79rs5009wl4550jbyddo9_6_SWIR_jpg.rf.6974e6209897c778e5a1ee81c0dba527.jpg,1.0
cl6e2cyo5001ugk556dvqc83s_1_TRUE_COLOR_jpg.rf.699f34b69a00c6c8985be185ce5c4f7f.jpg,1.0
cl6cs0euj00egl455918xdqll_1_TRUE_COLOR_jpg.rf.699e732b95358e0ae12044473099cb8b.jpg,1.0
cl6ojysgh005dao55c9ax3bwq_6_SWIR_jpg.rf.69b11aaa4db81e74abf411fab64c3898.jpg,1.0
cl6b5t6eu0050l455h25321jn_1_TRUE_COLOR_jpg.rf.69d504e64cc3f5475b3a423d5e4aef06.jpg,1.0
cl6kfoffk0016c455cvxsalj2_1_TRUE_COLOR_jpg.rf.69c4a275bbac327e8a1e1dcfa927e88a.jpg,1.0
cl6e0jkl30012gk55cttphw3u_6_SWIR_jpg.rf.699fa2925f0d1c8e8cd43e2687bd27ad.jpg,1.0
cl6cglc9n00b8l45520og7tym_6_SWIR_jpg.rf.69c9d4273235787b2d30bf2bbbf6cce0.jpg,1.0
cl6ocz2a3000tao55dh2pdj1d_1_TRUE_COLOR_jpg.rf.69de03f93a3f7cb1e862f2cce7182dcd.jpg,1.0
cl6cgnbdj00bdl455d8vd8iqf_6_SWIR_jpg.rf.69d92849191bef6f17b361ff06fe96a0.jpg,1.0
cl6b0kfnx0013l4552ot9bv5b_2_FALSE_COLOR_jpg.rf.6a09c71f7d9466e371c239f90194ee7f.jpg,1.0
cl6e3gmqp0040gk55gklf0ka1_1_TRUE_COLOR_jpg.rf.6a08123acc38803dadee3bdaf5814a53.jpg,1.0
cl6kggd74002qc4550hr64mpc_1_TRUE_COLOR_jpg.rf.69b2151277e35e07485a572ff27be054.jpg,1.0
cl6opk4x8007bao55eu7bc5vk_2_FALSE_COLOR_jpg.rf.69b4c06c9d283b7f0a52d9474c4a6527.jpg,1.0
cl6b7hybt00ael455dfth5qs9_6_SWIR_jpg.rf.6a1d62cfbd6461d46e96ac3fe017b116.jpg,1.0
cl6okb25a005wao558pj4ejty_6_SWIR_jpg.rf.6a120e27c3a5e8d41804343f509471e9.jpg,1.0
cl6ojofa2004xao556rjh31ss_1_TRUE_COLOR_jpg.rf.6a063535afb9f687d592769ee7c5ee95.jpg,1.0
cl6opn2ws007hao55es3fg6b2_2_FALSE_COLOR_jpg.rf.6a2431d4f48475fd09f7c5a1fa5eded7.jpg,1.0
cl6ltche3002i8w55a3oj2dyk_1_TRUE_COLOR_jpg.rf.6a0d63772c432fb2bfefafcd5520eda0.jpg,1.0
cl6cpb4b500dbl45509b2egsu_1_TRUE_COLOR_jpg.rf.699f80b041b0e75c90cd5b821760c323.jpg,1.0
cl6kgo2ff0031c455dv515gju_4_FALSE_COLOR__URBAN_jpg.rf.6a1fa387cc9cd0907972509719e03b3f.jpg,1.0
cl6oduu28002dao550pgs32ff_2_FALSE_COLOR_jpg.rf.6a24353f7a67a58fd934185e758aa771.jpg,1.0
cl6kg12gd0022c4555fac0sms_2_FALSE_COLOR_jpg.rf.6a1f885de1f9f4928e144e9cfec65610.jpg,1.0
cl6ojbzbq004pao55cdn3hl05_4_FALSE_COLOR__URBAN_jpg.rf.69d07087727f562ceab2e4aca28e4d13.jpg,1.0
cl6cte7ud00hjl455f3v1es6e_4_FALSE_COLOR__URBAN_jpg.rf.6a24d2e3736b2326ec8be36a5c7d9044.jpg,1.0
cl6m1dd0r003o8w5569ma5agl_6_SWIR_jpg.rf.6a1f8cd4b41737fd0d53b020904bbf08.jpg,1.0
cl6cgr33o00bfl45526e3ajl1_2_FALSE_COLOR_jpg.rf.6a463afda20156132360776f3cb86481.jpg,1.0
cl6b5dfkd003fl455d1yufkce_4_FALSE_COLOR__URBAN_jpg.rf.6a2df1a2a894194d67466add59554b91.jpg,1.0
cl6ok9inm005sao55c3o80dfl_1_TRUE_COLOR_jpg.rf.6a0c5c7763f8374d961c7f5e4871d662.jpg,1.0
cl6csjaik00fhl455ga70af2b_6_SWIR_jpg.rf.6a542bd6bb853fe97f6eb15bd496396b.jpg,1.0
cl6b6vihd0086l4553gmk0011_4_FALSE_COLOR__URBAN_jpg.rf.6a4f72206175315aa752eb8c18b3c933.jpg,1.0
cl6ch7g5b00bzl4557xjh57a2_2_FALSE_COLOR_jpg.rf.6a26af756590fff8c9a1abf7d3d0c247.jpg,1.0
cl6m1clc6003l8w55ha300f5e_1_TRUE_COLOR_jpg.rf.6a54606861e645b42f278e517e8f67a6.jpg,1.0
cl6oim1lr003cao555vs11jcz_1_TRUE_COLOR_jpg.rf.6a2889614cebc107e392dc1168eff8ea.jpg,1.0
cl6csx2sn00gel4553te03vfh_4_FALSE_COLOR__URBAN_jpg.rf.6a6844fb1097e2e7658ca2ec092994c9.jpg,1.0
cl6kjjetw001m8w557l9r668h_6_SWIR_jpg.rf.6a8542cd48bf532cde3a81a8dc2d349f.jpg,1.0
cl6cs6mgj00f0l455egwshib7_6_SWIR_jpg.rf.6abaa92dd975dfe843f3471f7372c5f0.jpg,1.0
cl6e2kygp002egk55asrs2brz_1_TRUE_COLOR_jpg.rf.6a7426542b67963f9222de84a2919eb9.jpg,0.0
cl6chpi4800ckl455epxjdzyy_2_FALSE_COLOR_jpg.rf.6a8054700ae1cf9fa5fb0b5f3c9c11eb.jpg,1.0
cl6ci1hel00d4l4557row61tz_2_FALSE_COLOR_jpg.rf.6a9b76045576a7a2ba1fa430033f5fdc.jpg,1.0
cl6b6l171007kl4552zfu0hh5_1_TRUE_COLOR_jpg.rf.6aa6ee62772dbaf6925996df6acff5df.jpg,1.0
cl6b5dekg003el4552wy46fsz_6_SWIR_jpg.rf.6a923c6548b551ea3a0adce4a260f028.jpg,1.0
cl6azt6cg0003go554b1r3nu4_4_FALSE_COLOR__URBAN_jpg.rf.6adc000770cefbad5c938777a0662af8.jpg,1.0
cl6kfz1rf001yc45571zv9cp7_2_FALSE_COLOR_jpg.rf.6aa2ad1f2667ab7c6641527ddf933086.jpg,1.0
cl6b5czu1003cl4551r7icqnt_6_SWIR_jpg.rf.6ab68e22044d17932d18346a36c67dc0.jpg,1.0
cl6kje1zy00198w55f8ld99tb_1_TRUE_COLOR_jpg.rf.6aa76d3b5cb25bfda485ad1b838d91f3.jpg,1.0
cl6chpi4800ckl455epxjdzyy_1_TRUE_COLOR_jpg.rf.6a66b6cc560e32f8e19fda291fe64b32.jpg,1.0
cl6cgazz700aol455e5vr2tge_2_FALSE_COLOR_jpg.rf.6a98430ec68864f7f2a66191eb18d026.jpg,1.0
cl6odgxwb001tao559phvfhb7_4_FALSE_COLOR__URBAN_jpg.rf.6ae289fcc565e15389a2adda3e46c98b.jpg,1.0
cl6ci185e00d3l4552vji3q2k_2_FALSE_COLOR_jpg.rf.6ae81877ce13e852118e9eb7fb654f16.jpg,1.0
cl6b0dcgw000tl4553dj16rm5_1_TRUE_COLOR_jpg.rf.6aa376c4332be317f22c5ec415c0abe0.jpg,1.0
cl6kg4imi0025c45589qy7p3i_2_FALSE_COLOR_jpg.rf.6a91e5ebbce9bc38f06ddb79c38171e5.jpg,1.0
cl6ltbirs002g8w55h4yo4v3t_1_TRUE_COLOR_jpg.rf.6aed83b4125a589b61df7c4ea56843b1.jpg,1.0
cl6odge0x001sao551k414izu_6_SWIR_jpg.rf.6a6ca2cadd3031de50bcfc06e51839d5.jpg,1.0
cl6cs36yn00eql4559li2cqy1_6_SWIR_jpg.rf.6ad44c5d8333b06bc1e3f8fd675b9ffb.jpg,1.0
cl6dyzssv000ohg551n0rdanu_6_SWIR_jpg.rf.6afd9088b3b54032163af334e6e66242.jpg,1.0
cl6ouhohh00anao55e3fn1crb_6_SWIR_jpg.rf.6aa196285dc08da54454b750452ff95d.jpg,1.0
cl6cg6cf600agl455gtin273p_2_FALSE_COLOR_jpg.rf.6af97399b612d4f9978e1f8f9f5f82ca.jpg,1.0
cl6b60nkh005vl455dzr44i2o_1_TRUE_COLOR_jpg.rf.69fa998320dfdd50ffe51da5d71d9942.jpg,1.0
cl6cgs3qs00bil4551v5n3v2h_1_TRUE_COLOR_jpg.rf.6b0242761078b396741e048f13c97c74.jpg,1.0
cl6ctfvqa00hnl455fu4bf37z_1_TRUE_COLOR_jpg.rf.6b31aea0bf4cb86d6c7b11bd52e8377d.jpg,1.0
cl6b55npu002gl4553f5c3lj0_4_FALSE_COLOR__URBAN_jpg.rf.6b0448cbf451f8f92426203c8dc26c67.jpg,1.0
cl6op2fce006fao55753l8ulj_6_SWIR_jpg.rf.6b36ae3b9733008f5239ec69f2a0a133.jpg,1.0
cl6cs3y0l00etl4550acr1ii1_1_TRUE_COLOR_jpg.rf.6b021e3d883085ca12f1619b3b2116aa.jpg,1.0
cl6b7e0xs00a2l455ahn69x2p_2_FALSE_COLOR_jpg.rf.6b4d3ac9cd59f053d838b55c15cf765e.jpg,1.0
cl6e0eki8000sgk55gpb73kwu_4_FALSE_COLOR__URBAN_jpg.rf.6b63b7079016dbf8694204c815bdeef1.jpg,1.0
cl6b57up4002pl455ckk17uw7_1_TRUE_COLOR_jpg.rf.6bc3ba9cedc8c0ffa3e36f5e8ee48af3.jpg,1.0
cl6odx8ff002jao5531b01e4o_2_FALSE_COLOR_jpg.rf.6b24be9bc08e93a97bb4e4dd3bf1daed.jpg,1.0
cl6oj142t0045ao551qnd97ci_4_FALSE_COLOR__URBAN_jpg.rf.6b742770e4f122f991391a7df93ba6fe.jpg,1.0
cl6kfvrfp001qc45548kr4qf2_1_TRUE_COLOR_jpg.rf.6b420aff538edd2fa8f85ddfe62dc298.jpg,1.0
cl6b7a6r2009xl455evyu7k9f_4_FALSE_COLOR__URBAN_jpg.rf.6be77d66810b1bdb3c3b6ccf5c7cafb5.jpg,1.0
cl6dyxq50000nhg5571bs31g5_1_TRUE_COLOR_jpg.rf.6b514ae14febf12ecdc1af2095dce1c8.jpg,1.0
cl6oplsq0007fao556ul723tq_6_SWIR_jpg.rf.6bb834504e742454df7b6eb957cd2054.jpg,1.0
cl6oujzw400auao55d5qwbeah_4_FALSE_COLOR__URBAN_jpg.rf.6bc47ebf872f63d5fa5501b7999d94d9.jpg,1.0
cl6e32otv0032gk55gxea0jps_2_FALSE_COLOR_jpg.rf.6b90686c63f5e5a2aa659b420d0e0062.jpg,1.0
cl6ougd7000akao555jiq5oyz_4_FALSE_COLOR__URBAN_jpg.rf.6b3e9e0ff21849f4cb6975a3129df755.jpg,1.0
cl6ocmhv80000ao55b7ybfzf5_4_FALSE_COLOR__URBAN_jpg.rf.6b45cc29c3b6b483400e969596245064.jpg,1.0
cl6csapmj00f7l4558gne2y5r_2_FALSE_COLOR_jpg.rf.6bc4874745263a59f238632d90777dc4.jpg,1.0
cl6opb5w4006vao55d6ehcwz9_2_FALSE_COLOR_jpg.rf.6bbecdf5154b1302964366831964f78c.jpg,1.0
cl6b0s28i001ll455fuut9xea_1_TRUE_COLOR_jpg.rf.6bb989313cad19a757e144038b9759df.jpg,1.0
cl6b08qce000hl455fod5abjo_4_FALSE_COLOR__URBAN_jpg.rf.6bebe08e96407a209624cbf05dd396ad.jpg,1.0
cl6ocw54k000kao554ryq6ukn_2_FALSE_COLOR_jpg.rf.6bebf402746a08bdc65b00a60c61d5c4.jpg,1.0
cl6b06tq7000dl45584afckiv_4_FALSE_COLOR__URBAN_jpg.rf.6b880d42617fd44ca5ca8de64f90fed6.jpg,1.0
cl6opowct007kao55518p0qp4_2_FALSE_COLOR_jpg.rf.6befe6f1c8452701c076144af3e805cc.jpg,1.0
cl6cs6mgj00f0l455egwshib7_6_SWIR_jpg.rf.6bc820713c5562bc69a6655f3fec2ea0.jpg,1.0
cl6e0eki8000sgk55gpb73kwu_6_SWIR_jpg.rf.6bcdaea4803cfb7f6a0d86dab07ca5e4.jpg,1.0
cl6kfe4yn0012c4556ug51m1e_1_TRUE_COLOR_jpg.rf.6baf9b37ac93cb110b0a2a1ab59b169d.jpg,1.0
cl6b79rs5009wl4550jbyddo9_2_FALSE_COLOR_jpg.rf.6bd62b10a5380cd60fe2a78d2adb7d5d.jpg,1.0
cl6b0dcgw000tl4553dj16rm5_1_TRUE_COLOR_jpg.rf.6bf3f3044d6daaac2fc798c259520e45.jpg,1.0
cl6e1mzj0001bgk55bm966l6h_1_TRUE_COLOR_jpg.rf.6c24f823774aa4b549e98e70f4fa1f8b.jpg,1.0
cl6ctah5z00hbl455f84of4co_2_FALSE_COLOR_jpg.rf.6c0a710460a861349c7c83e9226bf6dc.jpg,1.0
cl6oplars007eao55fno41dzm_6_SWIR_jpg.rf.6baf9df1d893b9622f43ea95adef31b9.jpg,1.0
cl6e2cbgk001tgk5560zhhqm7_2_FALSE_COLOR_jpg.rf.6b9bf248c0d151bf2cae71c219f53352.jpg,1.0
cl6ojwo190059ao55aqo1dfsk_6_SWIR_jpg.rf.6c2509fb08590db6475b7f8a0d6ef25f.jpg,1.0
cl6chyfxq00cxl4554qjf0nkl_2_FALSE_COLOR_jpg.rf.6c2af6719f914c962e3fa8eb96ae9da9.jpg,1.0
cl6oq2n1i008fao551fa07saw_4_FALSE_COLOR__URBAN_jpg.rf.6c27fb227e8ee2007c4703aebad9714e.jpg,1.0
cl6kg2ozz0023c455byeq4ye9_1_TRUE_COLOR_jpg.rf.6c91d34ba1609b0d369d483daa6330b7.jpg,1.0
cl6oj50of004dao558azz1d6c_6_SWIR_jpg.rf.6cb6e901ee35ac5fee6cffdc25e33d1b.jpg,1.0
cl6ophgti0078ao557twhfw8d_4_FALSE_COLOR__URBAN_jpg.rf.6c808e94d8ce0a0b23f1b7f9b713853f.jpg,1.0
cl6ltche3002i8w55a3oj2dyk_6_SWIR_jpg.rf.6c97e3461f2a2873f5329376989cbb50.jpg,1.0
cl6oitxum003tao55ghqu4f36_2_FALSE_COLOR_jpg.rf.6cbbdac0fdc907851d57c19bac2a19dc.jpg,1.0
cl6e04upl0006gk550fj7cs9u_2_FALSE_COLOR_jpg.rf.6ca895f7688847244d9f111f73358c74.jpg,1.0
cl6ou6sxn00a6ao555hql3vsm_1_TRUE_COLOR_jpg.rf.6c6b2c360504c7ebfeeea147f4116ddc.jpg,1.0
cl6b65ksg0069l455f4od44cb_4_FALSE_COLOR__URBAN_jpg.rf.6cbbfde09a00353a73a663c7a60cee25.jpg,1.0
cl6b7118q008ol4551ye8g44d_6_SWIR_jpg.rf.6c83ee96cc7eb2a6dba0d509a4677a39.jpg,1.0
cl6oig6yp0030ao55grdefh8e_2_FALSE_COLOR_jpg.rf.6cc58d80b91150dbb1917379b46c26e8.jpg,1.0
cl6od0hgc000yao553kq03tbq_4_FALSE_COLOR__URBAN_jpg.rf.6c8a8e2818655c15e5306de613fdaa8b.jpg,1.0
cl6ouiflj00apao55ef14ha2q_2_FALSE_COLOR_jpg.rf.6cc94a53a69efe0e2e01bac13bc546e3.jpg,1.0
cl6oroiyh009qao55fjioccgf_1_TRUE_COLOR_jpg.rf.6c65d742711692e7c33a743a8114f4cd.jpg,1.0
cl6cgkn5000b6l455cg451vw6_4_FALSE_COLOR__URBAN_jpg.rf.6cd7e4e09e2181998a1a03ce88e9bd82.jpg,1.0
cl6op4gc1006iao556h8zbu0e_1_TRUE_COLOR_jpg.rf.6cd639edf5e2ceeb921ec55a5d56afcb.jpg,1.0
cl6cgzgdg00bpl45558h876qp_4_FALSE_COLOR__URBAN_jpg.rf.6c8ef4e14283f71688346a59e3ea48b4.jpg,1.0
cl6oj0ggm0043ao55acihdj7s_1_TRUE_COLOR_jpg.rf.6c55962414075a549a39e24ea67db76c.jpg,1.0
cl6kjm7cv001r8w55czzsenxh_6_SWIR_jpg.rf.6c49ec64ce2e75316dea3d9124a3d875.jpg,1.0
cl6oumfkb00b0ao556enkcct1_4_FALSE_COLOR__URBAN_jpg.rf.6c92abfdda8d544e0aeb82843d371758.jpg,1.0
cl6odbryt001nao55htogdny9_2_FALSE_COLOR_jpg.rf.6ce7e4bc8b7a4a2dc5d1eaf0b0102f6a.jpg,1.0
cl6ct6g9a00gzl4555brigazi_4_FALSE_COLOR__URBAN_jpg.rf.6cebeeca3d563768330475ada992ba89.jpg,1.0
cl6oroiyh009qao55fjioccgf_2_FALSE_COLOR_jpg.rf.6ce4f0b81d1b20759f3e284bc3b125ba.jpg,1.0
cl6ojza0i005fao55fqra7v4b_2_FALSE_COLOR_jpg.rf.6cc595f4ba7d67d4f8bbc957d2ae18c1.jpg,1.0
cl6b6ovux007pl455g8am6gh6_2_FALSE_COLOR_jpg.rf.6ccc5674d0ed2de52bbcaf0a01152b1f.jpg,1.0
cl6oiojdm003hao55geo24bj6_2_FALSE_COLOR_jpg.rf.6cbf70b03e7bcb5ef5312648d93be1be.jpg,1.0
cl6b0lf0t0017l4550spldd4v_1_TRUE_COLOR_jpg.rf.6cfbba7e5ab6739b50848c62455fb07c.jpg,1.0
cl6b7263q008rl455cbp6ejbc_2_FALSE_COLOR_jpg.rf.6cf4980a7b2163d2dee6fb11842d419f.jpg,1.0
cl6cpbspp00ddl455cdn2h2ov_6_SWIR_jpg.rf.6ce11c9e8ac67f0fc4398c340e6037c5.jpg,1.0
cl6b08hbm000gl4558cb0emta_1_TRUE_COLOR_jpg.rf.6d1377cdc036913a42962498c5024b81.jpg,0.0
cl6opag1s006tao55h8pkceie_2_FALSE_COLOR_jpg.rf.6d3eb745a0737b854a4143b9e87a488c.jpg,1.0
cl6css50j00g3l4552tvg839m_2_FALSE_COLOR_jpg.rf.6d16efc6dc07ec456baac39aaf437be2.jpg,1.0
cl6dydo100003hg55gkkv0c3a_6_SWIR_jpg.rf.6cfa44ae63eaa5cf9970fabde7f13f9d.jpg,1.0
cl6kioqix000f8w55cu1n98v2_1_TRUE_COLOR_jpg.rf.6d78f4eeafc736b21138b37aff3f01cf.jpg,1.0
cl6ctrx2500i8l455bw1w5a2s_6_SWIR_jpg.rf.6d5d435261df3d6041c1e144294065cf.jpg,1.0
cl6azt6cg0003go554b1r3nu4_2_FALSE_COLOR_jpg.rf.6d8e15f10f16288add74e2f19442fb15.jpg,1.0
cl6opvi1n007yao55cdfm04gj_2_FALSE_COLOR_jpg.rf.6d7f97e1f89117c6a025ef06387bd12f.jpg,1.0
cl6b6817p006gl4558pqf3z0b_4_FALSE_COLOR__URBAN_jpg.rf.6d69a64b8a08f12647e65d66eaff7384.jpg,1.0
cl6kf91bs000rc45516bd66a9_1_TRUE_COLOR_jpg.rf.6d9163a480e27400a66bdc2480365941.jpg,1.0
cl6b5yjxa005nl45516k465kb_2_FALSE_COLOR_jpg.rf.6d4a66ef747c8768895d8fe4d3a5cbbe.jpg,1.0
cl6b0ckyi000pl455hm7bhix2_1_TRUE_COLOR_jpg.rf.6d91c06e6d45f76e7e8f0b14cfe66fdf.jpg,1.0
cl6e2ww4w002lgk555k8x0pjx_2_FALSE_COLOR_jpg.rf.6db6b300d8b2ba1aba75e0b031a37c8d.jpg,1.0
cl6e2edx3001ygk554c0h3ubb_4_FALSE_COLOR__URBAN_jpg.rf.6d3ac3ea08d22758ad2df50fc34c23d6.jpg,1.0
cl6b5g1v8003ol455dk0o97jt_6_SWIR_jpg.rf.6dbfe287e58d0a724fbd8dc0555fe252.jpg,1.0
cl6m1ho5c00418w55hopz9miu_1_TRUE_COLOR_jpg.rf.6d96816fd8cb3ee0f53155be877dfe29.jpg,0.0
cl6b60nkh005vl455dzr44i2o_6_SWIR_jpg.rf.6d947be79fb7f5edf41e6a48f3459c02.jpg,1.0
cl6oe04jy002pao551fir09my_2_FALSE_COLOR_jpg.rf.6dbf3c69149b817821d8b10ed75b2f41.jpg,1.0
cl6oj3q5x004aao55ala51kbg_4_FALSE_COLOR__URBAN_jpg.rf.6d93109e0ec4fe70ff616a9c14fdba28.jpg,1.0
cl6cso4jp00ful45554tn3v0d_1_TRUE_COLOR_jpg.rf.6db1ceaf3c69cebc556b4be220fd1bf1.jpg,1.0
cl6b55npu002gl4553f5c3lj0_1_TRUE_COLOR_jpg.rf.6dbbe8cd09ee83699fbae3f2c6db07be.jpg,1.0
cl6lsygs2001w8w551eungans_2_FALSE_COLOR_jpg.rf.6dbe5b1b77b50aef6c5b1c1f2683465e.jpg,1.0
cl6b0l0o00015l455eh8ahzdz_4_FALSE_COLOR__URBAN_jpg.rf.6dc6aadffe71ffbdbf1108c1c67d42f2.jpg,1.0
cl6e09v5e000igk55bgqi62m1_2_FALSE_COLOR_jpg.rf.6dbf2a787ebf1018193f11eeea9902a7.jpg,1.0
cl6oqm42o0091ao5554tdbtq5_2_FALSE_COLOR_jpg.rf.6da7cb83ae5162541ef16eee708d68fc.jpg,1.0
cl6kj5gsh000q8w55a8xmdixf_6_SWIR_jpg.rf.6dc29615698329c2e2102459e7a1b37c.jpg,1.0
cl6cs5j5d00exl455afqp4ysw_4_FALSE_COLOR__URBAN_jpg.rf.6de78ec6ac7e451d53473294a16f1442.jpg,1.0
cl6b0gln2000wl4559wpzdukf_2_FALSE_COLOR_jpg.rf.6dcfebbe06ee637253c51adfae76f081.jpg,1.0
cl6chumom00col4556jyfb7a5_6_SWIR_jpg.rf.6de105fc5ab17158f7822fe574d35c54.jpg,1.0
cl6kfnwqd0015c455cssv4ha4_6_SWIR_jpg.rf.6dec512921a4403be952e1c579659f5f.jpg,1.0
cl6e3cnqe003mgk553mcue2gv_4_FALSE_COLOR__URBAN_jpg.rf.6dd818d09a3e74d876ccc76a23b09520.jpg,1.0
cl6dzvdbz000yhg552dlf8c2e_6_SWIR_jpg.rf.6ddb3a26945bcc5bf07439050413f9a6.jpg,1.0
cl6e1pf9j001ggk55feroguvj_1_TRUE_COLOR_jpg.rf.6dce0ec4f94c7c375f6dba7b83784971.jpg,1.0
cl6opowct007kao55518p0qp4_4_FALSE_COLOR__URBAN_jpg.rf.6df63f748155748657cf7afc34640f5a.jpg,1.0
cl6b6uyec0084l4556i8cd4f4_6_SWIR_jpg.rf.6ddad94ad1845b5f2f9cc865c97e3d99.jpg,1.0
cl6b0p3i7001gl455h7p6b9g1_2_FALSE_COLOR_jpg.rf.6deb04f73eb282a9fe22b0894b92ba85.jpg,1.0
cl6opx5vv0082ao55dx8j73xn_1_TRUE_COLOR_jpg.rf.6e00ac61bf5c9dcb3d688a32e0331e92.jpg,1.0
cl6ct101m00gml455hllggu82_2_FALSE_COLOR_jpg.rf.6dd15a411cada4bb705071f8b83c5031.jpg,1.0
cl6ou72e300a7ao55ham55bxa_6_SWIR_jpg.rf.6deb72e34b3f9017175946d58315f0c6.jpg,1.0
cl6b6pieh007rl455fwvb73gr_1_TRUE_COLOR_jpg.rf.6e01137372cda9006566723440e9f925.jpg,1.0
cl6kfvrfp001qc45548kr4qf2_6_SWIR_jpg.rf.6ddd782fba198f95f327f1b9627c4b2f.jpg,1.0
cl6opmk2m007gao55exvlfv4q_1_TRUE_COLOR_jpg.rf.6e042513780287da07db0f34763d54a0.jpg,1.0
cl6b5osai004hl455cp1mh6ki_4_FALSE_COLOR__URBAN_jpg.rf.6e0155799033e317c1c051d23518a6fb.jpg,1.0
cl6ou5qcj00a3ao555mak9y55_4_FALSE_COLOR__URBAN_jpg.rf.6e0f18dd28b21cd950721d9de2289c91.jpg,1.0
cl6e2fi9f001zgk55b58g3gk6_2_FALSE_COLOR_jpg.rf.6e0a41d1af294a03f7c9692e9952ce0b.jpg,1.0
cl6kf821l000nc4555y4p2rm4_6_SWIR_jpg.rf.6e2d3972ef4a21f1e9085db2461ce775.jpg,1.0
cl6cg99xj00akl4551gvp3ao5_1_TRUE_COLOR_jpg.rf.6e2e0099cf6eaac0516b8e5a1e798c2d.jpg,1.0
cl6chyfxq00cxl4554qjf0nkl_1_TRUE_COLOR_jpg.rf.6e4493b8e831436ee1c98056b5ee2ac2.jpg,1.0
cl6ch7vs700c0l4550a8j565q_6_SWIR_jpg.rf.6e8cdd09d7b210b3f1de20ea976e1ba7.jpg,1.0
cl6opk4x8007bao55eu7bc5vk_1_TRUE_COLOR_jpg.rf.6e08007f37e94a61fce299b30fe50625.jpg,1.0
cl6ok74u9005oao557sb5dqub_1_TRUE_COLOR_jpg.rf.6e4919ad82882398b425ef29aece08c5.jpg,1.0
cl6b0czhh000rl4555uf846qc_6_SWIR_jpg.rf.6e37efde8150306fb82b5d0abb870b39.jpg,1.0
cl6e0l3x90015gk55eki43b8w_4_FALSE_COLOR__URBAN_jpg.rf.6e6bb49abcbf2faafbde739384df9791.jpg,1.0
cl6ltopha002n8w5531cg4sky_6_SWIR_jpg.rf.6eb1fc4a9486309f322c16c15b3a55bb.jpg,1.0
cl6orkbgy009jao557kujgsc3_1_TRUE_COLOR_jpg.rf.6e826f4a4fde255ff73919808a47c293.jpg,1.0
cl6e0dbw9000pgk55cv1sgp5x_4_FALSE_COLOR__URBAN_jpg.rf.6ed902c8ec3d7991620aee6b7d107dd2.jpg,1.0
cl6b76ag6009cl45593ffhdar_1_TRUE_COLOR_jpg.rf.6ee4d7f81fb0f0c1ce4956c80e2bef40.jpg,1.0
cl6ojcant004qao555opq5lio_6_SWIR_jpg.rf.6ef7f5a7269e833db7162d40c56df57b.jpg,1.0
cl6odoepa0028ao554gdxhnyo_6_SWIR_jpg.rf.6e49f7fb35da71a230d4dd625ae83428.jpg,1.0
cl6kf3axb000bc45538k8b660_2_FALSE_COLOR_jpg.rf.6ed6a5d12a2ee7e11bc8c555e6c23435.jpg,1.0
cl6kggj9a002rc4556h0x9jxc_2_FALSE_COLOR_jpg.rf.6ef3e4b391ba6f9810d4af9c55c52874.jpg,1.0
cl6ouc1eq00aiao558jd2hz4w_2_FALSE_COLOR_jpg.rf.6ef9b19fe4d43972b68f573e63178a0f.jpg,1.0
cl6oqdjr6008yao55dfmibcy4_1_TRUE_COLOR_jpg.rf.6ef292fccdf6f3ac56d5e570d99ff33b.jpg,1.0
cl6b6tta10081l455gz1y3eys_2_FALSE_COLOR_jpg.rf.6ecc037a1dc10fda53b9bf8e91332b15.jpg,1.0
cl6cglc9n00b8l45520og7tym_6_SWIR_jpg.rf.6ef3d97882d59738fb2a9dde4c85c228.jpg,1.0
cl6b5qnq6004nl455160o65u9_6_SWIR_jpg.rf.6ed7c6a162c5a89b058078a96660b245.jpg,1.0
cl6e1hzlh0019gk555vc2fpgf_4_FALSE_COLOR__URBAN_jpg.rf.6ea3e6e41a35a904d70c7005929390c4.jpg,1.0
cl6ct5pk300gxl4559vdtfjz2_4_FALSE_COLOR__URBAN_jpg.rf.6e3bee92fbe6d5df13d42302d14f394d.jpg,1.0
cl6e2hir00024gk55h2tygxjq_1_TRUE_COLOR_jpg.rf.6efe4bd6cfeae48964eb394d2474ebb4.jpg,0.0
cl6opat9m006uao55hjajghn3_4_FALSE_COLOR__URBAN_jpg.rf.6edfc72094b5f3b4861e831c12ae0c0d.jpg,1.0
cl6cta0z600h9l455cygudh3w_1_TRUE_COLOR_jpg.rf.6eded32631a7ec95334d4b7dbbe13ca3.jpg,1.0
cl6dydo100003hg55gkkv0c3a_6_SWIR_jpg.rf.6efd34a253002576683d97fc2ed70572.jpg,1.0
cl6b631zg0061l45561v86624_2_FALSE_COLOR_jpg.rf.6ed233dfe210436e7945042e3122cfcc.jpg,1.0
cl6e0bntp000mgk55426r9obp_1_TRUE_COLOR_jpg.rf.6f1ebdaa24774eba389eafd49b8834b3.jpg,1.0
cl6oqmixz0092ao550l10dlqc_1_TRUE_COLOR_jpg.rf.6f21b8bfced09a516d3c343f96e7a88c.jpg,1.0
cl6cs8jie00f5l4555hn76aj1_1_TRUE_COLOR_jpg.rf.6f0fc5166f872d9b1ac9b726dd72f893.jpg,1.0
cl6e0fn3v000vgk55gj468vfq_2_FALSE_COLOR_jpg.rf.6f28a57f1b18f22a81b44f47b2221fe5.jpg,1.0
cl6cs0lrz00ehl45590z36ae8_6_SWIR_jpg.rf.6f297428f278619a44e7e16625ddf5f9.jpg,1.0
cl6oizoxx0041ao55csrr4whh_4_FALSE_COLOR__URBAN_jpg.rf.6f2e1155f073f943a6c02d74e0fd691b.jpg,1.0
cl6opypeq0087ao55cd0fhzah_1_TRUE_COLOR_jpg.rf.6f28fd807dcfb361ff6ac3dc95dff7b3.jpg,1.0
cl6ctc4d100hgl455dxjg6vfb_1_TRUE_COLOR_jpg.rf.6f2939ce727a96f98aa5820f70d8e3ab.jpg,1.0
cl6kjfsd8001d8w55e6ne0oyo_6_SWIR_jpg.rf.6f4263c049e0fedb3e2d174f6c4112ec.jpg,1.0
cl6m1clc6003l8w55ha300f5e_4_FALSE_COLOR__URBAN_jpg.rf.6f4385a93e2bb184cef3f2e07aa7a9fc.jpg,1.0
cl6ocxo5w000oao5510nb2jrx_4_FALSE_COLOR__URBAN_jpg.rf.6f80f93e0b34cf192df27d272f86249e.jpg,1.0
cl6b0kfnx0013l4552ot9bv5b_2_FALSE_COLOR_jpg.rf.6f2f0b64c0cdb37d5f3c490dc9399edf.jpg,1.0
cl6e3d4oq003ngk55d297d2jb_2_FALSE_COLOR_jpg.rf.6f52dc4488fe2d86b4cd4a1cc607ae69.jpg,1.0
cl6ojza0i005fao55fqra7v4b_6_SWIR_jpg.rf.6f4f03710fbcb63f959b24a2b5a3c5cc.jpg,1.0
cl6orry9200a0ao559gb82ms0_4_FALSE_COLOR__URBAN_jpg.rf.6faca792c82ce34942ac7fafb9305263.jpg,1.0
cl6ch8asj00c1l4556jdzeuny_6_SWIR_jpg.rf.6f33948d2c84d380ee73f30f19db5619.jpg,1.0
cl6okehd60065ao5551rl7lsa_2_FALSE_COLOR_jpg.rf.6f6c5cf795e652ca1c0314c5bae52d35.jpg,1.0
cl6b5tf5i0052l4552vkucy9o_1_TRUE_COLOR_jpg.rf.6f95fe2d4951ca7c4a90574264839bd2.jpg,1.0
cl6b72nfa008sl455dg2a9zbg_1_TRUE_COLOR_jpg.rf.6fafe83ec94add52b37484ea5a212f1f.jpg,1.0
cl6b0ckyi000pl455hm7bhix2_2_FALSE_COLOR_jpg.rf.6f86b14596bd1d8719a916aca7e6d2bd.jpg,1.0
cl6ci1vnh00d5l455d4ts3luw_2_FALSE_COLOR_jpg.rf.6f88a5c9302971b52d439254aa7c315d.jpg,1.0
cl6dyeg510004hg554xxs8aux_4_FALSE_COLOR__URBAN_jpg.rf.6f4454acebbbefac33851fd3388e498e.jpg,1.0
cl6e2m95l002ggk55a3eefylp_1_TRUE_COLOR_jpg.rf.6f96bac008428919f7177e96eb9c4798.jpg,1.0
cl6e2j74p0028gk559qcd87o6_4_FALSE_COLOR__URBAN_jpg.rf.6fb9e9dcc17237caacf010f9b61b3397.jpg,1.0
cl6opjoc7007aao558i28fuxw_2_FALSE_COLOR_jpg.rf.6f6b002127214c0c161864e3484a70e7.jpg,1.0
cl6csnj9g00ftl4554f0z30lc_6_SWIR_jpg.rf.6f28caa4456bbc35bb289866e87ef079.jpg,1.0
cl6oirxxk003oao552r40b8yf_4_FALSE_COLOR__URBAN_jpg.rf.6fcfaeef708adb4ab40a1cab9ab09fb6.jpg,1.0
cl6cti5zm00hrl4555pdk0ef9_2_FALSE_COLOR_jpg.rf.6ff4038f93cf7bf888a1313a638370c2.jpg,1.0
cl6oj1gzx0046ao5546xf9oac_4_FALSE_COLOR__URBAN_jpg.rf.702fa1d4988370b66c8bddf55545eeab.jpg,1.0
cl6opjoc7007aao558i28fuxw_6_SWIR_jpg.rf.70264cc618e9504372dcf2c35e784d72.jpg,1.0
cl6b76u3e009hl455bhpzgyys_2_FALSE_COLOR_jpg.rf.700f105767eeb1aa10e5b99837f74971.jpg,1.0
cl6kjke1w001p8w5502tgdjwv_4_FALSE_COLOR__URBAN_jpg.rf.6ff35d9964e9b2b28745f2905969e92f.jpg,1.0
cl6cgeaqz00aul4553pd8gh18_6_SWIR_jpg.rf.6fd3a21ecdc3d6f19ad8a3b7b963b4cd.jpg,1.0
cl6cgbyeo00aql455eui3fiu4_6_SWIR_jpg.rf.7036f6eb2c6869e23d6b61f44f3ed1db.jpg,1.0
cl6oitdc8003sao55g3x88p25_4_FALSE_COLOR__URBAN_jpg.rf.6feb33ed6955e1dc4dccdaedfb996d51.jpg,1.0
cl6lt2g2y00228w55cf1a1yxr_1_TRUE_COLOR_jpg.rf.703bb275de01e008d757eb4d12f72892.jpg,1.0
cl6b0q209001jl4553gmg5wxk_1_TRUE_COLOR_jpg.rf.7058834ebdc9ad6a99a3710d93f4c9d3.jpg,1.0
cl6ctlg9300hwl4558d9t1n71_2_FALSE_COLOR_jpg.rf.703e7b5a552733ba03bee8fead15743e.jpg,1.0
cl6dzi6b8000phg55ebf66l7r_2_FALSE_COLOR_jpg.rf.7050dbad040d37fbfe4dcfdd1c3aa566.jpg,1.0
cl6b66xpr006cl4556kzm7hl2_1_TRUE_COLOR_jpg.rf.7043dd8898de28636cb0c7f21ea72938.jpg,1.0
cl6chkc4400cal4551mau76ln_6_SWIR_jpg.rf.70d7a592cc843e7f77a31fc1756eceaf.jpg,1.0
cl6m10azo00328w550q5i0wyx_4_FALSE_COLOR__URBAN_jpg.rf.709838555ea08d61e91e61b7e57af18d.jpg,1.0
cl6odcx12001oao55f8bma9y4_1_TRUE_COLOR_jpg.rf.70942e28454e026e8a924dfad3c094f0.jpg,1.0
cl6kfr3gw001gc4556plk3d6y_4_FALSE_COLOR__URBAN_jpg.rf.703462df7f53337c8770648503b06a16.jpg,1.0
cl6kf9nvv000tc455gs7pbv7h_4_FALSE_COLOR__URBAN_jpg.rf.70be0bf3aca13787f51e176ba2501f44.jpg,1.0
cl6oiv12w003uao55arup9ca6_2_FALSE_COLOR_jpg.rf.7058e5721697ef9d48afd8d51ec54c33.jpg,1.0
cl6crxvk200e7l455191phwfv_2_FALSE_COLOR_jpg.rf.70955765bbe50ed93b044fed15416bb1.jpg,1.0
cl6b67dvg006dl455cgxl9kq8_6_SWIR_jpg.rf.70c7a6adc4e294614a21b134422f7f57.jpg,1.0
cl6od0hgc000yao553kq03tbq_4_FALSE_COLOR__URBAN_jpg.rf.70db3a3d81f42594c0f6bb60a3060d75.jpg,1.0
cl6opjoc7007aao558i28fuxw_4_FALSE_COLOR__URBAN_jpg.rf.706f66f94572045e4a236596e54f1b9d.jpg,1.0
cl6b6c9bh006yl455efyd100t_1_TRUE_COLOR_jpg.rf.70c9b30083981cc40e2147200d9f80cb.jpg,1.0
cl6e2cyo5001ugk556dvqc83s_4_FALSE_COLOR__URBAN_jpg.rf.70d4cc9177217d43318bf052725be0e8.jpg,1.0
cl6oj27q10047ao55glv255m8_6_SWIR_jpg.rf.706521f1a3114a74db35493014a21ade.jpg,1.0
cl6ouls6z00ayao55bf2p0x2k_1_TRUE_COLOR_jpg.rf.705d96070adae3e7b10810f7227f9801.jpg,1.0
cl6e04upl0006gk550fj7cs9u_1_TRUE_COLOR_jpg.rf.70c10787eecbcaf903771ace77d8e432.jpg,1.0
cl6opgi3y0076ao555l7p203p_2_FALSE_COLOR_jpg.rf.70ddbff1c4c1d32d60b58d73270f3810.jpg,1.0
cl6ctb1m400hdl4551wz24flk_4_FALSE_COLOR__URBAN_jpg.rf.70e26716b3fa75db0a780505c93c4819.jpg,1.0
cl6kjhhl5001h8w55fo1v1vqs_6_SWIR_jpg.rf.70e20a07ee77ed30c1cb364f8f25295c.jpg,1.0
cl6ch6y2d00byl4557ijbc6o4_2_FALSE_COLOR_jpg.rf.7063901157334e36b05f36d5decae7f9.jpg,1.0
cl6b6iksa007dl4551508f1n4_1_TRUE_COLOR_jpg.rf.70e298e9ec035237ec70a7fdd7912d83.jpg,1.0
cl6oixxvs003yao555nvw8ao1_2_FALSE_COLOR_jpg.rf.70e64e4be39218c054676a9ff3f0b684.jpg,1.0
cl6chfm2800c4l455ensx26aq_1_TRUE_COLOR_jpg.rf.710658c2b01df1cc25d58ede487ceead.jpg,1.0
cl6ct849h00h0l4554tpb1q3i_4_FALSE_COLOR__URBAN_jpg.rf.71204dbc54490b91edf0db09ad4670c3.jpg,1.0
cl6kf7fte000kc455fwsg3dzx_1_TRUE_COLOR_jpg.rf.7101722d6866e2a6d61d0faae280cd44.jpg,1.0
cl6cgmfwp00bbl455aa650cyv_1_TRUE_COLOR_jpg.rf.7142dfa86db5eb89a750abc3cbedd406.jpg,1.0
cl6ok74u9005oao557sb5dqub_2_FALSE_COLOR_jpg.rf.7111cbdf60e2536841cd5c5344f27e1d.jpg,1.0
cl6b5ei80003jl45568eh02jo_2_FALSE_COLOR_jpg.rf.71205aca7fc069e1b7627d6cca40e8de.jpg,0.0
cl6okbxd2005yao551huyeqkl_4_FALSE_COLOR__URBAN_jpg.rf.706b36523e85850159c7430684937b37.jpg,1.0
cl6oro0mr009pao556hg6dj0a_6_SWIR_jpg.rf.70dc88e65e6fca1bcbe9cb940c30adec.jpg,1.0
cl6m17r53003b8w55c0zsgjie_1_TRUE_COLOR_jpg.rf.71092f2f92431ace41521a0b191aa3f4.jpg,1.0
cl6kjin4n001k8w556abi09ie_2_FALSE_COLOR_jpg.rf.7143f8c0a4a09ac4ed0d0c2ab681a13e.jpg,1.0
cl6kipfwb000h8w55dvnhe43x_6_SWIR_jpg.rf.7146e46001672046e6756562f4c26186.jpg,1.0
cl6b6gdyh0079l4555ka0g84o_4_FALSE_COLOR__URBAN_jpg.rf.7143f33d83844016c6dcc424848b40f6.jpg,1.0
cl6ojsywi0052ao55d43z62q3_4_FALSE_COLOR__URBAN_jpg.rf.712b6b945a2aaf47423ac8803ac360ec.jpg,1.0
cl6e2ww4w002lgk555k8x0pjx_2_FALSE_COLOR_jpg.rf.715fb3586c9099898456dfb9abed9374.jpg,1.0
cl6kez8j70002c455axv68ulf_1_TRUE_COLOR_jpg.rf.715be01d96315fd7466b25d53ac2b1d7.jpg,1.0
cl6b7fkmx00a7l455d75h2co1_6_SWIR_jpg.rf.713c62a1b0208f3826253cec0ff9ffd5.jpg,1.0
cl6octpb0000gao557tk19wmi_2_FALSE_COLOR_jpg.rf.7185e9d356e83f4f113700f4342d85b0.jpg,1.0
cl6e1zx08001pgk554gv1bhpt_4_FALSE_COLOR__URBAN_jpg.rf.715c52e6786efe2255196e7df83a670e.jpg,1.0
cl6keymqs0000c4559gsd6y3f_4_FALSE_COLOR__URBAN_jpg.rf.7106cbe818898f5de6ad7f80773d2e55.jpg,1.0
cl6kgdfbl002ic45506ui0jbm_2_FALSE_COLOR_jpg.rf.7182f92def7c26bea7ac1ad9cc3ea412.jpg,1.0
cl6e0bntp000mgk55426r9obp_2_FALSE_COLOR_jpg.rf.71d80bc2eaa087c99da1055b57068440.jpg,1.0
cl6ocw54k000kao554ryq6ukn_1_TRUE_COLOR_jpg.rf.71d519ecd03aea34704cb8972a0ba41b.jpg,1.0
cl6oqcmju008wao550c102qjq_4_FALSE_COLOR__URBAN_jpg.rf.71b5b7ea7a4af7fc1d59fd7a7e7ef4be.jpg,1.0
cl6dxqd4a0000hg55axmt0iob_2_FALSE_COLOR_jpg.rf.717ff5dcab8432528125c95ea9313d28.jpg,1.0
cl6opkqwo007dao55e4yr3lyo_6_SWIR_jpg.rf.71a7427a8833bd7dd9e4483d57857480.jpg,1.0
cl6kfarcn000wc455738t9fff_2_FALSE_COLOR_jpg.rf.71bd2c21cf3c5ebef04a9c49183568a0.jpg,1.0
cl6b772u8009il455giop67ia_1_TRUE_COLOR_jpg.rf.7197180e2c5b615db8a9594a49ffb926.jpg,1.0
cl6oqrvzj009aao552o4w9gcv_4_FALSE_COLOR__URBAN_jpg.rf.71aeaad1b8f5bf065e335d75359a1e82.jpg,1.0
cl6e2y7v9002ngk55b03sduks_6_SWIR_jpg.rf.71dd6003970db6b60d29dfc912233816.jpg,1.0
cl6b7a6r2009xl455evyu7k9f_6_SWIR_jpg.rf.71be3643156fdfec433b745a5d75e93b.jpg,1.0
cl6dyqj7a000ehg55buwr46eg_6_SWIR_jpg.rf.7187df1736ffaa6de42e62a59513e014.jpg,1.0
cl6kfqf04001dc45543rtgu9n_1_TRUE_COLOR_jpg.rf.71dd9959b514cd7fe910a5f00b97ac56.jpg,1.0
cl6kfbq11000yc45577e7e4bg_6_SWIR_jpg.rf.71b525024457f4d74ba3a36df0af268a.jpg,1.0
cl6od6dj2001eao55dxd749up_1_TRUE_COLOR_jpg.rf.71e5b501cdce7cbc4980a9401ef20786.jpg,1.0
cl6oisonk003qao55abjmbm9z_1_TRUE_COLOR_jpg.rf.717f50bbab13d896857ee94d27c47c2b.jpg,1.0
cl6m16jg100398w5516eqah85_4_FALSE_COLOR__URBAN_jpg.rf.719ce2244ee8357cea9f9026d3571db7.jpg,1.0
cl6ocwm59000lao557aje5r5p_1_TRUE_COLOR_jpg.rf.71acfd8255e097a7fee6a11efcd21323.jpg,1.0
cl6azwb8d0001t055d2a160qn_1_TRUE_COLOR_jpg.rf.71a4032be9a9205d387b4af3f76b3849.jpg,1.0
cl6ch5dh200bvl4559ujea96q_1_TRUE_COLOR_jpg.rf.71f33f8d56efe6e8cdd947616c73beb5.jpg,1.0
cl6csemjv00fcl455g14q355c_6_SWIR_jpg.rf.71f85dcab73aba7acd655b3ae5d9c0dc.jpg,1.0
cl6oputjf007wao55fnke0ppv_2_FALSE_COLOR_jpg.rf.7201aab916617048c893b4d7546500bf.jpg,1.0
cl6ltkp8x002j8w55ede3g7qb_6_SWIR_jpg.rf.71ef238def381ddf71f15198166fbc59.jpg,1.0
cl6ojakz1004lao55gg29c7l2_1_TRUE_COLOR_jpg.rf.7209edb9bcbe191c308b48884e0e4672.jpg,1.0
cl6e31up4002zgk55aj7w7a0x_1_TRUE_COLOR_jpg.rf.71f9b404cf7a96b092524a0e2bf8f109.jpg,1.0
cl6b79rs5009wl4550jbyddo9_6_SWIR_jpg.rf.721085ef66a8407ae41347f2ee696818.jpg,1.0
cl6b7as54009yl455ag52hzr2_4_FALSE_COLOR__URBAN_jpg.rf.72392bfdd05f9f4ae2e8d69f311f7b81.jpg,1.0
cl6oitdc8003sao55g3x88p25_4_FALSE_COLOR__URBAN_jpg.rf.721848443d46691e3cbf2a26a5f966e4.jpg,1.0
cl6op40ua006hao55h2vahefn_2_FALSE_COLOR_jpg.rf.7236b75edb2b9aa50ac69286677eb5ed.jpg,1.0
cl6b6sfee007xl455b8bt5zum_1_TRUE_COLOR_jpg.rf.722fdd3e93325955781f4dbdac2131d6.jpg,1.0
cl6odx8ff002jao5531b01e4o_1_TRUE_COLOR_jpg.rf.72280a48b92f8fa2d30256d00c68156e.jpg,1.0
cl6cso4jp00ful45554tn3v0d_2_FALSE_COLOR_jpg.rf.722f8e45517e62f95deeccca5d85551a.jpg,1.0
cl6b4znqq001wl4554xy23bep_4_FALSE_COLOR__URBAN_jpg.rf.722bcfcdc367406bf06de52610353022.jpg,1.0
cl6e1y3zz001ngk559rm6ec1q_2_FALSE_COLOR_jpg.rf.727bb874e05fcac412ff499ee6e86b34.jpg,1.0
cl6b76fnk009dl4556z3y9qgs_4_FALSE_COLOR__URBAN_jpg.rf.7251cb34692f879a027c22984a777f1f.jpg,1.0
cl6b5itb2003wl455c6390bed_6_SWIR_jpg.rf.72325bd85b501375fce932a90a99f836.jpg,1.0
cl6b5ei80003jl45568eh02jo_4_FALSE_COLOR__URBAN_jpg.rf.72604345f63b3714ef51d75a8cdcddc7.jpg,0.0
cl6kioqix000f8w55cu1n98v2_6_SWIR_jpg.rf.72353b1c73a063b12deae03f9c43028d.jpg,1.0
cl6crzmr500ecl4558jp511l2_6_SWIR_jpg.rf.725139c0b38a20cd86da00f269478707.jpg,1.0
cl6odles00020ao555y5rc1cl_4_FALSE_COLOR__URBAN_jpg.rf.724d41d494ef663611a6154ed9ecc2e5.jpg,1.0
cl6kfrfmx001hc455cbojhgeb_4_FALSE_COLOR__URBAN_jpg.rf.7287967769965a9bfb81ebabcf045f19.jpg,1.0
cl6ltu5kv002v8w555n2uhb4s_6_SWIR_jpg.rf.7257dff79be1f5ddda2ab7c441a17ef7.jpg,1.0
cl6dzuimb000xhg552nh5hdd9_2_FALSE_COLOR_jpg.rf.72627f10a1a539bf348634d78c9a1344.jpg,1.0
cl6b6bm71006vl455b6dmf9vp_2_FALSE_COLOR_jpg.rf.728d0a960268ba1c4177c2eb9c07d2f3.jpg,0.0
cl6cht8c600cml4558wv5emrs_6_SWIR_jpg.rf.725024cb3acc8c5440d0ea548d40ee72.jpg,1.0
cl6cgw2be00bnl455cetv4inw_6_SWIR_jpg.rf.728198f1643bf02e3e0ce332f475a33d.jpg,1.0
cl6ormrr6009nao55a7r8cs06_4_FALSE_COLOR__URBAN_jpg.rf.729596be82c34c4d9bc681e1211713a8.jpg,1.0
cl6b5amhu002yl455ge4y545t_6_SWIR_jpg.rf.7288164dfd473b4b32d77cb5089cf9ff.jpg,1.0
cl6b534co0028l4557bpr4k5i_6_SWIR_jpg.rf.729dc74435fb973fc3832f3db84fb7e5.jpg,1.0
cl6ltn677002k8w558nwy0yql_2_FALSE_COLOR_jpg.rf.723da73e15026e36a533a56fdd4ffb4a.jpg,1.0
cl6kfvrfp001qc45548kr4qf2_1_TRUE_COLOR_jpg.rf.72a317312e40288020b982d94bc91ee9.jpg,1.0
cl6kf5bk5000fc455brw6a6hw_1_TRUE_COLOR_jpg.rf.7236b8f110d9940cb1d6fee907ed01dc.jpg,1.0
cl6op6nll006lao553d190xdf_1_TRUE_COLOR_jpg.rf.7282338faaf3fb081b526f3bf2cf80de.jpg,1.0
cl6opq0g0007mao556zsr2z59_6_SWIR_jpg.rf.720c79e1c3fb9e0c0cc52371bf966c0f.jpg,1.0
cl6csiins00fgl45562qya3h6_6_SWIR_jpg.rf.729b45c3b310310de86ccbbcffe7ac2f.jpg,1.0
cl6oqqr8s0098ao551igt70zb_1_TRUE_COLOR_jpg.rf.72a7fc4441eccdc3c202430d3507cfef.jpg,1.0
cl6ki7l6900048w55hs8c6nwt_2_FALSE_COLOR_jpg.rf.72a850e57a725fe9b31d2f31d9a7689b.jpg,1.0
cl6m1aury003e8w55364mhq6f_6_SWIR_jpg.rf.72e65aa69bda12632cdc0060bb7ca10f.jpg,1.0
cl6e351jb003agk55474uguhw_6_SWIR_jpg.rf.730451df666d6cf1b2d5c55e42e10351.jpg,1.0
cl6okdhtr0062ao557yfi3i7c_4_FALSE_COLOR__URBAN_jpg.rf.72ddd0294c29abcf2c07c74551184043.jpg,1.0
cl6e2xkh0002mgk55aif2aqvo_2_FALSE_COLOR_jpg.rf.72b41f796189e687e75bca8023c31a47.jpg,1.0
cl6dzkjup000rhg5589g0afdf_4_FALSE_COLOR__URBAN_jpg.rf.72a42c9438ab896321c5a9b2d1705625.jpg,1.0
cl6ojsb1v0050ao55bqfgg51x_1_TRUE_COLOR_jpg.rf.72d9ed164f3e7fa51174ca79ae05dd17.jpg,1.0
cl6kfnwqd0015c455cssv4ha4_4_FALSE_COLOR__URBAN_jpg.rf.72df3c15e37d2bf0363f47e6dab5a472.jpg,1.0
cl6opc9oz006zao552eyx63jq_1_TRUE_COLOR_jpg.rf.72c65e7a0f364720b0ffc5e9a2d66b2a.jpg,1.0
cl6b5myi60048l45530d5anq4_1_TRUE_COLOR_jpg.rf.7327cbad57ead601f6a55570e30e12f7.jpg,0.0
cl6lto1fw002l8w55052sbhvh_6_SWIR_jpg.rf.734e9479941dacc00969c15d07a23505.jpg,1.0
cl6b5xjjd005kl455hfjcd5ra_4_FALSE_COLOR__URBAN_jpg.rf.72fbe3e886bbb45dc5e1243c7886ce6e.jpg,1.0
cl6oqqr8s0098ao551igt70zb_1_TRUE_COLOR_jpg.rf.73146370b1f8df9bbbfb226ccee864bd.jpg,1.0
cl6oj45gi004bao550n8cfkqx_1_TRUE_COLOR_jpg.rf.7366f5049fdaab46a32b693fb6d0e22e.jpg,1.0
cl6ojv5dx0056ao557rpa0ljr_4_FALSE_COLOR__URBAN_jpg.rf.7340072c958af4cc9d5390459f97b61d.jpg,1.0
cl6ct5pk300gxl4559vdtfjz2_1_TRUE_COLOR_jpg.rf.734192c597aab69cfab5ff7e73658d38.jpg,1.0
cl6e09v5e000igk55bgqi62m1_1_TRUE_COLOR_jpg.rf.737082b0f198470c2470f0f8d9c29854.jpg,1.0
cl6b6672j006al45550ixdqdo_6_SWIR_jpg.rf.7379d73d8d7456ded94e1ed582962f39.jpg,1.0
cl6cgepys00avl455d8q7b602_6_SWIR_jpg.rf.72facf7647b3f85b546e17d89c2bc840.jpg,1.0
cl6orko2t009kao55b52w8c6b_6_SWIR_jpg.rf.730e8cacb01bfdbd396a6d1b9fe2559b.jpg,1.0
cl6b5bhxx0031l4557l1l8rmh_1_TRUE_COLOR_jpg.rf.738dc5f5d26e06d4828446b8710f3923.jpg,1.0
cl6oui3xy00aoao55d29e9vlz_1_TRUE_COLOR_jpg.rf.7379f9a4c9361750c7dc27b99d8057d5.jpg,1.0
cl6oplars007eao55fno41dzm_6_SWIR_jpg.rf.7345d888d16d254c1fd5a5eff8ea8ad3.jpg,1.0
cl6chwo0b00ctl4552uy69sgu_1_TRUE_COLOR_jpg.rf.7327d7928f69fb78802f01df90c9d861.jpg,1.0
cl6oir8s2003mao552l3w3cre_1_TRUE_COLOR_jpg.rf.730e8f262c6a1471160f52d7ceb70caa.jpg,1.0
cl6op20j8006eao55cw0ucbhh_2_FALSE_COLOR_jpg.rf.738dec31f1c801ba22255d35d185bec9.jpg,1.0
cl6m10azo00328w550q5i0wyx_4_FALSE_COLOR__URBAN_jpg.rf.73930e5351f03c80a5ea2130e09c7cef.jpg,1.0
cl6ocun81000iao55010uhpce_4_FALSE_COLOR__URBAN_jpg.rf.7352846731edaa3096e95196ca481bee.jpg,1.0
cl6lsukwg001t8w556kieb72f_4_FALSE_COLOR__URBAN_jpg.rf.739e2b2d5b1ca60e5e04f33a10bb54b3.jpg,1.0
cl6oihv2n0034ao55fdp36vw4_6_SWIR_jpg.rf.739f45581612da36ef557b5cbbd3dcdf.jpg,1.0
cl6okb25a005wao558pj4ejty_2_FALSE_COLOR_jpg.rf.739b41f9be59ec2c4d0c1bc2a8c66f51.jpg,1.0
cl6oixxvs003yao555nvw8ao1_6_SWIR_jpg.rf.739f0fe4b45b17e08b830e3b4b57ff0e.jpg,1.0
cl6e2kygp002egk55asrs2brz_1_TRUE_COLOR_jpg.rf.739b6cc85fb2eb2638ed92fb4c5eeb03.jpg,0.0
cl6oduu28002dao550pgs32ff_6_SWIR_jpg.rf.73c31b74a3a2c6efee03e19325a8899f.jpg,1.0
cl6ltn677002k8w558nwy0yql_2_FALSE_COLOR_jpg.rf.73a12e0d9929ea949b737b2246ca3d92.jpg,1.0
cl6e2cyo5001ugk556dvqc83s_4_FALSE_COLOR__URBAN_jpg.rf.73cb90016e011a101457858fe26d591b.jpg,1.0
cl6kinecw000e8w551c8r9tyn_4_FALSE_COLOR__URBAN_jpg.rf.73c24f43720d9fbb0f7a1ec165dcd604.jpg,1.0
cl6b5f9f1003ml455abwkc72t_2_FALSE_COLOR_jpg.rf.73b2aa778e4ae7933fbdef93ceb21f9d.jpg,1.0
cl6csn2vw00fsl455h2a79t61_4_FALSE_COLOR__URBAN_jpg.rf.73d62f2940826b0e64755994318fd063.jpg,1.0
cl6b71u9c008ql4552c2n4uf8_4_FALSE_COLOR__URBAN_jpg.rf.73dea51339ec808d92d39d91682135ba.jpg,1.0
cl6b57brh002ll4555o3te631_6_SWIR_jpg.rf.739f0d78a115de1c9026aef2ed4fa67e.jpg,1.0
cl6kg5b5c0027c455abg328ld_1_TRUE_COLOR_jpg.rf.73a69cad047f4d8e8b41c03b24140f6c.jpg,0.0
cl6cg9ocl00all4559cj91lyd_2_FALSE_COLOR_jpg.rf.73c558c45471ea4a65667c67ac2e992c.jpg,1.0
cl6od5fxe001dao55dwsx001s_6_SWIR_jpg.rf.74027603715a4ca8d2677885858d8d3b.jpg,1.0
cl6e09hxf000hgk559x18fvg8_1_TRUE_COLOR_jpg.rf.73efb3c8aaff15801ce4c66ef62bbe31.jpg,1.0
cl6kf3axb000bc45538k8b660_2_FALSE_COLOR_jpg.rf.7434cd542d7ed502877d45a286d06b45.jpg,1.0
cl6b6et5c0076l455204j3p53_4_FALSE_COLOR__URBAN_jpg.rf.73d7274d2528bf76172fdcb9ca5fd913.jpg,1.0
cl6kjdoao00188w55hr8w6a5l_4_FALSE_COLOR__URBAN_jpg.rf.73e81ebde2babaeb9a97d64b23297ae0.jpg,1.0
cl6m1fspy003x8w553wncdjsh_1_TRUE_COLOR_jpg.rf.743f9e0df6f082a16580e253fe75eb21.jpg,0.0
cl6b04t8r0007l455fk4y4zr0_1_TRUE_COLOR_jpg.rf.73c38ba40ae6010f050d0e279ad3564b.jpg,1.0
cl6orsbq600a1ao5543sigy1j_6_SWIR_jpg.rf.7415aed9d664183c85a27033dc60f297.jpg,1.0
cl6ltrgqp002s8w55bwy9c5b4_1_TRUE_COLOR_jpg.rf.7406a29c067338222d310da53b393415.jpg,1.0
cl6b5wyr5005hl4550ouq6nyg_1_TRUE_COLOR_jpg.rf.742f4cd7e0ad262b9d2b1815c4ae9c49.jpg,1.0
cl6chm8sy00cel455ckjkfykq_2_FALSE_COLOR_jpg.rf.7433bc882df9adde8aadef48294ddf05.jpg,1.0
cl6cgro8500bhl455267h78fj_6_SWIR_jpg.rf.74148595ff5b743d3f8de26d64f0344b.jpg,1.0
cl6b6tta10081l455gz1y3eys_2_FALSE_COLOR_jpg.rf.740c7af2575b7ee3198db779c75e4f7b.jpg,1.0
cl6e0l3x90015gk55eki43b8w_1_TRUE_COLOR_jpg.rf.73ed1d551ad9720b5654c10ea846757e.jpg,1.0
cl6oprerh007qao550eopgo74_6_SWIR_jpg.rf.741bde20d58694ca3b521c44022d6bbd.jpg,1.0
cl6cs860i00f4l455hkyq2bed_1_TRUE_COLOR_jpg.rf.7470647760c4ac9fae3937d43165af29.jpg,1.0
cl6ctgypm00hol455a8epfwn4_4_FALSE_COLOR__URBAN_jpg.rf.74506c4a01ab522bd4f2a15e8846ddfb.jpg,1.0
cl6opqgtf007nao55d5fr4p16_2_FALSE_COLOR_jpg.rf.74b5e827afc98b1a75affee813ac7cef.jpg,1.0
cl6b51tzw0021l455hoys6t5x_2_FALSE_COLOR_jpg.rf.743ff09cc30c7d27616dbd68901ae15b.jpg,1.0
cl6e30lnj002ugk558z8yabbd_6_SWIR_jpg.rf.74c63724ee3b0860f192a178057752d3.jpg,1.0
cl6ou9hl600adao559w1qda4m_4_FALSE_COLOR__URBAN_jpg.rf.748e9ebb5240340babf49f9295e93d02.jpg,1.0
cl6oozv0s006aao55aqm71ih3_1_TRUE_COLOR_jpg.rf.74d66dffe91d6bcb2d989fd5e0de5180.jpg,1.0
cl6e1w3mk001mgk5561ce1hn7_2_FALSE_COLOR_jpg.rf.74667b8d6866b17aa9477243121e55b8.jpg,1.0
cl6kgag2y002ac455g3l427ic_6_SWIR_jpg.rf.74f385a4d10ee6704ab5ddc0968309a0.jpg,1.0
cl6b58mbx002sl4550bzf0gow_6_SWIR_jpg.rf.7480148d47a18ad9c6d4e0cfd0281c8d.jpg,1.0
cl6m1b5o6003f8w55bts57rav_6_SWIR_jpg.rf.750cb07bdd018e663911eb8cea8f04d2.jpg,1.0
cl6e34bti0037gk55gzdv0akr_2_FALSE_COLOR_jpg.rf.751903700feafe5876969ae7d8050b20.jpg,1.0
cl6ki82ak00058w55b9dyf8ef_2_FALSE_COLOR_jpg.rf.743786fb68ea9992e119a534ca7df599.jpg,1.0
cl6b63vpq0064l455flci5m80_6_SWIR_jpg.rf.74a5cd0de33f71ca51e0e1539cb38a7a.jpg,1.0
cl6opxvd40084ao55f1zvab1r_2_FALSE_COLOR_jpg.rf.74885db4fd318d25b4543ce9f0476c92.jpg,1.0
cl6ojrtzp004zao55hqhsfffg_6_SWIR_jpg.rf.753c35ebdff9b42e3ef5dd443e7a12c0.jpg,1.0
cl6m1cry8003m8w559r91hmtl_6_SWIR_jpg.rf.74e582f4b9732ad150c8e9fa92f2fbdf.jpg,1.0
cl6ouj4wy00arao551zl9clbo_2_FALSE_COLOR_jpg.rf.7513f585b2e891be1ba34979a3a1c89f.jpg,1.0
cl6m16jg100398w5516eqah85_6_SWIR_jpg.rf.74fef095a52359ed4a259ab8c58d8a8e.jpg,1.0
cl6b05bia0009l4551ymod0pi_6_SWIR_jpg.rf.75292a97a95f1b228e30ba8b34f42744.jpg,1.0
cl6b7h2v400abl455fnnxfm2z_4_FALSE_COLOR__URBAN_jpg.rf.7506dfe23b4071620a99d3333adab2a2.jpg,1.0
cl6cht8c600cml4558wv5emrs_6_SWIR_jpg.rf.74d6e54b9d2264cf8cb227c8abab6829.jpg,1.0
cl6b592jd002tl4553ego08to_2_FALSE_COLOR_jpg.rf.753d878ce4729458bec657227efb7478.jpg,1.0
cl6oiz4yx0040ao55gbep3evs_4_FALSE_COLOR__URBAN_jpg.rf.75340bdbe49f0f39638bd0b42e22bc2c.jpg,1.0
cl6m0whp000308w555xk5cwij_1_TRUE_COLOR_jpg.rf.752b83f5bf8195359089fd3225eb9f1f.jpg,1.0
cl6crspfd00dul455d42h7xbn_2_FALSE_COLOR_jpg.rf.754a6f87f160116e69c6747a4f5a74ce.jpg,1.0
cl6azt6cd0002go55f0qt1otm_6_SWIR_jpg.rf.7554a193b9a156f767ddbddc3f101242.jpg,1.0
cl6od01zy000wao5564tqf2dq_4_FALSE_COLOR__URBAN_jpg.rf.7559cb7245ebff409fbb898653c453c7.jpg,1.0
cl6ctnko800i1l4557pimhby6_2_FALSE_COLOR_jpg.rf.75149b3aa1c4041c0598f008155f3c74.jpg,1.0
cl6dy9kzz0002hg55bc0s18ph_2_FALSE_COLOR_jpg.rf.75604127b1b4313ceee5ec36e5898f0d.jpg,1.0
cl6cgtnl200bll4552u3y49k7_4_FALSE_COLOR__URBAN_jpg.rf.7560776737b8fbb1408c64ea1af4f8aa.jpg,1.0
cl6cruirz00dzl45533iybi5p_2_FALSE_COLOR_jpg.rf.756e833c165839131c0cd3aba311670e.jpg,1.0
cl6cs21em00eml4555mko22o7_1_TRUE_COLOR_jpg.rf.756a47cb0256b0a6bcc708ad16ff08c4.jpg,1.0
cl6b63vpq0064l455flci5m80_1_TRUE_COLOR_jpg.rf.7558e867d54edd174facb930a6170176.jpg,1.0
cl6cs113t00eil4553ipt3ogj_1_TRUE_COLOR_jpg.rf.755c738a4dc2ad0e1d46c884632a8264.jpg,1.0
cl6b0slw7001ol455e0rp3o75_2_FALSE_COLOR_jpg.rf.758d0734d66c549edf664e8e2780b400.jpg,1.0
cl6cs4oof00eul455fdkybwbf_1_TRUE_COLOR_jpg.rf.756c83943855dc932d0e15863ee2f7d9.jpg,1.0
cl6kgm9qr002yc455g5qs87kz_1_TRUE_COLOR_jpg.rf.75721ff8f9c5e3582bfcf0c477b82cbe.jpg,1.0
cl6cgah3400anl4554lg2hxzy_2_FALSE_COLOR_jpg.rf.757f02d2a7f1c1773603222de023a191.jpg,1.0
cl6oqdjr6008yao55dfmibcy4_1_TRUE_COLOR_jpg.rf.759a1eae8c31f2a981009233ad83ea52.jpg,1.0
cl6ct101m00gml455hllggu82_1_TRUE_COLOR_jpg.rf.7588664687785c266c85f89d645e20bd.jpg,1.0
cl6ctbgwv00hel455fxql5pdm_2_FALSE_COLOR_jpg.rf.75aac9a4015c348fd7054eddd35ea687.jpg,1.0
cl6oja8ma004kao55atmaakd4_4_FALSE_COLOR__URBAN_jpg.rf.75a7899c1735d0b4347e8c96e83286f9.jpg,1.0
cl6m1cyzn003n8w55b05d1g7b_1_TRUE_COLOR_jpg.rf.75d53435782fc5b5f13af5fdde3722a0.jpg,1.0
cl6ojx2va005aao55c05b0bvm_6_SWIR_jpg.rf.75ad2349ad0d789a54d0adfa6d513068.jpg,1.0
cl6e3hmo90042gk550afsdsxy_4_FALSE_COLOR__URBAN_jpg.rf.75dddd1180ded9fe6b25079937225106.jpg,1.0
cl6kjhhl5001h8w55fo1v1vqs_2_FALSE_COLOR_jpg.rf.75a6bcdf440ef96c02e8ad2151d7c3fe.jpg,1.0
cl6okbxd2005yao551huyeqkl_1_TRUE_COLOR_jpg.rf.7547a02a32f36522105a9200df862e5e.jpg,1.0
cl6ct4zi700gvl455hd187an6_1_TRUE_COLOR_jpg.rf.7589cc3c20397a9e45c18c118e8acaa4.jpg,1.0
cl6dzuimb000xhg552nh5hdd9_1_TRUE_COLOR_jpg.rf.75e47ec48583e33b8768891c29c504ad.jpg,1.0
cl6e3bkid003jgk5568qqgh5c_1_TRUE_COLOR_jpg.rf.75f37ff86a8b708a4ca3027e1bd09e1c.jpg,1.0
cl6kgag2y002ac455g3l427ic_6_SWIR_jpg.rf.760a7e133c5ebb1deaf46daa3a1b1b0a.jpg,1.0
cl6b746nn0091l4556dgg9xwd_1_TRUE_COLOR_jpg.rf.7639103463db0bfbceeb88385a03cc42.jpg,1.0
cl6cslhca00fql4551wh11myi_1_TRUE_COLOR_jpg.rf.75d21feea17246f15c0b580abbbbec46.jpg,1.0
cl6ci1vnh00d5l455d4ts3luw_1_TRUE_COLOR_jpg.rf.75b136a0e6b9ca647971fca6ff7b9ff2.jpg,1.0
cl6b6vihd0086l4553gmk0011_2_FALSE_COLOR_jpg.rf.7636a1f4749271569116f1f41ed89a31.jpg,1.0
cl6e1gy620018gk55gvmqas56_1_TRUE_COLOR_jpg.rf.7630ed98ff4a84e884258ebae21eb916.jpg,1.0
cl6oir8s2003mao552l3w3cre_1_TRUE_COLOR_jpg.rf.763b1d779fce66939a84b2838b352a32.jpg,1.0
cl6e2uo3r002kgk556io96bkr_2_FALSE_COLOR_jpg.rf.75b3dd1735d016180e437902f63633f0.jpg,1.0
cl6az56oy0003f05554mh92wy_6_SWIR_jpg.rf.761f6e511a1e8046a75d4fbe1e0253b2.jpg,1.0
cl6chumom00col4556jyfb7a5_4_FALSE_COLOR__URBAN_jpg.rf.7605913f02e4f86d73319916e7f6c209.jpg,1.0
cl6ki7l6900048w55hs8c6nwt_1_TRUE_COLOR_jpg.rf.760a18ffc4fc51e2c4f379eb49e9c8b7.jpg,1.0
cl6e32fcc0031gk55dtxeatwl_1_TRUE_COLOR_jpg.rf.7644b8a196122e7e6613ff76e4e2f5b8.jpg,1.0
cl6b5qhgi004ml4554fwj59ku_4_FALSE_COLOR__URBAN_jpg.rf.7628bb76cede3c62b2d3b7a848c3d6a0.jpg,1.0
cl6b0dcgw000tl4553dj16rm5_1_TRUE_COLOR_jpg.rf.75b660f29b8021948e3b19455767edf5.jpg,1.0
cl6e2ww4w002lgk555k8x0pjx_1_TRUE_COLOR_jpg.rf.760f4c40c304c0f39c402857a3c1379f.jpg,1.0
cl6cpao9l00dal4553toud4ix_6_SWIR_jpg.rf.761d07cd8cbb6ffea76d8f0618fafa5f.jpg,1.0
cl6e0ic4d000zgk55gqkieyhi_6_SWIR_jpg.rf.76a24b26b246767f1b386d6ef925a1fd.jpg,1.0
cl6cgk7k600b5l455ceot4yy5_2_FALSE_COLOR_jpg.rf.768534000423dec0384a174c89f895fa.jpg,1.0
cl6op3smm006gao55ea02ba3u_1_TRUE_COLOR_jpg.rf.763bc80c217e05efd98733128f5f3ae3.jpg,1.0
cl6cszfwz00gkl45529qw979l_2_FALSE_COLOR_jpg.rf.769fd76b1f18c5fb64bb59939687e1fb.jpg,1.0
cl6b77933009jl4554y5l30h3_6_SWIR_jpg.rf.76909ed4308117fedabe90eb3966fac9.jpg,1.0
cl6m1bogh003h8w553evr8lfd_1_TRUE_COLOR_jpg.rf.76696b0258a039a91bdb3e955dc58e18.jpg,1.0
cl6b6jisx007gl455f80x2o01_4_FALSE_COLOR__URBAN_jpg.rf.76b00a3d9aaef2479eaaf041b9b34a98.jpg,1.0
cl6kgdzqp002kc455030p44eo_2_FALSE_COLOR_jpg.rf.76a3875b9b9ec4d9b6c40ff9fdd3e7cb.jpg,1.0
cl6cgk7k600b5l455ceot4yy5_4_FALSE_COLOR__URBAN_jpg.rf.7647087f4626998ba5046fdd98a16b08.jpg,1.0
cl6oie1ic002vao557ua5evp8_2_FALSE_COLOR_jpg.rf.76b037d2681e6858423f870e628d1a3e.jpg,1.0
cl6ok1xz8005jao55et1x9ny0_1_TRUE_COLOR_jpg.rf.766055e885c5d950a1d020a01ae733c2.jpg,1.0
cl6kfzb24001zc4555e770ib2_6_SWIR_jpg.rf.76994f2765ab5712cb37c23f51c75d96.jpg,1.0
cl6b551w3002dl4550lwt59yl_6_SWIR_jpg.rf.76d97c96431d2d3fdd0cc3fd1bdb61cf.jpg,1.0
cl6e34ucl0039gk557j7w24c8_1_TRUE_COLOR_jpg.rf.76d86448d2aac4e0f43146b28202fcad.jpg,1.0
cl6oco3m10002ao55ejzs6p2n_2_FALSE_COLOR_jpg.rf.76b7a2dd59af0368bfd2432623ce3a1e.jpg,1.0
cl6ocpxm10006ao554w1tf9fa_2_FALSE_COLOR_jpg.rf.7741a4811b3a81123f2721005f017e04.jpg,1.0
cl6op20j8006eao55cw0ucbhh_2_FALSE_COLOR_jpg.rf.76eb73767e999c1317bf51c39cdaea95.jpg,1.0
cl6chu8h100cnl4552hz21fjt_1_TRUE_COLOR_jpg.rf.77990fc7361a55ae0d42354deddf6b99.jpg,1.0
cl6kfnwqd0015c455cssv4ha4_6_SWIR_jpg.rf.76dba90b1155facf7774e84439aed7c8.jpg,1.0
cl6ocqy790009ao55dmfo7t3e_4_FALSE_COLOR__URBAN_jpg.rf.77005d1e7a8524dfa7ed9ecbfa72083b.jpg,1.0
cl6chnfxe00cgl455cg8v02rb_2_FALSE_COLOR_jpg.rf.777aea9d8e85e34a3905eefb7a36522e.jpg,1.0
cl6b5dtwl003gl455a4x29a1d_2_FALSE_COLOR_jpg.rf.77452266f3c3bb143ed5fb7fe08707f3.jpg,1.0
cl6oq0cpr008bao553vg485hd_1_TRUE_COLOR_jpg.rf.7776dcbd9afc73df8240c600b5e61058.jpg,1.0
cl6m1dd0r003o8w5569ma5agl_4_FALSE_COLOR__URBAN_jpg.rf.776efbd00d492fffe206aeef6fb3d155.jpg,1.0
cl6b5rb8x004rl455g3sp3iqz_1_TRUE_COLOR_jpg.rf.77bfcefba72aebd0efb825f9b2bc6b3b.jpg,0.0
cl6csq2j100fyl4550kka11gw_2_FALSE_COLOR_jpg.rf.77d6cdca7f12f47ab73716b7800e60c9.jpg,1.0
cl6kibg7b00068w55cog49lxl_2_FALSE_COLOR_jpg.rf.77cc6f6d9188157c80b0bde777eed660.jpg,1.0
cl6m145w400368w55e1mscmpe_2_FALSE_COLOR_jpg.rf.77eed5483b00d87755a3e2d6f4a6d604.jpg,1.0
cl6e3e9qm003rgk55efdu14ah_4_FALSE_COLOR__URBAN_jpg.rf.77d214833d3b29c80e70cc69f06e0675.jpg,1.0
cl6b05bia0009l4551ymod0pi_4_FALSE_COLOR__URBAN_jpg.rf.775b979890a37d3269a2691b68892b76.jpg,1.0
cl6crxga900e6l4554gxk4zu2_2_FALSE_COLOR_jpg.rf.781139bb50f959dfd2870594bf3762f7.jpg,1.0
cl6b7crtk00a1l4552n2vbda4_4_FALSE_COLOR__URBAN_jpg.rf.772b5ebd67eb45afb8dbea8c52b09b4d.jpg,1.0
cl6csvg6n00gal45513b052pr_2_FALSE_COLOR_jpg.rf.777e5dcd63ebf96b489c5ef7955d3fca.jpg,1.0
cl6ocu86l000hao5586i77xky_2_FALSE_COLOR_jpg.rf.77cedbeef36b8908585506799fe550ef.jpg,1.0
cl6ch5p4h00bwl4552zvifnwy_4_FALSE_COLOR__URBAN_jpg.rf.7820449bdb59d3123644a14a4558278d.jpg,1.0
cl6b6xnlo008dl455ft678vcm_1_TRUE_COLOR_jpg.rf.782cc19397b237a9640c49b4abeab149.jpg,1.0
cl6e2u0ix002igk555d3b0uai_6_SWIR_jpg.rf.77e31309772d69c1ffafca8314696434.jpg,1.0
cl6b6djlb0070l455aknp8lu8_1_TRUE_COLOR_jpg.rf.76c8f4b0075f76da3af5e90c6fd79ba6.jpg,1.0
cl6kj65c0000t8w55cowe4x30_1_TRUE_COLOR_jpg.rf.7818a56ae1ca99a98a11c9ff4612ce0c.jpg,1.0
cl6e024qp0002gk55hw935fuj_2_FALSE_COLOR_jpg.rf.78547b78f19c34bf2e98c7fd6e479ef7.jpg,1.0
cl6e1zx08001pgk554gv1bhpt_4_FALSE_COLOR__URBAN_jpg.rf.78090e2f23c33acd5cc227198d2457c5.jpg,1.0
cl6kjdoao00188w55hr8w6a5l_2_FALSE_COLOR_jpg.rf.785ff19e398e6b227e82d11cd879f279.jpg,1.0
cl6e1y3zz001ngk559rm6ec1q_6_SWIR_jpg.rf.775937e8e7a663a67247ddce07a5424f.jpg,1.0
cl6chnv4k00chl455heba8syd_1_TRUE_COLOR_jpg.rf.7850ab63742074e84b74488f2e807165.jpg,1.0
cl6ctmco900hxl4552n6d6jc1_4_FALSE_COLOR__URBAN_jpg.rf.78634f878d09b2850479e8bc11d36415.jpg,1.0
cl6oiojdm003hao55geo24bj6_1_TRUE_COLOR_jpg.rf.786cf6f21cd0fada999557ce1a468bf9.jpg,1.0
cl6ok2egr005kao55bv7hfye5_2_FALSE_COLOR_jpg.rf.78738a9996315f4f2d8238923438421d.jpg,1.0
cl6ou5qcj00a3ao555mak9y55_1_TRUE_COLOR_jpg.rf.78811a9d494a0639dd23cd0682187020.jpg,1.0
cl6kiers800088w554w61grpw_2_FALSE_COLOR_jpg.rf.78907279459f3bbe29adb2e99e841a07.jpg,1.0
cl6kfu7bi001oc455dxld1p8i_1_TRUE_COLOR_jpg.rf.78781e3c1481e342bcba18192a6ef5b9.jpg,1.0
cl6kjek5g001a8w5561zp7ddp_2_FALSE_COLOR_jpg.rf.7840b5d95e0560aca3ac80d3e8170d3c.jpg,1.0
cl6kfr3gw001gc4556plk3d6y_4_FALSE_COLOR__URBAN_jpg.rf.789bfcdbfc9c0cc63db91cd439805ae5.jpg,1.0
cl6ou72e300a7ao55ham55bxa_2_FALSE_COLOR_jpg.rf.786eb50be42c07b1b296b02598badb7c.jpg,1.0
cl6dysdta000hhg557gxba0yc_6_SWIR_jpg.rf.789347bd5bfd59b2a38e1fddde525211.jpg,1.0
cl6od25pv0016ao552ilz4612_2_FALSE_COLOR_jpg.rf.784b2437d43588e75ba361d09252d0d0.jpg,1.0
cl6ci0zpv00d2l455d7qvfvc7_1_TRUE_COLOR_jpg.rf.78b63d780cba5e3fc06c2e9ee2956e75.jpg,1.0
cl6cta0z600h9l455cygudh3w_1_TRUE_COLOR_jpg.rf.78b0909bd6cc52301f7844a963814717.jpg,1.0
cl6e2m95l002ggk55a3eefylp_1_TRUE_COLOR_jpg.rf.78c83eabeacda87794e5f6764704e22f.jpg,1.0
cl6ok74u9005oao557sb5dqub_2_FALSE_COLOR_jpg.rf.77f3e01b5b82503072bc5deb2b044016.jpg,1.0
cl6kfpeg80019c455an5z7myg_6_SWIR_jpg.rf.78a9af541b8388d82b7f0fe4e5d84bf7.jpg,1.0
cl6kfyj4a001wc4558emoaaeq_1_TRUE_COLOR_jpg.rf.78e22cab87a433fede1965ea4a10f581.jpg,1.0
cl6cgftp700azl455a3ylbfp5_2_FALSE_COLOR_jpg.rf.78776ab484f7253f72801f664c1a72ea.jpg,1.0
cl6oqbr98008uao55hhpyg2l0_4_FALSE_COLOR__URBAN_jpg.rf.78b19495d5ad92db1bdb33d7c4c08658.jpg,1.0
cl6e064go0009gk55e8lcflfy_2_FALSE_COLOR_jpg.rf.78cfb104a3a6aec0a3b1e6be968e6035.jpg,1.0
cl6cgm3hm00bal455ei1ken8s_1_TRUE_COLOR_jpg.rf.78f63288cab5b0259b58fbb15b2353c6.jpg,1.0
cl6b0mkrt001bl4550hq12i9i_1_TRUE_COLOR_jpg.rf.78df425070a4c59bdafa38cb908b3ea7.jpg,1.0
cl6kfbq11000yc45577e7e4bg_2_FALSE_COLOR_jpg.rf.78ea17230dd428c2c649c446588de31f.jpg,1.0
cl6e08s0e000fgk558toxgj1j_1_TRUE_COLOR_jpg.rf.78e2bd1d3a431ca78a29cd47f2ada4bb.jpg,1.0
cl6odg2fc001rao557orb0ee5_4_FALSE_COLOR__URBAN_jpg.rf.78eba4e40459a2ea8668954474d1bcb2.jpg,1.0
cl6ltche3002i8w55a3oj2dyk_2_FALSE_COLOR_jpg.rf.79156d26563729bd68ea15a181247d9c.jpg,1.0
cl6e0jkl30012gk55cttphw3u_1_TRUE_COLOR_jpg.rf.79447bbd89291414f2136adee500deb1.jpg,1.0
cl6ocsssy000eao55ep2v2ijm_2_FALSE_COLOR_jpg.rf.78e970a585bda01c93aafde993d1ce57.jpg,1.0
cl6oq4w4y008jao553s62btk7_4_FALSE_COLOR__URBAN_jpg.rf.78eec92bd82d1f5ecf5a351dd844ce1d.jpg,1.0
cl6chyqu800cyl455f9k363zl_2_FALSE_COLOR_jpg.rf.7933c6b5f9ab28be0178f1ab084ff86b.jpg,1.0
cl6chiqvr00c6l455cbe1ekdo_2_FALSE_COLOR_jpg.rf.78ed89c2dfcd5addfce00e67b0e27b70.jpg,1.0
cl6ct64f500gyl455byyqdaud_2_FALSE_COLOR_jpg.rf.78fe697f9646e758f429324089c5649d.jpg,1.0
cl6kfqmc1001ec4558cle4b25_1_TRUE_COLOR_jpg.rf.796d5c0cd99a43319dcb914c87085ed7.jpg,1.0
cl6ltqjke002q8w55ct7j5tel_6_SWIR_jpg.rf.795db4563d61927e42eabce5de3433fb.jpg,1.0
cl6ocmhv80000ao55b7ybfzf5_2_FALSE_COLOR_jpg.rf.7900a38a5579a1bd6fde552fba9c84f8.jpg,1.0
cl6ch5p4h00bwl4552zvifnwy_6_SWIR_jpg.rf.7981a5e5746614bbe3b78098af99bdb5.jpg,1.0
cl6b60nkh005vl455dzr44i2o_4_FALSE_COLOR__URBAN_jpg.rf.7979e443d86edb27185d6bf318f1cc73.jpg,1.0
cl6chkc4400cal4551mau76ln_1_TRUE_COLOR_jpg.rf.79815c65fb1a07f88419ba6ae15aa97e.jpg,1.0
cl6ou72e300a7ao55ham55bxa_4_FALSE_COLOR__URBAN_jpg.rf.792b547d920782bf748667b990ef931b.jpg,1.0
cl6b6iksa007dl4551508f1n4_6_SWIR_jpg.rf.79c9dc2a4a5663552d9c1591c219546f.jpg,1.0
cl6ciijds00d7l455hntlhi6p_2_FALSE_COLOR_jpg.rf.79ad72a9f4a482d7150658f121bc8f21.jpg,1.0
cl6b5wjqa005fl4550muectqc_6_SWIR_jpg.rf.79e482db25fb9b3038bfd09f1d070832.jpg,1.0
cl6ok8rik005rao5581r9bkn0_1_TRUE_COLOR_jpg.rf.799434fd5cbcd8fccfa2ceb099d9cbf2.jpg,1.0
cl6b6l171007kl4552zfu0hh5_2_FALSE_COLOR_jpg.rf.793e79a6891ad8f3940063c9c4269d52.jpg,1.0
cl6ok86rg005qao552r1p86s0_6_SWIR_jpg.rf.7981d56625196803798f95baf46f0035.jpg,1.0
cl6cso4jp00ful45554tn3v0d_1_TRUE_COLOR_jpg.rf.79f22697755b9f982b01d930a7a54eff.jpg,1.0
cl6oif58n002yao5578ob9fzh_4_FALSE_COLOR__URBAN_jpg.rf.79b47e9df852f489aec361ff4910ac3f.jpg,1.0
cl6b6aeiv006rl455ho4ugrkp_4_FALSE_COLOR__URBAN_jpg.rf.7995c32f30a66111a764d485d621101e.jpg,1.0
cl6b7g1w400a8l455eezq0iqb_6_SWIR_jpg.rf.79e73efa429cfb573f0f84dab6ae5eb5.jpg,1.0
cl6cgro8500bhl455267h78fj_2_FALSE_COLOR_jpg.rf.79ea60334880f13642d3fccfdd9162fa.jpg,1.0
cl6dy9kzz0002hg55bc0s18ph_2_FALSE_COLOR_jpg.rf.79dbe7cf4039f168410a1fe36f2b558b.jpg,1.0
cl6odbryt001nao55htogdny9_6_SWIR_jpg.rf.7a03c1b442852f95820e2e004cddf93c.jpg,1.0
cl6chv5i400cpl455b8o71jcm_6_SWIR_jpg.rf.7a0683203f5cdd69e95af6e35b5d2a74.jpg,1.0
cl6orry9200a0ao559gb82ms0_2_FALSE_COLOR_jpg.rf.7a04e6be74f3d31878a03de954cb6929.jpg,1.0
cl6chnfxe00cgl455cg8v02rb_2_FALSE_COLOR_jpg.rf.79e75993dd7419cf9d7ef5ae2c59d5b9.jpg,1.0
cl6ojakz1004lao55gg29c7l2_4_FALSE_COLOR__URBAN_jpg.rf.79e7622c7f697f4efb29fbb8bd62a4f4.jpg,1.0
cl6b5itb2003wl455c6390bed_6_SWIR_jpg.rf.796af4a69c8acd2d41d0f76bb1095c60.jpg,1.0
cl6b5goei003ql45521jt4njh_4_FALSE_COLOR__URBAN_jpg.rf.7a011cceb80d636ac385fa0d7f4969ad.jpg,1.0
cl6m1b5o6003f8w55bts57rav_1_TRUE_COLOR_jpg.rf.7a0171d5fb82c009a9fbf295126a1284.jpg,1.0
cl6kgnh9k0030c455dtnabosj_1_TRUE_COLOR_jpg.rf.7a17146264b86341880a9b98868af46a.jpg,1.0
cl6b64hpf0066l4555lt3czhh_6_SWIR_jpg.rf.7a6bf300f6ee1b9ae30338672f1e49b0.jpg,1.0
cl6b6dmty0071l455668oabtj_4_FALSE_COLOR__URBAN_jpg.rf.7a1cea84a16c84c75da8af681ca92ad6.jpg,1.0
cl6b4zqf6001xl455gp6h5ca8_1_TRUE_COLOR_jpg.rf.7a6b43bd623628f7f95b91e7163dbe4f.jpg,1.0
cl6e2ww4w002lgk555k8x0pjx_6_SWIR_jpg.rf.7a2d28a28267b6d5f46ce586a1f09b3c.jpg,1.0
cl6kgfqaa002oc455gxuy2vys_1_TRUE_COLOR_jpg.rf.7aa6cb7318ff87166766981c60fb88a5.jpg,1.0
cl6cgftp700azl455a3ylbfp5_4_FALSE_COLOR__URBAN_jpg.rf.7a85b7063b6de566399622aae243a583.jpg,1.0
cl6b5piua004jl4556y4k2p8q_4_FALSE_COLOR__URBAN_jpg.rf.7a2544ee9c4b263f3760069808e7b144.jpg,1.0
cl6odm3oj0023ao55641s046f_6_SWIR_jpg.rf.7ae927ad2eaa648ee716de9011cf7f49.jpg,1.0
cl6b67ypc006fl455bt0s8log_1_TRUE_COLOR_jpg.rf.7adb75b7354d520f3800fdb85105acad.jpg,1.0
cl6ok56zt005mao55cmacfcg4_1_TRUE_COLOR_jpg.rf.7a3842a889cd02a858b66ba1e018ddd1.jpg,1.0
cl6azvz950000t0552g8v22is_1_TRUE_COLOR_jpg.rf.7ac7613b7cab79b15e175cfbfd705567.jpg,1.0
cl6csapmj00f7l4558gne2y5r_6_SWIR_jpg.rf.7ad8915a9d545b68aa9308e5da754a24.jpg,1.0
cl6oqpnhu0095ao55fbos77vi_6_SWIR_jpg.rf.7ad2c9b69945f4bb86da1c0d2f1f3c1a.jpg,1.0
cl6ojbg9t004oao552glqe340_1_TRUE_COLOR_jpg.rf.7a27fc07b1c6e1e53127bd2428375175.jpg,1.0
cl6oje823004tao557z2r0e1d_1_TRUE_COLOR_jpg.rf.7a81cf69649eb9b0edb26d6d335c34dc.jpg,1.0
cl6ct8iqy00h2l455heufd4fj_1_TRUE_COLOR_jpg.rf.7ad29b16cef7bb6c674285607836c111.jpg,1.0
cl6csadov00f6l455ejric5np_2_FALSE_COLOR_jpg.rf.7a1cd3768b3fdd5b846e517d352de883.jpg,1.0
cl6oirxxk003oao552r40b8yf_2_FALSE_COLOR_jpg.rf.7a9123997e82a7b3ce3a353872da5104.jpg,1.0
cl6kg12gd0022c4555fac0sms_6_SWIR_jpg.rf.7af5f7942ff91d4cfd19573c6171b03c.jpg,1.0
cl6ch8asj00c1l4556jdzeuny_4_FALSE_COLOR__URBAN_jpg.rf.7a68736e0088c5466bc97d554c9bebca.jpg,1.0
cl6csx2sn00gel4553te03vfh_2_FALSE_COLOR_jpg.rf.7a57f911cc51d47c0d389ca29ae2e51d.jpg,1.0
cl6e3ieqj0044gk55azpfcs6x_1_TRUE_COLOR_jpg.rf.7abaf636eae73a7b9a84e0dc32c86f46.jpg,1.0
cl6kj8pto00128w55cj0y58qg_4_FALSE_COLOR__URBAN_jpg.rf.7ac2025e091b818fe515472d6ae941fa.jpg,1.0
cl6kj8pto00128w55cj0y58qg_4_FALSE_COLOR__URBAN_jpg.rf.7ade87e80519fd3ac23cb9e162fe8d1d.jpg,1.0
cl6oisonk003qao55abjmbm9z_4_FALSE_COLOR__URBAN_jpg.rf.7a5f35f8551fb9afd893116fa4294e6f.jpg,1.0
cl6cs7eox00f1l455595w1d49_2_FALSE_COLOR_jpg.rf.7afb7114664424898e0f75eb9a9fa61d.jpg,1.0
cl6dyxq50000nhg5571bs31g5_1_TRUE_COLOR_jpg.rf.7af7efd840d5b1a52c9971aaa6e28086.jpg,1.0
cl6cgr33o00bfl45526e3ajl1_6_SWIR_jpg.rf.7b0f98fbba5d453806130833ee09d2ff.jpg,1.0
cl6b5rw90004tl4550usmc96c_1_TRUE_COLOR_jpg.rf.7b1fb844c4aa8faf53772403de204466.jpg,0.0
cl6oe1f0u002sao550ab86ndb_2_FALSE_COLOR_jpg.rf.7b38408388e774e918f8ba7ec8528812.jpg,1.0
cl6b6et5c0076l455204j3p53_2_FALSE_COLOR_jpg.rf.7b474e78728d104a23c78d5a6364e95b.jpg,1.0
cl6ojcant004qao555opq5lio_6_SWIR_jpg.rf.7b54f52bccac062956822f82d34ea21e.jpg,1.0
cl6m1ejbw003s8w556ie04d5b_1_TRUE_COLOR_jpg.rf.7b04059b84473c17a2e7785ff2ddd8f3.jpg,0.0
cl6b6i65c007cl4550t4i61rw_1_TRUE_COLOR_jpg.rf.7b1d83cd7e636caee1d5501245996e6e.jpg,1.0
cl6b4x9pw001pl455en07csnz_2_FALSE_COLOR_jpg.rf.7b45f708e8ba5ad3dbad39f7311d8bbb.jpg,1.0
cl6kf5bk5000fc455brw6a6hw_4_FALSE_COLOR__URBAN_jpg.rf.7b8646d390587d5bb8407a5f2f540beb.jpg,1.0
cl6cpebce00djl4559trp2fbu_1_TRUE_COLOR_jpg.rf.7b56f5915924e48867286bdb7b884838.jpg,1.0
cl6b0czhh000rl4555uf846qc_4_FALSE_COLOR__URBAN_jpg.rf.7b923a28dea7c8bb5cffd79ac6907c66.jpg,1.0
cl6kjc5r500168w55bry741c1_2_FALSE_COLOR_jpg.rf.7b7896c2a5c32a40b61aaebf46c9ccbf.jpg,1.0
cl6dytpbv000jhg5517e1d6xy_6_SWIR_jpg.rf.7b7b266dff290fb93337ffe1a6ee8492.jpg,1.0
cl6b542k6002bl455fmydcwlb_2_FALSE_COLOR_jpg.rf.7b734c83d47cc141f492f4a24d800aaf.jpg,1.0
cl6kfqmc1001ec4558cle4b25_6_SWIR_jpg.rf.7b5d9b500d1eb6193571113f59b9de6b.jpg,1.0
cl6ctje2500hsl4550fuvht4f_1_TRUE_COLOR_jpg.rf.7b7b50877b9aa135e1738bc21d0ed5a4.jpg,1.0
cl6b5yjxa005nl45516k465kb_2_FALSE_COLOR_jpg.rf.7b3aa7707e4db0058f47b36a4ea2e801.jpg,1.0
cl6e0kgem0014gk55cl4692g7_6_SWIR_jpg.rf.7be18a847301a05223ab5faddf0fd605.jpg,1.0
cl6m0w1nh002z8w558do5f7ar_6_SWIR_jpg.rf.7b97391fe5270c23ce1b155b2926dc78.jpg,1.0
cl6kjfsd8001d8w55e6ne0oyo_4_FALSE_COLOR__URBAN_jpg.rf.7bb4fb80af04b61f624d86490932db52.jpg,1.0
cl6b6tta10081l455gz1y3eys_4_FALSE_COLOR__URBAN_jpg.rf.7befcfd8591cb66c72ea17dbbbd86bb6.jpg,1.0
cl6b5cr7o003al455cptggjjs_6_SWIR_jpg.rf.7b91c797b7b153e8c752324da0a7c4ae.jpg,1.0
cl6oitdc8003sao55g3x88p25_1_TRUE_COLOR_jpg.rf.7bf2f5d161ab5f49d8fca8ae5f00eff3.jpg,1.0
cl6cgk7k600b5l455ceot4yy5_1_TRUE_COLOR_jpg.rf.7bd03ba4a5eeeeefda1ceb9652383c8b.jpg,1.0
cl6crvsiz00e2l4554s22ay6f_1_TRUE_COLOR_jpg.rf.7b7f251b2b6e1c83558cd346301327cf.jpg,1.0
cl6ki7l6900048w55hs8c6nwt_4_FALSE_COLOR__URBAN_jpg.rf.7be380fb485af73f3659756784c82a50.jpg,1.0
cl6cs00tw00eel455eivc6jwi_1_TRUE_COLOR_jpg.rf.7c11a64db024df86a41dfeabae3c9822.jpg,1.0
cl6oix6p8003xao558gep7jfa_6_SWIR_jpg.rf.7c061e0679dd64ac415f71eaf3c5bb21.jpg,1.0
cl6b02sgp0001l4552wwg1go7_1_TRUE_COLOR_jpg.rf.7c10d98fb533c1453985f0f56445bcb0.jpg,1.0
cl6ch6y2d00byl4557ijbc6o4_1_TRUE_COLOR_jpg.rf.7c1553bc20052a5c25a43c77b5478476.jpg,1.0
cl6kfe4yn0012c4556ug51m1e_4_FALSE_COLOR__URBAN_jpg.rf.7c17f4ee49299ae242a0e0b8de267d9b.jpg,1.0
cl6ch4qyp00bul455enwie1k7_4_FALSE_COLOR__URBAN_jpg.rf.7c6f38fe392c3be5f94e810da86f52bf.jpg,1.0
cl6b6xs0d008el455cvd92nt5_4_FALSE_COLOR__URBAN_jpg.rf.7c36a6c31742024dab9d1c26a64a6db1.jpg,1.0
cl6dyf3ua0005hg555lbzak23_6_SWIR_jpg.rf.7c4091ad3a0df863e8fe2d0a2fe25254.jpg,1.0
cl6kibg7b00068w55cog49lxl_1_TRUE_COLOR_jpg.rf.7c3d42c92e3c8e5eccffe9df468b8f62.jpg,1.0
cl6b6nafs007ml4558op181ff_6_SWIR_jpg.rf.7c350323cab0f6c617ebc12f1aa52417.jpg,1.0
cl6ch417300btl4554l143qop_6_SWIR_jpg.rf.7c454df8c8e6fe2bd8cd1f92dd624bf6.jpg,1.0
cl6oddf8p001pao558ykw6wkp_6_SWIR_jpg.rf.7c2714cc46558260823fe22615a7c2e1.jpg,1.0
cl6ct2hu900grl455hdde142n_1_TRUE_COLOR_jpg.rf.7c7ad202056df97469cd961a19802c12.jpg,1.0
cl6odzs5e002oao55heuig0a6_2_FALSE_COLOR_jpg.rf.7c2a3a805394a8d2a6c28a0576df3b0f.jpg,1.0
cl6ct3pgp00gsl455ha8uf8on_1_TRUE_COLOR_jpg.rf.7c8b4eddd013c8dde0cf781c0bc67209.jpg,1.0
cl6ki3fbe00018w55146m86ja_1_TRUE_COLOR_jpg.rf.7c5ea1c084a63a75e7e6c6a15fbb2994.jpg,1.0
cl6oq5o43008lao55fwaycnl7_2_FALSE_COLOR_jpg.rf.7c9ef4b0c9359b0febdcba91b5782fc1.jpg,1.0
cl6odk9yf001wao558oys61c5_1_TRUE_COLOR_jpg.rf.7c8bb1038fef6e04948622e7ce8e9cfe.jpg,1.0
cl6ojsb1v0050ao55bqfgg51x_1_TRUE_COLOR_jpg.rf.7c8b94310329c788fd24b829caf4a8a8.jpg,1.0
cl6kf8i8i000pc455cr9ueit3_6_SWIR_jpg.rf.7c8c008d1b310e4e9cf4720df8f84637.jpg,1.0
cl6b0q209001jl4553gmg5wxk_2_FALSE_COLOR_jpg.rf.7c9a75946db7bff601343a0370433fd4.jpg,1.0
cl6ct4zi700gvl455hd187an6_1_TRUE_COLOR_jpg.rf.7ca47552ac26e92f8bbbc7b27dea4109.jpg,1.0
cl6e1zkvy001ogk5561l0f1q7_1_TRUE_COLOR_jpg.rf.7ca5b0a3abadce846546f5a5c42acc1b.jpg,1.0
cl6ojza0i005fao55fqra7v4b_6_SWIR_jpg.rf.7c7afd8c676f28709a399eb04fdab311.jpg,1.0
cl6op61od006kao558qpbabp6_4_FALSE_COLOR__URBAN_jpg.rf.7c767373201dd6618c8a9b5634fc514b.jpg,1.0
cl6kgdzqp002kc455030p44eo_6_SWIR_jpg.rf.7c9ae05175fd905c456edab016c9960b.jpg,1.0
cl6ctkcif00hvl455e4f58h78_6_SWIR_jpg.rf.7c962de6abebe40262eabf1fb40daab8.jpg,1.0
cl6m1ejbw003s8w556ie04d5b_6_SWIR_jpg.rf.7c9f7e5065c650f3a948366910e09344.jpg,1.0
cl6ok33x3005lao555fmcbrr8_1_TRUE_COLOR_jpg.rf.7ca34de2458780f97b21f13b539b98b8.jpg,1.0
cl6kgew7t002mc455cugt2w2w_6_SWIR_jpg.rf.7c850730cfde63b686008169a36887e9.jpg,1.0
cl6odwc2l002hao558cha7kit_4_FALSE_COLOR__URBAN_jpg.rf.7cafdc9bc02608d4e35cddabad4fe38a.jpg,1.0
cl6kfzb24001zc4555e770ib2_6_SWIR_jpg.rf.7ce42f22dc2f91c5921f99c28ada1626.jpg,1.0
cl6e2u0ix002igk555d3b0uai_1_TRUE_COLOR_jpg.rf.7cc1aedd4e0a252631d03f9ecff2e385.jpg,1.0
cl6cgnbdj00bdl455d8vd8iqf_1_TRUE_COLOR_jpg.rf.7cc1cad9b5c8cababf054e3df5a2a590.jpg,1.0
cl6kj737i000w8w559m2x1ig7_6_SWIR_jpg.rf.7cf013688d308ba419c27b2fcfb66b17.jpg,1.0
cl6ki82ak00058w55b9dyf8ef_1_TRUE_COLOR_jpg.rf.7cbde4abbf969d3df5ec82ef7fbccfed.jpg,1.0
cl6dytpbv000jhg5517e1d6xy_2_FALSE_COLOR_jpg.rf.7d2dd022ce3b59a7f434702bf6f3a806.jpg,1.0
cl6b5j7l8003yl455e8lo7mre_2_FALSE_COLOR_jpg.rf.7d1a7a419495d188cdaf453e76678c5a.jpg,1.0
cl6ojofa2004xao556rjh31ss_2_FALSE_COLOR_jpg.rf.7cf93c2a3c696cc58ad64ae306d0df06.jpg,1.0
cl6b6y36r008gl4559z723z25_2_FALSE_COLOR_jpg.rf.7cd9b3a1cfc395da2434539aba292ce1.jpg,1.0
cl6azwb8d0001t055d2a160qn_2_FALSE_COLOR_jpg.rf.7d2db1d2650954e23079d8509e6f292f.jpg,1.0
cl6kjizzk001l8w550s1uej5w_4_FALSE_COLOR__URBAN_jpg.rf.7d56ab96de2079efaa8722d26f815c9c.jpg,1.0
cl6cru4e800dyl455gekch8cy_4_FALSE_COLOR__URBAN_jpg.rf.7d59dc31ee4337cb2c2ce6c2d71c3344.jpg,1.0
cl6b4zhkb001vl455hkela2ez_4_FALSE_COLOR__URBAN_jpg.rf.7d526c00144ea0d0e515d08384fc35ea.jpg,1.0
cl6cruirz00dzl45533iybi5p_6_SWIR_jpg.rf.7d0aefd2523355283f7e43b2b0ab535c.jpg,1.0
cl6ok2egr005kao55bv7hfye5_4_FALSE_COLOR__URBAN_jpg.rf.7d45a1cfd55988b13ea3135440aab967.jpg,1.0
cl6od1ecf0012ao5568tb86hu_1_TRUE_COLOR_jpg.rf.7cd41a6a156c184f7ac0a057ee816e9f.jpg,1.0
cl6csf9te00fel4552rgvbiq8_1_TRUE_COLOR_jpg.rf.7d6f64cea9f731eca4eef09cc73bf96e.jpg,1.0
cl6oplsq0007fao556ul723tq_2_FALSE_COLOR_jpg.rf.7d59a8b35b6cf66444fd8e863f96609e.jpg,1.0
cl6crz0fp00eal455fpwx4d95_2_FALSE_COLOR_jpg.rf.7cda3d1f8070561ff2a0b7cd029dfbcf.jpg,1.0
cl6b5d74b003dl455atof1i44_1_TRUE_COLOR_jpg.rf.7d32a18b2cf7efb6d308087254237366.jpg,1.0
cl6b0blqb000nl455c1ul13y1_4_FALSE_COLOR__URBAN_jpg.rf.7d5dde824dd34947002400a0e41de904.jpg,1.0
cl6cs5j5d00exl455afqp4ysw_6_SWIR_jpg.rf.7d3540bfbbb829dfbfb3e2a0af3c0d1b.jpg,1.0
cl6b5y1m8005ml455dfsobrvc_1_TRUE_COLOR_jpg.rf.7d996af30f97033079366b1a9aa3709f.jpg,1.0
cl6azhuzg0005f0550ahb6bh1_2_FALSE_COLOR_jpg.rf.7d9262f3842c34b7a4daf510c6df5e23.jpg,1.0
cl6ojycgj005bao557mc6afad_1_TRUE_COLOR_jpg.rf.7d8f9dd1f17d7c798d6920a4375bcc01.jpg,1.0
cl6b5sn8f004xl455a0z7eski_1_TRUE_COLOR_jpg.rf.7d9f5e62409922de25a311035f3fa367.jpg,1.0
cl6csiins00fgl45562qya3h6_6_SWIR_jpg.rf.7e01b945f3406aa53819c440327b0722.jpg,1.0
cl6oozv0s006aao55aqm71ih3_6_SWIR_jpg.rf.7d6cce9bc5ee0abcf278dce11b1b9974.jpg,1.0
cl6b6i65c007cl4550t4i61rw_2_FALSE_COLOR_jpg.rf.7da1ec336f4935b8ee4a27a5040fcf8b.jpg,1.0
cl6b7as54009yl455ag52hzr2_1_TRUE_COLOR_jpg.rf.7e01cb90e53acf8eb8e54673452b4f0e.jpg,1.0
cl6b0hhjo0010l455bbrwenrb_6_SWIR_jpg.rf.7e025e9a1c6110f2fd1792040a8c3099.jpg,1.0
cl6kioqix000f8w55cu1n98v2_6_SWIR_jpg.rf.7ddf15b7ff63fcb1f6ab90e730e9c478.jpg,1.0
cl6b6k5pu007il455f8bp9b5g_1_TRUE_COLOR_jpg.rf.7dc94b1d317c6de7636a7af4cf803872.jpg,1.0
cl6b5z6d1005ol45596rf4y2m_2_FALSE_COLOR_jpg.rf.7df4b87fbdaef48ecefe52ed43017a50.jpg,1.0
cl6ocozkd0004ao55e5fq7tfw_4_FALSE_COLOR__URBAN_jpg.rf.7dee8e7359d5c21d67058be8633686b9.jpg,1.0
cl6cgah3400anl4554lg2hxzy_1_TRUE_COLOR_jpg.rf.7e035c7a9ddb55b5942b2973d28b98b8.jpg,1.0
cl6e30lnj002ugk558z8yabbd_1_TRUE_COLOR_jpg.rf.7d7d5e038c6329dcc3c479313a0c08af.jpg,1.0
cl6b733er008ul45506zm5sh8_1_TRUE_COLOR_jpg.rf.7e0e0d32851504af1e13087da38f2600.jpg,1.0
cl6m0whp000308w555xk5cwij_4_FALSE_COLOR__URBAN_jpg.rf.7e123c37f7f047ec042ffc41e86c1bf6.jpg,1.0
cl6b0lf0t0017l4550spldd4v_6_SWIR_jpg.rf.7e0cc2a66a455f42208ea0fd6f436953.jpg,1.0
cl6ocw54k000kao554ryq6ukn_6_SWIR_jpg.rf.7e2b5f97f0bc3d77ec24972c7e066e90.jpg,1.0
cl6cgs3qs00bil4551v5n3v2h_1_TRUE_COLOR_jpg.rf.7e1d20f0f8d8a4aec844156292492d97.jpg,1.0
cl6b035dn0002l455hbmqcima_6_SWIR_jpg.rf.7e36b00a876e044a707fa4322f358d76.jpg,1.0
cl6b69zjp006ol4556hw337gi_1_TRUE_COLOR_jpg.rf.7e31a2ec18113944c297240215a66ff0.jpg,1.0
cl6e2yxqd002pgk5597n8c4s8_1_TRUE_COLOR_jpg.rf.7e5a92d6e3310bba37a4b1bdd5bbd2f7.jpg,1.0
cl6cgro8500bhl455267h78fj_4_FALSE_COLOR__URBAN_jpg.rf.7e083a2166b6bd8e9145b81e24912657.jpg,1.0
cl6ocohki0003ao55bnyg99kc_6_SWIR_jpg.rf.7e54b759b7a6e040805d68f3eda1fcbb.jpg,1.0
cl6oqq4r40096ao557h69gx2o_6_SWIR_jpg.rf.7e2dc1997b4a9096dacf4ca0f7b0bbe8.jpg,1.0
cl6kghsrn002tc4551wu83z4e_1_TRUE_COLOR_jpg.rf.7e2e9ef9306a979eb0b81c0e63cdf68b.jpg,1.0
cl6cgepys00avl455d8q7b602_4_FALSE_COLOR__URBAN_jpg.rf.7e4358ae0c0ef836a87ad54b03c57947.jpg,1.0
cl6e2zlv2002rgk552w2ve4ev_1_TRUE_COLOR_jpg.rf.7e800dfca398b948e7fb3c56f6c26987.jpg,0.0
cl6oun0bl00b2ao556k7ncs0l_4_FALSE_COLOR__URBAN_jpg.rf.7e3d299975da0f374b3b42c6f91c3a54.jpg,1.0
cl6cs6mgj00f0l455egwshib7_2_FALSE_COLOR_jpg.rf.7e538c132328bca44a7366315c95ce3a.jpg,1.0
cl6e31hgi002ygk55dfaq7cqn_1_TRUE_COLOR_jpg.rf.7e219f355e56c728b7194fabccd64caa.jpg,1.0
cl6e2cyo5001ugk556dvqc83s_6_SWIR_jpg.rf.7e40cafd9f6e69096f4a572493aa52a8.jpg,1.0
cl6ct487q00gul455bxvzaopi_6_SWIR_jpg.rf.7e34816fb8121dd64e237659ecd7f6a1.jpg,1.0
cl6ou7gn700a8ao551bbh5gaq_4_FALSE_COLOR__URBAN_jpg.rf.7e6217950a6c7a1e9993ecfd915cb057.jpg,1.0
cl6chzaqh00d0l4557irlbjwq_4_FALSE_COLOR__URBAN_jpg.rf.7e662c5ffd5af824c95116cc24755471.jpg,1.0
cl6kg0ssm0021c4559i7q1mhh_1_TRUE_COLOR_jpg.rf.7e5d37bf4e1b9adc2e89ad28bd8da1b6.jpg,1.0
cl6ou8fz600abao5561sobj5z_2_FALSE_COLOR_jpg.rf.7e4b20f2543bd3ffd51756b29d1b76b2.jpg,1.0
cl6dytpbv000jhg5517e1d6xy_1_TRUE_COLOR_jpg.rf.7e823ee8e771768287c1ddb8ae6d5932.jpg,1.0
cl6kf1do50005c455dxgc4dpo_4_FALSE_COLOR__URBAN_jpg.rf.7e806e4008fbc7cac0e12d0c59ae8be6.jpg,1.0
cl6b753ud0096l455eypnas0u_2_FALSE_COLOR_jpg.rf.7e914f5a3d645a5264e3526e4971b067.jpg,1.0
cl6kfci270010c45580qyfo1k_1_TRUE_COLOR_jpg.rf.7e8f756b0c118c7e9b2d21fbe226fa69.jpg,1.0
cl6opzi7x0089ao55gsrh89x9_6_SWIR_jpg.rf.7e9bb49a3bae1c449883b566ac4526a9.jpg,1.0
cl6kf9f45000sc455c6f9g0po_1_TRUE_COLOR_jpg.rf.7ea802aac7a96a80e27b8bb5d9742e47.jpg,1.0
cl6b53wx1002al45513fq5hip_6_SWIR_jpg.rf.7ea8b39b25410cdf79287034f4ecbbfa.jpg,1.0
cl6ct4zi700gvl455hd187an6_6_SWIR_jpg.rf.7ebf21c495029d2b566516147a2627e3.jpg,1.0
cl6kjexus001b8w55d6iq8ma6_2_FALSE_COLOR_jpg.rf.7e9b05a34b1c18ee51a16d68721615ef.jpg,1.0
cl6ctpy8q00i5l455bf1se2cj_2_FALSE_COLOR_jpg.rf.7eab609f77c9da31d95b059750433a0a.jpg,1.0
cl6oe1f0u002sao550ab86ndb_6_SWIR_jpg.rf.7ecdc79c711d75baab1c27801af103a8.jpg,1.0
cl6opxvd40084ao55f1zvab1r_6_SWIR_jpg.rf.7ec2eec3471cc2736773c8ee862569dd.jpg,1.0
cl6od380k001aao552ioagps5_4_FALSE_COLOR__URBAN_jpg.rf.7eb44ca3e9b07f26bdcd91a04c15ba68.jpg,1.0
cl6b04dof0006l455d30k5py4_2_FALSE_COLOR_jpg.rf.7f0e7dd5ec0a05b70d0645055c26c53b.jpg,1.0
cl6b0ll6o0018l455c1kcgegf_2_FALSE_COLOR_jpg.rf.7f0db3b9e54b17ee7b18443909a34c85.jpg,1.0
cl6b6dmty0071l455668oabtj_4_FALSE_COLOR__URBAN_jpg.rf.7f10ae7bb2518a24ceda88f2cd2ae6a8.jpg,1.0
cl6cgghym00b1l455c02jbl7m_2_FALSE_COLOR_jpg.rf.7f0020ec7fd3042ccc16667127aae287.jpg,1.0
cl6kfy9v8001vc4559ubi2rde_1_TRUE_COLOR_jpg.rf.7f14095202df8391e600123cd27ab27d.jpg,1.0
cl6ocw54k000kao554ryq6ukn_4_FALSE_COLOR__URBAN_jpg.rf.7f025edfc7bbc5b325dc544374497278.jpg,1.0
cl6ojo12l004wao55btps0rwg_4_FALSE_COLOR__URBAN_jpg.rf.7f31208b20db531d77050a08ab84f82d.jpg,1.0
cl6kg12gd0022c4555fac0sms_6_SWIR_jpg.rf.7f1f74d0e18f36547c3d076a17ce812c.jpg,1.0
cl6keymqs0000c4559gsd6y3f_2_FALSE_COLOR_jpg.rf.7f296488147e452f8a2b887dbd3669cb.jpg,1.0
cl6dysdta000hhg557gxba0yc_4_FALSE_COLOR__URBAN_jpg.rf.7ef8122c31802cad2f51dffba4f64d18.jpg,1.0
cl6op88w4006oao552mmn9knc_4_FALSE_COLOR__URBAN_jpg.rf.7f3d18714e2d181d24e6e15d443d8cc5.jpg,1.0
cl6b4zqf6001xl455gp6h5ca8_1_TRUE_COLOR_jpg.rf.7edcc97f570299d2895b39a9db53204e.jpg,1.0
cl6m1dwdp003q8w55hcgdgrrm_2_FALSE_COLOR_jpg.rf.7f264d79cceb191ffb5b24d2b9cf6eca.jpg,1.0
cl6kjin4n001k8w556abi09ie_4_FALSE_COLOR__URBAN_jpg.rf.7ef346ef90acd829f7ad95bbe958d0e4.jpg,1.0
cl6b6jisx007gl455f80x2o01_6_SWIR_jpg.rf.7f4c0482fc0c75ddaef86e545cff7d95.jpg,1.0
cl6cgm3hm00bal455ei1ken8s_1_TRUE_COLOR_jpg.rf.7f65bb40d2532195a216d0a10548120e.jpg,1.0
cl6e0m79h0016gk5553pj46h0_1_TRUE_COLOR_jpg.rf.7f65a31afa2cc23cdf071007f15f88cb.jpg,1.0
cl6m1bogh003h8w553evr8lfd_1_TRUE_COLOR_jpg.rf.7f36490cba817aa385f40fb33c026444.jpg,1.0
cl6b58d1y002rl4558379g2db_6_SWIR_jpg.rf.7f59a365a828b168ca5edd1ef71c955c.jpg,1.0
cl6oda2ew001lao557dap53ni_2_FALSE_COLOR_jpg.rf.7efc12ffe4217193b9f2c39c60f6c836.jpg,1.0
cl6odzs5e002oao55heuig0a6_2_FALSE_COLOR_jpg.rf.7f408e07d1691115b9fb2dadb73b96c5.jpg,1.0
cl6cryia000e8l455940ke3d8_1_TRUE_COLOR_jpg.rf.7f6bf72b6ecb64d9f480215d50760445.jpg,1.0
cl6kf3j6a000cc455a7ny9xom_1_TRUE_COLOR_jpg.rf.7f41842fdf5dc42e8d60cb12caefa84e.jpg,0.0
cl6oqbr98008uao55hhpyg2l0_1_TRUE_COLOR_jpg.rf.7f469cec7a6272595000a67329b107e2.jpg,1.0
cl6ojvjir0057ao55hcywheqa_1_TRUE_COLOR_jpg.rf.7f719b90a13a4205e39295c103510ed2.jpg,1.0
cl6e2uo3r002kgk556io96bkr_4_FALSE_COLOR__URBAN_jpg.rf.7f6f10bc41aa1260ed14bea18e2a17d8.jpg,1.0
cl6oig6yp0030ao55grdefh8e_1_TRUE_COLOR_jpg.rf.7f3aa0511ad84f724c5efb910080c586.jpg,1.0
cl6ctgypm00hol455a8epfwn4_6_SWIR_jpg.rf.7f83397a2f9d0d7a0e67a4318c870896.jpg,1.0
cl6dzkzi2000shg55gijfezk9_4_FALSE_COLOR__URBAN_jpg.rf.7f691bff0fe3d12b767b7035344e2cf1.jpg,1.0
cl6ocn0yw0001ao55850zb04a_2_FALSE_COLOR_jpg.rf.7f7b576219052db49e3bd3a37773aabc.jpg,1.0
cl6oihv2n0034ao55fdp36vw4_6_SWIR_jpg.rf.7f8f58ffdb8288b156533cfb2b4707a2.jpg,1.0
cl6b7gtl200aal4552nve0ap1_1_TRUE_COLOR_jpg.rf.7f6ec572882894d635dcbb108343a91f.jpg,1.0
cl6b6svwl007yl455d2w5bw1m_6_SWIR_jpg.rf.7f8a8c21af7cf32926b31e78f55a8e86.jpg,1.0
cl6opthke007tao557hsthpgq_2_FALSE_COLOR_jpg.rf.7f9024985e4a348bf13a2752f402e1a7.jpg,1.0
cl6cgbyeo00aql455eui3fiu4_1_TRUE_COLOR_jpg.rf.7f7d4327756897d483d2457632150f9f.jpg,1.0
cl6b5f0o3003ll4553yz85s0u_2_FALSE_COLOR_jpg.rf.7fa47c2cc32e4d01f98a20d8b54e140c.jpg,1.0
cl6aniex40000f0559xrzal6j_2_FALSE_COLOR_jpg.rf.7fb03505b6a5d67c4b43dea38f033d07.jpg,1.0
cl6oihv2n0034ao55fdp36vw4_2_FALSE_COLOR_jpg.rf.7f9a56b9d233cb37779cac6decb8c048.jpg,1.0
cl6lt70fh00298w5541ighy5t_1_TRUE_COLOR_jpg.rf.7fa00369bf0df43e9a210a4e9e8166f7.jpg,1.0
cl6ch5dh200bvl4559ujea96q_6_SWIR_jpg.rf.7fa81b6a055ab088d88740114f1e6d91.jpg,1.0
cl6ctje2500hsl4550fuvht4f_2_FALSE_COLOR_jpg.rf.7faf658b8f9690f74e19375acf4e489d.jpg,1.0
cl6kj8pto00128w55cj0y58qg_6_SWIR_jpg.rf.7fe5167375b6d17717ccd6602b156e37.jpg,1.0
cl6csstjw00g5l455c618frnq_6_SWIR_jpg.rf.8029fb746bfb8e01fccca80eabbcbfa2.jpg,1.0
cl6e0k0280013gk550nd9grxm_1_TRUE_COLOR_jpg.rf.7fdd3a7bced2598935dce708e432c196.jpg,1.0
cl6ltuz3i002x8w554lrq3tnc_2_FALSE_COLOR_jpg.rf.804d36f21dbe5366ba3665e10219455c.jpg,1.0
cl6kj737i000w8w559m2x1ig7_2_FALSE_COLOR_jpg.rf.8008ee7fced8f67ed6f4de95f6102435.jpg,1.0
cl6chmuyr00cfl455hd0u03x9_6_SWIR_jpg.rf.8052dc453a083cdc48cf1c7ef09a499e.jpg,1.0
cl6b03yzy0005l455dq6x4eyc_4_FALSE_COLOR__URBAN_jpg.rf.8039865edbe2a7a000922c285531d4ea.jpg,1.0
cl6oigza00032ao5597wob75w_2_FALSE_COLOR_jpg.rf.8024c2fd11c5e951075f54b8dd49c655.jpg,1.0
cl6kgdfbl002ic45506ui0jbm_1_TRUE_COLOR_jpg.rf.803aececfcb4f963d39e2dcf62bc7263.jpg,1.0
cl6cgw2be00bnl455cetv4inw_4_FALSE_COLOR__URBAN_jpg.rf.7fea3fe97fcb8e3f684cb91814c8c80f.jpg,1.0
cl6dxzwc50001hg550uejeken_4_FALSE_COLOR__URBAN_jpg.rf.8061eb52fb6574c5245ef8b9ea925e05.jpg,1.0
cl6e0aboc000jgk55bfnyfi9v_1_TRUE_COLOR_jpg.rf.802e791455fad099d9e807c64a7e64a9.jpg,1.0
cl6ocrb1o000aao55gcaec62b_4_FALSE_COLOR__URBAN_jpg.rf.7f76fe6d5e23569bd98d09d30c34d24f.jpg,1.0
cl6b7ep9100a4l455h3w9fstk_6_SWIR_jpg.rf.809aa36c9a5b603b6c9b76f7c9b82d0b.jpg,1.0
cl6e2fi9f001zgk55b58g3gk6_6_SWIR_jpg.rf.801789bda4cf1e6c2fea501834273c8c.jpg,1.0
cl6b60nkh005vl455dzr44i2o_6_SWIR_jpg.rf.8052b1abca8ae90987882af96f17acb0.jpg,1.0
cl6oq4w4y008jao553s62btk7_4_FALSE_COLOR__URBAN_jpg.rf.7fe7f7bf10e523adefe2d6f695ca011a.jpg,1.0
cl6b0okeb001fl455fgue1wrj_4_FALSE_COLOR__URBAN_jpg.rf.7fd99828ccda109554920ce64eff0414.jpg,1.0
cl6ojofa2004xao556rjh31ss_4_FALSE_COLOR__URBAN_jpg.rf.807ac501b09f1c0490c5fcb19602b72d.jpg,1.0
cl6b6nafs007ml4558op181ff_2_FALSE_COLOR_jpg.rf.809584501849f50264a55c953714a7b1.jpg,1.0
cl6ki5yui00038w5540ju3qix_2_FALSE_COLOR_jpg.rf.80616ab82532e5fdc9b99005fcf0d32b.jpg,1.0
cl6chfm2800c4l455ensx26aq_1_TRUE_COLOR_jpg.rf.80668c06138a099d1461c56a77d680c7.jpg,1.0
cl6b5x7nw005jl4559ppn5ov2_6_SWIR_jpg.rf.8093c1dd35da42f6ed554535a6a87c84.jpg,1.0
cl6cryia000e8l455940ke3d8_1_TRUE_COLOR_jpg.rf.809762e3d4edcadf79f29e2c63f63a81.jpg,1.0
cl6e0heuk000xgk558bub1o2s_2_FALSE_COLOR_jpg.rf.802f9cc7d9f0d551074f786df5bc0ea5.jpg,1.0
cl6oq40mp008hao555cdvg6o8_4_FALSE_COLOR__URBAN_jpg.rf.80a06179c9ff6f7ea0dee93fa25bc382.jpg,1.0
cl6orpl93009tao552w0p7urd_4_FALSE_COLOR__URBAN_jpg.rf.809b1e4e361f69006fcebca1376f529b.jpg,1.0
cl6b6y36r008gl4559z723z25_1_TRUE_COLOR_jpg.rf.809a8e21cf3c68b4cb35cd70d13299cf.jpg,1.0
cl6b6yfhr008il4555h86hokv_1_TRUE_COLOR_jpg.rf.80a15114cbd42c8f59e2a3d7a566f78f.jpg,1.0
cl6kgnh9k0030c455dtnabosj_4_FALSE_COLOR__URBAN_jpg.rf.80d15b62c55dd4cd60be1408ff56984d.jpg,1.0
cl6b7f8ys00a6l4550hw509f9_2_FALSE_COLOR_jpg.rf.80cad5c46bfdd5dbc91c7e8bb1f9e22f.jpg,1.0
cl6oqnqlp0094ao552kce2cqa_6_SWIR_jpg.rf.80ac0e29a5ff08fdd7406b0bff909e79.jpg,1.0
cl6oduu28002dao550pgs32ff_6_SWIR_jpg.rf.80d9f13f463d1a56a84f632425de44f3.jpg,1.0
cl6oj8j8j004gao559z4qag8f_2_FALSE_COLOR_jpg.rf.80b17550f24056878b74fa5135dafb1f.jpg,1.0
cl6ct4zi700gvl455hd187an6_2_FALSE_COLOR_jpg.rf.80d62c3208b11ff9cc74b8a4220bcecf.jpg,1.0
cl6e35mru003cgk559os14r7y_6_SWIR_jpg.rf.80f6aa9de68133629b14f3aab6e66da9.jpg,1.0
cl6e2gfi00021gk55fq9pdi07_2_FALSE_COLOR_jpg.rf.80e1258a96745a6e4a807aa8a1818c68.jpg,1.0
cl6dygaz70006hg559adtahcs_1_TRUE_COLOR_jpg.rf.80ac7f471e34d0b36c8c8344143b7573.jpg,1.0
cl6odfk31001qao557bfi78e5_6_SWIR_jpg.rf.80b20f5a196c2d0c0b887cb17bd40ea2.jpg,1.0
cl6e2lc56002fgk554s6m4xro_2_FALSE_COLOR_jpg.rf.80b2ad378cbc78a5a7a6a065b454c0ed.jpg,1.0
cl6e351jb003agk55474uguhw_4_FALSE_COLOR__URBAN_jpg.rf.810d9293aa1b6dcc9da9aa4767505c97.jpg,1.0
cl6b551w3002dl4550lwt59yl_4_FALSE_COLOR__URBAN_jpg.rf.81034b4d28ddeda4f81bc7f8736a9152.jpg,1.0
cl6cszfwz00gkl45529qw979l_2_FALSE_COLOR_jpg.rf.8116f56e71b539e7264a28ab69e0cbd7.jpg,1.0
cl6ooxizh0068ao55h1l3hrim_1_TRUE_COLOR_jpg.rf.80f6f7fa0bbc995eaea8db679f679831.jpg,1.0
cl6m1i65g00428w55dj3h5btk_4_FALSE_COLOR__URBAN_jpg.rf.80ff21fb519322f53ec42ab242772df3.jpg,1.0
cl6ctrx2500i8l455bw1w5a2s_1_TRUE_COLOR_jpg.rf.8106490d4e4a73b5229c25079daf027a.jpg,1.0
cl6b0dcgw000tl4553dj16rm5_6_SWIR_jpg.rf.81082ea79cd051249bc6f2c57c493c0e.jpg,1.0
cl6b746nn0091l4556dgg9xwd_4_FALSE_COLOR__URBAN_jpg.rf.80c48bea1f3befdde5dd1ec6583136a9.jpg,1.0
cl6od0hgc000yao553kq03tbq_6_SWIR_jpg.rf.8120ef2ae494d6bcffaa5c2bfb15ca2b.jpg,1.0
cl6cpadty00d9l4557ubu7rwz_1_TRUE_COLOR_jpg.rf.812d3327af03453636f370bda7dd97f9.jpg,1.0
cl6b6djlb0070l455aknp8lu8_2_FALSE_COLOR_jpg.rf.80cd60eb2cf1b2d77da3004197ebb5c2.jpg,1.0
cl6ouls6z00ayao55bf2p0x2k_1_TRUE_COLOR_jpg.rf.813a258166e7f51f19992fd1c05fc903.jpg,1.0
cl6ci1vnh00d5l455d4ts3luw_6_SWIR_jpg.rf.815afc9caa6770ce7cde904e945ddfa8.jpg,1.0
cl6m145w400368w55e1mscmpe_1_TRUE_COLOR_jpg.rf.80ec7a85c3e51d3758655076921d2c64.jpg,1.0
cl6orjfih009hao556av1hf6s_6_SWIR_jpg.rf.80eea82757c9ee92e304b7d420caaa0f.jpg,1.0
cl6e04upl0006gk550fj7cs9u_6_SWIR_jpg.rf.8175bd06fb448b60a6266e890de09b44.jpg,1.0
cl6ojx2va005aao55c05b0bvm_2_FALSE_COLOR_jpg.rf.8191a5c0563fbb1eb21d4cf325e7533c.jpg,1.0
cl6ouawpa00afao55g6vh6ctt_2_FALSE_COLOR_jpg.rf.8174f542b22afea0cedf0365021a4148.jpg,1.0
cl6b5w0pv005dl455ej5m1iej_1_TRUE_COLOR_jpg.rf.81a50b6498b103acd8a9492ef2ea7b70.jpg,1.0
cl6e05oow0008gk55ged8bdeo_4_FALSE_COLOR__URBAN_jpg.rf.81a3049e638bf70f5cede94dae541cd7.jpg,1.0
cl6kjmnc9001s8w5537ayhyay_1_TRUE_COLOR_jpg.rf.81ce2cc7fb1ca0c345f8bff89a7b296a.jpg,0.0
cl6od703v001gao55arwo07qr_1_TRUE_COLOR_jpg.rf.81a5cff45a748666c46fd9e4f0c487b7.jpg,1.0
cl6cgdtzy00atl4553q1cfne5_1_TRUE_COLOR_jpg.rf.815164092778a08875518f1868ed7f71.jpg,1.0
cl6cti5zm00hrl4555pdk0ef9_6_SWIR_jpg.rf.81a0e22de327159cf3a7f0aaa13aa597.jpg,1.0
cl6b5piua004jl4556y4k2p8q_2_FALSE_COLOR_jpg.rf.81eb28486b1473d5d7a26ec956ea8415.jpg,1.0
cl6b71dky008pl4551u1e28u1_2_FALSE_COLOR_jpg.rf.81c92c20a59ab23c85061578d88a4947.jpg,1.0
cl6kgo2ff0031c455dv515gju_2_FALSE_COLOR_jpg.rf.81ec74e776f751e16f8a1987c204340a.jpg,1.0
cl6odvq2g002fao558rvf8tfd_2_FALSE_COLOR_jpg.rf.8185ba8e4cb04bd663b6c289d754bbb9.jpg,1.0
cl6b5itb2003wl455c6390bed_4_FALSE_COLOR__URBAN_jpg.rf.823016caff693a99d1b3183825ee72db.jpg,1.0
cl6e39jpe003igk55gh0659o4_2_FALSE_COLOR_jpg.rf.824f512a202d3c1c09cf6ef4fa56c281.jpg,1.0
cl6kgm9qr002yc455g5qs87kz_2_FALSE_COLOR_jpg.rf.81c5fd4fb4ecb8f1acdc8b26c1535ee0.jpg,1.0
cl6b6jisx007gl455f80x2o01_6_SWIR_jpg.rf.81ff123aa7cef81850cbaf9c959c040a.jpg,1.0
cl6b7263q008rl455cbp6ejbc_6_SWIR_jpg.rf.8242f7b0943b4237d8d6ed7cf111b26e.jpg,1.0
cl6ocs2h6000cao559bx42yho_1_TRUE_COLOR_jpg.rf.81f65726c46f8cd2b887d292f2492adb.jpg,1.0
cl6b029x70000l4556t6r3w8m_4_FALSE_COLOR__URBAN_jpg.rf.8205e4597b54dab9b27189262af66a47.jpg,1.0
cl6ctczpo00hil4556qoq3h4p_6_SWIR_jpg.rf.80f1c2763dae79391c9eeb8b3f3768a8.jpg,1.0
cl6ctu9tf00ibl455cvffhm3v_6_SWIR_jpg.rf.820a5f82045420ae8ad856f4771bbcd8.jpg,1.0
cl6oj8w06004hao558ky44xei_6_SWIR_jpg.rf.822d3c82d93515525a4253dcc175a327.jpg,1.0
cl6oiyg3q003zao55c5k11xtf_2_FALSE_COLOR_jpg.rf.81da6afb6e467e7c129f74e03d3050d7.jpg,1.0
cl6e3cezg003lgk551giraowq_2_FALSE_COLOR_jpg.rf.820901f3f27dcbb38ca854317016e7bc.jpg,1.0
cl6chyfxq00cxl4554qjf0nkl_2_FALSE_COLOR_jpg.rf.825eb891555a515912c6b768f7618142.jpg,1.0
cl6lt2g2y00228w55cf1a1yxr_4_FALSE_COLOR__URBAN_jpg.rf.8290ca1a29eae71ac10b5178449df407.jpg,1.0
cl6e0j0t90010gk557b525asz_2_FALSE_COLOR_jpg.rf.825d61db46840b37f5ad7b27db40e0aa.jpg,1.0
cl6oujpxm00atao554qpycnsr_1_TRUE_COLOR_jpg.rf.826ce98487557a45529405a6d52db023.jpg,1.0
cl6csadov00f6l455ejric5np_1_TRUE_COLOR_jpg.rf.8256176535c55a77b468c0ff0f54a8cb.jpg,1.0
cl6kf8i8i000pc455cr9ueit3_4_FALSE_COLOR__URBAN_jpg.rf.827de52f8b09d8fd07f62f57af6c489b.jpg,1.0
cl6op8sl6006pao550i549q63_4_FALSE_COLOR__URBAN_jpg.rf.825497437c9a34eb52bd48c69b78b901.jpg,1.0
cl6cpao9l00dal4553toud4ix_4_FALSE_COLOR__URBAN_jpg.rf.825741c48269797cd98021f229b53228.jpg,1.0
cl6kjle3b001q8w55cr3p1f1z_4_FALSE_COLOR__URBAN_jpg.rf.82d3db68ff85a48abefeb4fc10743c3e.jpg,1.0
cl6b51y140022l4551rmyafv5_4_FALSE_COLOR__URBAN_jpg.rf.82d8ef1231dfe8cfaea52aac561eaa9a.jpg,1.0
cl6cgzyml00bql4557ej3af4i_2_FALSE_COLOR_jpg.rf.8258a7d7243df48bffe8d93d4995011d.jpg,1.0
cl6od3kun001bao55bcq677k3_1_TRUE_COLOR_jpg.rf.82a0854aee11edadb9ff17dec4f3e2b2.jpg,1.0
cl6odxshy002kao554h0tez0a_6_SWIR_jpg.rf.8297e5171a6e56315bd12bd62bfef9ae.jpg,1.0
cl6od01zy000wao5564tqf2dq_1_TRUE_COLOR_jpg.rf.825c1f720623c41e4c7a6774f979e162.jpg,1.0
cl6cgro8500bhl455267h78fj_4_FALSE_COLOR__URBAN_jpg.rf.82bb4019b274ece6d4bf61fd51f1c150.jpg,1.0
cl6b03yzy0005l455dq6x4eyc_2_FALSE_COLOR_jpg.rf.821af572235f99cf97a673be44baafa0.jpg,1.0
cl6m1dd0r003o8w5569ma5agl_1_TRUE_COLOR_jpg.rf.832853aae069448b742cb85e41a13146.jpg,1.0
cl6e0htxm000ygk558f3oazjy_2_FALSE_COLOR_jpg.rf.82fdddae4822b955895faf126f6d93ab.jpg,1.0
cl6oujzw400auao55d5qwbeah_6_SWIR_jpg.rf.826047ee18069ed0b113f9e0751f8e3e.jpg,1.0
cl6okcs620060ao552j5fd463_4_FALSE_COLOR__URBAN_jpg.rf.83089be02f0e5f02622a4b4229442155.jpg,1.0
cl6b6h5fo007bl455669md4vp_4_FALSE_COLOR__URBAN_jpg.rf.82e506cdcfc0574a1f29654ac87dcc17.jpg,1.0
cl6kje1zy00198w55f8ld99tb_1_TRUE_COLOR_jpg.rf.83008e0c394b353ee4be65a8c2643d22.jpg,1.0
cl6b6djlb0070l455aknp8lu8_2_FALSE_COLOR_jpg.rf.82b5f330c041ef60ef00902523ccd54d.jpg,1.0
cl6b5y1m8005ml455dfsobrvc_2_FALSE_COLOR_jpg.rf.83227d8d580071c10610c2fe44b49fbf.jpg,1.0
cl6e0aboc000jgk55bfnyfi9v_1_TRUE_COLOR_jpg.rf.82f232e9c9839b38e162d04e9f755d96.jpg,1.0
cl6dygaz70006hg559adtahcs_1_TRUE_COLOR_jpg.rf.830e2ec16ef8d20e593477d6047dbc94.jpg,1.0
cl6opx5vv0082ao55dx8j73xn_2_FALSE_COLOR_jpg.rf.a3b3fc69cae959184857b41fb26c3cd5.jpg,1.0
cl6b542k6002bl455fmydcwlb_6_SWIR_jpg.rf.a37c39098ddc9e74c33301c0d3b5ae45.jpg,1.0
cl6b73f6l008wl455aqvvcb6n_6_SWIR_jpg.rf.a3764d3f41fdd97fb4ab77b8dbdf3a80.jpg,1.0
cl6ltu5kv002v8w555n2uhb4s_1_TRUE_COLOR_jpg.rf.a389f1092e163e985b64558d08f363e9.jpg,1.0
cl6e07sbz000dgk556f1cemmc_6_SWIR_jpg.rf.a3778e65e20e03b8081c82321c24af23.jpg,1.0
cl6azhuzg0005f0550ahb6bh1_1_TRUE_COLOR_jpg.rf.a41e0c6100e2cf3e87ba909d2d718b45.jpg,1.0
cl6cs4y6q00evl455d2lfbj1u_6_SWIR_jpg.rf.a3b3e44b6109ec1136132ef3e3d4a8be.jpg,1.0
cl6oqlhh6008zao55gago04ul_1_TRUE_COLOR_jpg.rf.a4361962562ac99d8785493b3adb180a.jpg,1.0
cl6b70r7i008nl455av4ufqdo_2_FALSE_COLOR_jpg.rf.a434e68dd9540e0a17a3be19963872d1.jpg,1.0
cl6b6wb2i0088l455ep6cb4cd_6_SWIR_jpg.rf.a4123ce6d9f68563c125ea9009ae3e29.jpg,1.0
cl6cstiuc00g8l4559dvy72jo_2_FALSE_COLOR_jpg.rf.a3f5b28f794896a4ab5edb744910d052.jpg,1.0
cl6ci1hel00d4l4557row61tz_1_TRUE_COLOR_jpg.rf.a3ce4ca586735879fd8e217947358bdd.jpg,1.0
cl6ok1xz8005jao55et1x9ny0_4_FALSE_COLOR__URBAN_jpg.rf.a3eab005a21cb6bfa5d4d07c6a65b88d.jpg,1.0
cl6ch4qyp00bul455enwie1k7_1_TRUE_COLOR_jpg.rf.a3ac65794d076160493e0e9b5f38ac4a.jpg,1.0
cl6b76fnk009dl4556z3y9qgs_1_TRUE_COLOR_jpg.rf.a38707835ea57e239e64558352861381.jpg,1.0
cl6b7as54009yl455ag52hzr2_2_FALSE_COLOR_jpg.rf.a402536cb0326daea1955fb6ccdec797.jpg,1.0
cl6ojvjir0057ao55hcywheqa_1_TRUE_COLOR_jpg.rf.a39cb36d34da3ed0b2f69e30ae680b05.jpg,1.0
cl6ok7ls2005pao55gqxi8e54_4_FALSE_COLOR__URBAN_jpg.rf.a378da2a6834961e0dc3ba7f2033d413.jpg,1.0
cl6kggj9a002rc4556h0x9jxc_6_SWIR_jpg.rf.a43b295aa3a3d494af42e5749391a2e4.jpg,1.0
cl6cgcj0400arl455ft6yh6hi_1_TRUE_COLOR_jpg.rf.a43d7c55ab312102d6ef6dae2cedba63.jpg,1.0
cl6ltphn6002o8w55a78j55fa_1_TRUE_COLOR_jpg.rf.a3dcdec2eb02734953a3bbfc74ecaecf.jpg,1.0
cl6b5x7nw005jl4559ppn5ov2_2_FALSE_COLOR_jpg.rf.a3d8ca65b5e151281869996e4c0efd70.jpg,1.0
cl6od7f7j001hao55016b86jo_2_FALSE_COLOR_jpg.rf.a3759ea34c3a1caf3715bfe2971c1f14.jpg,1.0
cl6ctmco900hxl4552n6d6jc1_1_TRUE_COLOR_jpg.rf.a3d433568184116563d93fe51b666e49.jpg,1.0
cl6cpao9l00dal4553toud4ix_4_FALSE_COLOR__URBAN_jpg.rf.a449d1d660beea023cabd4f8ba606010.jpg,1.0
cl6cpha7s00dpl4559lpahzmn_6_SWIR_jpg.rf.a45c24a42a8136c73e2f7f406f9fa98d.jpg,1.0
cl6ctjyc600hul455hxis4621_1_TRUE_COLOR_jpg.rf.a45338671529ab3dee909d2668ab5f31.jpg,1.0
cl6b67ypc006fl455bt0s8log_4_FALSE_COLOR__URBAN_jpg.rf.a477670e3a4765663d09170c4d736fe3.jpg,1.0
cl6chlszf00cdl455e5f50fbv_1_TRUE_COLOR_jpg.rf.a43fbeaeea138e6bdebf9ddbb8a5c36e.jpg,1.0
cl6b6nafs007ml4558op181ff_4_FALSE_COLOR__URBAN_jpg.rf.a46e3f182c019a20d5cf12a4c5ac3c12.jpg,1.0
cl6b0cqup000ql4558m8y8a8t_6_SWIR_jpg.rf.a46a4a7e43e753f16f59eef19bcf090b.jpg,1.0
cl6ct99jl00h6l4552nabhg3g_6_SWIR_jpg.rf.a49c345644ba878a5f3a2cd8576e61d2.jpg,1.0
cl6odousp002aao55gdjlfrxu_6_SWIR_jpg.rf.a4b54690448df6730e89057389af1f5b.jpg,1.0
cl6ltche3002i8w55a3oj2dyk_2_FALSE_COLOR_jpg.rf.a47fa51ec145bd5a1d2e7d778a76c2b9.jpg,1.0
cl6ch0lvz00brl455eij38vi0_1_TRUE_COLOR_jpg.rf.a4d5fe63a00b101ea03f24dcfafb05e5.jpg,1.0
cl6cgs3qs00bil4551v5n3v2h_1_TRUE_COLOR_jpg.rf.a4c23861e21ca50dc8f6a7565af4e9c0.jpg,1.0
cl6ct99jl00h6l4552nabhg3g_6_SWIR_jpg.rf.a4a0fab27b46ef9ff979e99d7cc97d01.jpg,1.0
cl6lt9ww1002d8w558t0sd31s_1_TRUE_COLOR_jpg.rf.a4da6a34032ecde197cd773399b805fd.jpg,1.0
cl6kgcy30002hc455hqb400gb_1_TRUE_COLOR_jpg.rf.a4c93ba977b4397a1d3e4389dc76231e.jpg,0.0
cl6op88w4006oao552mmn9knc_2_FALSE_COLOR_jpg.rf.a4d29d70e8fb1fffc2cff6ec55f7578e.jpg,1.0
cl6cp9ucc00d8l455fzq49p99_4_FALSE_COLOR__URBAN_jpg.rf.a4df13536719f76c128b5b0255f73a50.jpg,1.0
cl6ct3pgp00gsl455ha8uf8on_2_FALSE_COLOR_jpg.rf.a4ce5875139509825b78d2bebc3bdaf9.jpg,1.0
cl6odo7bc0027ao553ioyheoc_1_TRUE_COLOR_jpg.rf.a4c2a5dc77f82eb9da151638df85d809.jpg,1.0
cl6csygqn00gil4554ynr4r8a_6_SWIR_jpg.rf.a3deb071f8785a4e6ecb5443fcd46b53.jpg,1.0
cl6ct849h00h0l4554tpb1q3i_1_TRUE_COLOR_jpg.rf.a4eea506035d84518cd20f79b07c9c1f.jpg,1.0
cl6b5k38g003zl455bgtd1317_2_FALSE_COLOR_jpg.rf.a4e696904600d069368e5e3e042f058f.jpg,1.0
cl6kihoi2000c8w554tjgeyre_2_FALSE_COLOR_jpg.rf.a5045701238180e7e0acfb7d6cfdd815.jpg,1.0
cl6b0h2rs000yl4550y7ccftv_4_FALSE_COLOR__URBAN_jpg.rf.a50434dda3316197abb24f77ed0016ed.jpg,1.0
cl6orko2t009kao55b52w8c6b_4_FALSE_COLOR__URBAN_jpg.rf.a4f7ebc30971a25ce321870c5e543334.jpg,1.0
cl6ltthf9002u8w5567flfr3k_4_FALSE_COLOR__URBAN_jpg.rf.a4edac2869043dfe3f4d2ad8f429a2fa.jpg,1.0
cl6b6frr10078l455hhqe0mw5_2_FALSE_COLOR_jpg.rf.a4fb7545d91ebafa3ae7fe1514153014.jpg,1.0
cl6opkqwo007dao55e4yr3lyo_1_TRUE_COLOR_jpg.rf.a4a7aea879205177099a6469a57f59bd.jpg,1.0
cl6e2gfi00021gk55fq9pdi07_1_TRUE_COLOR_jpg.rf.a51a3ca2e8b55a927c1e89e686460ba1.jpg,1.0
cl6e2dity001vgk551ar0hanj_2_FALSE_COLOR_jpg.rf.a5208b91bc5ec11f15e4667b69e37af5.jpg,1.0
cl6b5a7y0002xl4559jz37wc4_2_FALSE_COLOR_jpg.rf.a51b727742f450097ee257403df4b200.jpg,1.0
cl6chumom00col4556jyfb7a5_2_FALSE_COLOR_jpg.rf.a50de5f7e456c512de27267277b77e0f.jpg,1.0
cl6od8bxt001iao55h1ibgqsj_2_FALSE_COLOR_jpg.rf.a5212bf708defd08febe88cff9a7b956.jpg,1.0
cl6b7ep9100a4l455h3w9fstk_2_FALSE_COLOR_jpg.rf.a5236bf6d33206b49204305b412d4652.jpg,1.0
cl6b5t5vk004zl455d1h36vwf_2_FALSE_COLOR_jpg.rf.a52d9d7dfe033f328307dbe6314875de.jpg,1.0
cl6b7crtk00a1l4552n2vbda4_6_SWIR_jpg.rf.a52bed2ff0033a23f3d5edf80a81176a.jpg,1.0
cl6cgi18y00b4l455dvo73gk3_2_FALSE_COLOR_jpg.rf.a52f4d2986cccbe2fda0885142a154a0.jpg,1.0
cl6ocpfa50005ao55f4xb2vkl_2_FALSE_COLOR_jpg.rf.a556125f804296aedb166fb328320356.jpg,1.0
cl6b6817p006gl4558pqf3z0b_6_SWIR_jpg.rf.a55d0bf4dd3f11278968d5e8376378aa.jpg,1.0
cl6b652mi0068l4552keu9loj_6_SWIR_jpg.rf.a531f495e46e5ed9775723b68967075b.jpg,1.0
cl6ltrgqp002s8w55bwy9c5b4_2_FALSE_COLOR_jpg.rf.a5511ae753e50ec4ca33bcd9c86255da.jpg,1.0
cl6op9m80006sao552sp0bgyl_1_TRUE_COLOR_jpg.rf.a59acdf2c63032b9ba7d29a000aec8b8.jpg,1.0
cl6op4gc1006iao556h8zbu0e_2_FALSE_COLOR_jpg.rf.a599433a66d563a7514322832657b9bf.jpg,1.0
cl6kjexus001b8w55d6iq8ma6_2_FALSE_COLOR_jpg.rf.a5a64c4bb6acfb66b6e8c29c49be5071.jpg,1.0
cl6e0htxm000ygk558f3oazjy_2_FALSE_COLOR_jpg.rf.a5909d388cb2e7e902590fa6aedc7468.jpg,1.0
cl6csy33f00ghl455gq3n5t4r_1_TRUE_COLOR_jpg.rf.a5a910420e282ff231bfc2713f9fb397.jpg,1.0
cl6cht8c600cml4558wv5emrs_2_FALSE_COLOR_jpg.rf.a5b3c079a781cfca217fb28c504966f6.jpg,1.0
cl6cs21em00eml4555mko22o7_2_FALSE_COLOR_jpg.rf.a5667fa8b6ce89c76f5945c245ab7e86.jpg,1.0
cl6e39jpe003igk55gh0659o4_2_FALSE_COLOR_jpg.rf.a54d0767118ea9749199159e7696c879.jpg,1.0
cl6ocroz8000bao556vczaflp_4_FALSE_COLOR__URBAN_jpg.rf.a5b22ffde7299ac07e1193c57956b709.jpg,1.0
cl6b03yzy0005l455dq6x4eyc_6_SWIR_jpg.rf.a5af2810d25c745a14d07f4e664d7872.jpg,1.0
cl6e351jb003agk55474uguhw_4_FALSE_COLOR__URBAN_jpg.rf.a56d7a50d385f89f3104395df14687ca.jpg,1.0
cl6chxgc300cvl455h1z60m0l_4_FALSE_COLOR__URBAN_jpg.rf.a5bd61399fa43cd509d4749269e2e5f7.jpg,1.0
cl6kgaw2p002bc455hair6q7o_6_SWIR_jpg.rf.a5dca905a8861df197467d57f1660ac6.jpg,1.0
cl6oqnb9v0093ao55cge3gyh7_2_FALSE_COLOR_jpg.rf.a5a956288c27f9e5e5c4bc91a42de05f.jpg,1.0
cl6ocwm59000lao557aje5r5p_4_FALSE_COLOR__URBAN_jpg.rf.a5b6a70eb6ae12cb1bd49fde36c56ddf.jpg,1.0
cl6ojbzbq004pao55cdn3hl05_1_TRUE_COLOR_jpg.rf.a5e489c034f45ee2b92a59b7468f3e63.jpg,1.0
cl6kgmrej002zc455a27d973q_4_FALSE_COLOR__URBAN_jpg.rf.a5a56200319eec21d8bddaeda0376386.jpg,1.0
cl6b71u9c008ql4552c2n4uf8_4_FALSE_COLOR__URBAN_jpg.rf.a6071dc658b9f78a3ff059cf6c026ca1.jpg,1.0
cl6ojdk5a004rao550wcq79f3_2_FALSE_COLOR_jpg.rf.a5f014d753a8bc4b2dfd2b17392b9230.jpg,1.0
cl6kfbq11000yc45577e7e4bg_6_SWIR_jpg.rf.a5f85c1044d8d79a24781ceb6c2a1f87.jpg,1.0
cl6b6o1av007nl455829ah78j_6_SWIR_jpg.rf.a60b99c5be685939fcd3595fc06e2981.jpg,1.0
cl6kfoffk0016c455cvxsalj2_6_SWIR_jpg.rf.a5f2a9711ea461682902382c07a01059.jpg,1.0
cl6b6bser006wl455hj0597rq_4_FALSE_COLOR__URBAN_jpg.rf.a5f9aca6ce0b4b30fadf1ad514e8adf9.jpg,1.0
cl6ctgypm00hol455a8epfwn4_2_FALSE_COLOR_jpg.rf.a5eb38209e4fee9320d83115c51c2a7e.jpg,1.0
cl6od703v001gao55arwo07qr_2_FALSE_COLOR_jpg.rf.a55e453b7424c5499213074d6f80af4e.jpg,1.0
cl6cs3rd100esl455en8mcp5g_1_TRUE_COLOR_jpg.rf.a60ee00282381f2511c52aaedadc4d27.jpg,1.0
cl6m0pnw5002y8w552btfchke_1_TRUE_COLOR_jpg.rf.a59a62fe326147d3f545ee7015aecd1a.jpg,1.0
cl6kj4n7o000o8w55eq83czxi_1_TRUE_COLOR_jpg.rf.a618aa92e45e01af1f643fcb49abd94a.jpg,1.0
cl6kg0ssm0021c4559i7q1mhh_2_FALSE_COLOR_jpg.rf.a5eaf3fca3260bdb9cf8a421d351efd1.jpg,1.0
cl6cpcvc900dgl45500ys0wsi_1_TRUE_COLOR_jpg.rf.a626190d3d360de205eb0bbc841316ac.jpg,1.0
cl6kf4001000dc455co2qd2kx_1_TRUE_COLOR_jpg.rf.a62601cbc637ef2f024d1c2feb2de8dc.jpg,1.0
cl6e32fcc0031gk55dtxeatwl_2_FALSE_COLOR_jpg.rf.a64601fe4ba703f972e9c131746b2a89.jpg,1.0
cl6kfxks1001uc455ejvhbs1y_1_TRUE_COLOR_jpg.rf.a6811704456725e56bac26c420bc8391.jpg,1.0
cl6oj7z2w004fao5547tp6hl2_2_FALSE_COLOR_jpg.rf.a65fa33b0b3ab713cfe01402696d78e1.jpg,1.0
cl6oj0ggm0043ao55acihdj7s_2_FALSE_COLOR_jpg.rf.a68b6e4d107ff1cd7d63e237bb3fa8dc.jpg,1.0
cl6oqmixz0092ao550l10dlqc_4_FALSE_COLOR__URBAN_jpg.rf.a677cbaedf1b3795878efdeb8ecbc72a.jpg,1.0
cl6ch5dh200bvl4559ujea96q_6_SWIR_jpg.rf.a63215bd07deffea9add88c4cd9ee5e2.jpg,1.0
cl6cp9ucc00d8l455fzq49p99_2_FALSE_COLOR_jpg.rf.a68a6e4095eade992e2a6dabbeb7dc3e.jpg,1.0
cl6b5i94f003ul455dplv6fmu_2_FALSE_COLOR_jpg.rf.a6342954fa5e62399319ea7a300fe2c8.jpg,1.0
cl6cgw2be00bnl455cetv4inw_2_FALSE_COLOR_jpg.rf.a664d64c331c65a46f2ca3e0e9ac6857.jpg,1.0
cl6ch6a2n00bxl4554kqu9to4_4_FALSE_COLOR__URBAN_jpg.rf.a66e1d14608d9c1fa71c313c1c8eefe3.jpg,1.0
cl6okdhtr0062ao557yfi3i7c_6_SWIR_jpg.rf.a693a612728ef26ba56483bfcfdf06d1.jpg,1.0
cl6ki56x400028w55hs1xab54_1_TRUE_COLOR_jpg.rf.a685f33db53a0f36781aaa721362683c.jpg,1.0
cl6b6jisx007gl455f80x2o01_1_TRUE_COLOR_jpg.rf.a68df5bfb1e42f16d6f0e6e0d9f32999.jpg,1.0
cl6opi0lv0079ao554ptl5yd7_1_TRUE_COLOR_jpg.rf.a684a04b979d81a9ea28523fb6bd00a1.jpg,1.0
cl6e1mzj0001bgk55bm966l6h_1_TRUE_COLOR_jpg.rf.a6948f7252b56bccf7b3fe748b6b2ed4.jpg,1.0
cl6b772u8009il455giop67ia_1_TRUE_COLOR_jpg.rf.a6ffad0029680cf7f4535556b001dacc.jpg,1.0
cl6oq5o43008lao55fwaycnl7_6_SWIR_jpg.rf.a6a38c2f3c9b09855093d498116aa050.jpg,1.0
cl6ojaxxv004mao552t7ah2ky_2_FALSE_COLOR_jpg.rf.a6f08713c467856dfe0abe975708ae5b.jpg,1.0
cl6kf2tq50009c455e31x91xi_6_SWIR_jpg.rf.a6f6d0fc77b9fab49cf9c4b6586ab4af.jpg,1.0
cl6crxvk200e7l455191phwfv_4_FALSE_COLOR__URBAN_jpg.rf.a6da540f0aafaf62ad5dc552184796a2.jpg,1.0
cl6b52uh70025l45570k50sh9_1_TRUE_COLOR_jpg.rf.a6e0262ebcd72c04673dccddc8dec933.jpg,1.0
cl6ocq7n50007ao552jukcs3b_6_SWIR_jpg.rf.a684c6837d2efc81ae9f916a029e6fca.jpg,1.0
cl6odhcaj001uao552i9j0ykn_6_SWIR_jpg.rf.a6de413f90ab948c12e64795cb68f6c4.jpg,1.0
cl6oro0mr009pao556hg6dj0a_2_FALSE_COLOR_jpg.rf.a6c38173da13191a19107279b8a63e15.jpg,1.0
cl6ch417300btl4554l143qop_1_TRUE_COLOR_jpg.rf.a6a28d0fbf7825980dcddca4c42aa500.jpg,1.0
cl6oro0mr009pao556hg6dj0a_1_TRUE_COLOR_jpg.rf.a7128852d276aa669c9f690b1ed4de4d.jpg,1.0
cl6oduc5a002cao556mn91qk2_2_FALSE_COLOR_jpg.rf.a6ffce9eefbe16e0aae965409c93189b.jpg,1.0
cl6kigvdj000a8w55e1ed0r42_1_TRUE_COLOR_jpg.rf.a716d053d95bd86499ed88d9dfe1667b.jpg,1.0
cl6csx2sn00gel4553te03vfh_6_SWIR_jpg.rf.a74b33d636d9872164116191fdc0fc32.jpg,1.0
cl6e1mzj0001bgk55bm966l6h_2_FALSE_COLOR_jpg.rf.a72397649eda0eb933c86edda5fb0891.jpg,1.0
cl6b029x70000l4556t6r3w8m_2_FALSE_COLOR_jpg.rf.a7488273dc4d8b51137d827df1e1bd17.jpg,1.0
cl6cryqwi00e9l4557j2w0vqw_2_FALSE_COLOR_jpg.rf.a757abe8201bce531cdcdf73b3dc7c6a.jpg,1.0
cl6b5mgel0046l455192ze0hp_2_FALSE_COLOR_jpg.rf.a7735b07faceddf5fb2336286e9331a2.jpg,1.0
cl6b7a6r2009xl455evyu7k9f_1_TRUE_COLOR_jpg.rf.a72c432890b28438a3175f36a356cd7a.jpg,1.0
cl6opq0g0007mao556zsr2z59_2_FALSE_COLOR_jpg.rf.a75bf6eb261df6e35abcb51169f70e6b.jpg,1.0
cl6b631zg0061l45561v86624_1_TRUE_COLOR_jpg.rf.a74a52d44a8941fcb0f38952812f44da.jpg,1.0
cl6dywrm9000mhg55c48n2wtt_1_TRUE_COLOR_jpg.rf.a75c08bed9af0717856c05748b1c5b72.jpg,1.0
cl6ci185e00d3l4552vji3q2k_2_FALSE_COLOR_jpg.rf.a75b57d2ed3c2f4f056307e1377abfba.jpg,1.0
cl6od3kun001bao55bcq677k3_1_TRUE_COLOR_jpg.rf.a7ab4f7fc33c6f543ee1b1331f4a24fa.jpg,1.0
cl6oipd7x003jao55arv3e5iy_1_TRUE_COLOR_jpg.rf.a76cbb2a1dcc8ef220375a1723f39308.jpg,1.0
cl6opeul20072ao55eq23cssc_2_FALSE_COLOR_jpg.rf.a7a412528c633797a5b0f818c9c2ba20.jpg,1.0
cl6e08s0e000fgk558toxgj1j_6_SWIR_jpg.rf.a7984018739b09872f62b9c15d1fec39.jpg,1.0
cl6oul0ve00axao5549vy6mom_2_FALSE_COLOR_jpg.rf.a790fbbdd5c3eb3890062812dd1d579a.jpg,1.0
cl6ojycgj005bao557mc6afad_6_SWIR_jpg.rf.a7981f6077e5323887f3f99f6b40ebce.jpg,1.0
cl6orpl93009tao552w0p7urd_4_FALSE_COLOR__URBAN_jpg.rf.a7b26f0224118c92f4a98e53a272ff05.jpg,1.0
cl6cs0euj00egl455918xdqll_4_FALSE_COLOR__URBAN_jpg.rf.a7bf2e64720f2219b8658f65dc1c4683.jpg,1.0
cl6op7qgu006nao55fvo422ce_4_FALSE_COLOR__URBAN_jpg.rf.a7b397a3b531d1c6015f3fa711c80b73.jpg,1.0
cl6m10x9x00348w55h67q3hes_4_FALSE_COLOR__URBAN_jpg.rf.a7b1384489e4cc706378f4250cc0ad9f.jpg,1.0
cl6kg2ozz0023c455byeq4ye9_2_FALSE_COLOR_jpg.rf.a7552fc32c33d3b07ece01b9dfbf55d3.jpg,1.0
cl6azvz950000t0552g8v22is_1_TRUE_COLOR_jpg.rf.a77cd63e9fcd8b2a6fa8bfaea215fcbf.jpg,1.0
cl6b6l171007kl4552zfu0hh5_4_FALSE_COLOR__URBAN_jpg.rf.a7ab68e28cce8549f219c41389d27386.jpg,1.0
cl6ch1am000bsl455a0381kr1_1_TRUE_COLOR_jpg.rf.a79571badc6211e060eab924b4b7cadf.jpg,1.0
cl6ojevvt004uao55432mcnea_6_SWIR_jpg.rf.a77dbe40fc00dd9e92f32700e00c8d5e.jpg,1.0
cl6oq9ozh008nao5591t079g1_4_FALSE_COLOR__URBAN_jpg.rf.a7cf64422220083190eb1d2d78c9858d.jpg,1.0
cl6e2ww4w002lgk555k8x0pjx_4_FALSE_COLOR__URBAN_jpg.rf.a7c7731c9ee0ed679a80425334d0b980.jpg,1.0
cl6b7118q008ol4551ye8g44d_2_FALSE_COLOR_jpg.rf.a7d27e6eb64d0072cef8a2b1c58c347f.jpg,1.0
cl6odl83k001zao5593urbteq_1_TRUE_COLOR_jpg.rf.a7db7664cbe62d2ffa043a2a6bb51cfd.jpg,1.0
cl6kjexus001b8w55d6iq8ma6_2_FALSE_COLOR_jpg.rf.a7dec1a623f9f1c02df42a9e5422c180.jpg,1.0
cl6kggj9a002rc4556h0x9jxc_4_FALSE_COLOR__URBAN_jpg.rf.a7e7a8ada42c5fa6ee883a0cc5759d31.jpg,1.0
cl6okdhtr0062ao557yfi3i7c_1_TRUE_COLOR_jpg.rf.a7e5daf2a81caac32e782253a4e4922a.jpg,1.0
cl6ct23ww00gql45503oubjmo_1_TRUE_COLOR_jpg.rf.a7f4f5a12c55005b47e2b1ca5da557d4.jpg,1.0
cl6oinllz003eao55d1t6fnma_2_FALSE_COLOR_jpg.rf.a7e3992a8fe3108e1a54bb356ed016dc.jpg,1.0
cl6b6r87c007tl455508729u4_4_FALSE_COLOR__URBAN_jpg.rf.a71ac20c4f47c817aa44b47577bb05e2.jpg,1.0
cl6b57up4002pl455ckk17uw7_4_FALSE_COLOR__URBAN_jpg.rf.a8190ce5d2205aeec69c253491142f14.jpg,1.0
cl6oqcmju008wao550c102qjq_6_SWIR_jpg.rf.a80e23c3c7ecd405f4fd1eb30cc19afb.jpg,1.0
cl6ok1xz8005jao55et1x9ny0_4_FALSE_COLOR__URBAN_jpg.rf.a815d7d2c904f8d8b2ce26fa4f27fa47.jpg,1.0
cl6cglc9n00b8l45520og7tym_2_FALSE_COLOR_jpg.rf.a819d22fc093c615fecc46f134a65f92.jpg,1.0
cl6ctfvqa00hnl455fu4bf37z_6_SWIR_jpg.rf.a8227fdad986e8565d27a576b2f1e546.jpg,1.0
cl6e30dz3002tgk559uhm11za_4_FALSE_COLOR__URBAN_jpg.rf.a805e4c029c3ade6f16a2e6b11fd9be8.jpg,1.0
cl6oq2n1i008fao551fa07saw_1_TRUE_COLOR_jpg.rf.a82cff9a62a6ff6c14f22d0a239ac9a1.jpg,1.0
cl6b76u3e009hl455bhpzgyys_2_FALSE_COLOR_jpg.rf.a823a585f3115165d7e804c7ddfdf201.jpg,1.0
cl6m1gm78003z8w553teegbzw_2_FALSE_COLOR_jpg.rf.a846f59ea549bed25914cf0eb03a9651.jpg,1.0
cl6cguk2800bml4556lfx35kx_4_FALSE_COLOR__URBAN_jpg.rf.a873fffc4c963f3546ffe54940bb4662.jpg,1.0
cl6oqnqlp0094ao552kce2cqa_4_FALSE_COLOR__URBAN_jpg.rf.a878c55136e4c39c530c60a5521ec6e3.jpg,1.0
cl6e2n2tv002hgk553va60g50_6_SWIR_jpg.rf.a8956369d8603cb45659b95d321c104f.jpg,1.0
cl6b5sn8f004xl455a0z7eski_2_FALSE_COLOR_jpg.rf.a85fd26127e6e1ae994cfef851300d51.jpg,1.0
cl6b5yjxa005nl45516k465kb_1_TRUE_COLOR_jpg.rf.a877b7c02d0555d5ab97c70b770c1f31.jpg,1.0
cl6chonxj00cjl455bqcs1fnt_4_FALSE_COLOR__URBAN_jpg.rf.a823fcd0425a4aa67e70d9c9e00b256b.jpg,1.0
cl6e2dw4y001wgk5562da7pdl_6_SWIR_jpg.rf.a87d6f07dc0077af0adef2043272ff20.jpg,1.0
cl6opzsq7008aao556djk9g0u_6_SWIR_jpg.rf.a8497016ca0cc166607c37eb18a00c45.jpg,1.0
cl6cg9ocl00all4559cj91lyd_6_SWIR_jpg.rf.a848f57f8f8de343bbaa778924c7877c.jpg,1.0
cl6b6frr10078l455hhqe0mw5_6_SWIR_jpg.rf.a85adff0e83726234b86204676cc400e.jpg,1.0
cl6e0c4x3000ngk55c47nhbiz_6_SWIR_jpg.rf.a8764199e75c3d462b96162ec1b64491.jpg,1.0
cl6ouiflj00apao55ef14ha2q_6_SWIR_jpg.rf.a892b0a870755ab8794ca342ecb2f105.jpg,1.0
cl6kiujep000k8w552z6ebrxp_2_FALSE_COLOR_jpg.rf.a805c78027689e20ca8e52794cffb1f8.jpg,1.0
cl6m1gm78003z8w553teegbzw_4_FALSE_COLOR__URBAN_jpg.rf.a87b6343137477183f47ad54731953b8.jpg,1.0
cl6opvtw5007zao556bmf7ibn_2_FALSE_COLOR_jpg.rf.a83f637ae7ce69f95d2e91bcdc818427.jpg,1.0
cl6kfowty0017c455b591d008_6_SWIR_jpg.rf.a89f48e1caed8a2af021f8791d19ddc5.jpg,1.0
cl6ch5p4h00bwl4552zvifnwy_2_FALSE_COLOR_jpg.rf.a8c7490a097736a2d3c0d860aa44306a.jpg,1.0
cl6oppm12007lao555f2r38iz_2_FALSE_COLOR_jpg.rf.a8ab839a2928aaa65358f44d12fd6a08.jpg,1.0
cl6oq0pc4008cao550sw50jjc_4_FALSE_COLOR__URBAN_jpg.rf.a8d43a7db138449c49660e5f11703910.jpg,1.0
cl6oq9ozh008nao5591t079g1_1_TRUE_COLOR_jpg.rf.a8daa0898bb6b6cc6185fa1e35d8ebb4.jpg,1.0
cl6b5czu1003cl4551r7icqnt_2_FALSE_COLOR_jpg.rf.a8c980816ad31ad2947f4d3bf53fe537.jpg,1.0
cl6oozjlj0069ao5516rs1b5a_1_TRUE_COLOR_jpg.rf.a8d5b66d9e81b0db7f542e539b3498b4.jpg,1.0
cl6e05oow0008gk55ged8bdeo_1_TRUE_COLOR_jpg.rf.a8337b7288422b573da3add1591a5d1c.jpg,1.0
cl6ct4zi700gvl455hd187an6_6_SWIR_jpg.rf.a8e7715c120b36148c7d1e7ffa5ef451.jpg,1.0
cl6b0esbf000vl455co1o9wvm_6_SWIR_jpg.rf.a8f91b91324613f08c19658c1a9d6e05.jpg,1.0
cl6oq5o43008lao55fwaycnl7_2_FALSE_COLOR_jpg.rf.a8ea80b739639343d50aed27a58b3cb3.jpg,1.0
cl6cpeq5000dkl455ae4qcoq2_1_TRUE_COLOR_jpg.rf.a90a8eb2ffe6ca94c43789b226a26efd.jpg,1.0
cl6opr2a8007pao556ffeh9fl_2_FALSE_COLOR_jpg.rf.a94ed59b52de41f3939c1445377d6827.jpg,1.0
cl6dxqd4a0000hg55axmt0iob_2_FALSE_COLOR_jpg.rf.a9249dd88ade522641208bec2020f1d0.jpg,1.0
cl6ct9osf00h7l45538051wz5_1_TRUE_COLOR_jpg.rf.a925139cc3137fd149eae272c5928831.jpg,1.0
cl6azhuzg0005f0550ahb6bh1_1_TRUE_COLOR_jpg.rf.a94119fc47f15bdfb133936bacec4dec.jpg,1.0
cl6m162oq00388w554vzpgu70_2_FALSE_COLOR_jpg.rf.a8e6eedca3811bf49d78d8d55428b26d.jpg,1.0
cl6kioqix000f8w55cu1n98v2_2_FALSE_COLOR_jpg.rf.a9344a9e59bd1e5cccfbe8b801593328.jpg,1.0
cl6oigza00032ao5597wob75w_6_SWIR_jpg.rf.a90e174b1551c1707dee0baf5b3160d2.jpg,1.0
cl6dytpbv000jhg5517e1d6xy_4_FALSE_COLOR__URBAN_jpg.rf.a93f8c6420dac0a15c56b69b686ae550.jpg,1.0
cl6e3gmqp0040gk55gklf0ka1_6_SWIR_jpg.rf.a939a2bd63efef0f06fc7fe2fb7654f3.jpg,1.0
cl6oujpxm00atao554qpycnsr_6_SWIR_jpg.rf.a935b3cddd5158e92a99fc7bb20944f0.jpg,1.0
cl6odge0x001sao551k414izu_4_FALSE_COLOR__URBAN_jpg.rf.a8fe120475fb9db300951e7bfb2176e9.jpg,1.0
cl6cho7a000cil455fiddgkjj_6_SWIR_jpg.rf.a95074824ad4d61e8f6552cc8046f43a.jpg,1.0
cl6crv14300e0l455h48eh7nr_2_FALSE_COLOR_jpg.rf.a951c9c57c025fa1e866ded5a3cf62d7.jpg,1.0
cl6ooxizh0068ao55h1l3hrim_6_SWIR_jpg.rf.a8f14c6f8eb48f6b1e6a76259eeab06f.jpg,1.0
cl6crxga900e6l4554gxk4zu2_4_FALSE_COLOR__URBAN_jpg.rf.a92ccb96c255c64a0fc3cd0073d9d8cf.jpg,1.0
cl6dygaz70006hg559adtahcs_6_SWIR_jpg.rf.a9509ff179cf17a44e3e48ecfbd40ef9.jpg,1.0
cl6ocx87y000nao554f3ig67h_2_FALSE_COLOR_jpg.rf.a8facbef8570f2eb6e381bb2d5263e45.jpg,1.0
cl6b5amhu002yl455ge4y545t_4_FALSE_COLOR__URBAN_jpg.rf.a921f704140d7e909a3a5aea5f0bcd01.jpg,1.0
cl6ocozkd0004ao55e5fq7tfw_6_SWIR_jpg.rf.a942c2cf350f28cb32bed01ae6429c81.jpg,1.0
cl6b5j7l8003yl455e8lo7mre_6_SWIR_jpg.rf.a9387370eff01149b56078a30dfae016.jpg,1.0
cl6b7g1w400a8l455eezq0iqb_4_FALSE_COLOR__URBAN_jpg.rf.a95756f004064784098086d35dc398fa.jpg,1.0
cl6b6wzwc008al455bssbcrir_1_TRUE_COLOR_jpg.rf.a926352ae6162a246745853f1246fb2f.jpg,1.0
cl6dznlym000thg55950a4qbg_2_FALSE_COLOR_jpg.rf.a962540fe3778c7d29d5bd0f91a1e029.jpg,1.0
cl6kgnh9k0030c455dtnabosj_6_SWIR_jpg.rf.a9a32313382fe5d7bb71837e9a3303c9.jpg,1.0
cl6oumfkb00b0ao556enkcct1_6_SWIR_jpg.rf.a9956a0a37d2994f2dc22a080ca8fca6.jpg,1.0
cl6b59reu002vl4553fnhgaf4_4_FALSE_COLOR__URBAN_jpg.rf.a98aa5a15d79c3ea32f5df50461b478f.jpg,1.0
cl6kggj9a002rc4556h0x9jxc_1_TRUE_COLOR_jpg.rf.a995aaf2c893c5d8c1ad201bf510328e.jpg,1.0
cl6ojbg9t004oao552glqe340_4_FALSE_COLOR__URBAN_jpg.rf.a96597bd24de65291f377ae1c5dc1712.jpg,1.0
cl6oe04jy002pao551fir09my_1_TRUE_COLOR_jpg.rf.a96c5bc773ac8fc550e59c72905ff53e.jpg,1.0
cl6csuejr00g9l45566f93g4a_4_FALSE_COLOR__URBAN_jpg.rf.a9a91b90c445290db4b0e1b5d49fe600.jpg,1.0
cl6ope5pm0070ao55c3fo01he_2_FALSE_COLOR_jpg.rf.a9794467edbce78fa0338ca2a417fd25.jpg,1.0
cl6oplars007eao55fno41dzm_1_TRUE_COLOR_jpg.rf.a9cbab48f1930562d3cc81bf1fe84a65.jpg,1.0
cl6b6i65c007cl4550t4i61rw_4_FALSE_COLOR__URBAN_jpg.rf.a9dbe918ecdb48b2615a5e28d19db326.jpg,1.0
cl6oiyg3q003zao55c5k11xtf_1_TRUE_COLOR_jpg.rf.a9fd10d6e035949d68f4463b3f160d79.jpg,1.0
cl6kgpdp90034c4556foheik0_4_FALSE_COLOR__URBAN_jpg.rf.a9d06ff30196e9605c146f1e9e8fcb06.jpg,1.0
cl6e1qges001kgk555z158f33_4_FALSE_COLOR__URBAN_jpg.rf.a9b1be2ee571bc217a58e8717f6ba001.jpg,1.0
cl6csvg6n00gal45513b052pr_1_TRUE_COLOR_jpg.rf.aa5c28ba17dbbcae12046486a1ce1e58.jpg,1.0
cl6e0m79h0016gk5553pj46h0_4_FALSE_COLOR__URBAN_jpg.rf.aa1ba150b9a51c18e8aea915dad63b24.jpg,1.0
cl6b6o1av007nl455829ah78j_6_SWIR_jpg.rf.a9f0fde8a2243288eb06bb7e3fce3c68.jpg,1.0
cl6ct8os600h3l4559qbzgmk2_1_TRUE_COLOR_jpg.rf.aa178706cd9f1eb5566af4c4f388309e.jpg,1.0
cl6e3bzkq003kgk550ppl67ww_6_SWIR_jpg.rf.a9e33484d9042341cfd50ec497cd0af9.jpg,1.0
cl6ct6g9a00gzl4555brigazi_2_FALSE_COLOR_jpg.rf.aa34d564adc4a5bb85de0f23ce56a226.jpg,1.0
cl6b5k38g003zl455bgtd1317_4_FALSE_COLOR__URBAN_jpg.rf.aa4f6b1d99d61921296d104f8664b8a7.jpg,1.0
cl6b65ksg0069l455f4od44cb_2_FALSE_COLOR_jpg.rf.aa21b1638bd7593bcf058a3bb50d7d1e.jpg,1.0
cl6b6op7a007ol455fvvv6g4a_2_FALSE_COLOR_jpg.rf.aa057e2478c413f9b9cc2604ddc06166.jpg,1.0
cl6op88w4006oao552mmn9knc_4_FALSE_COLOR__URBAN_jpg.rf.aa16ce5a94df5e5285e43f50d4e8b862.jpg,1.0
cl6b6op7a007ol455fvvv6g4a_6_SWIR_jpg.rf.aa2eb076776057c802d3f61728e16d24.jpg,1.0
cl6ct6g9a00gzl4555brigazi_1_TRUE_COLOR_jpg.rf.a9be0520d76e1cac71c1461f83730128.jpg,1.0
cl6opk4x8007bao55eu7bc5vk_1_TRUE_COLOR_jpg.rf.a9df334a950af3c0004e72b2c431608d.jpg,1.0
cl6m15k1g00378w559sqfahyu_6_SWIR_jpg.rf.aa3dce16a554d9362beacc998f2bac1d.jpg,1.0
cl6orjfih009hao556av1hf6s_6_SWIR_jpg.rf.a9e0966c7f576af15451e95ce9e95cc8.jpg,1.0
cl6e31hgi002ygk55dfaq7cqn_2_FALSE_COLOR_jpg.rf.aa4732e163f73eaa55e54476c1708f0f.jpg,1.0
cl6b0ckyi000pl455hm7bhix2_2_FALSE_COLOR_jpg.rf.a9ebcd80950166dbb6d772dd728f2b04.jpg,1.0
cl6cpadty00d9l4557ubu7rwz_2_FALSE_COLOR_jpg.rf.aa6a0e39b0d3b0ef19213332bec041c8.jpg,1.0
cl6ch0lvz00brl455eij38vi0_6_SWIR_jpg.rf.aa6c9030cb599079c750f637acf8812d.jpg,1.0
cl6b57brh002ll4555o3te631_6_SWIR_jpg.rf.aa66474691ba997772f019bdfd887a06.jpg,1.0
cl6ocsssy000eao55ep2v2ijm_1_TRUE_COLOR_jpg.rf.aa719d5971883eb15d320088d24089a9.jpg,1.0
cl6kigvdj000a8w55e1ed0r42_6_SWIR_jpg.rf.aa7f6373e51880c9be5fbbc3a32196f2.jpg,1.0
cl6b64hpf0066l4555lt3czhh_1_TRUE_COLOR_jpg.rf.aa83703bf56c0abfd4700b4eb96a8c86.jpg,1.0
cl6b09m65000kl455dbrteofg_4_FALSE_COLOR__URBAN_jpg.rf.aa6fafed1895562ada4f64059b0f28f6.jpg,1.0
cl6e0fdc7000ugk557kzy30u6_2_FALSE_COLOR_jpg.rf.aa8ba9991c09999021b55f4352fa33e0.jpg,1.0
cl6oqbr98008uao55hhpyg2l0_6_SWIR_jpg.rf.aa86c79fd9b83851cc110fa0d4c99b2e.jpg,1.0
cl6ctlg9300hwl4558d9t1n71_4_FALSE_COLOR__URBAN_jpg.rf.aa9b464b37e5ac12d4057bef74c2bca9.jpg,1.0
cl6m1fspy003x8w553wncdjsh_6_SWIR_jpg.rf.aa959dabe9e41fb72bfa24ae2a6bd4bd.jpg,1.0
cl6b6172m005wl45594a27gqy_4_FALSE_COLOR__URBAN_jpg.rf.aa9a5cbde918f01321f6bbd6a04daa44.jpg,1.0
cl6kgmrej002zc455a27d973q_6_SWIR_jpg.rf.aabe24f4aec7f186549449942b2f0e75.jpg,1.0
cl6ok86rg005qao552r1p86s0_1_TRUE_COLOR_jpg.rf.aa97e664dd779b0c1ba4e772c3768748.jpg,1.0
cl6cpeq5000dkl455ae4qcoq2_4_FALSE_COLOR__URBAN_jpg.rf.aac77e427f74a03d3ecd5a1bd5e1c604.jpg,1.0
cl6kivxbs000m8w55byjj0085_1_TRUE_COLOR_jpg.rf.aa9f269ae151918eba86ff79e8e7decb.jpg,1.0
cl6kgh8cf002sc4558jry9v2p_6_SWIR_jpg.rf.aaab68e1f2678141a2d3ec4b9fa72703.jpg,1.0
cl6kj8fjf00118w55aij5h57n_1_TRUE_COLOR_jpg.rf.aaf675f69dc1da8aa61ad69120303410.jpg,1.0
cl6khu4gb00008w5575zsg2eh_2_FALSE_COLOR_jpg.rf.ab008095829440719addb8fee30a2f0d.jpg,1.0
cl6b69zw9006pl455be0a3zi1_4_FALSE_COLOR__URBAN_jpg.rf.aab3196c7b7f80b7a3d9bd94eafddc1c.jpg,1.0
cl6ctfvqa00hnl455fu4bf37z_1_TRUE_COLOR_jpg.rf.aad34b570716ebf4fdade36fe03b9bba.jpg,1.0
cl6b5o2zq004el455548z49am_6_SWIR_jpg.rf.aac644c2dc22a2ac1a423b446352cbad.jpg,1.0
cl6ct99jl00h6l4552nabhg3g_2_FALSE_COLOR_jpg.rf.ab1d6a05fef5952d40275e429685ae04.jpg,1.0
cl6kfwvz3001sc45549gxd3e2_2_FALSE_COLOR_jpg.rf.aaf895877f9baa65ff8ff80f7a02b91b.jpg,1.0
cl6b63ehe0062l455c9mib5xv_4_FALSE_COLOR__URBAN_jpg.rf.ab15e3eace0259808a9711224ae82531.jpg,1.0
cl6b5k38g003zl455bgtd1317_2_FALSE_COLOR_jpg.rf.aac278697844037b5166e8aca59a0b85.jpg,1.0
cl6b03yzy0005l455dq6x4eyc_4_FALSE_COLOR__URBAN_jpg.rf.ab16e2a43b530d5c8df7ad9777a64784.jpg,1.0
cl6b5myi60048l45530d5anq4_2_FALSE_COLOR_jpg.rf.aae9836ab53ec79649036e4c09ff691a.jpg,1.0
cl6b6uyec0084l4556i8cd4f4_6_SWIR_jpg.rf.ab19f2e84ab0195cbfe32184d49da983.jpg,1.0
cl6odles00020ao555y5rc1cl_2_FALSE_COLOR_jpg.rf.aad3aefad9c7288edc511e1ffd8a208a.jpg,1.0
cl6dygaz70006hg559adtahcs_6_SWIR_jpg.rf.aadc798e20f39bc9591df1bd1e37a704.jpg,1.0
cl6b5lfqn0043l455544gg2zx_2_FALSE_COLOR_jpg.rf.ab2364a032ef55be5aec64323a0d088c.jpg,1.0
cl6ocmhv80000ao55b7ybfzf5_1_TRUE_COLOR_jpg.rf.ab2faf312e3c9041578e70d254aaa554.jpg,1.0
cl6e09hxf000hgk559x18fvg8_2_FALSE_COLOR_jpg.rf.aad355f091775b0552cb677da626ad40.jpg,1.0
cl6kiujep000k8w552z6ebrxp_6_SWIR_jpg.rf.ab5ddb5044a4e65a851f2d61420adca9.jpg,1.0
cl6ouj4wy00arao551zl9clbo_1_TRUE_COLOR_jpg.rf.aad9bf642779429ecdf78da3dddffa06.jpg,1.0
cl6e0eki8000sgk55gpb73kwu_1_TRUE_COLOR_jpg.rf.ab3a3f5c57ac1f0a542920bb5deab270.jpg,1.0
cl6b72nfa008sl455dg2a9zbg_2_FALSE_COLOR_jpg.rf.ab4330cbfb42a51d40b182a42192beff.jpg,1.0
cl6kj8pto00128w55cj0y58qg_6_SWIR_jpg.rf.ab5ef785e85d00e244b0cdce7a64df2e.jpg,1.0
cl6kfa8f2000vc45526s9431c_4_FALSE_COLOR__URBAN_jpg.rf.aaf1923203502feade7519cb5e2e645c.jpg,1.0
cl6b62b07005zl455eftq37tr_6_SWIR_jpg.rf.ab9afe184d04478b6e505a2760a43a94.jpg,1.0
cl6b55rgf002hl4554papgucp_6_SWIR_jpg.rf.ab6ed17ed250064c89b9fcc67d327760.jpg,1.0
cl6ltrgqp002s8w55bwy9c5b4_6_SWIR_jpg.rf.ab94da0ca24f725583f64eefef1adaef.jpg,1.0
cl6ctlg9300hwl4558d9t1n71_4_FALSE_COLOR__URBAN_jpg.rf.abbcc46963fd6ab6d866565b03213845.jpg,1.0
cl6b4zdn5001ul455acof1e3j_1_TRUE_COLOR_jpg.rf.ab7c2003519d4c43285fa70531cbf925.jpg,1.0
cl6e0heuk000xgk558bub1o2s_6_SWIR_jpg.rf.ab80ace5b59c3e79c57a867b91b4c41c.jpg,1.0
cl6e1y3zz001ngk559rm6ec1q_1_TRUE_COLOR_jpg.rf.ab8bc0cc51d5ed82220c88feea903106.jpg,1.0
cl6oiz4yx0040ao55gbep3evs_2_FALSE_COLOR_jpg.rf.abcb285bfaaa33791dc69b8316277c45.jpg,1.0
cl6ojbzbq004pao55cdn3hl05_2_FALSE_COLOR_jpg.rf.abbe44b95f073a3af46cc2eef4f70a36.jpg,1.0
cl6kj9dst00148w55fw0gfc6p_1_TRUE_COLOR_jpg.rf.abe7d31cb986877610048fc9dcb54789.jpg,1.0
cl6b69zw9006pl455be0a3zi1_4_FALSE_COLOR__URBAN_jpg.rf.ab93e8a94c29de538da9409f5636ae1f.jpg,1.0
cl6b5qnq6004nl455160o65u9_1_TRUE_COLOR_jpg.rf.abf7c3d8df9f286b23ff11a8386ed0b1.jpg,1.0
cl6kgcddp002gc455ekvaehyc_2_FALSE_COLOR_jpg.rf.abac8d5e1fe0b52fe1ae8bc64aeb4aa6.jpg,1.0
cl6dywrm9000mhg55c48n2wtt_1_TRUE_COLOR_jpg.rf.abe936ff83e0e3c8508e8cceecd7b0cb.jpg,1.0
cl6ct23ww00gql45503oubjmo_6_SWIR_jpg.rf.abcaee6bc8766bf807b8b0a3992d1d82.jpg,1.0
cl6e2j74p0028gk559qcd87o6_6_SWIR_jpg.rf.abc44eaaefa725aca7c2477eb13aab5f.jpg,1.0
cl6kjm7cv001r8w55czzsenxh_4_FALSE_COLOR__URBAN_jpg.rf.abf7fda20e7643c8212a3378e3823aa9.jpg,1.0
cl6kjizzk001l8w550s1uej5w_6_SWIR_jpg.rf.abc06c52ad7e417bd6784daedd6cb018.jpg,1.0
cl6lsygs2001w8w551eungans_1_TRUE_COLOR_jpg.rf.abb60aeefb1cbebb0739784b57a84a71.jpg,1.0
cl6ctu9tf00ibl455cvffhm3v_4_FALSE_COLOR__URBAN_jpg.rf.ab952b58100716661ed4b6bcd7637e56.jpg,1.0
cl6opu1eb007uao5563tf72vm_1_TRUE_COLOR_jpg.rf.ac044fb3817c2459ed17b03efd71876d.jpg,1.0
cl6b77nut009ll45588wha4d5_1_TRUE_COLOR_jpg.rf.abd110df4b2611d2e1e3e8ba7368d273.jpg,1.0
cl6e36kv1003fgk55gnb9050o_6_SWIR_jpg.rf.ab70cfb1cc632b8e531890f764f98afb.jpg,1.0
cl6kivxbs000m8w55byjj0085_1_TRUE_COLOR_jpg.rf.ab9e1bac64b738876c123eb2e0a1d5b7.jpg,1.0
cl6cgm3hm00bal455ei1ken8s_2_FALSE_COLOR_jpg.rf.abe8cea1f31a71e2acb1075772f9d469.jpg,1.0
cl6b66xpr006cl4556kzm7hl2_2_FALSE_COLOR_jpg.rf.abfd8f2e3431008b6f286bf88202c10b.jpg,1.0
cl6cru4e800dyl455gekch8cy_2_FALSE_COLOR_jpg.rf.ac0e96796b9de965d5377f74f3e7e2d5.jpg,1.0
cl6od1qhh0014ao55hlfact4a_6_SWIR_jpg.rf.ac06eb99fece6c60333a42cfbf794b90.jpg,1.0
cl6cpiy1j00drl4557rsw5dzg_1_TRUE_COLOR_jpg.rf.ac01c3e2a4782a1adbfa2b18d7c3c680.jpg,1.0
cl6cgazz700aol455e5vr2tge_1_TRUE_COLOR_jpg.rf.ac0fdc012280684609e4e60be86c25ca.jpg,1.0
cl6b79rs5009wl4550jbyddo9_1_TRUE_COLOR_jpg.rf.ac335760b7676bad78c1cba44fa5650d.jpg,1.0
cl6kjd3dd00178w550194376c_1_TRUE_COLOR_jpg.rf.ac318ee8cd4da6707b87b00d2ed5da9e.jpg,1.0
cl6kjle3b001q8w55cr3p1f1z_6_SWIR_jpg.rf.ac231b702620363d3c3616626f20ebeb.jpg,1.0
cl6oj031d0042ao55aior769s_2_FALSE_COLOR_jpg.rf.ac1d267ded8872e59f015c1c378053dc.jpg,1.0
cl6oj3q5x004aao55ala51kbg_2_FALSE_COLOR_jpg.rf.ac1fac69082c2f2b21e727a1f829c889.jpg,1.0
cl6ocwm59000lao557aje5r5p_1_TRUE_COLOR_jpg.rf.ac27e3c9e81e526fd7b02dc947ee5899.jpg,1.0
cl6e2iblt0026gk558bnw6716_2_FALSE_COLOR_jpg.rf.ac4346aac6a7135f0ba44573d82171fb.jpg,1.0
cl6cpjjol00dsl45581fhfrm9_2_FALSE_COLOR_jpg.rf.ac502f4ae060764e83102c4e4bbfafd5.jpg,1.0
cl6ltrgqp002s8w55bwy9c5b4_4_FALSE_COLOR__URBAN_jpg.rf.ac570a66afbaa001c3231905ad196885.jpg,1.0
cl6e2fi9f001zgk55b58g3gk6_2_FALSE_COLOR_jpg.rf.ac46011f5f5e42e70094a40c8e39243e.jpg,1.0
cl6kgdzqp002kc455030p44eo_6_SWIR_jpg.rf.ac6ff20a6542d56d83939a3a53b3d0aa.jpg,1.0
cl6chb1kq00c3l45538v16mga_4_FALSE_COLOR__URBAN_jpg.rf.ac4595d28b71c4cc95b435daedad9c00.jpg,1.0
cl6e03vbi0004gk55g1k665dy_6_SWIR_jpg.rf.aca64f0f7bbe9ace889e8d8eeeb3e0c8.jpg,1.0
cl6b0797l000fl4556jpv3nqd_1_TRUE_COLOR_jpg.rf.ac4da7428aface871b56e3196d4fd80d.jpg,1.0
cl6ctgypm00hol455a8epfwn4_4_FALSE_COLOR__URBAN_jpg.rf.ac67cbb4f682f4f813b749035e97f0e7.jpg,1.0
cl6b4zhkb001vl455hkela2ez_4_FALSE_COLOR__URBAN_jpg.rf.ac7a7252c3fccf85e2144e208da49cd1.jpg,1.0
cl6chxs9s00cwl455abx51f8x_2_FALSE_COLOR_jpg.rf.acae55e783e83e3a139e95c27880ce84.jpg,1.0
cl6okb25a005wao558pj4ejty_2_FALSE_COLOR_jpg.rf.ac6b344c7b822611ea0ec9df21be43cf.jpg,1.0
cl6kf91bs000rc45516bd66a9_4_FALSE_COLOR__URBAN_jpg.rf.ac54e4e2183a3b1e10100a6afb393947.jpg,1.0
cl6ocpfa50005ao55f4xb2vkl_4_FALSE_COLOR__URBAN_jpg.rf.ac6be979bd24ccb13e3786ccc525d8d6.jpg,1.0
cl6ocqy790009ao55dmfo7t3e_2_FALSE_COLOR_jpg.rf.acbb3a111d2f32cee9efbf6ff2e60e76.jpg,1.0
cl6e2grat0022gk55hpoig5ln_2_FALSE_COLOR_jpg.rf.ac711c91107c9d0cbb2995ef418f4aae.jpg,1.0
cl6m1f4jn003u8w552wtf02ek_1_TRUE_COLOR_jpg.rf.aca948eb49fdedc3ed4e85ee76cb2f71.jpg,0.0
cl6e0l3x90015gk55eki43b8w_1_TRUE_COLOR_jpg.rf.ac6a6fab920d6120aac168018a15106f.jpg,1.0
cl6lszhlb001y8w558epcey2q_1_TRUE_COLOR_jpg.rf.ac8dafc269ce8090e0751e82e8d0eed1.jpg,1.0
cl6opkqwo007dao55e4yr3lyo_4_FALSE_COLOR__URBAN_jpg.rf.accc69dad3552ea017e1525e96c8c281.jpg,1.0
cl6ctnko800i1l4557pimhby6_6_SWIR_jpg.rf.accbbbcf74a5ea9bf38b40e10f878c5f.jpg,1.0
cl6chmuyr00cfl455hd0u03x9_2_FALSE_COLOR_jpg.rf.acb30f156e381c4c1d9a5c217ed08e3d.jpg,1.0
cl6oie1ic002vao557ua5evp8_6_SWIR_jpg.rf.acceec1d451e48ede2d7ac2daf130d42.jpg,1.0
cl6kjhhl5001h8w55fo1v1vqs_1_TRUE_COLOR_jpg.rf.acc625a0915611ff5fb665b878fceb6f.jpg,1.0
cl6okcs620060ao552j5fd463_6_SWIR_jpg.rf.ace83d733b0ded4fc1856869c64b7d42.jpg,1.0
cl6ou9hl600adao559w1qda4m_6_SWIR_jpg.rf.acabfd889d05f1b29c52e2e3d83c2c70.jpg,1.0
cl6e35mru003cgk559os14r7y_2_FALSE_COLOR_jpg.rf.acc688fc63830a7d33022a82caea5749.jpg,1.0
cl6kfnjr50014c4555kd2a1q6_4_FALSE_COLOR__URBAN_jpg.rf.ace1b8d7454d3acac396ea87f48ce1b9.jpg,1.0
cl6e2hp3l0025gk55buu53wd8_6_SWIR_jpg.rf.ac884f3d59df736c095b5071435082f1.jpg,1.0
cl6cs113t00eil4553ipt3ogj_6_SWIR_jpg.rf.aceae6379d45e939b93d745e77c63a91.jpg,1.0
cl6kjhx3r001i8w550n9zd54y_6_SWIR_jpg.rf.ace4a2281f4942cb00e8283d46ddae2c.jpg,1.0
cl6e2fi9f001zgk55b58g3gk6_6_SWIR_jpg.rf.acfe01d8602200d507aabcd8fb0c02de.jpg,1.0
cl6okbkxz005xao55cwhm56ie_4_FALSE_COLOR__URBAN_jpg.rf.ad3559b8923c55ce37f8b29cedb8af3a.jpg,1.0
cl6azwb8d0001t055d2a160qn_2_FALSE_COLOR_jpg.rf.ad2f60cb2e0cbc62d0115ee72fded12b.jpg,1.0
cl6orq40w009vao552t868lax_6_SWIR_jpg.rf.ad0f634251ac96189a9a200e40a0c093.jpg,1.0
cl6oq9ozh008nao5591t079g1_4_FALSE_COLOR__URBAN_jpg.rf.ad2c49bcaf27fe844db7c6e49e1909a3.jpg,1.0
cl6cpeq5000dkl455ae4qcoq2_4_FALSE_COLOR__URBAN_jpg.rf.ad003f335693b1aaa7e93ddc5ac42445.jpg,1.0
cl6op0vfi006cao553gmp6trs_4_FALSE_COLOR__URBAN_jpg.rf.ad361bc68621729fc79f407139446373.jpg,1.0
cl6b542k6002bl455fmydcwlb_6_SWIR_jpg.rf.ad4073b52c9d5377ca08313b1688d50d.jpg,1.0
cl6b6h5fo007bl455669md4vp_2_FALSE_COLOR_jpg.rf.ad065e3afeefdaa9ff23ad9bf327f63a.jpg,1.0
cl6ct8os600h3l4559qbzgmk2_1_TRUE_COLOR_jpg.rf.ad3e131d5ef3e1c12bfb8b06f6e78a72.jpg,1.0
cl6e2g24k0020gk55d7nlgq0h_4_FALSE_COLOR__URBAN_jpg.rf.ad778f92077881cb4fbb5841cbc846bb.jpg,1.0
cl6ct3pgp00gsl455ha8uf8on_6_SWIR_jpg.rf.ad8501dcb34a25a73970b9b356b57a00.jpg,1.0
cl6oumfkb00b0ao556enkcct1_4_FALSE_COLOR__URBAN_jpg.rf.acee9d6c532cebd01c06ffe6750d9040.jpg,1.0
cl6b5tf5i0052l4552vkucy9o_1_TRUE_COLOR_jpg.rf.ada9574d38501afb49d35b1c541c8162.jpg,1.0
cl6chnfxe00cgl455cg8v02rb_6_SWIR_jpg.rf.ad3f462008befc69b96a2f6264e52705.jpg,1.0
cl6b0dcgw000tl4553dj16rm5_6_SWIR_jpg.rf.ad912b4fd7a70d51c46bcf73bbefbf8c.jpg,1.0
cl6b5amhu002yl455ge4y545t_2_FALSE_COLOR_jpg.rf.ad41a7140fa31038792109b898f23648.jpg,1.0
cl6kf256r0006c455hwcv6khh_6_SWIR_jpg.rf.ada065286ab8bc4dabdc90bdae134034.jpg,1.0
cl6odml2j0024ao55fld01o8f_1_TRUE_COLOR_jpg.rf.ad92ae3f4d69e1940e2ee844867a814e.jpg,1.0
cl6b5qnq6004nl455160o65u9_2_FALSE_COLOR_jpg.rf.adb158260c576c9941b688bb8ee96cb6.jpg,1.0
cl6b6fb550077l455eud74h5q_1_TRUE_COLOR_jpg.rf.ad63c7841713e6fe10ed4a6c9e0dec5f.jpg,1.0
cl6kgeqar002lc455akv50au4_2_FALSE_COLOR_jpg.rf.ad4703010d3026c9d19ea3abc61b3b8b.jpg,1.0
cl6oui3xy00aoao55d29e9vlz_2_FALSE_COLOR_jpg.rf.ada6387111d14d155e9c259f9b9e9d81.jpg,1.0
cl6cs7eox00f1l455595w1d49_1_TRUE_COLOR_jpg.rf.adabe6b5dc6fcce06429bcc8b4006ab4.jpg,1.0
cl6m1f4jn003u8w552wtf02ek_1_TRUE_COLOR_jpg.rf.ad89cf617a08579288860c3c750f720b.jpg,0.0
cl6cp9ucc00d8l455fzq49p99_1_TRUE_COLOR_jpg.rf.adb0639e803b15b14acc866ac98a8f2c.jpg,1.0
cl6cpiy1j00drl4557rsw5dzg_1_TRUE_COLOR_jpg.rf.ad81a8fd60e64131301fc81d2ea96725.jpg,1.0
cl6b0esbf000vl455co1o9wvm_4_FALSE_COLOR__URBAN_jpg.rf.adb3ae959fd4b712713f2446e6845cb6.jpg,1.0
cl6kjbb3u00158w55e0y48ful_2_FALSE_COLOR_jpg.rf.adc155fefa258def975a77bc7f353a52.jpg,1.0
cl6b55k98002fl455fxpwaq8j_2_FALSE_COLOR_jpg.rf.ad444285ed4174227c143577ccc7ea08.jpg,1.0
cl6oieqtk002xao5545u415h6_1_TRUE_COLOR_jpg.rf.adbca316fa4160ae27eb794969656cea.jpg,1.0
cl6ou7gn700a8ao551bbh5gaq_2_FALSE_COLOR_jpg.rf.adb69cbe4fc8601bcd6e4fe1cd39b4dc.jpg,1.0
cl6cgr33o00bfl45526e3ajl1_6_SWIR_jpg.rf.ad493274fc5c333eb04d7e40623fceea.jpg,1.0
cl6kig3wf00098w556e894kgn_6_SWIR_jpg.rf.adefb52f377069f803765e4de47ec120.jpg,1.0
cl6azt6cd0002go55f0qt1otm_2_FALSE_COLOR_jpg.rf.ad650656b6c91e19cf2c2673b8675182.jpg,1.0
cl6kfrfmx001hc455cbojhgeb_6_SWIR_jpg.rf.adcac2f687842d530464f9a03265b383.jpg,1.0
cl6kjizzk001l8w550s1uej5w_2_FALSE_COLOR_jpg.rf.adf9ca4a13c098c187566dca6e9c3baf.jpg,1.0
cl6b73duk008vl45583qs4mo9_1_TRUE_COLOR_jpg.rf.adc9e57c1686a9d1f51f0c34a0b954e3.jpg,1.0
cl6oqnb9v0093ao55cge3gyh7_1_TRUE_COLOR_jpg.rf.adf55cc159f776d78e9651913647439e.jpg,1.0
cl6kj8fjf00118w55aij5h57n_2_FALSE_COLOR_jpg.rf.ae87c32d36e7b60eb933f7ab84be1296.jpg,1.0
cl6e0heuk000xgk558bub1o2s_4_FALSE_COLOR__URBAN_jpg.rf.ae1ebfc98783b24eda04ffa07717f6cf.jpg,1.0
cl6oq40mp008hao555cdvg6o8_4_FALSE_COLOR__URBAN_jpg.rf.adfd8a27548ef41133d2eab5a4dd58ac.jpg,1.0
cl6cpcvc900dgl45500ys0wsi_6_SWIR_jpg.rf.ae57d8e4fd852ed917f418de5205576b.jpg,1.0
cl6ct5pk300gxl4559vdtfjz2_1_TRUE_COLOR_jpg.rf.adfb6a2350f62b5d7abcdf031d0b3a0e.jpg,1.0
cl6kiujep000k8w552z6ebrxp_2_FALSE_COLOR_jpg.rf.ae0a9d03cf3c5c9079259415d6a2fb41.jpg,1.0
cl6e2xkh0002mgk55aif2aqvo_4_FALSE_COLOR__URBAN_jpg.rf.ae90157b3aa3ced13fb6492d811552ea.jpg,1.0
cl6orko2t009kao55b52w8c6b_2_FALSE_COLOR_jpg.rf.adfcbeb23b6c92ff1cdb177d5c2d42c1.jpg,1.0
cl6b60nkh005vl455dzr44i2o_1_TRUE_COLOR_jpg.rf.ae1f6615516026bb1bf872ab8fdf9e27.jpg,1.0
cl6e2lc56002fgk554s6m4xro_4_FALSE_COLOR__URBAN_jpg.rf.ae516c4c648d934af6fc53b9364498aa.jpg,1.0
cl6od2qvz0018ao55hk1af8ha_1_TRUE_COLOR_jpg.rf.ae69ba61bacfa9008497df40cdad6189.jpg,1.0
cl6e2kygp002egk55asrs2brz_4_FALSE_COLOR__URBAN_jpg.rf.ae40f3aaca4e2d1986405b26d52f9fa5.jpg,1.0
cl6oczv08000vao5578u77ztd_1_TRUE_COLOR_jpg.rf.ae33d9f44a83221b6751d7e70deecfa5.jpg,1.0
cl6oimia5003dao558osp4mxe_2_FALSE_COLOR_jpg.rf.ae5ed22b9f6819f16b27a1cfb394606d.jpg,1.0
cl6b7hybt00ael455dfth5qs9_6_SWIR_jpg.rf.ae6b60906f247bbf1c9ffcaa880c6200.jpg,1.0
cl6b5tn5o0053l4555lotaojg_4_FALSE_COLOR__URBAN_jpg.rf.ae0f8812a67c5ae695db7da1540901f8.jpg,1.0
cl6e2fi9f001zgk55b58g3gk6_4_FALSE_COLOR__URBAN_jpg.rf.ae9033e112e99b5407daa7a3e90f0198.jpg,1.0
cl6kf9f45000sc455c6f9g0po_2_FALSE_COLOR_jpg.rf.ae8318ad8be156b67d6ecb21b5698daf.jpg,0.0
cl6b0q209001jl4553gmg5wxk_6_SWIR_jpg.rf.ae07323288eb2feae11b88f486729266.jpg,1.0
cl6oqat3j008rao556mbqfoan_6_SWIR_jpg.rf.ae677755a9ff6c72f6aeb159378037f4.jpg,1.0
cl6b0h2rs000yl4550y7ccftv_2_FALSE_COLOR_jpg.rf.aeadad43e887832aaadfba7307148da9.jpg,1.0
cl6azt6cd0002go55f0qt1otm_4_FALSE_COLOR__URBAN_jpg.rf.ae3c7e948ca2d00d4a528a73e576e324.jpg,1.0
cl6oq3bjn008gao551ciogvom_4_FALSE_COLOR__URBAN_jpg.rf.aea641f3e1a2a69e7ad7173d5515123b.jpg,1.0
cl6ctnko800i1l4557pimhby6_6_SWIR_jpg.rf.aea613c11b96d2b8b35c1e226c464333.jpg,1.0
cl6b0okeb001fl455fgue1wrj_4_FALSE_COLOR__URBAN_jpg.rf.af342541c1558495cf43716894bec5a8.jpg,1.0
cl6oq40mp008hao555cdvg6o8_6_SWIR_jpg.rf.af16651c937aea971825e1d2d88f6ca0.jpg,1.0
cl6e1zx08001pgk554gv1bhpt_4_FALSE_COLOR__URBAN_jpg.rf.aef10b58ba3906f13465c3f204b99559.jpg,1.0
cl6ch4qyp00bul455enwie1k7_4_FALSE_COLOR__URBAN_jpg.rf.af29bc357554680afc156704df5069b5.jpg,1.0
cl6b78b5m009pl4550gvdb1ud_2_FALSE_COLOR_jpg.rf.af474e4b3e9cb4b932c308a039572922.jpg,1.0
cl6b6r87c007tl455508729u4_4_FALSE_COLOR__URBAN_jpg.rf.af364e4b3db381e493f4a9984f84b243.jpg,1.0
cl6lsyw82001x8w55h42v4y3p_2_FALSE_COLOR_jpg.rf.af0a66c3b99e86294e6656db5916e512.jpg,1.0
cl6e1gy620018gk55gvmqas56_2_FALSE_COLOR_jpg.rf.af5d6a829efa4ca9e0adbc6006753822.jpg,1.0
cl6b5osai004hl455cp1mh6ki_6_SWIR_jpg.rf.aed3a55e2a7b6fb76e9a21361030b44c.jpg,1.0
cl6b5czu1003cl4551r7icqnt_2_FALSE_COLOR_jpg.rf.aeb73f051f0ead2339f779809d2763b1.jpg,1.0
cl6b029x70000l4556t6r3w8m_4_FALSE_COLOR__URBAN_jpg.rf.af1f5922d11acbefdf18c1a44043a743.jpg,1.0
cl6oqcmju008wao550c102qjq_4_FALSE_COLOR__URBAN_jpg.rf.af2fe5c2cfe8a5285132bba800ae9323.jpg,1.0
cl6oj031d0042ao55aior769s_4_FALSE_COLOR__URBAN_jpg.rf.aebb5345af2e12e453e7a73beafdedb6.jpg,1.0
cl6kf256r0006c455hwcv6khh_2_FALSE_COLOR_jpg.rf.af6b51be2e91eaac6a1c34a817fae332.jpg,1.0
cl6ojevvt004uao55432mcnea_2_FALSE_COLOR_jpg.rf.af76c507ca064e0b23b97b84e44a8909.jpg,1.0
cl6e1y3zz001ngk559rm6ec1q_2_FALSE_COLOR_jpg.rf.af7358b62982ba0aa5e94415375e0b1b.jpg,1.0
cl6e0dbw9000pgk55cv1sgp5x_2_FALSE_COLOR_jpg.rf.af4ca9627ebf551e4494d658e4f528e3.jpg,1.0
cl6ojrtzp004zao55hqhsfffg_4_FALSE_COLOR__URBAN_jpg.rf.af2af224d409536d672d01e9b28a5018.jpg,1.0
cl6lt1hpb00208w55bfs7e6iz_4_FALSE_COLOR__URBAN_jpg.rf.af6503b935b9c88ab90217218f6e09f8.jpg,1.0
cl6ou3smf00a2ao5558m96qu2_2_FALSE_COLOR_jpg.rf.af22b55526eebae6b4ea310e4c28275f.jpg,1.0
cl6cgg5np00b0l455enz77l37_2_FALSE_COLOR_jpg.rf.af3eef26ff096268c774298c6e531ccb.jpg,1.0
cl6kibg7b00068w55cog49lxl_6_SWIR_jpg.rf.af85343bc8b6ebf4e8c362c3a3924912.jpg,1.0
cl6opr2a8007pao556ffeh9fl_2_FALSE_COLOR_jpg.rf.af7b9d94e87b1e01a8c320857ea0a262.jpg,1.0
cl6b53k570029l45574z79k7e_1_TRUE_COLOR_jpg.rf.af91c376f0ebc3104d4a8988c0d68277.jpg,1.0
cl6kf4avz000ec455hhw331dx_6_SWIR_jpg.rf.af772a8da186e83c031e854b9a6ca588.jpg,1.0
cl6ok9inm005sao55c3o80dfl_1_TRUE_COLOR_jpg.rf.af367cb43127e25464ff721fe1280ccd.jpg,1.0
cl6cs297e00enl455hbtp421f_6_SWIR_jpg.rf.afa01b775defde5d00fef2b54a0b20bb.jpg,1.0
cl6m1ho5c00418w55hopz9miu_4_FALSE_COLOR__URBAN_jpg.rf.af88922e79ee64033d311d1a9ce28634.jpg,1.0
cl6b6tlip0080l4550crfdhm2_1_TRUE_COLOR_jpg.rf.ae76aeafaea5d96efe0f02df2b0b8df2.jpg,1.0
cl6b6jisx007gl455f80x2o01_6_SWIR_jpg.rf.afa204983af73b5f01c574302c974f34.jpg,1.0
cl6opk4x8007bao55eu7bc5vk_2_FALSE_COLOR_jpg.rf.aec05c9e8581b8b45a210a8183c6682c.jpg,1.0
cl6cgah3400anl4554lg2hxzy_1_TRUE_COLOR_jpg.rf.affb20daebfc52fcca839b9d4f6b7fd3.jpg,1.0
cl6csoq0b00fvl4552zeyhiff_2_FALSE_COLOR_jpg.rf.afe7b081b817bed21b52b1ec9ea561cc.jpg,1.0
cl6oukdcw00avao555gp1h971_1_TRUE_COLOR_jpg.rf.afb4f3130c2cec7298c959d5e962a953.jpg,1.0
cl6od380k001aao552ioagps5_4_FALSE_COLOR__URBAN_jpg.rf.afdacf0df05e12e5cecb8d0002da111f.jpg,1.0
cl6ctgypm00hol455a8epfwn4_1_TRUE_COLOR_jpg.rf.afc6b30b8a6378743761ac9c25696339.jpg,1.0
cl6b5yjxa005nl45516k465kb_4_FALSE_COLOR__URBAN_jpg.rf.afba3583792fd9146532e99247198522.jpg,1.0
cl6ctah5z00hbl455f84of4co_1_TRUE_COLOR_jpg.rf.b0103ad6a8d9e7d8e97bffac87030eb1.jpg,1.0
cl6oizoxx0041ao55csrr4whh_1_TRUE_COLOR_jpg.rf.afd9b3767472c2fe3159ab282da40e57.jpg,1.0
cl6cs3y0l00etl4550acr1ii1_1_TRUE_COLOR_jpg.rf.aff54b0c3a00d00c9ffd373ae353de3f.jpg,1.0
cl6ou9hl600adao559w1qda4m_1_TRUE_COLOR_jpg.rf.afa751e464e3c999b104c1587b3890d9.jpg,1.0
cl6ctb1m400hdl4551wz24flk_4_FALSE_COLOR__URBAN_jpg.rf.af92080077ba9b8aaa218fb1e42bda18.jpg,1.0
cl6b5y1m8005ml455dfsobrvc_1_TRUE_COLOR_jpg.rf.aff8e0ddbc882a42e810e5ed8eab636a.jpg,1.0
cl6e0eki8000sgk55gpb73kwu_1_TRUE_COLOR_jpg.rf.affdceb42a57971e984ba6ae6083b566.jpg,1.0
cl6oj031d0042ao55aior769s_4_FALSE_COLOR__URBAN_jpg.rf.afc6f319351dca70e79430185294199c.jpg,1.0
cl6oqbfvu008tao55bjo50q8p_2_FALSE_COLOR_jpg.rf.afacdf472919af086ed5220608d9c111.jpg,1.0
cl6ch1am000bsl455a0381kr1_4_FALSE_COLOR__URBAN_jpg.rf.af6600decc299b1b27794d6989b06829.jpg,1.0
cl6oujzw400auao55d5qwbeah_1_TRUE_COLOR_jpg.rf.b01e4ba5873907892df74fa693b68969.jpg,1.0
cl6oj142t0045ao551qnd97ci_2_FALSE_COLOR_jpg.rf.b0203fbbd5a7bb9959558f9b76ea1eb8.jpg,1.0
cl6cti5zm00hrl4555pdk0ef9_4_FALSE_COLOR__URBAN_jpg.rf.b02019243a355bf591f4d85d9d1ce68a.jpg,1.0
cl6e2zv7h002sgk55a6xy82ty_6_SWIR_jpg.rf.b03eef76b969595b24c73ea49fc7e10b.jpg,1.0
cl6cgsj2300bjl4556rjk0yap_1_TRUE_COLOR_jpg.rf.b02088db5cd90ce3d1b29ff954cb98a3.jpg,1.0
cl6e064go0009gk55e8lcflfy_1_TRUE_COLOR_jpg.rf.b03a9e87d068892260a847bb63810d55.jpg,1.0
cl6okdhtr0062ao557yfi3i7c_2_FALSE_COLOR_jpg.rf.b040aa0f6f83a61225b34907c7846c08.jpg,1.0
cl6cgcj0400arl455ft6yh6hi_2_FALSE_COLOR_jpg.rf.b082fc3251ee27ea660a4c33905911cb.jpg,1.0
cl6cgi18y00b4l455dvo73gk3_2_FALSE_COLOR_jpg.rf.b04f1d974adb32d5627800b93c60cf3b.jpg,1.0
cl6ojowwz004yao55hvwldnc2_2_FALSE_COLOR_jpg.rf.b0901b55dd56d35e716c3d9d3689f8f9.jpg,1.0
cl6b5q3z4004ll45585wq8rtu_1_TRUE_COLOR_jpg.rf.b04882213c73269c95eff540d7e8ccb5.jpg,1.0
cl6b6h5fo007bl455669md4vp_4_FALSE_COLOR__URBAN_jpg.rf.b03e3d0ef506aade5d74c996bde9cdbc.jpg,1.0
cl6kg9h8h0028c455at8u1fb4_1_TRUE_COLOR_jpg.rf.b031783c5a72adc0326ee8673bd57cb7.jpg,1.0
cl6cs0euj00egl455918xdqll_4_FALSE_COLOR__URBAN_jpg.rf.b09a703bb2660e0515b884f59c66f24a.jpg,1.0
cl6okam86005vao551risaw3r_1_TRUE_COLOR_jpg.rf.b074c517d5cce786d53629a563bc8c84.jpg,0.0
cl6b6vvhu0087l4557uqog2by_6_SWIR_jpg.rf.b0c3a4bf813b5580495cca30aacdfd88.jpg,1.0
cl6opxvd40084ao55f1zvab1r_6_SWIR_jpg.rf.b0bf41b18f9a64c192a1091274f4020c.jpg,1.0
cl6ltc7lo002h8w556xm59h02_2_FALSE_COLOR_jpg.rf.b09a203237e045b2825edd923fadd6b6.jpg,0.0
cl6kg9h8h0028c455at8u1fb4_6_SWIR_jpg.rf.b0ae8017299311c1d8de23092b0fa85a.jpg,1.0
cl6m10x9x00348w55h67q3hes_2_FALSE_COLOR_jpg.rf.b0a3944deeb6b726f17d2fed8b224387.jpg,1.0
cl6cskwng00fol4555eloc4nh_1_TRUE_COLOR_jpg.rf.b041ce849edf5293710b5479b0179d39.jpg,1.0
cl6odyfwh002lao55bnflcuaj_6_SWIR_jpg.rf.b0d7fa569af0f6a33f10985c31600354.jpg,1.0
cl6ocpxm10006ao554w1tf9fa_2_FALSE_COLOR_jpg.rf.b0bd4a6a963097c4f6a4a467c004dfd2.jpg,1.0
cl6opc9oz006zao552eyx63jq_4_FALSE_COLOR__URBAN_jpg.rf.b08ef041108d5caa35c5c6ee1174b652.jpg,1.0
cl6oivr2z003wao55395g5u07_6_SWIR_jpg.rf.b0352aaa6488905e9a43392fb24fa5f5.jpg,1.0
cl6cg99xj00akl4551gvp3ao5_1_TRUE_COLOR_jpg.rf.b090809740eb8d30863ce6d38a916439.jpg,1.0
cl6e0kgem0014gk55cl4692g7_4_FALSE_COLOR__URBAN_jpg.rf.b0e5bd4f775d6998399bcdd3996627ce.jpg,1.0
cl6m1h5id00408w55h3u27bzc_2_FALSE_COLOR_jpg.rf.b0d790a981740c8eda679f97bf988407.jpg,1.0
cl6cscffu00f8l455eoct9jzq_4_FALSE_COLOR__URBAN_jpg.rf.b0e912904c34924993e724bd013d5fc0.jpg,1.0
cl6oqpnhu0095ao55fbos77vi_1_TRUE_COLOR_jpg.rf.b0f2cf7ec8a48601d5b3a8a856423088.jpg,1.0
cl6csoq0b00fvl4552zeyhiff_6_SWIR_jpg.rf.b0f20e741977fe89860b2502ca8ff76f.jpg,1.0
cl6cs1jzq00ekl4555c2107g4_1_TRUE_COLOR_jpg.rf.b0f51f41188fcde59587d6b5ba551a00.jpg,1.0
cl6e1pp8g001hgk555wsz5aja_6_SWIR_jpg.rf.b0f0d3379b49e389fe74ba4b2f83434d.jpg,1.0
cl6oja8ma004kao55atmaakd4_2_FALSE_COLOR_jpg.rf.b0c4dce3c3758d64fd19ecd1c31ded3f.jpg,1.0
cl6odwuqk002iao555zzv0c59_2_FALSE_COLOR_jpg.rf.b0bbaa34e01e35a606d58bef8eb0d5c2.jpg,1.0
cl6kggj9a002rc4556h0x9jxc_2_FALSE_COLOR_jpg.rf.b10c2c34d26ac2f91cc60627b639c1a1.jpg,1.0
cl6ltt1jq002t8w55dvaoeetg_4_FALSE_COLOR__URBAN_jpg.rf.b0fd0b6ce5c7df359846abe541245326.jpg,1.0
cl6b5nqx3004dl4556qu6azh4_2_FALSE_COLOR_jpg.rf.b0fdeac2a5f1481ae7b563a7f5a08190.jpg,1.0
cl6kj9dst00148w55fw0gfc6p_4_FALSE_COLOR__URBAN_jpg.rf.b10f9b4d525f4ca33a6b155410c68e4d.jpg,1.0
cl6b0p3i7001gl455h7p6b9g1_2_FALSE_COLOR_jpg.rf.b129ed6e30a85797443017ccbb1b1989.jpg,1.0
cl6oplars007eao55fno41dzm_2_FALSE_COLOR_jpg.rf.b1436b5c678c61a5fcebafedc5d1c69d.jpg,1.0
cl6chxgc300cvl455h1z60m0l_2_FALSE_COLOR_jpg.rf.b14cb7f3dd2e52c56e72b7bddb61a344.jpg,1.0
cl6e2yxqd002pgk5597n8c4s8_2_FALSE_COLOR_jpg.rf.b14418f0383abc224edcc77131d167ed.jpg,1.0
cl6orndip009oao55fid2ccb1_1_TRUE_COLOR_jpg.rf.b188fb373db3afe382cebf8ac71f6a3c.jpg,1.0
cl6lsyw82001x8w55h42v4y3p_2_FALSE_COLOR_jpg.rf.b1491cb65ad98ab7897801c0e815e7d5.jpg,1.0
cl6m0x4p100318w55bmg41saz_6_SWIR_jpg.rf.b1d21fa0899e2623a39347e8073e3111.jpg,1.0
cl6ouc1eq00aiao558jd2hz4w_6_SWIR_jpg.rf.b14d1b8d7f833b9ad80f15550cf669ef.jpg,1.0
cl6cg8f7k00ail455g5xjf4zo_2_FALSE_COLOR_jpg.rf.b116e36c2ee11b98005e01fe0a07c4ac.jpg,1.0
cl6ltbirs002g8w55h4yo4v3t_2_FALSE_COLOR_jpg.rf.b18b064d79d9c4dd12cc6195688f9361.jpg,1.0
cl6ct2hu900grl455hdde142n_6_SWIR_jpg.rf.b16592f67536bab040c8aac38f0aee3d.jpg,1.0
cl6b5lfqn0043l455544gg2zx_1_TRUE_COLOR_jpg.rf.b1c22a43fe2b16c3f7f1967c5d8705bd.jpg,1.0
cl6od2qvz0018ao55hk1af8ha_6_SWIR_jpg.rf.b1765131d6f3e514001803ee885e2aae.jpg,1.0
cl6b5dtwl003gl455a4x29a1d_6_SWIR_jpg.rf.b16639eef54803dd756d625e2b3e0603.jpg,1.0
cl6azt6by0000go55h4io4tab_2_FALSE_COLOR_jpg.rf.b1c9ac330cda569974cf8a960b70d17a.jpg,1.0
cl6oq4w4y008jao553s62btk7_4_FALSE_COLOR__URBAN_jpg.rf.b1517d39b5338df39c5edb1dbd45ace0.jpg,1.0
cl6ouc1eq00aiao558jd2hz4w_1_TRUE_COLOR_jpg.rf.b18acacf73c52552440f65c9d227fb87.jpg,1.0
cl6ojrtzp004zao55hqhsfffg_1_TRUE_COLOR_jpg.rf.b1a14c3966bcd0d27dab1455fa9c40fa.jpg,1.0
cl6cg8u0w00ajl455a3ho7vov_4_FALSE_COLOR__URBAN_jpg.rf.b1116ad32c3431c66da8973edab97de0.jpg,1.0
cl6crspfd00dul455d42h7xbn_2_FALSE_COLOR_jpg.rf.b1d3e93ba78970ae7e1c9ca725c5aad4.jpg,1.0
cl6opeibd0071ao55f9t2g6nw_1_TRUE_COLOR_jpg.rf.b1dc38bd1ecaf1c71475d8a3eb883556.jpg,1.0
cl6b71dky008pl4551u1e28u1_4_FALSE_COLOR__URBAN_jpg.rf.b1a81ea5eed2bc59a2bd2e39548e199b.jpg,1.0
cl6opeul20072ao55eq23cssc_2_FALSE_COLOR_jpg.rf.b19af914ff3166a140beb548a294eebc.jpg,1.0
cl6ok74u9005oao557sb5dqub_2_FALSE_COLOR_jpg.rf.b1ebd1cbd170f9ce4364a95fae849ca5.jpg,1.0
cl6azwb8d0001t055d2a160qn_4_FALSE_COLOR__URBAN_jpg.rf.b1ec297101b789f5c5505badedfd87f6.jpg,1.0
cl6kjmnc9001s8w5537ayhyay_2_FALSE_COLOR_jpg.rf.b1f66e8a2e8d44fab5a0c5ac24a06fce.jpg,0.0
cl6e1pf9j001ggk55feroguvj_4_FALSE_COLOR__URBAN_jpg.rf.b1f7b062ab7ea6817f2dcd16ff3f7b86.jpg,1.0
cl6e0mv1s0017gk5595j92i2d_2_FALSE_COLOR_jpg.rf.b1d0d7fcc54960d5d073947ec30a36c1.jpg,1.0
cl6crzmr500ecl4558jp511l2_1_TRUE_COLOR_jpg.rf.b21dcf53669b3acd7f67f18405058a60.jpg,1.0
cl6lt2u1a00238w55htxpag7p_2_FALSE_COLOR_jpg.rf.b20985fca93331e80ffd8f8c41f9abbd.jpg,1.0
cl6e2uo3r002kgk556io96bkr_1_TRUE_COLOR_jpg.rf.b22971fa09f3fafb8057c67636f02a4f.jpg,1.0
cl6e3cnqe003mgk553mcue2gv_6_SWIR_jpg.rf.b2408d12e2681b2b39459dcff52a796f.jpg,1.0
cl6kfqmc1001ec4558cle4b25_6_SWIR_jpg.rf.b1fb15d0689efadbd0ee7f32ab2f2761.jpg,1.0
cl6b77933009jl4554y5l30h3_1_TRUE_COLOR_jpg.rf.b23076da3ef388150d142483bac62faf.jpg,1.0
cl6e1zkvy001ogk5561l0f1q7_2_FALSE_COLOR_jpg.rf.b218724ed7c5cbc28b89cd5934b59b19.jpg,1.0
cl6ct6g9a00gzl4555brigazi_4_FALSE_COLOR__URBAN_jpg.rf.b20a199a8270b68795db9faeaacb4540.jpg,1.0
cl6oiqz18003lao55eb3ebson_2_FALSE_COLOR_jpg.rf.b26d9b4bbda6ace06641ebcae907fcbf.jpg,1.0
cl6b752w00095l45532llequj_4_FALSE_COLOR__URBAN_jpg.rf.b2605164bb86048481602a22ea1c05e2.jpg,1.0
cl6chj77t00c7l455c5c08ec6_2_FALSE_COLOR_jpg.rf.b2496b76fd93906c9ae4703f54da5895.jpg,1.0
cl6kg5b5c0027c455abg328ld_2_FALSE_COLOR_jpg.rf.b26f2895a1bd66e9541b510665c8460a.jpg,0.0
cl6cgwlv800bol4557nsq5jwk_1_TRUE_COLOR_jpg.rf.b23ff23f5c4454006a81ca6669083e8e.jpg,1.0
cl6opkqwo007dao55e4yr3lyo_2_FALSE_COLOR_jpg.rf.b24afcff2692d9dd6397c4231b58b90d.jpg,1.0
cl6b08hbm000gl4558cb0emta_2_FALSE_COLOR_jpg.rf.b25a3680fc9cc0be8ee3c9ae3f743332.jpg,1.0
cl6b5wdp7005el4552c4jdn7k_1_TRUE_COLOR_jpg.rf.b24d569b1d8bd03eb77c4cc2714de154.jpg,1.0
cl6ch5dh200bvl4559ujea96q_2_FALSE_COLOR_jpg.rf.b23a75163c6f057f6a7df2634b886f81.jpg,1.0
cl6b6zaju008ll455bbu9506q_2_FALSE_COLOR_jpg.rf.b26560dda5779368c89212a945dc1a46.jpg,1.0
cl6b534co0028l4557bpr4k5i_6_SWIR_jpg.rf.b2b1ac2f8ed399dc6342a1b4aed00437.jpg,1.0
cl6m1ho5c00418w55hopz9miu_4_FALSE_COLOR__URBAN_jpg.rf.b26f2d03d5ea1dd84d73d1fc9793e442.jpg,1.0
cl6ocxo5w000oao5510nb2jrx_4_FALSE_COLOR__URBAN_jpg.rf.b2238c23a5705fb7287c8e338589a9a1.jpg,1.0
cl6cs4y6q00evl455d2lfbj1u_6_SWIR_jpg.rf.b262b571efefda29d23404db8bfe7d4d.jpg,1.0
cl6cg9ocl00all4559cj91lyd_1_TRUE_COLOR_jpg.rf.b2a13c4f793c90f533fff32493515539.jpg,1.0
cl6b55k98002fl455fxpwaq8j_2_FALSE_COLOR_jpg.rf.b26a6d34a7f223bc4d1b200a57172027.jpg,1.0
cl6okf9bk0067ao55bstpe75r_1_TRUE_COLOR_jpg.rf.b2b97b6b7809fbec4f805b89086af759.jpg,1.0
cl6m0w1nh002z8w558do5f7ar_1_TRUE_COLOR_jpg.rf.b2844fe1ef61e0fb983d11e646cec6e2.jpg,1.0
cl6ch93ke00c2l4558vo85rjw_4_FALSE_COLOR__URBAN_jpg.rf.b2bc9148a8767077cda693cecc76b288.jpg,1.0
cl6kjke1w001p8w5502tgdjwv_2_FALSE_COLOR_jpg.rf.b2b1d8ccbbe2114e748509d79fda7749.jpg,1.0
cl6ctah5z00hbl455f84of4co_6_SWIR_jpg.rf.b241e0154c2a964cf4d8a69e8f3e4923.jpg,1.0
cl6ojsb1v0050ao55bqfgg51x_6_SWIR_jpg.rf.b2bd8bd45b5dbdb35be2aa299bc2a925.jpg,1.0
cl6cta0z600h9l455cygudh3w_4_FALSE_COLOR__URBAN_jpg.rf.b2d701b242478a29c9b25c59eb460db4.jpg,1.0
cl6kii4xj000d8w55drgxdpae_6_SWIR_jpg.rf.b2d486178ee88f0af9f69850e2012b61.jpg,1.0
cl6kfvrfp001qc45548kr4qf2_2_FALSE_COLOR_jpg.rf.b2c24bb54df24a8c6294594eb5e13ba3.jpg,1.0
cl6lto1fw002l8w55052sbhvh_2_FALSE_COLOR_jpg.rf.b2eaafa7e536afb0aa9b5fca87eefb66.jpg,1.0
cl6e3den6003ogk552zqffgtp_6_SWIR_jpg.rf.b2e1dabe13f1482923867ea537c811d7.jpg,1.0
cl6e0dbw9000pgk55cv1sgp5x_1_TRUE_COLOR_jpg.rf.b30b9595d8b6acf3060de882aacac0eb.jpg,1.0
cl6e0kgem0014gk55cl4692g7_6_SWIR_jpg.rf.b2d6671805eac0629dba6ce1b121f2ab.jpg,1.0
cl6e0kgem0014gk55cl4692g7_6_SWIR_jpg.rf.b2fb8882bc0801340088180973954b32.jpg,1.0
cl6cpao9l00dal4553toud4ix_4_FALSE_COLOR__URBAN_jpg.rf.b2e11a1abfaa9bff0179f89b5a589222.jpg,1.0
cl6b0q209001jl4553gmg5wxk_6_SWIR_jpg.rf.b2f2911e87e40704365225ce0642abaf.jpg,1.0
cl6b746nn0091l4556dgg9xwd_2_FALSE_COLOR_jpg.rf.b2e66ede412cf0254beda1c500714135.jpg,1.0
cl6ltn677002k8w558nwy0yql_6_SWIR_jpg.rf.b31501f98bfbf8ce2420da618eec080e.jpg,1.0
cl6chx0s400cul455eh3zhhyf_6_SWIR_jpg.rf.b36916e7af6547a3f9e0d6db1de47623.jpg,1.0
cl6b6eah90074l455hnsyaebx_4_FALSE_COLOR__URBAN_jpg.rf.b31ea1b0a0e5729bf7792529f1dcf5fd.jpg,1.0
cl6oun0bl00b2ao556k7ncs0l_4_FALSE_COLOR__URBAN_jpg.rf.b2ef4be0e9f210148190f305205294d3.jpg,1.0
cl6b0mkrt001bl4550hq12i9i_6_SWIR_jpg.rf.b2fbfa773095585e1262f09e26eeaaac.jpg,1.0
cl6ltb1wo002f8w558ocbb9ty_2_FALSE_COLOR_jpg.rf.b30e9beaf51361829e9993001bd9d778.jpg,1.0
cl6oju5ai0054ao55fbrr6a1p_4_FALSE_COLOR__URBAN_jpg.rf.b377d32337711ef71cd7c4178daadf7a.jpg,1.0
cl6keymqs0000c4559gsd6y3f_4_FALSE_COLOR__URBAN_jpg.rf.b338de17ac1a7caeec176e8fefb43984.jpg,1.0
cl6lsv1l5001u8w55aryp0azo_4_FALSE_COLOR__URBAN_jpg.rf.b352876792069d00a51704dccba04353.jpg,1.0
cl6cgro8500bhl455267h78fj_4_FALSE_COLOR__URBAN_jpg.rf.b335e1b85087d595fea9c6db174fba31.jpg,1.0
cl6b5uskz0058l455gbd534lm_4_FALSE_COLOR__URBAN_jpg.rf.b3b44b0c1bfea3d680b7a18712978a7b.jpg,1.0
cl6b6o1av007nl455829ah78j_1_TRUE_COLOR_jpg.rf.b3a5000dd140479102054a02789bc0ec.jpg,1.0
cl6chl1rg00cbl455e1p5cw7x_2_FALSE_COLOR_jpg.rf.b301fecf36c9ea6d9b61376c14055767.jpg,1.0
cl6b65ksg0069l455f4od44cb_1_TRUE_COLOR_jpg.rf.b3b4302e0604f919fd65525fc1ed1e6b.jpg,1.0
cl6chnfxe00cgl455cg8v02rb_4_FALSE_COLOR__URBAN_jpg.rf.b31d7751938c29691e7b7f0db70abe99.jpg,1.0
cl6kgh8cf002sc4558jry9v2p_1_TRUE_COLOR_jpg.rf.b32f50d0b08a6d18ec649de9da4901be.jpg,1.0
cl6oq3bjn008gao551ciogvom_1_TRUE_COLOR_jpg.rf.b39ee2d14ea5e1d3c94cd657543ce64b.jpg,1.0
cl6b592jd002tl4553ego08to_1_TRUE_COLOR_jpg.rf.b3c620b15ac13a9d7a94c6a8f58735eb.jpg,1.0
cl6odkye9001yao55bl6y87ra_1_TRUE_COLOR_jpg.rf.b3ebf47e57b41aaf9cbcf9d2c692b743.jpg,1.0
cl6kj4n7o000o8w55eq83czxi_2_FALSE_COLOR_jpg.rf.b3302981ce0324ea79ecd58e65ad8669.jpg,1.0
cl6e2k2rw002bgk55fzl4eqi8_2_FALSE_COLOR_jpg.rf.b3b674d62e6cacc003241691e63a32de.jpg,1.0
cl6m17r53003b8w55c0zsgjie_6_SWIR_jpg.rf.b3f7ad6eb17f9b234ea7e1705b28426f.jpg,1.0
cl6dxzwc50001hg550uejeken_4_FALSE_COLOR__URBAN_jpg.rf.b407215e193a46595f9448801e640165.jpg,1.0
cl6opqgtf007nao55d5fr4p16_1_TRUE_COLOR_jpg.rf.b3d22ac42226c01bb8475e73e246f7df.jpg,1.0
cl6oijbft0037ao558i012jhh_6_SWIR_jpg.rf.b4274ea47acdd905596ef8f29d90fb29.jpg,1.0
cl6b6ovux007pl455g8am6gh6_4_FALSE_COLOR__URBAN_jpg.rf.b42e3be2c8f5e39c6f12a0f88cf9ae5a.jpg,1.0
cl6b69zw9006pl455be0a3zi1_2_FALSE_COLOR_jpg.rf.b41d8baf87548b087b44ccf14ea3564e.jpg,0.0
cl6b56nh5002jl4551m23gtf9_6_SWIR_jpg.rf.b40c565f15f15ca21441824632b4faa9.jpg,1.0
cl6e3j5rh0046gk5519l319wr_1_TRUE_COLOR_jpg.rf.b3e7f501c8e2c65b21b5cce16579fcc4.jpg,1.0
cl6ojuvc30055ao55enk04i13_1_TRUE_COLOR_jpg.rf.b3ecdaeec316c8807f7fd06945ae7fc2.jpg,1.0
cl6b73sp2008zl455br8lh6zt_4_FALSE_COLOR__URBAN_jpg.rf.b40139a3442fd087665a287d3dc629d5.jpg,1.0
cl6e3dpyr003pgk5549kb5vj7_6_SWIR_jpg.rf.b4405333caf2ea79557e12cdf96f3c33.jpg,1.0
cl6oprerh007qao550eopgo74_1_TRUE_COLOR_jpg.rf.b46ee3ada3942f3f53fe820987e917cb.jpg,1.0
cl6oppm12007lao555f2r38iz_1_TRUE_COLOR_jpg.rf.b42acb0bcdc046b90e3f5170893b3d84.jpg,1.0
cl6opmk2m007gao55exvlfv4q_4_FALSE_COLOR__URBAN_jpg.rf.b45b526d7f077b6e71ea2aa0d2437485.jpg,1.0
cl6e0kgem0014gk55cl4692g7_4_FALSE_COLOR__URBAN_jpg.rf.b3c9ead3de0a56836762928bef695c64.jpg,1.0
cl6dzkzi2000shg55gijfezk9_2_FALSE_COLOR_jpg.rf.b3ea2df3fdd7d23dcdb4bab238b07ff8.jpg,1.0
cl6dyr3jo000fhg5528wadb19_1_TRUE_COLOR_jpg.rf.b3fda2941ce6ab4b4f2b18498bec5364.jpg,1.0
cl6od25pv0016ao552ilz4612_4_FALSE_COLOR__URBAN_jpg.rf.b448bb271503b9591935a4155463e6fe.jpg,1.0
cl6lt6ipg00288w55ee7scu7b_6_SWIR_jpg.rf.b41383d69b48746660d07cd4b2c0b13f.jpg,1.0
cl6b0czhh000rl4555uf846qc_1_TRUE_COLOR_jpg.rf.b4619012f2d7729fa360f3a920b44445.jpg,1.0
cl6cho7a000cil455fiddgkjj_1_TRUE_COLOR_jpg.rf.b479cf3f3404f7ef7d0182d4e4f0b049.jpg,1.0
cl6b5phba004il45531lb6655_1_TRUE_COLOR_jpg.rf.b3cb425e82b225679eaf17c7f8a89dcf.jpg,1.0
cl6e2zv7h002sgk55a6xy82ty_4_FALSE_COLOR__URBAN_jpg.rf.b4217ae967a52ee4db5cc2bac32d4b4d.jpg,1.0
cl6e1gy620018gk55gvmqas56_6_SWIR_jpg.rf.b3e7eb942b6c07e845b4b772f9b3f6bc.jpg,1.0
cl6b6xnlo008dl455ft678vcm_1_TRUE_COLOR_jpg.rf.b4a20109f2a233ec6910662097299282.jpg,1.0
cl6crwyyq00e5l4558o6g9ltn_2_FALSE_COLOR_jpg.rf.b47be8d4d06965bb3f84580403db83b0.jpg,1.0
cl6b78zhf009ul455d3hv7dmp_6_SWIR_jpg.rf.b479de55f39a539ed8d83e70856f1665.jpg,1.0
cl6odousp002aao55gdjlfrxu_1_TRUE_COLOR_jpg.rf.b4b8e44cf7bbef65350c77dc5582fba4.jpg,1.0
cl6cgghym00b1l455c02jbl7m_6_SWIR_jpg.rf.b3c7ff7f252b966bb39b4d9c85eee324.jpg,1.0
cl6cs0lrz00ehl45590z36ae8_1_TRUE_COLOR_jpg.rf.b48203b3b7a9046e649e3853ef0a9bb4.jpg,1.0
cl6dzi6b8000phg55ebf66l7r_1_TRUE_COLOR_jpg.rf.b4f2d97a502a8521d2f341a49c9f09d6.jpg,1.0
cl6ch5dh200bvl4559ujea96q_2_FALSE_COLOR_jpg.rf.b4e6a78df7ace236318bc2e866313eac.jpg,1.0
cl6opkqwo007dao55e4yr3lyo_1_TRUE_COLOR_jpg.rf.b4e509ed57a7109612f43d7ca107e9c9.jpg,1.0
cl6okbxd2005yao551huyeqkl_2_FALSE_COLOR_jpg.rf.b536bc65a989c5c200707ef7c9498075.jpg,1.0
cl6kgdfbl002ic45506ui0jbm_2_FALSE_COLOR_jpg.rf.b4fd639368777ce3b9982aa4f3a2137c.jpg,1.0
cl6e2j74p0028gk559qcd87o6_4_FALSE_COLOR__URBAN_jpg.rf.b4de03e49cab49e43e7179aadf49505a.jpg,1.0
cl6od01zy000wao5564tqf2dq_6_SWIR_jpg.rf.b51c406027bcb35115605231470cfc36.jpg,1.0
cl6opthke007tao557hsthpgq_4_FALSE_COLOR__URBAN_jpg.rf.b54b7c2bb0a3a0cdf5d88110c6629ab7.jpg,1.0
cl6b6rmls007ul455clqha4p0_6_SWIR_jpg.rf.b50552125df98431867a17e4249f3295.jpg,1.0
cl6e2cbgk001tgk5560zhhqm7_6_SWIR_jpg.rf.b516eae4270fc4c913ba98dbfb5d1ebd.jpg,1.0
cl6odoepa0028ao554gdxhnyo_4_FALSE_COLOR__URBAN_jpg.rf.b51857d20ea253ba005612cfe215ed6d.jpg,1.0
cl6b5x63r005il4551chxdt93_2_FALSE_COLOR_jpg.rf.b54ac1af6b4973b12d45b9a7c12ac980.jpg,0.0
cl6kfmic20013c455dd9jcpm4_1_TRUE_COLOR_jpg.rf.b543e695f9665e9877d0018ed5307f75.jpg,1.0
cl6b6lhmf007ll4552cnl5tsv_2_FALSE_COLOR_jpg.rf.b52233c4f8a3d5e9c3b77f1d84666bf7.jpg,1.0
cl6ophgti0078ao557twhfw8d_1_TRUE_COLOR_jpg.rf.b55dccf018751e3df57857ece2063e37.jpg,1.0
cl6e3gza20041gk5576hgd9vg_4_FALSE_COLOR__URBAN_jpg.rf.b5505a91a8fb1ffcd492d2861b2d5558.jpg,1.0
cl6ct8iqy00h2l455heufd4fj_1_TRUE_COLOR_jpg.rf.b5505d771a61118dc1d28b53977987f4.jpg,1.0
cl6ltphn6002o8w55a78j55fa_1_TRUE_COLOR_jpg.rf.b56dd59e0c2f72e8042bce7d78356189.jpg,1.0
cl6ctc4d100hgl455dxjg6vfb_2_FALSE_COLOR_jpg.rf.b531cd323c686f98f16d5b9abe72a710.jpg,1.0
cl6e0eki8000sgk55gpb73kwu_1_TRUE_COLOR_jpg.rf.b552f557ed26a2e634575edbdc946063.jpg,1.0
cl6oiv12w003uao55arup9ca6_6_SWIR_jpg.rf.b5809a3a58e137ac00839cf4620b681f.jpg,1.0
cl6m1h5id00408w55h3u27bzc_2_FALSE_COLOR_jpg.rf.b534b8a28abf8f77fc6555ffc76679d0.jpg,1.0
cl6chxs9s00cwl455abx51f8x_4_FALSE_COLOR__URBAN_jpg.rf.b546a87299749e2aea2bdf248a8350bc.jpg,1.0
cl6m1clc6003l8w55ha300f5e_4_FALSE_COLOR__URBAN_jpg.rf.b58cbab245bdf401920f5a882a2ac3db.jpg,1.0
cl6b62b07005zl455eftq37tr_2_FALSE_COLOR_jpg.rf.b57d958df35dc8369c94e3a912633f46.jpg,1.0
cl6ciijds00d7l455hntlhi6p_2_FALSE_COLOR_jpg.rf.b59ae9eedc60b4c8c35f2ea263ee92b4.jpg,1.0
cl6ci1hel00d4l4557row61tz_1_TRUE_COLOR_jpg.rf.b5a73243d8ed0fb799356a67dea7a822.jpg,1.0
cl6e3gza20041gk5576hgd9vg_2_FALSE_COLOR_jpg.rf.b5c1fb84da8c549793360a320b66f4df.jpg,1.0
cl6cs4oof00eul455fdkybwbf_2_FALSE_COLOR_jpg.rf.b5a7c5acf675670fbb58c962402c566c.jpg,1.0
cl6b56nh5002jl4551m23gtf9_4_FALSE_COLOR__URBAN_jpg.rf.b58d4694e47a4acfceb3265485bd2654.jpg,1.0
cl6b6asfb006tl455gupd0x8i_6_SWIR_jpg.rf.b5b27c2cb4bcaf36581fbfa5db6d2fb9.jpg,1.0
cl6e3e9qm003rgk55efdu14ah_4_FALSE_COLOR__URBAN_jpg.rf.b5af8fdff163c75944e06d5d14b6079f.jpg,1.0
cl6ci1vnh00d5l455d4ts3luw_2_FALSE_COLOR_jpg.rf.b603039c7c39fb3bcaaf5a3a1635154c.jpg,1.0
cl6kfr3gw001gc4556plk3d6y_1_TRUE_COLOR_jpg.rf.b5d1573e2a9b186e010a566d50d666a4.jpg,1.0
cl6oq4w4y008jao553s62btk7_6_SWIR_jpg.rf.b5ab9ca9dbcc65978113457b8714f926.jpg,1.0
cl6lt70fh00298w5541ighy5t_4_FALSE_COLOR__URBAN_jpg.rf.b5c2224bff382b857591f579dc709906.jpg,1.0
cl6e3cnqe003mgk553mcue2gv_4_FALSE_COLOR__URBAN_jpg.rf.b5eed96fff34fc9ffbea36ec7fc5b92c.jpg,1.0
cl6opq0g0007mao556zsr2z59_1_TRUE_COLOR_jpg.rf.b5b55f6d918e80d21cafbaa06a33f77f.jpg,1.0
cl6ok2egr005kao55bv7hfye5_4_FALSE_COLOR__URBAN_jpg.rf.b5d37ef96ec3c8f2af80ddccc629124c.jpg,1.0
cl6oj9ml8004jao55bfvl5xnu_4_FALSE_COLOR__URBAN_jpg.rf.b5b9d837d5543d998cbdac623ebf22e1.jpg,1.0
cl6ltrgqp002s8w55bwy9c5b4_4_FALSE_COLOR__URBAN_jpg.rf.b61cfee720e6ce64e1e93ca5bfd4e730.jpg,1.0
cl6ojrtzp004zao55hqhsfffg_4_FALSE_COLOR__URBAN_jpg.rf.b5d16a7f6172c0173b7c361a917b9eeb.jpg,1.0
cl6ltche3002i8w55a3oj2dyk_1_TRUE_COLOR_jpg.rf.b5e06f74b0b2df4521834670b82923bf.jpg,1.0
cl6b0h2rs000yl4550y7ccftv_2_FALSE_COLOR_jpg.rf.b5f180c3e73f6fe59af8007fd817c15f.jpg,1.0
cl6b56nh5002jl4551m23gtf9_1_TRUE_COLOR_jpg.rf.b60c30f24a5a6c6857a71185b9950a00.jpg,1.0
cl6b51tzw0021l455hoys6t5x_1_TRUE_COLOR_jpg.rf.b5e8274b79d2b65c8b179ca15f3d13a0.jpg,1.0
cl6kje1zy00198w55f8ld99tb_2_FALSE_COLOR_jpg.rf.b60e36d7ba8a10ae4265657f5434595f.jpg,1.0
cl6m1j54d00438w55fkud4oug_4_FALSE_COLOR__URBAN_jpg.rf.b5f9b96045b7465f7df58de5a6b1fc08.jpg,1.0
cl6b5cqax0039l4552c73guh6_6_SWIR_jpg.rf.b5ddce353bbe240787cb7680f7185111.jpg,1.0
cl6kfyj4a001wc4558emoaaeq_4_FALSE_COLOR__URBAN_jpg.rf.b6255b803092509c01ecfd74110886b0.jpg,1.0
cl6e1vti2001lgk558oznamsf_1_TRUE_COLOR_jpg.rf.b6312241e947e70a84d1fb28e5dbd9ec.jpg,1.0
cl6b0okeb001fl455fgue1wrj_2_FALSE_COLOR_jpg.rf.b61eb406cf0f14a784cf414fb2a07377.jpg,1.0
cl6kj5qso000r8w55f5o100o0_1_TRUE_COLOR_jpg.rf.b5ebeb40644e9450d7bbf32d582880be.jpg,1.0
cl6ocohki0003ao55bnyg99kc_6_SWIR_jpg.rf.b62b0da9a892e35853a6a8bd5f4c24b0.jpg,1.0
cl6b7gtl200aal4552nve0ap1_2_FALSE_COLOR_jpg.rf.b634466ceb2d2d3a44291a48517730c0.jpg,1.0
cl6chxs9s00cwl455abx51f8x_1_TRUE_COLOR_jpg.rf.b6123376aebfa8b6d4e6f9a08700963c.jpg,1.0
cl6kjhhl5001h8w55fo1v1vqs_2_FALSE_COLOR_jpg.rf.b66b6ea96aa3fd009a191d3811f41e14.jpg,1.0
cl6b09m65000kl455dbrteofg_6_SWIR_jpg.rf.b644aaa5209009f567731776c59359f9.jpg,1.0
cl6b73duk008vl45583qs4mo9_6_SWIR_jpg.rf.b68ead158490ad9c5e617cb0b8a1a57a.jpg,1.0
cl6b7hybt00ael455dfth5qs9_6_SWIR_jpg.rf.b69e225eba564e52f1a04070b622d3cb.jpg,1.0
cl6ok74u9005oao557sb5dqub_1_TRUE_COLOR_jpg.rf.b67352637e7508d204c32722b2fa1729.jpg,1.0
cl6od30dk0019ao5505uf2i2v_6_SWIR_jpg.rf.b6d10b00d188de05bf3ffd897c65d882.jpg,1.0
cl6opvtw5007zao556bmf7ibn_2_FALSE_COLOR_jpg.rf.b6983dc825a4f8940bb9818698677f5f.jpg,1.0
cl6cgzgdg00bpl45558h876qp_4_FALSE_COLOR__URBAN_jpg.rf.b64850dddcaf28aaf63a6d24efd99c3f.jpg,1.0
cl6cgfb7300axl455efzk80f6_6_SWIR_jpg.rf.b6f02de17089f831c7b2df05484ae244.jpg,1.0
cl6cthgh500hpl4550qm12ykl_2_FALSE_COLOR_jpg.rf.b6dda3756127bf27b7960257956e0036.jpg,1.0
cl6e1qges001kgk555z158f33_2_FALSE_COLOR_jpg.rf.b659aaed854eef11c75ee1470d5c1fe8.jpg,0.0
cl6opx5vv0082ao55dx8j73xn_6_SWIR_jpg.rf.b6dac9d3a8e49535e7e7463181b22f9e.jpg,1.0
cl6m145w400368w55e1mscmpe_4_FALSE_COLOR__URBAN_jpg.rf.b6b4676fd2090af5e12db2765a4cc16d.jpg,1.0
cl6b7a6r2009xl455evyu7k9f_4_FALSE_COLOR__URBAN_jpg.rf.b6c09103ae7756565eec9bc8e7aa89bb.jpg,1.0
cl6oiz4yx0040ao55gbep3evs_6_SWIR_jpg.rf.b6dc0a0544cb1559e6c7471514f9577f.jpg,1.0
cl6ct9osf00h7l45538051wz5_2_FALSE_COLOR_jpg.rf.b685625b57fbb6ce7159b1edb3f2a9ad.jpg,1.0
cl6b5rb8x004rl455g3sp3iqz_6_SWIR_jpg.rf.b6721f051ef30ad14c72884af9b09acc.jpg,1.0
cl6octpb0000gao557tk19wmi_6_SWIR_jpg.rf.b6948598e68ed96c1499ac7baceca38c.jpg,1.0
cl6e2kygp002egk55asrs2brz_2_FALSE_COLOR_jpg.rf.b6efbdc9368abc5a40bc14172f54d410.jpg,0.0
cl6e0dbw9000pgk55cv1sgp5x_1_TRUE_COLOR_jpg.rf.b703949d4c559512450b5297d80fdf24.jpg,1.0
cl6b7hybt00ael455dfth5qs9_2_FALSE_COLOR_jpg.rf.b6eb32349ae8f1702b27d0911ac94492.jpg,1.0
cl6b55npu002gl4553f5c3lj0_2_FALSE_COLOR_jpg.rf.b712a6fff56ac05b9d5befc4b1f304c9.jpg,1.0
cl6ojbzbq004pao55cdn3hl05_4_FALSE_COLOR__URBAN_jpg.rf.b6f726eae40b952ca3a3b0362f194d88.jpg,1.0
cl6azt6cg0003go554b1r3nu4_4_FALSE_COLOR__URBAN_jpg.rf.b7101d3caf39725f020a68b4a7cf5922.jpg,1.0
cl6e37d05003hgk5544zehxe6_4_FALSE_COLOR__URBAN_jpg.rf.b70c3cb544d3c937d10c7d82c1c00402.jpg,1.0
cl6chihhc00c5l455hj7j1iic_1_TRUE_COLOR_jpg.rf.b7240ac78a86c946a8791b842699a411.jpg,1.0
cl6e2dity001vgk551ar0hanj_4_FALSE_COLOR__URBAN_jpg.rf.b71550e26044dae0b4125e3c1343da61.jpg,1.0
cl6b5wdp7005el4552c4jdn7k_2_FALSE_COLOR_jpg.rf.b73dbd8a0c955effc248c002cb12d71e.jpg,1.0
cl6oiiz8r0036ao55b8lt6p4l_4_FALSE_COLOR__URBAN_jpg.rf.b74a4f4ef634a46384983a611131f783.jpg,1.0
cl6cgeaqz00aul4553pd8gh18_2_FALSE_COLOR_jpg.rf.b714935bd355a5bd89065bcd208433b4.jpg,1.0
cl6e33qm00035gk553mplcyji_6_SWIR_jpg.rf.b74f6dbbca81aa4217c6b9101acc0e5c.jpg,1.0
cl6cgh0lk00b3l455a01o4mrg_2_FALSE_COLOR_jpg.rf.b73d3dc299b15481d22a534c24826388.jpg,1.0
cl6b6rmls007ul455clqha4p0_1_TRUE_COLOR_jpg.rf.b757acf24165ef63545806106b3a25ed.jpg,1.0
cl6cgg5np00b0l455enz77l37_4_FALSE_COLOR__URBAN_jpg.rf.b7555b2040a911a3d05948ea34767422.jpg,1.0
cl6b5wdp7005el4552c4jdn7k_2_FALSE_COLOR_jpg.rf.b785e171e3fad2d3533e1805b20b06a8.jpg,1.0
cl6b0cqup000ql4558m8y8a8t_2_FALSE_COLOR_jpg.rf.b75a45f583fcfd8ccdcb943b4c3e03a6.jpg,1.0
cl6b631zg0061l45561v86624_4_FALSE_COLOR__URBAN_jpg.rf.b7a94ca37f593517900a1e7d43e9b0cc.jpg,1.0
cl6b5lfqn0043l455544gg2zx_6_SWIR_jpg.rf.b77ae250e40417a36c0c276e041ab045.jpg,1.0
cl6e0fn3v000vgk55gj468vfq_6_SWIR_jpg.rf.b78c7dba25935dab5f1c32d409ff975c.jpg,1.0
cl6ch417300btl4554l143qop_2_FALSE_COLOR_jpg.rf.b773d14941d321feae55799518ce5419.jpg,1.0
cl6oumfkb00b0ao556enkcct1_1_TRUE_COLOR_jpg.rf.b789487981b42b77c24c21b8f84631a4.jpg,1.0
cl6oitdc8003sao55g3x88p25_1_TRUE_COLOR_jpg.rf.b78b27a8466e919e396a206b95f62d3f.jpg,1.0
cl6b6h5fo007bl455669md4vp_6_SWIR_jpg.rf.b7b033c3575dc2efd9e6f42259f3a41e.jpg,1.0
cl6opkqwo007dao55e4yr3lyo_4_FALSE_COLOR__URBAN_jpg.rf.b7a82d6709a30cbb09121976a92c815a.jpg,1.0
cl6b02sgp0001l4552wwg1go7_2_FALSE_COLOR_jpg.rf.b79ccf402035756293dccfde67f91b52.jpg,1.0
cl6b0797l000fl4556jpv3nqd_2_FALSE_COLOR_jpg.rf.b7d489722ac1ce5004c0add8407bfb14.jpg,1.0
cl6orq40w009vao552t868lax_2_FALSE_COLOR_jpg.rf.b791bd6c8fbb747cd42dd744796145a0.jpg,1.0
cl6kigvdj000a8w55e1ed0r42_1_TRUE_COLOR_jpg.rf.b7bdcc20d9fbd99516e8642362f0be3a.jpg,1.0
cl6ocx87y000nao554f3ig67h_6_SWIR_jpg.rf.b7b26eb4c22486604d58e01ca3200fc1.jpg,1.0
cl6kii4xj000d8w55drgxdpae_2_FALSE_COLOR_jpg.rf.b7c165ac9a8a95fc8ce5779089455c0d.jpg,1.0
cl6oju5ai0054ao55fbrr6a1p_4_FALSE_COLOR__URBAN_jpg.rf.b7a0b695b8ed015e9d020aeb06da3b58.jpg,1.0
cl6oj3q5x004aao55ala51kbg_6_SWIR_jpg.rf.b7f2052d85e5ea3059db7e74f96866a1.jpg,1.0
cl6ocu86l000hao5586i77xky_2_FALSE_COLOR_jpg.rf.b7c057584742a93c8458693bac52fc00.jpg,1.0
cl6oketxv0066ao558x3xekq7_2_FALSE_COLOR_jpg.rf.b7c319d4bbc176d82a4fa87c6e7df128.jpg,1.0
cl6e3i62k0043gk556zwa81sw_1_TRUE_COLOR_jpg.rf.b77b1cc2a6f555fe15f4de50ea8e5f37.jpg,1.0
cl6dzuimb000xhg552nh5hdd9_2_FALSE_COLOR_jpg.rf.b7ac21ade55be5540f227a4c8a1f47c8.jpg,1.0
cl6ocys2m000sao5550mof7nx_2_FALSE_COLOR_jpg.rf.b8185ea2993985d90bfcf191009a8097.jpg,1.0
cl6cg8u0w00ajl455a3ho7vov_2_FALSE_COLOR_jpg.rf.b7cd364dd79467141659ca52ee941fc1.jpg,1.0
cl6b620rw005yl455a8ev4bo0_2_FALSE_COLOR_jpg.rf.b82d33fa3e6b7a4562b8d530e15f8921.jpg,1.0
cl6ojbg9t004oao552glqe340_6_SWIR_jpg.rf.b81e0965d97b45b5d9340a6b456f3072.jpg,1.0
cl6e36bwt003egk553qs07yng_2_FALSE_COLOR_jpg.rf.b86b93e9f8974e3117acd36b6a08ea1c.jpg,1.0
cl6b6y36r008gl4559z723z25_6_SWIR_jpg.rf.b8063d58b7bc3d2efdb77f5da5344235.jpg,1.0
cl6okbkxz005xao55cwhm56ie_1_TRUE_COLOR_jpg.rf.b8339f6a022085c751c5bde3fc7786a9.jpg,1.0
cl6dyf3ua0005hg555lbzak23_4_FALSE_COLOR__URBAN_jpg.rf.b82821c023b74b453aae35c8b5ed3b82.jpg,1.0
cl6ct487q00gul455bxvzaopi_4_FALSE_COLOR__URBAN_jpg.rf.b87f6fed82076c27354472f3d1968435.jpg,1.0
cl6ojv5dx0056ao557rpa0ljr_1_TRUE_COLOR_jpg.rf.b8896a207c66d9b890c54a7962ed5033.jpg,1.0
cl6csnj9g00ftl4554f0z30lc_2_FALSE_COLOR_jpg.rf.b857934864d071bc4b9a676f9e5c5558.jpg,1.0
cl6kgeqar002lc455akv50au4_6_SWIR_jpg.rf.b85457c906a6100b304e8c25b39a4cc4.jpg,1.0
cl6oq4w4y008jao553s62btk7_6_SWIR_jpg.rf.b88ed57fefe0e2f8016fd7942cfe97fc.jpg,1.0
cl6crwyyq00e5l4558o6g9ltn_4_FALSE_COLOR__URBAN_jpg.rf.b865749725f0a7757dd92cbf46595e2d.jpg,1.0
cl6e07sbz000dgk556f1cemmc_1_TRUE_COLOR_jpg.rf.b8701adec717428ed1983382bf05a227.jpg,1.0
cl6ctb1m400hdl4551wz24flk_1_TRUE_COLOR_jpg.rf.b87a6076eec723681ee3cc44b94b9fa5.jpg,1.0
cl6e2kygp002egk55asrs2brz_6_SWIR_jpg.rf.b825e1c3c1a81854ac5010cf4d38e69d.jpg,1.0
cl6oqrvzj009aao552o4w9gcv_1_TRUE_COLOR_jpg.rf.b859353de9d8fe2cde1703b98a9e0819.jpg,1.0
cl6op40ua006hao55h2vahefn_4_FALSE_COLOR__URBAN_jpg.rf.b7fd3a0d4a4c25850975397498578ec6.jpg,1.0
cl6orsbq600a1ao5543sigy1j_4_FALSE_COLOR__URBAN_jpg.rf.b89fbc7531fb5c42661474327141229f.jpg,1.0
cl6lt50lf00278w555isdaowx_2_FALSE_COLOR_jpg.rf.b89aadbfe7a5e8b4d6458442f07a395e.jpg,1.0
cl6b5pr1b004kl455bt93cfs2_6_SWIR_jpg.rf.b8a862463ef3dbee6452b0f3aa398914.jpg,1.0
cl6op7qgu006nao55fvo422ce_2_FALSE_COLOR_jpg.rf.b8ba77f27bf808599edf44cfbdb34ace.jpg,1.0
cl6okam86005vao551risaw3r_6_SWIR_jpg.rf.b8b7482156c7454f7ac64c4ba567a49e.jpg,1.0
cl6kgnh9k0030c455dtnabosj_2_FALSE_COLOR_jpg.rf.b8c614a58aef4f11fb77ab5873b10bb6.jpg,1.0
cl6b5h8hs003sl4559hmj1w9m_6_SWIR_jpg.rf.b8e389f3eca8ba1b6fc025bca19b301d.jpg,1.0
cl6ou5qcj00a3ao555mak9y55_4_FALSE_COLOR__URBAN_jpg.rf.b8d28e5795f7cd8e78d0bab63b694964.jpg,1.0
cl6opucm6007vao553ut5eta8_2_FALSE_COLOR_jpg.rf.b9024d2e0f2b84fc62c0c669ad7f71ca.jpg,1.0
cl6b7ep9100a4l455h3w9fstk_1_TRUE_COLOR_jpg.rf.b8f32402abec32c31af81a41577cebec.jpg,1.0
cl6b50joj0020l455h0thgx23_6_SWIR_jpg.rf.b8a4df52ea1b00a96b7fa7852e3cb1d1.jpg,1.0
cl6b69zw9006pl455be0a3zi1_1_TRUE_COLOR_jpg.rf.b8d0f9d30e24f9b702749078a4821dae.jpg,0.0
cl6e0f0n9000tgk5558yt7tyl_1_TRUE_COLOR_jpg.rf.b9074f6bc64ab79dda07a25619d545f2.jpg,1.0
cl6ocy04z000pao55ay37cxuf_1_TRUE_COLOR_jpg.rf.b8f8efc06e4bdbec652f6f0ff8bbed84.jpg,0.0
cl6kj65c0000t8w55cowe4x30_2_FALSE_COLOR_jpg.rf.b9075dbc4a9ec592de85b4b9ef98f78b.jpg,1.0
cl6b0h2rs000yl4550y7ccftv_4_FALSE_COLOR__URBAN_jpg.rf.b914dd7f3354c7ec5723adf75f312633.jpg,1.0
cl6e2lc56002fgk554s6m4xro_1_TRUE_COLOR_jpg.rf.b93973d78ffa28b04063b6263908ab1a.jpg,1.0
cl6kfoffk0016c455cvxsalj2_4_FALSE_COLOR__URBAN_jpg.rf.b91c140ea37220db1c5c34386c00decb.jpg,1.0
cl6oiojdm003hao55geo24bj6_1_TRUE_COLOR_jpg.rf.b922ef22eedc0dae49a105f686ef4167.jpg,1.0
cl6oka2mq005tao556l2t8nyy_1_TRUE_COLOR_jpg.rf.b92fd095e794ef1583e91c40b9703437.jpg,1.0
cl6kihoi2000c8w554tjgeyre_2_FALSE_COLOR_jpg.rf.b8efcba4ec025e1051c3f773d0fee355.jpg,1.0
cl6chvqmw00crl455dq182jri_1_TRUE_COLOR_jpg.rf.b94724d75366a01403d1e0ddf1b46690.jpg,1.0
cl6oixxvs003yao555nvw8ao1_1_TRUE_COLOR_jpg.rf.b93cd8782f6445e9fc9007990894aa68.jpg,1.0
cl6lt9lyv002c8w55dnyheafs_6_SWIR_jpg.rf.b94dbb1d15fbbb41bfdc14a2544aa1df.jpg,1.0
cl6orp9en009sao55f6gaa7jv_6_SWIR_jpg.rf.b94e0956be3fc53d591e34ab3960d36b.jpg,1.0
cl6oq0cpr008bao553vg485hd_1_TRUE_COLOR_jpg.rf.b93705cf9102fb5315b9804f0a59ff2c.jpg,1.0
cl6okam86005vao551risaw3r_4_FALSE_COLOR__URBAN_jpg.rf.b971419090067e9e24e330cd3771d0cd.jpg,1.0
cl6okf9bk0067ao55bstpe75r_1_TRUE_COLOR_jpg.rf.b9679010f5c73c74d59859adbfad2cf8.jpg,1.0
cl6b753ud0096l455eypnas0u_6_SWIR_jpg.rf.b96ec401256619587fc5161922341099.jpg,1.0
cl6e3bzkq003kgk550ppl67ww_4_FALSE_COLOR__URBAN_jpg.rf.b9564a78b4fea5839566ce5739ca796d.jpg,1.0
cl6lt37ph00248w55dnhvff9s_2_FALSE_COLOR_jpg.rf.b96ff833f9e70aebacd0f65e11e1fd12.jpg,1.0
cl6cgg5np00b0l455enz77l37_4_FALSE_COLOR__URBAN_jpg.rf.b98947fe386f3b42293dcdffdd47d7a4.jpg,1.0
cl6okehd60065ao5551rl7lsa_4_FALSE_COLOR__URBAN_jpg.rf.b97dd4d7dbb2dc8a645190e28e62f053.jpg,1.0
cl6b75x8d0099l455e0ci4k6c_4_FALSE_COLOR__URBAN_jpg.rf.b9810bd8e74e72e77c30474c8981df65.jpg,1.0
cl6oe2xsq002uao554eff2q34_2_FALSE_COLOR_jpg.rf.b9aef97c5cde44b3ee76dafbbdf83b32.jpg,1.0
cl6opucm6007vao553ut5eta8_2_FALSE_COLOR_jpg.rf.b9b477e1b2aba07df1de19c90d1d8c79.jpg,1.0
cl6ouc1eq00aiao558jd2hz4w_1_TRUE_COLOR_jpg.rf.b97e84f7d23a7ac0b9600923d0bdb302.jpg,1.0
cl6e311ol002wgk554lafcdqd_4_FALSE_COLOR__URBAN_jpg.rf.b9950531c445241c6b24a7addf356eb6.jpg,1.0
cl6od8bxt001iao55h1ibgqsj_1_TRUE_COLOR_jpg.rf.b9aeb6bfdec05c06e4f73135eec5461a.jpg,1.0
cl6oiv12w003uao55arup9ca6_6_SWIR_jpg.rf.b9a64f6d98dd0705eeb9eb4bd6ed8309.jpg,1.0
cl6b5zvva005tl455617x069k_6_SWIR_jpg.rf.b9b1e07e16195ce03f258adef2cfdc29.jpg,1.0
cl6b542k6002bl455fmydcwlb_6_SWIR_jpg.rf.b9dc665b02623d6a9a9e5cdc9d079fc6.jpg,1.0
cl6cpc9qx00del455co6haqas_2_FALSE_COLOR_jpg.rf.b9e5fcbbf45f79f2650fa8ee0cdbc1d9.jpg,1.0
cl6dynr4h000bhg554cne5yig_4_FALSE_COLOR__URBAN_jpg.rf.b9f14830f095f7e3129c3d8153e395b2.jpg,1.0
cl6od8bxt001iao55h1ibgqsj_6_SWIR_jpg.rf.b9f4c534c2b381bf0cddd524b42e9682.jpg,1.0
cl6b5wl3u005gl455fljch2g9_4_FALSE_COLOR__URBAN_jpg.rf.b9c5b60d44d9b85062bb782841a4638d.jpg,1.0
cl6b051700008l4557u4651pd_2_FALSE_COLOR_jpg.rf.b9edcab9bc1c526919a1950ff7836101.jpg,1.0
cl6ooxizh0068ao55h1l3hrim_4_FALSE_COLOR__URBAN_jpg.rf.b9e33419711c4c909c5120cfb0a487c4.jpg,1.0
cl6b6y193008fl455chyoaarb_1_TRUE_COLOR_jpg.rf.b9d521708caf81683c630c2c77590106.jpg,1.0
cl6ct4zi700gvl455hd187an6_1_TRUE_COLOR_jpg.rf.ba06d58cf012705ec561951c1aed9344.jpg,1.0
cl6opzsq7008aao556djk9g0u_4_FALSE_COLOR__URBAN_jpg.rf.b9efc3ab3447c8f48d341c55888e3883.jpg,1.0
cl6oq5emc008kao557aa7arvw_2_FALSE_COLOR_jpg.rf.b9b72878781c605ef6ce31032960ee10.jpg,1.0
cl6oikce00039ao55em2efcah_6_SWIR_jpg.rf.b9f2d7975e50b67b3c18ea3e92a30cd6.jpg,1.0
cl6b6lhmf007ll4552cnl5tsv_6_SWIR_jpg.rf.ba5cd8c8d02114b229952a0b0ac97c5e.jpg,1.0
cl6ct487q00gul455bxvzaopi_6_SWIR_jpg.rf.b9fb062db6802e2a5e3fd9c61bb91a06.jpg,1.0
cl6kfqf04001dc45543rtgu9n_6_SWIR_jpg.rf.ba37dbfc7a29e61f596141cb6ddf5ff3.jpg,1.0
cl6b5k38g003zl455bgtd1317_6_SWIR_jpg.rf.ba483f11cac27f4e9cbb44608fc3b5a7.jpg,1.0
cl6b051700008l4557u4651pd_6_SWIR_jpg.rf.ba2168d86bbba119815e5c540558711b.jpg,1.0
cl6dxzwc50001hg550uejeken_2_FALSE_COLOR_jpg.rf.ba5f42ddfed7eeddeb3ac9943739a667.jpg,1.0
cl6op2fce006fao55753l8ulj_6_SWIR_jpg.rf.ba18be4b02e161aba0e6ce4a4f795756.jpg,1.0
cl6b63vpq0064l455flci5m80_2_FALSE_COLOR_jpg.rf.ba5921a627555eb5300fbba5765e251f.jpg,1.0
cl6csuejr00g9l45566f93g4a_6_SWIR_jpg.rf.ba26b1fbefac573925b83b7f51f798b9.jpg,1.0
cl6b63vpq0064l455flci5m80_1_TRUE_COLOR_jpg.rf.ba6724214b769d141e8f77a2f6c96df8.jpg,1.0
cl6oj8j8j004gao559z4qag8f_1_TRUE_COLOR_jpg.rf.ba6c9c8e59dc5c9233941fc3ac332933.jpg,1.0
cl6odge0x001sao551k414izu_2_FALSE_COLOR_jpg.rf.ba866e616ef5b90554f70522aeea5ff1.jpg,1.0
cl6cs3y0l00etl4550acr1ii1_2_FALSE_COLOR_jpg.rf.ba7166b889ff2d5b61e0eb502842af24.jpg,1.0
cl6ct849h00h0l4554tpb1q3i_6_SWIR_jpg.rf.ba8bd47fb3585b4201560de4dfd0ac5d.jpg,1.0
cl6ooxizh0068ao55h1l3hrim_4_FALSE_COLOR__URBAN_jpg.rf.ba8d97ff2cc777795132f4c198156ca3.jpg,1.0
cl6odlurj0022ao555x9o9cng_2_FALSE_COLOR_jpg.rf.bac2e696f7f0e77f1527c9a2eab38225.jpg,1.0
cl6oqm42o0091ao5554tdbtq5_4_FALSE_COLOR__URBAN_jpg.rf.baba07b045b46e02263c0247b32704bd.jpg,1.0
cl6oj7z2w004fao5547tp6hl2_4_FALSE_COLOR__URBAN_jpg.rf.ba6c974b224f9e1cd8e0b58214e3e23c.jpg,1.0
cl6orry9200a0ao559gb82ms0_2_FALSE_COLOR_jpg.rf.bac0ce2ac3521c0b876756e4032129de.jpg,1.0
cl6e2y7v9002ngk55b03sduks_1_TRUE_COLOR_jpg.rf.bad71f68c6a8bdf3c103a16dbe8728df.jpg,1.0
cl6m0x4p100318w55bmg41saz_1_TRUE_COLOR_jpg.rf.bae51d96add22f7a561dcfac7acba717.jpg,1.0
cl6orsbq600a1ao5543sigy1j_4_FALSE_COLOR__URBAN_jpg.rf.bb0efaeb7409e17f98dd4456d5c3c91e.jpg,1.0
cl6opjoc7007aao558i28fuxw_6_SWIR_jpg.rf.badbd0bdab844064420409cd2457a10f.jpg,1.0
cl6cs297e00enl455hbtp421f_6_SWIR_jpg.rf.bb23f85458498175d5a76374a5010c67.jpg,1.0
cl6b6wzwc008al455bssbcrir_6_SWIR_jpg.rf.bb63518d39260dd11ffc84d4831e76cb.jpg,1.0
cl6crwyyq00e5l4558o6g9ltn_2_FALSE_COLOR_jpg.rf.bac7d6e1558b8cf451b29390f5848ece.jpg,1.0
cl6cgmfwp00bbl455aa650cyv_1_TRUE_COLOR_jpg.rf.ba69a10df49130a9937bd60a7c5d1045.jpg,1.0
cl6ltkp8x002j8w55ede3g7qb_2_FALSE_COLOR_jpg.rf.bb6f73899851920fb8d4aa1ef80fa27f.jpg,1.0
cl6ops2eo007sao551s7xen90_4_FALSE_COLOR__URBAN_jpg.rf.bae45c4a82e2ee08985744b678f6fbc9.jpg,1.0
cl6ci0zpv00d2l455d7qvfvc7_2_FALSE_COLOR_jpg.rf.bb29e1c745f7ac59c3be9d871eef09c3.jpg,1.0
cl6chkc4400cal4551mau76ln_6_SWIR_jpg.rf.bb6e2af6d61f2399c26964d0f17b45f1.jpg,1.0
cl6kfpeg80019c455an5z7myg_1_TRUE_COLOR_jpg.rf.bb420d66682f71bad858eb6c78e79974.jpg,1.0
cl6oj1gzx0046ao5546xf9oac_1_TRUE_COLOR_jpg.rf.bb1b90a28e8e172f16abbb5a6be454c1.jpg,1.0
cl6ctrmzi00i7l4559u3jhvkt_1_TRUE_COLOR_jpg.rf.bb78427516002e00753059bc9c1b2f5c.jpg,1.0
cl6ct1fab00gnl455b6a585vi_4_FALSE_COLOR__URBAN_jpg.rf.ba5d827d2d3c72519f413435a45dce11.jpg,1.0
cl6odk9yf001wao558oys61c5_4_FALSE_COLOR__URBAN_jpg.rf.bb40775e5ef3abe351b4bcdf62462670.jpg,1.0
cl6e32ym20033gk558fa76664_2_FALSE_COLOR_jpg.rf.bb797f82301a4c222e243b4c79515baf.jpg,1.0
cl6cgm3hm00bal455ei1ken8s_4_FALSE_COLOR__URBAN_jpg.rf.bb80da59d099df0a4a844121e08c043c.jpg,1.0
cl6ctjyc600hul455hxis4621_4_FALSE_COLOR__URBAN_jpg.rf.bc294f53240dd1faa7f8a06c2ca1d3b5.jpg,1.0
cl6kj5gsh000q8w55a8xmdixf_1_TRUE_COLOR_jpg.rf.bc16f244ac7eaaf118493008945744d6.jpg,1.0
cl6cstiuc00g8l4559dvy72jo_4_FALSE_COLOR__URBAN_jpg.rf.bc535689102e94ba0adf9ff455409f68.jpg,1.0
cl6ciijds00d7l455hntlhi6p_4_FALSE_COLOR__URBAN_jpg.rf.bbfae25bfa7565ea862dd24fd6cdda58.jpg,1.0
cl6b5cqax0039l4552c73guh6_2_FALSE_COLOR_jpg.rf.bc49c45f635dd8ce0eaae5705e399c41.jpg,1.0
cl6e31hgi002ygk55dfaq7cqn_1_TRUE_COLOR_jpg.rf.bc2a17d60583355972555c423237cdfd.jpg,1.0
cl6ch6y2d00byl4557ijbc6o4_4_FALSE_COLOR__URBAN_jpg.rf.bc36503e36f89a0626f8ba47722b072e.jpg,1.0
cl6kft9sm001lc4558tfj4yjn_2_FALSE_COLOR_jpg.rf.bbc4891116eb8c08eec20033df384563.jpg,1.0
cl6kfu7bi001oc455dxld1p8i_6_SWIR_jpg.rf.bc2eef5e09f062aa9838649525b1ccdb.jpg,1.0
cl6e2edx3001ygk554c0h3ubb_2_FALSE_COLOR_jpg.rf.bc056c0be3a45df4137160f1355c6e92.jpg,1.0
cl6e2dw4y001wgk5562da7pdl_1_TRUE_COLOR_jpg.rf.bbb62ceb51ed8317880142deaf86439b.jpg,1.0
cl6b67dvg006dl455cgxl9kq8_1_TRUE_COLOR_jpg.rf.bbe7b5fbdb754a35f4b0853c6de30b88.jpg,1.0
cl6ct2hu900grl455hdde142n_2_FALSE_COLOR_jpg.rf.bb901efe801d12c772845c5692968b0a.jpg,1.0
cl6cgdbl900asl4551u073cce_6_SWIR_jpg.rf.bb8c74f2cfefc3b4b21f4e635e379652.jpg,1.0
cl6cii68700d6l455amco5bi5_2_FALSE_COLOR_jpg.rf.bc619c19caacae1dc3f9f500a94c96ba.jpg,1.0
cl6b5zvva005tl455617x069k_2_FALSE_COLOR_jpg.rf.bc4fca3bd1c9a89bcd3c44bf7832aca2.jpg,1.0
cl6cskb6q00fll4558skgg71v_1_TRUE_COLOR_jpg.rf.bc5532b7752cdd6a775e1ec7de4c994d.jpg,0.0
cl6b5wdp7005el4552c4jdn7k_2_FALSE_COLOR_jpg.rf.bb71d18ae2f224bfb3519d96484f2035.jpg,1.0
cl6lt2g2y00228w55cf1a1yxr_2_FALSE_COLOR_jpg.rf.bb91f546ff96212c0eb2528ff7557447.jpg,1.0
cl6kf1do50005c455dxgc4dpo_1_TRUE_COLOR_jpg.rf.bb8b7cb7283c986612b233d46885d6b5.jpg,1.0
cl6ojftwf004vao557igrc357_6_SWIR_jpg.rf.bc71016da3eb5045443735e4fa3f84ab.jpg,1.0
cl6e0cu5f000ogk5534kg23s9_4_FALSE_COLOR__URBAN_jpg.rf.bb8a5872a79489bbea2298311e6cc744.jpg,1.0
cl6oczf4b000uao559egx35g7_6_SWIR_jpg.rf.bb978156145650c1ac0cc7cfbebb75ef.jpg,1.0
cl6ctfm0y00hml455e2b1hjgv_2_FALSE_COLOR_jpg.rf.bc72c0d6b8206d92d0d07ecafd6bef42.jpg,1.0
cl6e2g24k0020gk55d7nlgq0h_4_FALSE_COLOR__URBAN_jpg.rf.bbf8f85feddd52b66487b51713017f16.jpg,1.0
cl6oq5o43008lao55fwaycnl7_1_TRUE_COLOR_jpg.rf.bc804478a729987056e2d2eaeffdd30a.jpg,1.0
cl6oj3q5x004aao55ala51kbg_6_SWIR_jpg.rf.bc8f9831cfedb71bccc046024901cb2a.jpg,1.0
cl6opfzmo0075ao55ft2tbgtg_2_FALSE_COLOR_jpg.rf.bca8f516e77972312359d455c5cb9506.jpg,1.0
cl6kf5xzo000gc4552qc8hhcc_4_FALSE_COLOR__URBAN_jpg.rf.bcc480ce706aec9915b0d960a2081c61.jpg,1.0
cl6cs1jzq00ekl4555c2107g4_4_FALSE_COLOR__URBAN_jpg.rf.bcb628a51991030de45b1359d75bbcbc.jpg,1.0
cl6e0heuk000xgk558bub1o2s_1_TRUE_COLOR_jpg.rf.bc949a4e2c8e42b0fa93eb9fbe0e26e8.jpg,1.0
cl6dzx0z8000zhg55h3no3zv0_2_FALSE_COLOR_jpg.rf.bc970c0967c848156a9daf3495384a3d.jpg,1.0
cl6oimia5003dao558osp4mxe_4_FALSE_COLOR__URBAN_jpg.rf.bcfc51e1ef526b8560dc4bccf7cf9dd6.jpg,1.0
cl6b752w00095l45532llequj_6_SWIR_jpg.rf.bca1a2bb7e6148d3e8d5c85551107627.jpg,1.0
cl6op88w4006oao552mmn9knc_1_TRUE_COLOR_jpg.rf.bceeaf1d9b1bb1847991f4db9115f440.jpg,1.0
cl6dyxq50000nhg5571bs31g5_4_FALSE_COLOR__URBAN_jpg.rf.bce6f9e2874fd07e957ebcf9dfa0d23b.jpg,1.0
cl6ouawpa00afao55g6vh6ctt_1_TRUE_COLOR_jpg.rf.bccd1d3da51f8e87ab7b49f02182fdcf.jpg,1.0
cl6opvtw5007zao556bmf7ibn_4_FALSE_COLOR__URBAN_jpg.rf.bd24e4148cb00990ed6c812fcc8f1178.jpg,1.0
cl6anjur50001f055bzb494if_2_FALSE_COLOR_jpg.rf.bcb345b172cab144e6d0826786a7b535.jpg,1.0
cl6cte7ud00hjl455f3v1es6e_1_TRUE_COLOR_jpg.rf.bd27d0fa30f9ad479d853c15809b21b9.jpg,1.0
cl6opwgvl0080ao553w5rcwez_2_FALSE_COLOR_jpg.rf.bcaa52358f020112eb081b11be1f7dbd.jpg,1.0
cl6ch0lvz00brl455eij38vi0_4_FALSE_COLOR__URBAN_jpg.rf.bcd96a2326c524a88d6e6edbfc7a7a95.jpg,1.0
cl6e2iblt0026gk558bnw6716_4_FALSE_COLOR__URBAN_jpg.rf.bd2fe56d2d628a6b335acb4518f163c3.jpg,1.0
cl6dyr3jo000fhg5528wadb19_6_SWIR_jpg.rf.bccc105b013186460dd0d965e4c969a0.jpg,1.0
cl6m1ho5c00418w55hopz9miu_2_FALSE_COLOR_jpg.rf.bcfb111cd712e11bf1243529fcb33178.jpg,1.0
cl6chpi4800ckl455epxjdzyy_4_FALSE_COLOR__URBAN_jpg.rf.bd124500bb38a6376cf37e04d514e8b3.jpg,1.0
cl6b5qnq6004nl455160o65u9_2_FALSE_COLOR_jpg.rf.bce2a88f10da56734858ac6685f36476.jpg,1.0
cl6orkbgy009jao557kujgsc3_2_FALSE_COLOR_jpg.rf.bc81028644df6c4ca4a3e5bdd13522f5.jpg,1.0
cl6odoepa0028ao554gdxhnyo_4_FALSE_COLOR__URBAN_jpg.rf.bcbbe2438b878d23fd62cbfd0ce370e1.jpg,1.0
cl6kgcy30002hc455hqb400gb_4_FALSE_COLOR__URBAN_jpg.rf.bd1368f817b308f84175c5e9f409e507.jpg,1.0
cl6cii68700d6l455amco5bi5_4_FALSE_COLOR__URBAN_jpg.rf.bd409789d37031341c60553734319905.jpg,1.0
cl6dzrpz8000uhg553etw7mko_1_TRUE_COLOR_jpg.rf.bd56f83117074127db2f5502b2c84787.jpg,1.0
cl6kjbb3u00158w55e0y48ful_2_FALSE_COLOR_jpg.rf.bd58736342ca0d25cb8da6cacec7767e.jpg,1.0
cl6lt37ph00248w55dnhvff9s_1_TRUE_COLOR_jpg.rf.bd3c7cacab44ce99e049909712bbfff5.jpg,1.0
cl6octpb0000gao557tk19wmi_4_FALSE_COLOR__URBAN_jpg.rf.bd3f2107452b6c624fea5051acd6efa7.jpg,1.0
cl6ltpzi4002p8w558kple65k_2_FALSE_COLOR_jpg.rf.bcc4fe6811780206293de7e02bbb8d18.jpg,1.0
cl6kgag2y002ac455g3l427ic_4_FALSE_COLOR__URBAN_jpg.rf.bd5b212c019a544d5a35874245ebb681.jpg,1.0
cl6ojsb1v0050ao55bqfgg51x_2_FALSE_COLOR_jpg.rf.bd32aa05b5754abc773d43e86f9157a0.jpg,1.0
cl6okcs620060ao552j5fd463_1_TRUE_COLOR_jpg.rf.bd651f45ead14cd5e1d28b15294c896a.jpg,1.0
cl6b6svwl007yl455d2w5bw1m_1_TRUE_COLOR_jpg.rf.bd5f470142e6486da737e2cecb1b6884.jpg,1.0
cl6ch0lvz00brl455eij38vi0_4_FALSE_COLOR__URBAN_jpg.rf.bd75b26c42612d5075e669ff3e3d9f5b.jpg,1.0
cl6oka2mq005tao556l2t8nyy_2_FALSE_COLOR_jpg.rf.bd8cc982a7640be1ab86700f9668dac9.jpg,1.0
cl6kgj08y002wc455bqfpd8bd_6_SWIR_jpg.rf.bd713ef00cbe08ef249aca08d27e873f.jpg,1.0
cl6ctobno00i3l4554o13a57u_2_FALSE_COLOR_jpg.rf.bda75ca823cd7215de6737b705096cd5.jpg,1.0
cl6kinecw000e8w551c8r9tyn_2_FALSE_COLOR_jpg.rf.bd6858432961f818d6a2ebb61b6bcf10.jpg,1.0
cl6e2edx3001ygk554c0h3ubb_1_TRUE_COLOR_jpg.rf.bd8b61696ba99bd3033e3a0b4dcaa68b.jpg,1.0
cl6b77p6x009ml45511vm0cp2_2_FALSE_COLOR_jpg.rf.bd91995a918bfbd7069103c0135a9aee.jpg,1.0
cl6kg9h8h0028c455at8u1fb4_4_FALSE_COLOR__URBAN_jpg.rf.bdbdc5bf220e6daf58c2d5eadbf098d1.jpg,1.0
cl6b6172m005wl45594a27gqy_1_TRUE_COLOR_jpg.rf.bdb72f3d8b31bc0a188451878a24a52f.jpg,1.0
cl6b70r7i008nl455av4ufqdo_6_SWIR_jpg.rf.bdac0c3a57c423017bd4eac2224a1a54.jpg,1.0
cl6oikmzw003aao558ooh48tf_4_FALSE_COLOR__URBAN_jpg.rf.bdd4b7241399016c05b345337d902276.jpg,1.0
cl6b59reu002vl4553fnhgaf4_1_TRUE_COLOR_jpg.rf.bde833fce6259aa91479cc332acc9b85.jpg,1.0
cl6op3smm006gao55ea02ba3u_2_FALSE_COLOR_jpg.rf.bdc4bbe58fa6edec74d03f0c3997125c.jpg,1.0
cl6chumom00col4556jyfb7a5_2_FALSE_COLOR_jpg.rf.bdee9f4f41dc15328ab8e46fee4b1d7b.jpg,1.0
cl6lt70fh00298w5541ighy5t_2_FALSE_COLOR_jpg.rf.bdf51f3ca8a1c1ed46c5c67826e49091.jpg,1.0
cl6kje1zy00198w55f8ld99tb_4_FALSE_COLOR__URBAN_jpg.rf.be4bbe1ca0de5e64c779c59066392471.jpg,1.0
cl6oe2xsq002uao554eff2q34_6_SWIR_jpg.rf.be3fb9dbfa9519f37acd32731286db90.jpg,1.0
cl6cs4y6q00evl455d2lfbj1u_2_FALSE_COLOR_jpg.rf.be293be57d2fa16a7a8cef3b15ef68a2.jpg,1.0
cl6ch417300btl4554l143qop_4_FALSE_COLOR__URBAN_jpg.rf.be0616a1f5bddf2b9a76e19cfc206820.jpg,1.0
cl6oka2mq005tao556l2t8nyy_6_SWIR_jpg.rf.be3bfd0119b0b3b326fa0a04f377b484.jpg,1.0
cl6b6tta10081l455gz1y3eys_6_SWIR_jpg.rf.be4d6caae6459903667244a6372c3241.jpg,1.0
cl6okdhtr0062ao557yfi3i7c_1_TRUE_COLOR_jpg.rf.be62a12e2cf0df9171b9d05004bb3106.jpg,1.0
cl6kfy9v8001vc4559ubi2rde_2_FALSE_COLOR_jpg.rf.be8b72e009e2f7fe3c7913749eabdfb4.jpg,1.0
cl6b746nn0091l4556dgg9xwd_4_FALSE_COLOR__URBAN_jpg.rf.be684faf13d33a0d40ba4cb5de8d2337.jpg,1.0
cl6b0mkrt001bl4550hq12i9i_2_FALSE_COLOR_jpg.rf.be35e7e8cca551d4fe7c45ed085f3706.jpg,1.0
cl6cpfs8q00dml4554w0t2f82_4_FALSE_COLOR__URBAN_jpg.rf.be0d4398f63a5e1404ac5cf9eef16826.jpg,1.0
cl6b0okeb001fl455fgue1wrj_1_TRUE_COLOR_jpg.rf.be7baa12474a17d3ebb597de03c02f42.jpg,1.0
cl6e2grat0022gk55hpoig5ln_2_FALSE_COLOR_jpg.rf.bea642a331f7c202373b824dbcfa679e.jpg,1.0
cl6od1qhh0014ao55hlfact4a_6_SWIR_jpg.rf.be7f5934e08f77485509259d455a8f30.jpg,1.0
cl6csxetg00gfl455cfeqgtms_1_TRUE_COLOR_jpg.rf.be018d7c655f5c39fd7067dbb172eb6a.jpg,1.0
cl6kj9dst00148w55fw0gfc6p_4_FALSE_COLOR__URBAN_jpg.rf.bdf7930583f15e996f6af5f5189f7af7.jpg,1.0
cl6csozke00fwl45538jlfe9v_6_SWIR_jpg.rf.be013fbc84a7702248a7b59d33f86f96.jpg,1.0
cl6e0c4x3000ngk55c47nhbiz_2_FALSE_COLOR_jpg.rf.be82be96bf8f3d1412b91b83b8b4d117.jpg,1.0
cl6cteplg00hkl4551scr5fko_2_FALSE_COLOR_jpg.rf.be4f7c9849388c939ff8209b21b145ba.jpg,1.0
cl6e2g24k0020gk55d7nlgq0h_1_TRUE_COLOR_jpg.rf.be4f8fda0f5d7be052979ab62283eadf.jpg,1.0
cl6kgeqar002lc455akv50au4_4_FALSE_COLOR__URBAN_jpg.rf.bea4e04c64cc84be823c933b51c218d5.jpg,1.0
cl6dzvdbz000yhg552dlf8c2e_6_SWIR_jpg.rf.be30124ef0d510fdc871decf78a418a6.jpg,1.0
cl6odxshy002kao554h0tez0a_2_FALSE_COLOR_jpg.rf.beabcf6d5cf43bb897ec9c865d57a510.jpg,1.0
cl6od8ws9001kao558u2r832i_1_TRUE_COLOR_jpg.rf.be91956626e19411193b0973771d1e73.jpg,1.0
cl6oitxum003tao55ghqu4f36_4_FALSE_COLOR__URBAN_jpg.rf.bed94e39c46509fc37d8e7692b64bc25.jpg,1.0
cl6ct1fab00gnl455b6a585vi_6_SWIR_jpg.rf.bedab943ca21e72ec50c70f383043556.jpg,1.0
cl6b5dtwl003gl455a4x29a1d_2_FALSE_COLOR_jpg.rf.bee795e49b8e55fd46a3e576adb6eff8.jpg,1.0
cl6cgdbl900asl4551u073cce_1_TRUE_COLOR_jpg.rf.becad4d33c35d3fbb8966b75312eb3d5.jpg,1.0
cl6oujzw400auao55d5qwbeah_1_TRUE_COLOR_jpg.rf.bea74f28679299f68a97ec3dddcbca3e.jpg,1.0
cl6csrtfm00g2l455becnfxr8_2_FALSE_COLOR_jpg.rf.bef4eba469846abbe33e99bb5fdd399d.jpg,1.0
cl6ch5p4h00bwl4552zvifnwy_6_SWIR_jpg.rf.bee9e46a976befe8fb7ea8d015a44620.jpg,1.0
cl6e2kcsy002cgk5582jih4dd_6_SWIR_jpg.rf.bee86a3f13b3ad4f08f68a039db9f917.jpg,1.0
cl6opo1t7007iao552373a4i1_6_SWIR_jpg.rf.bf287dcc50fea0ad4a589f0387bfad06.jpg,1.0
cl6opvi1n007yao55cdfm04gj_4_FALSE_COLOR__URBAN_jpg.rf.bed31bbfdc2ad053eba5717dd5109c17.jpg,1.0
cl6b6o1av007nl455829ah78j_2_FALSE_COLOR_jpg.rf.bf17c04ededa84f8d041ed9ed4839397.jpg,1.0
cl6oiqz18003lao55eb3ebson_6_SWIR_jpg.rf.bf43c3c6a6a1c1c6028d81427009eb94.jpg,1.0
cl6cgzgdg00bpl45558h876qp_1_TRUE_COLOR_jpg.rf.bf462b399d99e8b122e3fef9d19c9200.jpg,1.0
cl6b6lhmf007ll4552cnl5tsv_1_TRUE_COLOR_jpg.rf.bf776394749e052db99abbe4d6c2ad1e.jpg,1.0
cl6op8sl6006pao550i549q63_2_FALSE_COLOR_jpg.rf.bf23e519a598dd4acf09095171e980c5.jpg,1.0
cl6e0mv1s0017gk5595j92i2d_6_SWIR_jpg.rf.bee98ed43f5e276e7185c782eed5c34e.jpg,1.0
cl6oinvqs003fao55chcqcxbr_1_TRUE_COLOR_jpg.rf.befa0193e53441f8affd66665759effb.jpg,1.0
cl6e3bkid003jgk5568qqgh5c_6_SWIR_jpg.rf.bf4c13fd4b19cd3ba082351647d2f1ba.jpg,1.0
cl6b6672j006al45550ixdqdo_2_FALSE_COLOR_jpg.rf.bf77a60074c9a8f1d1080d6126839ece.jpg,1.0
cl6csozke00fwl45538jlfe9v_1_TRUE_COLOR_jpg.rf.befe6dc4be54aa18d7c2a5e063cbb51a.jpg,1.0
cl6kjmnc9001s8w5537ayhyay_2_FALSE_COLOR_jpg.rf.bf7ad2202b0d7811ada5280ac6da48b7.jpg,0.0
cl6ctczpo00hil4556qoq3h4p_4_FALSE_COLOR__URBAN_jpg.rf.bf03656c6c4ec03befbb8a08f4b3ac15.jpg,1.0
cl6m1fspy003x8w553wncdjsh_4_FALSE_COLOR__URBAN_jpg.rf.bf791cadccf39ab2576c961c97e9cf23.jpg,1.0
cl6ok33x3005lao555fmcbrr8_4_FALSE_COLOR__URBAN_jpg.rf.bf8bb783552f26ec491aac6469e36a77.jpg,1.0
cl6oro0mr009pao556hg6dj0a_1_TRUE_COLOR_jpg.rf.bf7d48ea61f92c76ec456f799241b5e3.jpg,1.0
cl6ctrx2500i8l455bw1w5a2s_6_SWIR_jpg.rf.bf77ca3364a9200c89abfe387fe93411.jpg,1.0
cl6ki3fbe00018w55146m86ja_1_TRUE_COLOR_jpg.rf.bf1a0705fcc4670b1a910614a5bf1fb3.jpg,1.0
cl6cpb4b500dbl45509b2egsu_6_SWIR_jpg.rf.bf6b799cfca7411a27dbd4897e07fc7e.jpg,1.0
cl6crvsiz00e2l4554s22ay6f_2_FALSE_COLOR_jpg.rf.bf7f9e64f84c0cb977222f122a5743d3.jpg,1.0
cl6ctkcif00hvl455e4f58h78_1_TRUE_COLOR_jpg.rf.bf851141cff907075af6ce52294d0b3c.jpg,1.0
cl6b6xnlo008dl455ft678vcm_2_FALSE_COLOR_jpg.rf.bfa33ba6a950bd5a3649ce14bd2e3a74.jpg,1.0
cl6kjizzk001l8w550s1uej5w_4_FALSE_COLOR__URBAN_jpg.rf.bf7a69e242cb333c77bac8ec4ceaaeaf.jpg,1.0
cl6kihoi2000c8w554tjgeyre_2_FALSE_COLOR_jpg.rf.bfa1b720c973430145ceb9b5bc60c1bf.jpg,1.0
cl6e2g24k0020gk55d7nlgq0h_1_TRUE_COLOR_jpg.rf.bf911c5b518008bc38b6f498aa77c1bd.jpg,1.0
cl6b652mi0068l4552keu9loj_1_TRUE_COLOR_jpg.rf.bf96f88f809b35e1517dbb5ff4138119.jpg,1.0
cl6kfwvz3001sc45549gxd3e2_4_FALSE_COLOR__URBAN_jpg.rf.bf96b9886826804bee9ca4dbe9970b3a.jpg,1.0
cl6b53k570029l45574z79k7e_1_TRUE_COLOR_jpg.rf.bf93e9962f321db4f5f2fceff88deead.jpg,1.0
cl6oq8ags008mao55b74o6kch_6_SWIR_jpg.rf.bfa815447285efe36edfb473ee508a09.jpg,1.0
cl6e2hp3l0025gk55buu53wd8_6_SWIR_jpg.rf.bfb16a20b55dc2d00674207c88c6c334.jpg,1.0
cl6oq5emc008kao557aa7arvw_2_FALSE_COLOR_jpg.rf.bfd341fa09f5cce3d2da2d3c2da705e3.jpg,1.0
cl6cs6mgj00f0l455egwshib7_4_FALSE_COLOR__URBAN_jpg.rf.bfb9f2e976222eef82f5c4ef3e3ee6df.jpg,1.0
cl6b5x63r005il4551chxdt93_4_FALSE_COLOR__URBAN_jpg.rf.bfc5d688d5b8e48319d41a60bcd97250.jpg,1.0
cl6e3dpyr003pgk5549kb5vj7_4_FALSE_COLOR__URBAN_jpg.rf.bface4489f9266e88fd1d4bf4c851f10.jpg,1.0
cl6ocrb1o000aao55gcaec62b_4_FALSE_COLOR__URBAN_jpg.rf.bfeb84820fdc0b9b5758710915099778.jpg,1.0
cl6dynr4h000bhg554cne5yig_1_TRUE_COLOR_jpg.rf.bfd683519bbd64faf01202d0134ca749.jpg,1.0
cl6cpgf7u00dnl455327713eo_4_FALSE_COLOR__URBAN_jpg.rf.bfaf29e9e2a8252e631fc6dade0ac5d9.jpg,1.0
cl6oqwja8009cao553jcuagut_1_TRUE_COLOR_jpg.rf.bfde59814240e4c7ed9e64f85dbe7ca0.jpg,1.0
cl6opv5oo007xao553de9g7wd_1_TRUE_COLOR_jpg.rf.c011ebea00746dad393f36f9e20c752a.jpg,1.0
cl6b5vl5q005bl4554dg30yje_2_FALSE_COLOR_jpg.rf.bfd66c64ca532655fb771568b8b89bf1.jpg,1.0
cl6ch6a2n00bxl4554kqu9to4_2_FALSE_COLOR_jpg.rf.c0165eec1e59fc9caf43380692ea1a38.jpg,1.0
cl6b5qhgi004ml4554fwj59ku_4_FALSE_COLOR__URBAN_jpg.rf.bfe9e2fecf2385ff38cfa185b201d725.jpg,1.0
cl6kg4sfr0026c4552hfe6gtj_6_SWIR_jpg.rf.c027923427bc52d8308d4d0d821dc7ed.jpg,1.0
cl6b65ksg0069l455f4od44cb_1_TRUE_COLOR_jpg.rf.c001b6e2d17de42dacfb857068cb0f08.jpg,1.0
cl6e0htxm000ygk558f3oazjy_4_FALSE_COLOR__URBAN_jpg.rf.c0046d39de44b25b93382f0b84fea313.jpg,1.0
cl6odx8ff002jao5531b01e4o_2_FALSE_COLOR_jpg.rf.c03437e192716b52a26fd3ba9f440d23.jpg,1.0
cl6csdbcu00f9l455hnwh8a4z_4_FALSE_COLOR__URBAN_jpg.rf.c014297152be59df0f389846e39e48fb.jpg,1.0
cl6ojaxxv004mao552t7ah2ky_6_SWIR_jpg.rf.bff2a18195a158a02ac4488a38afe62b.jpg,1.0
cl6b09m65000kl455dbrteofg_4_FALSE_COLOR__URBAN_jpg.rf.bff0dc32fc0c2d58b2d10ca8a07b748f.jpg,1.0
cl6ocsssy000eao55ep2v2ijm_4_FALSE_COLOR__URBAN_jpg.rf.c04b4afd261c2f43fc961dce840c7002.jpg,1.0
cl6csdbcu00f9l455hnwh8a4z_2_FALSE_COLOR_jpg.rf.c026ea0c160e6589219173ab922e28eb.jpg,1.0
cl6e0cu5f000ogk5534kg23s9_1_TRUE_COLOR_jpg.rf.c0374f56b1b6e14c8aab2ed0b7c5bdb6.jpg,1.0
cl6m1c3ae003j8w553eyv5bne_1_TRUE_COLOR_jpg.rf.c01b4e6c58a86246a6dd7e253acb0146.jpg,1.0
cl6cpdnir00dil455c047h42h_6_SWIR_jpg.rf.c056fc3fc65cc4534cd4296817f93927.jpg,1.0
cl6ocu86l000hao5586i77xky_4_FALSE_COLOR__URBAN_jpg.rf.c01cea8fc882d93a89d0044a7c89411c.jpg,1.0
cl6cgftp700azl455a3ylbfp5_1_TRUE_COLOR_jpg.rf.c03735f80087deb258ced7929f598bfd.jpg,1.0
cl6kfxks1001uc455ejvhbs1y_2_FALSE_COLOR_jpg.rf.c060011114d3d9a3b5353b346a0f7acc.jpg,1.0
cl6kgcddp002gc455ekvaehyc_6_SWIR_jpg.rf.c06789fb2620016c5ac8b8f117c1b041.jpg,1.0
cl6ltqxhj002r8w553as9ee8t_6_SWIR_jpg.rf.c07c5d9a683ef8a3d6c26d4f7579ee05.jpg,1.0
cl6cho7a000cil455fiddgkjj_1_TRUE_COLOR_jpg.rf.c08d89b639978b28748b7f3d0beea78e.jpg,1.0
cl6e2dw4y001wgk5562da7pdl_6_SWIR_jpg.rf.c082686101774d519d6071289d0c3e5a.jpg,1.0
cl6ocmhv80000ao55b7ybfzf5_4_FALSE_COLOR__URBAN_jpg.rf.c0a9f22732309974c45fac8e247e4b0b.jpg,1.0
cl6ct4zi700gvl455hd187an6_2_FALSE_COLOR_jpg.rf.c06ecd6da031b141e0d425e1325d95da.jpg,1.0
cl6e1n8j9001cgk55bhebb6fp_2_FALSE_COLOR_jpg.rf.c0984869ae6c6535f510f87bfe94ae92.jpg,1.0
cl6e1n8j9001cgk55bhebb6fp_6_SWIR_jpg.rf.c0c54967371fd1c0fa404a2f34fb64d8.jpg,1.0
cl6m1dd0r003o8w5569ma5agl_4_FALSE_COLOR__URBAN_jpg.rf.c0ba96531fa67075192c9180a4e736d4.jpg,1.0
cl6cg6cf600agl455gtin273p_1_TRUE_COLOR_jpg.rf.c0a34da4e003ba09f36b95b24e776540.jpg,1.0
cl6kgh8cf002sc4558jry9v2p_6_SWIR_jpg.rf.c094f2c5a3a0045d5022fe04f0a1c9a0.jpg,1.0
cl6kjc5r500168w55bry741c1_6_SWIR_jpg.rf.c0bf537d3247208bfa11f595225a3bed.jpg,1.0
cl6ch0lvz00brl455eij38vi0_2_FALSE_COLOR_jpg.rf.c0eefd785a63e40647152d2630e155f4.jpg,1.0
cl6kj7x8x000z8w550u2icc2v_6_SWIR_jpg.rf.c129ea066d4b2b3afb0d6fe603265d33.jpg,1.0
cl6e2dity001vgk551ar0hanj_4_FALSE_COLOR__URBAN_jpg.rf.c08c9c0bca0ffbe1e4ff252959047ec0.jpg,1.0
cl6ct2hu900grl455hdde142n_1_TRUE_COLOR_jpg.rf.c11fef6c09c5d69df87e9cbfe3aa405a.jpg,1.0
cl6cgazz700aol455e5vr2tge_2_FALSE_COLOR_jpg.rf.c10af44b85c7495111181c2f36bedcc0.jpg,1.0
cl6dznlym000thg55950a4qbg_2_FALSE_COLOR_jpg.rf.c138a0a0d1e68be9ef76378f2fa5c44f.jpg,1.0
cl6dy9kzz0002hg55bc0s18ph_2_FALSE_COLOR_jpg.rf.c0bec616e0b4b8871c6ead5fdad6de92.jpg,1.0
cl6ch93ke00c2l4558vo85rjw_2_FALSE_COLOR_jpg.rf.c0f3307147184cec6ebafd9171e2d4f9.jpg,1.0
cl6b4ykst001sl4550amagaw5_6_SWIR_jpg.rf.c0e23f8f17175120d88ad74b58d40175.jpg,1.0
cl6ojycgj005bao557mc6afad_4_FALSE_COLOR__URBAN_jpg.rf.c144b2ab3c7d3af039224a5cbf7b5e4b.jpg,1.0
cl6cslhca00fql4551wh11myi_2_FALSE_COLOR_jpg.rf.c13028584e749e06a880fa0030431cba.jpg,1.0
cl6e1vti2001lgk558oznamsf_1_TRUE_COLOR_jpg.rf.c15036b5ab91e912c67a9c3850098b92.jpg,1.0
cl6chqhwl00cll4558hnj0glz_2_FALSE_COLOR_jpg.rf.c0ef6bf57f4f5f9502562ad88c5409db.jpg,1.0
cl6b05bia0009l4551ymod0pi_4_FALSE_COLOR__URBAN_jpg.rf.c170560928c35e85149301ac1b319cfc.jpg,1.0
cl6ct8vzr00h4l455e4w420qh_1_TRUE_COLOR_jpg.rf.c11de6c02c3b8de8d885e76aa93a047f.jpg,1.0
cl6kf3axb000bc45538k8b660_2_FALSE_COLOR_jpg.rf.c108feaa8b499709b1561ad7be756c4b.jpg,1.0
cl6e3j5rh0046gk5519l319wr_1_TRUE_COLOR_jpg.rf.c1520067d147accd11de6c4255552f85.jpg,1.0
cl6e0cu5f000ogk5534kg23s9_4_FALSE_COLOR__URBAN_jpg.rf.c13d492146829a069d97f57a5a83e0c6.jpg,1.0
cl6ocw54k000kao554ryq6ukn_4_FALSE_COLOR__URBAN_jpg.rf.c14426965808b95c4b7a0b46fe7a87d3.jpg,1.0
cl6csx2sn00gel4553te03vfh_4_FALSE_COLOR__URBAN_jpg.rf.c152e61045c3274ffe066baebd51fc0b.jpg,1.0
cl6dynr4h000bhg554cne5yig_1_TRUE_COLOR_jpg.rf.c18cb7f28048e6191f109087843324d0.jpg,1.0
cl6cgr33o00bfl45526e3ajl1_1_TRUE_COLOR_jpg.rf.c1af2ad436da9e8d1b858b7f278619c0.jpg,1.0
cl6kfci270010c45580qyfo1k_1_TRUE_COLOR_jpg.rf.c1775db9853caadaef198f44acfa0dc8.jpg,1.0
cl6chonxj00cjl455bqcs1fnt_4_FALSE_COLOR__URBAN_jpg.rf.c162a70374219597b90d5721db891dbb.jpg,1.0
cl6kfmic20013c455dd9jcpm4_2_FALSE_COLOR_jpg.rf.c190904d81023cc1a634f337d0c9b1e6.jpg,1.0
cl6ch93ke00c2l4558vo85rjw_6_SWIR_jpg.rf.c1fe66e0712a539e1b9816fe5a70911f.jpg,1.0
cl6cpgf7u00dnl455327713eo_6_SWIR_jpg.rf.c202053075b71f3ee39faaad6b801240.jpg,1.0
cl6oqcc63008vao551jrk90jb_1_TRUE_COLOR_jpg.rf.c1c7afdb0572dc27063f98c6c50d2208.jpg,1.0
cl6keyw310001c4551ugx15q5_2_FALSE_COLOR_jpg.rf.c21d50f388b9814cac551889bd214e74.jpg,1.0
cl6ct101m00gml455hllggu82_4_FALSE_COLOR__URBAN_jpg.rf.c1cd4c2bfb0aac2b31ab9140e7c661a5.jpg,1.0
cl6kjhx3r001i8w550n9zd54y_1_TRUE_COLOR_jpg.rf.c18e457f21b2099c362beb83d923c111.jpg,1.0
cl6b7e0xs00a2l455ahn69x2p_1_TRUE_COLOR_jpg.rf.c1e8130e61e3eb63d96e1dd280119f34.jpg,1.0
cl6dxzwc50001hg550uejeken_6_SWIR_jpg.rf.c19b52d85e958686cb3b6a5d91eb93bb.jpg,1.0
cl6cgcj0400arl455ft6yh6hi_4_FALSE_COLOR__URBAN_jpg.rf.c18c95a45827faac7c6372032c61d1c0.jpg,1.0
cl6kjjetw001m8w557l9r668h_4_FALSE_COLOR__URBAN_jpg.rf.c203c4a5a195a40afcd085c4af88ad1b.jpg,1.0
cl6ch7vs700c0l4550a8j565q_4_FALSE_COLOR__URBAN_jpg.rf.c21aa88e69610a3391ddaae8d4e10a98.jpg,1.0
cl6kg9h8h0028c455at8u1fb4_6_SWIR_jpg.rf.c22426c5d05348920fd1c4ff592d43ee.jpg,1.0
cl6okb25a005wao558pj4ejty_1_TRUE_COLOR_jpg.rf.c19f8c6c2b9490d61ac1de64f27b811d.jpg,1.0
cl6oinvqs003fao55chcqcxbr_6_SWIR_jpg.rf.c25972d6551295314ff796d9b21fc5ea.jpg,1.0
cl6b67ypc006fl455bt0s8log_4_FALSE_COLOR__URBAN_jpg.rf.c22e76954e04deca5947adf5f351c678.jpg,1.0
cl6b4znqq001wl4554xy23bep_1_TRUE_COLOR_jpg.rf.c2374631f64cb0df91a8c224f815e042.jpg,1.0
cl6b5wdp7005el4552c4jdn7k_4_FALSE_COLOR__URBAN_jpg.rf.c240d7b5cb1c2d7e9b7de084cea6d3d6.jpg,1.0
cl6b6zaju008ll455bbu9506q_1_TRUE_COLOR_jpg.rf.c23c301236117b72b24a72aaa3e6af4c.jpg,1.0
cl6op0cny006bao55hefn0jyf_6_SWIR_jpg.rf.c25141a2c0da3e6e4a29f7a2a1ecd3f6.jpg,1.0
cl6b5z6d1005ol45596rf4y2m_6_SWIR_jpg.rf.c2561aab2645183932181d70268225bc.jpg,1.0
cl6ou8fz600abao5561sobj5z_4_FALSE_COLOR__URBAN_jpg.rf.c26401be72090dceed9c6357489e3ca8.jpg,1.0
cl6b0skkx001nl4557zd344qi_4_FALSE_COLOR__URBAN_jpg.rf.c233625c22f4e75e736c6e432b6a9f70.jpg,1.0
cl6m1j54d00438w55fkud4oug_1_TRUE_COLOR_jpg.rf.c2192608d527a6ea516260dc7c551755.jpg,1.0
cl6kg5b5c0027c455abg328ld_6_SWIR_jpg.rf.c2aa9327d2b52ffa541b34ab3d80fed3.jpg,1.0
cl6od0hgc000yao553kq03tbq_1_TRUE_COLOR_jpg.rf.c2624a0d2329e015cdcfb048b88f0ec3.jpg,1.0
cl6dyxq50000nhg5571bs31g5_1_TRUE_COLOR_jpg.rf.c243d8a794347073838e402a473ad4ac.jpg,1.0
cl6b6asfb006tl455gupd0x8i_6_SWIR_jpg.rf.c273b9ad2afbfcd5559fbd5bdb8f95c6.jpg,1.0
cl6oisavf003pao556yzob9sf_2_FALSE_COLOR_jpg.rf.c2722707d3cf20907ac646325e375e65.jpg,1.0
cl6e2g24k0020gk55d7nlgq0h_2_FALSE_COLOR_jpg.rf.c23a842a789f07eeebec5a145b9120a2.jpg,1.0
cl6e1zkvy001ogk5561l0f1q7_4_FALSE_COLOR__URBAN_jpg.rf.c2743de96a58f10af02f60acd01c5839.jpg,1.0
cl6b78tww009tl45524un0omv_6_SWIR_jpg.rf.c26510c69ced3c23618b73bad7f364f5.jpg,1.0
cl6e3ieqj0044gk55azpfcs6x_6_SWIR_jpg.rf.c29d91db3c8e315edf437b0ebf3a03d3.jpg,1.0
cl6b5ecvf003il4553uxr0pcp_1_TRUE_COLOR_jpg.rf.c2afd64753717dee2050b5e2bbeb3a08.jpg,1.0
cl6oj1gzx0046ao5546xf9oac_6_SWIR_jpg.rf.c2b298de1d19148d723456688103231b.jpg,1.0
cl6e2xkh0002mgk55aif2aqvo_6_SWIR_jpg.rf.c2b2dfcc9b1e2cb17c2c3068332a9513.jpg,1.0
cl6ojvjir0057ao55hcywheqa_4_FALSE_COLOR__URBAN_jpg.rf.c2b8ada3ed27e72bde82eb960f076dcc.jpg,1.0
cl6e2lc56002fgk554s6m4xro_4_FALSE_COLOR__URBAN_jpg.rf.c2df1c232953edc04fab7fb721a9de0c.jpg,1.0
cl6ctfvqa00hnl455fu4bf37z_6_SWIR_jpg.rf.c2bf771023587850105c75b5c405e325.jpg,1.0
cl6op40ua006hao55h2vahefn_1_TRUE_COLOR_jpg.rf.c2f7dd21c8184425a8b1d27139a4eaf0.jpg,1.0
cl6op61od006kao558qpbabp6_6_SWIR_jpg.rf.c2b45d5c8b7eb0d81b1c076c50a36090.jpg,1.0
cl6b5cyyr003bl455dl3u1ojd_1_TRUE_COLOR_jpg.rf.c2f82e7807a494c06400adf4137ea84d.jpg,1.0
cl6e07sbz000dgk556f1cemmc_4_FALSE_COLOR__URBAN_jpg.rf.c2b47c0bb7c699b828d140be7c31af0f.jpg,1.0
cl6m162oq00388w554vzpgu70_6_SWIR_jpg.rf.c31278c73368c47c4a024ee74c683653.jpg,1.0
cl6b7bt0y009zl455397c4vju_1_TRUE_COLOR_jpg.rf.c32b05d5bf8be70ef43b23cd873c9da6.jpg,1.0
cl6b652mi0068l4552keu9loj_2_FALSE_COLOR_jpg.rf.c2be3fa8e1a1dd5e1f05508d049dbbab.jpg,1.0
cl6ctopvo00i4l455cgtw30dd_2_FALSE_COLOR_jpg.rf.c2fc7839425d7e70523e0414f4cbcca9.jpg,1.0
cl6cs8jie00f5l4555hn76aj1_2_FALSE_COLOR_jpg.rf.c3017a0e54f02f9660376ee0d4de8d64.jpg,1.0
cl6e2xkh0002mgk55aif2aqvo_2_FALSE_COLOR_jpg.rf.c3312979677ff596f04b3a864582a5a1.jpg,1.0
cl6oitdc8003sao55g3x88p25_2_FALSE_COLOR_jpg.rf.c331e86cd31c3712ef7b7a2db34f87a9.jpg,1.0
cl6ojowwz004yao55hvwldnc2_6_SWIR_jpg.rf.c36e341014dae639b60e80fa33fb43bb.jpg,1.0
cl6b57brh002ll4555o3te631_1_TRUE_COLOR_jpg.rf.c321c22575b04f417f4b47ebd5a8adf7.jpg,1.0
cl6b5x7nw005jl4559ppn5ov2_4_FALSE_COLOR__URBAN_jpg.rf.c2550e071bfde70265dc51f87710061b.jpg,1.0
cl6dzs6a4000vhg55f52u2xze_1_TRUE_COLOR_jpg.rf.c33d9ba6e6ff72d830b489cf6b763acd.jpg,1.0
cl6azhuzg0005f0550ahb6bh1_1_TRUE_COLOR_jpg.rf.c37858328d031cb1ec36831de85bb158.jpg,1.0
cl6ojdk5a004rao550wcq79f3_1_TRUE_COLOR_jpg.rf.c31a6bb5d83a17e8549e257d02087dc2.jpg,1.0
cl6e3cnqe003mgk553mcue2gv_2_FALSE_COLOR_jpg.rf.c356c117ca91a0d292c955f940fd8446.jpg,1.0
cl6e371x0003ggk55e6x4cocz_2_FALSE_COLOR_jpg.rf.c319b03059b9b51c312804801911c76f.jpg,1.0
cl6opu1eb007uao5563tf72vm_2_FALSE_COLOR_jpg.rf.c2e5bea63b22ad8daca8d74a6b0b09b4.jpg,1.0
cl6oqz7u8009eao55hd74fzt1_2_FALSE_COLOR_jpg.rf.c32b7f4cc2903acb2cbb9894567ac75a.jpg,1.0
cl6cskhdp00fml4550oip27vq_6_SWIR_jpg.rf.c37c530dc77202606ef17db12bc7a130.jpg,1.0
cl6cso4jp00ful45554tn3v0d_4_FALSE_COLOR__URBAN_jpg.rf.c36fdc58f2ccd68ec49d063fbe74d2dc.jpg,1.0
cl6b72nfa008sl455dg2a9zbg_1_TRUE_COLOR_jpg.rf.c378bfe01835cd79427dc3c9ac79cb6d.jpg,1.0
cl6oiz4yx0040ao55gbep3evs_1_TRUE_COLOR_jpg.rf.c3816786b04283d71a58af27c1d9336a.jpg,1.0
cl6b0kfnx0013l4552ot9bv5b_4_FALSE_COLOR__URBAN_jpg.rf.c3275dc5ab15d03073405671d285a82b.jpg,1.0
cl6e0jb4i0011gk5501445oon_6_SWIR_jpg.rf.c3b7b361b1ef23c47f510ceb9546f2a8.jpg,1.0
cl6b6bser006wl455hj0597rq_2_FALSE_COLOR_jpg.rf.c3434709d5a6ead2348ea06fac395abd.jpg,1.0
cl6chm8sy00cel455ckjkfykq_6_SWIR_jpg.rf.c3e1d36f310bbc376ffde1c067cc1c69.jpg,1.0
cl6oiojdm003hao55geo24bj6_6_SWIR_jpg.rf.c331380a8d42022426ee5d37a8523e94.jpg,1.0
cl6b7fkmx00a7l455d75h2co1_6_SWIR_jpg.rf.c3daca5ccbd0aa5bddb19e9da960a7a2.jpg,1.0
cl6op40ua006hao55h2vahefn_4_FALSE_COLOR__URBAN_jpg.rf.c396b667a2e4bee70f1550db1989d190.jpg,1.0
cl6e09v5e000igk55bgqi62m1_6_SWIR_jpg.rf.c3be75291c299a8a62f6ec487f9a71b4.jpg,0.0
cl6b51tzw0021l455hoys6t5x_2_FALSE_COLOR_jpg.rf.c3e62cf0a51418d03f0dfc3a2d9b9a20.jpg,1.0
cl6ocy9ma000qao55g73m5yl6_6_SWIR_jpg.rf.c3bf1a82c5efb1e2076563695dfde76a.jpg,1.0
cl6od7f7j001hao55016b86jo_4_FALSE_COLOR__URBAN_jpg.rf.c3cbd8befae429c7b93364609bc92cbd.jpg,1.0
cl6kjin4n001k8w556abi09ie_4_FALSE_COLOR__URBAN_jpg.rf.c38a967e20825f8dfd74faf754b85c9f.jpg,1.0
cl6oj8w06004hao558ky44xei_1_TRUE_COLOR_jpg.rf.c3a4bdf025b96063e2a68d578bc81c6d.jpg,1.0
cl6od5fxe001dao55dwsx001s_2_FALSE_COLOR_jpg.rf.c37c481b4f70e843546e30893a74fbcc.jpg,1.0
cl6b7263q008rl455cbp6ejbc_1_TRUE_COLOR_jpg.rf.c3f838248e839e5b93c36164a51cc8a9.jpg,1.0
cl6ou5qcj00a3ao555mak9y55_4_FALSE_COLOR__URBAN_jpg.rf.c3ab7be1d5ab762761682b23fb69bc16.jpg,1.0
cl6lt2u1a00238w55htxpag7p_1_TRUE_COLOR_jpg.rf.c3f6172122d47aecf5643e6b3fac4821.jpg,1.0
cl6ojv5dx0056ao557rpa0ljr_1_TRUE_COLOR_jpg.rf.c3020bdd877e2119fc680aa27075dd45.jpg,1.0
cl6b6672j006al45550ixdqdo_1_TRUE_COLOR_jpg.rf.e48bf90c34e1fda90c8fdf9b86f442ba.jpg,1.0
cl6chvqmw00crl455dq182jri_4_FALSE_COLOR__URBAN_jpg.rf.e4834f09ba7b21af44788b2658813bd3.jpg,1.0
cl6kfpeg80019c455an5z7myg_6_SWIR_jpg.rf.e4927d24e87db27837731626f18950ec.jpg,1.0
cl6csn2vw00fsl455h2a79t61_2_FALSE_COLOR_jpg.rf.e48df2741b3b2b184af3533be46f97cb.jpg,1.0
cl6kgpdp90034c4556foheik0_4_FALSE_COLOR__URBAN_jpg.rf.e492615448bfd2db53eca96af98fa1c8.jpg,1.0
cl6oips2c003kao559sp4fuwd_1_TRUE_COLOR_jpg.rf.e4a60847c5caff2a492791956cd1ba6d.jpg,1.0
cl6kf6p46000hc455dcig3109_4_FALSE_COLOR__URBAN_jpg.rf.e4acf193b22588a808e94d6ff388be08.jpg,1.0
cl6cpc9qx00del455co6haqas_6_SWIR_jpg.rf.e4a745775dcbfc0d6e56dbd0a7046410.jpg,1.0
cl6e0m79h0016gk5553pj46h0_2_FALSE_COLOR_jpg.rf.e4bdcc44d6b60fc2cbdec6897b83dee0.jpg,1.0
cl6opag1s006tao55h8pkceie_2_FALSE_COLOR_jpg.rf.e4a802e47c961fba9e6b63abce1c4fa4.jpg,1.0
cl6azikzm0007f055cez572lb_2_FALSE_COLOR_jpg.rf.e4bbde79bde9490a3771a1675223ff65.jpg,1.0
cl6chfm2800c4l455ensx26aq_2_FALSE_COLOR_jpg.rf.e4d619f708a5fa369487362878cb059d.jpg,1.0
cl6ojofa2004xao556rjh31ss_2_FALSE_COLOR_jpg.rf.e4c37aa4ff066364c0a46c8a9db73e08.jpg,1.0
cl6odousp002aao55gdjlfrxu_2_FALSE_COLOR_jpg.rf.e49557103f218c31bd9cccceb85d5f55.jpg,1.0
cl6b5tn5o0053l4555lotaojg_6_SWIR_jpg.rf.e4aab84f2f08e7309d6c851787e41d35.jpg,1.0
cl6ocx87y000nao554f3ig67h_2_FALSE_COLOR_jpg.rf.e4db52a3262f32086f4fb2ee64fc58eb.jpg,1.0
cl6okf9bk0067ao55bstpe75r_6_SWIR_jpg.rf.e483951a322411f4596dd1674ddff4a3.jpg,1.0
cl6oilbwz003bao55ayyaeiti_4_FALSE_COLOR__URBAN_jpg.rf.e4e1ca3fc7957e454cf78674a9b78f36.jpg,1.0
cl6b67ypc006fl455bt0s8log_4_FALSE_COLOR__URBAN_jpg.rf.e4da84e5c51123a952c7b9421680897e.jpg,1.0
cl6b78b5m009pl4550gvdb1ud_4_FALSE_COLOR__URBAN_jpg.rf.e4d641a42d6deb3c54cbd7c6c16e81cc.jpg,1.0
cl6orqkwo009wao55euf3d9vn_2_FALSE_COLOR_jpg.rf.e4e7513e5577c808044864632804955e.jpg,1.0
cl6cgs3qs00bil4551v5n3v2h_2_FALSE_COLOR_jpg.rf.e4e5fcafe81baa4bee4088a3b7105570.jpg,1.0
cl6oqqr8s0098ao551igt70zb_1_TRUE_COLOR_jpg.rf.e4dd570b01f7a1458d48fbb0b30cbd88.jpg,1.0
cl6kfvrfp001qc45548kr4qf2_2_FALSE_COLOR_jpg.rf.e4e55ead181955a83da9756778329300.jpg,1.0
cl6cruirz00dzl45533iybi5p_1_TRUE_COLOR_jpg.rf.e49d225b8419311e18d34aa915326503.jpg,1.0
cl6m1i65g00428w55dj3h5btk_4_FALSE_COLOR__URBAN_jpg.rf.e4e779338d84468b0f49aaee2cbc3454.jpg,1.0
cl6cgzgdg00bpl45558h876qp_2_FALSE_COLOR_jpg.rf.e4f6507cf4b8d03dda8401a498b0a4f5.jpg,1.0
cl6orqkwo009wao55euf3d9vn_2_FALSE_COLOR_jpg.rf.e4f07e87b835e6f476ef8c516f91b059.jpg,1.0
cl6b6eah90074l455hnsyaebx_2_FALSE_COLOR_jpg.rf.e50ab35478670b15d68ffa44a45709f6.jpg,0.0
cl6cte7ud00hjl455f3v1es6e_4_FALSE_COLOR__URBAN_jpg.rf.e5433e458002fa7c6c81c17c5e06c023.jpg,1.0
cl6chiqvr00c6l455cbe1ekdo_1_TRUE_COLOR_jpg.rf.e508dc23487fc4121a8e233ded887824.jpg,1.0
cl6orkbgy009jao557kujgsc3_2_FALSE_COLOR_jpg.rf.e5782784f11768ca80e7c2fca1d671a0.jpg,1.0
cl6ou3smf00a2ao5558m96qu2_1_TRUE_COLOR_jpg.rf.e5039c724cc60e1135fdd123b3a9a8bb.jpg,1.0
cl6e09hxf000hgk559x18fvg8_1_TRUE_COLOR_jpg.rf.e582217c0a7c9503fe75d09b214edb66.jpg,1.0
cl6b6yxoj008kl455d8ku2khx_4_FALSE_COLOR__URBAN_jpg.rf.e59a529e623c886f67ae849d106c48a1.jpg,1.0
cl6kjk4ho001o8w55ai7s6txj_2_FALSE_COLOR_jpg.rf.e5adb8a0253ac1e51cc486c225f3983b.jpg,1.0
cl6e3gmqp0040gk55gklf0ka1_2_FALSE_COLOR_jpg.rf.e5d64ccdafe5169b68a3110f30ea8a7e.jpg,1.0
cl6b0q209001jl4553gmg5wxk_2_FALSE_COLOR_jpg.rf.e53432a24cc2f8368b496968b3e45d13.jpg,1.0
cl6b6eah90074l455hnsyaebx_1_TRUE_COLOR_jpg.rf.e5b0fbc3ecb60511bade03e6d1d9d267.jpg,0.0
cl6csxetg00gfl455cfeqgtms_4_FALSE_COLOR__URBAN_jpg.rf.e538f21bd13fcb7b4d605f5d16147556.jpg,1.0
cl6b6yfhr008il4555h86hokv_2_FALSE_COLOR_jpg.rf.e53ed5486421b0141212a1b74224122d.jpg,1.0
cl6ct1fab00gnl455b6a585vi_6_SWIR_jpg.rf.e5c29c2388939ce26781544dd98a9fc9.jpg,1.0
cl6opthke007tao557hsthpgq_4_FALSE_COLOR__URBAN_jpg.rf.e596a1c9546d37ebf45411d49ee28f3e.jpg,1.0
cl6b592jd002tl4553ego08to_2_FALSE_COLOR_jpg.rf.e5d8a9c70f404bb01d43ec1c03ef3702.jpg,1.0
cl6e0htxm000ygk558f3oazjy_4_FALSE_COLOR__URBAN_jpg.rf.e5568b5e5ef04a22727e0f7fa1d18886.jpg,1.0
cl6b0gln2000wl4559wpzdukf_4_FALSE_COLOR__URBAN_jpg.rf.e5de07b874bcfda4b4cf802008202e4a.jpg,1.0
cl6b6057d005ul4555s1o9t3q_6_SWIR_jpg.rf.e5ec04b6a7d8b1d888a387a4126f438f.jpg,1.0
cl6b6bser006wl455hj0597rq_4_FALSE_COLOR__URBAN_jpg.rf.e604b1bd1656a5d03e8e434dc876c7b2.jpg,1.0
cl6cgeaqz00aul4553pd8gh18_4_FALSE_COLOR__URBAN_jpg.rf.e520894adc7c5ff1283c166825247c40.jpg,1.0
cl6csy33f00ghl455gq3n5t4r_2_FALSE_COLOR_jpg.rf.e570d77d36a8213ee9c15fa5e12aaac2.jpg,1.0
cl6ci1vnh00d5l455d4ts3luw_1_TRUE_COLOR_jpg.rf.e5131474d8f6e69a62bf1fa9f09f9b50.jpg,1.0
cl6e20np5001sgk555chada9l_6_SWIR_jpg.rf.e60ceaabd6657821521adf17f1485cbf.jpg,1.0
cl6kipfwb000h8w55dvnhe43x_1_TRUE_COLOR_jpg.rf.e61b54a167577f3c12a2e6117fb26f4e.jpg,1.0
cl6kgpdp90034c4556foheik0_1_TRUE_COLOR_jpg.rf.e64cd4bc2d14c0787c092090596c0546.jpg,1.0
cl6chw5x300csl455fwv6g4li_1_TRUE_COLOR_jpg.rf.e6382d3665215e41e7e6162613e492d1.jpg,1.0
cl6okehd60065ao5551rl7lsa_4_FALSE_COLOR__URBAN_jpg.rf.e620ec6730a7e56b43ed975416a2125d.jpg,1.0
cl6ojx2va005aao55c05b0bvm_6_SWIR_jpg.rf.e671f42e39e041d7b1c9d80b85bd7126.jpg,1.0
cl6kgdfbl002ic45506ui0jbm_1_TRUE_COLOR_jpg.rf.e630c1529b9b85bb63e5ef674e8abf5f.jpg,1.0
cl6kj65c0000t8w55cowe4x30_2_FALSE_COLOR_jpg.rf.e64d974d401ab7da1886466caea35cf8.jpg,1.0
cl6b77p6x009ml45511vm0cp2_6_SWIR_jpg.rf.e615059ff8b8950603528e22f66bb93d.jpg,1.0
cl6chv5i400cpl455b8o71jcm_2_FALSE_COLOR_jpg.rf.e65251eb35751cb29ff921c73529e942.jpg,1.0
cl6kjbb3u00158w55e0y48ful_6_SWIR_jpg.rf.e62b9ecaaef5cbe80fdf3d556a445d19.jpg,1.0
cl6oplars007eao55fno41dzm_2_FALSE_COLOR_jpg.rf.e670ff0442210445c6a3bc27a7e0171f.jpg,1.0
cl6e03vbi0004gk55g1k665dy_4_FALSE_COLOR__URBAN_jpg.rf.e66aaf70201848be729db0bc3c5ba2cb.jpg,1.0
cl6m1aury003e8w55364mhq6f_2_FALSE_COLOR_jpg.rf.e66caa43586dc47ace1773d7a35a65e1.jpg,1.0
cl6e1w3mk001mgk5561ce1hn7_4_FALSE_COLOR__URBAN_jpg.rf.e64d18676e5c96f956d5c6cadbdcd342.jpg,1.0
cl6b733er008ul45506zm5sh8_1_TRUE_COLOR_jpg.rf.e68f9f211e864ed12f6e4b7b0afb15d8.jpg,1.0
cl6oj3q5x004aao55ala51kbg_1_TRUE_COLOR_jpg.rf.e6abf8b2967f992d3fa5511826b5519d.jpg,1.0
cl6b6i65c007cl4550t4i61rw_2_FALSE_COLOR_jpg.rf.e651813fa754a95a84ab38e182655452.jpg,1.0
cl6od30dk0019ao5505uf2i2v_6_SWIR_jpg.rf.e62cdc91fc997c48924872e82b814a9b.jpg,1.0
cl6b4zqf6001xl455gp6h5ca8_4_FALSE_COLOR__URBAN_jpg.rf.e68b8bbbd074695d7aef7b2e62790270.jpg,1.0
cl6ocw54k000kao554ryq6ukn_2_FALSE_COLOR_jpg.rf.e68989ab9bdd0932adfc6b0b5030326b.jpg,1.0
cl6opx5vv0082ao55dx8j73xn_6_SWIR_jpg.rf.e650814d63d621dfb29a9adee9c66b7d.jpg,1.0
cl6lsxiqd001v8w55fgtjavib_1_TRUE_COLOR_jpg.rf.e672508b9ec0c18a1af919a9f9786c7d.jpg,1.0
cl6odx8ff002jao5531b01e4o_4_FALSE_COLOR__URBAN_jpg.rf.e67700fc73140b190c2fe65c9b025466.jpg,1.0
cl6kjd3dd00178w550194376c_2_FALSE_COLOR_jpg.rf.e6b43faf69b5a6e42de5d22031e618da.jpg,1.0
cl6b6zaju008ll455bbu9506q_1_TRUE_COLOR_jpg.rf.e68f8116ab96e3b2024cdd032cdb4406.jpg,1.0
cl6b5bhxx0031l4557l1l8rmh_6_SWIR_jpg.rf.e6d24d48a2447cec0d5f70f48e52e769.jpg,1.0
cl6kgidey002uc455a3qe2ark_4_FALSE_COLOR__URBAN_jpg.rf.e6be6c8357757e2209323783dd3fccae.jpg,1.0
cl6e2edx3001ygk554c0h3ubb_6_SWIR_jpg.rf.e70edfe8377a1622b6d8dd8896c354ea.jpg,1.0
cl6ctpy8q00i5l455bf1se2cj_4_FALSE_COLOR__URBAN_jpg.rf.e6f7e1504a3892881d06722fe3ad66de.jpg,1.0
cl6csqi8m00fzl455hbvqhcm2_1_TRUE_COLOR_jpg.rf.e7386070f64d77fe85570ad396408fb0.jpg,1.0
cl6chw5x300csl455fwv6g4li_4_FALSE_COLOR__URBAN_jpg.rf.e736836a1e702908bc7d334f5e2a956d.jpg,1.0
cl6m1c3ae003j8w553eyv5bne_2_FALSE_COLOR_jpg.rf.e75b92ef1bb97e0de1d95214d4082d8f.jpg,1.0
cl6b4y3qb001rl4553jovdn3c_2_FALSE_COLOR_jpg.rf.e6c2a1114fae5e98b593d29b70132eb6.jpg,1.0
cl6lsv1l5001u8w55aryp0azo_1_TRUE_COLOR_jpg.rf.e75f8258b6d86fcc033f862ca3bcc33a.jpg,1.0
cl6kjmnc9001s8w5537ayhyay_6_SWIR_jpg.rf.e72a727baa0be50345efcbfea00ca2e6.jpg,1.0
cl6m10azo00328w550q5i0wyx_1_TRUE_COLOR_jpg.rf.e75a11e6913b7c6d202783a435eedff7.jpg,0.0
cl6kinecw000e8w551c8r9tyn_1_TRUE_COLOR_jpg.rf.e754314282999e9ebaa5124e13482723.jpg,1.0
cl6chxgc300cvl455h1z60m0l_4_FALSE_COLOR__URBAN_jpg.rf.e6f0a1a9c03f616aafa3b0f1900960a8.jpg,1.0
cl6ki3fbe00018w55146m86ja_6_SWIR_jpg.rf.e709805b610742f6b5029fee491f6a6d.jpg,1.0
cl6oct90r000fao553xkha255_2_FALSE_COLOR_jpg.rf.e775abe271758e21f9becbf9d4be7eb0.jpg,1.0
cl6b5yjxa005nl45516k465kb_6_SWIR_jpg.rf.e72d6e1e3ecdb835e7dc9910b8b2612c.jpg,1.0
cl6oq8ags008mao55b74o6kch_1_TRUE_COLOR_jpg.rf.e65af91ce3618f00286cd08a966bf512.jpg,1.0
cl6csjvur00fjl455ati39b6k_6_SWIR_jpg.rf.e6c36ad3fbce2d8a8ae3f64cde1c8e13.jpg,1.0
cl6b71u9c008ql4552c2n4uf8_2_FALSE_COLOR_jpg.rf.e75bf94d6297488cf5c9131b885cf2ed.jpg,1.0
cl6oiz4yx0040ao55gbep3evs_2_FALSE_COLOR_jpg.rf.e71662c9b4e708d37730252b21936058.jpg,1.0
cl6okbkxz005xao55cwhm56ie_4_FALSE_COLOR__URBAN_jpg.rf.e7703fe5de29964ab3561176d82fae27.jpg,1.0
cl6oczv08000vao5578u77ztd_1_TRUE_COLOR_jpg.rf.e77c2a7f4d1d4f00b43c0c773b05255e.jpg,1.0
cl6cswevu00gbl45556scbr9n_4_FALSE_COLOR__URBAN_jpg.rf.e6d41c82ee1abf95e3812e61746be088.jpg,1.0
cl6oix6p8003xao558gep7jfa_2_FALSE_COLOR_jpg.rf.e7773f961d68f0f7ed12798503d23d26.jpg,1.0
cl6ci1hel00d4l4557row61tz_4_FALSE_COLOR__URBAN_jpg.rf.e75ee59c82d319e89cf54f2d83c954b8.jpg,1.0
cl6e0k0280013gk550nd9grxm_4_FALSE_COLOR__URBAN_jpg.rf.e79fa3043a76766eab5b03745b50fab4.jpg,1.0
cl6b6dmty0071l455668oabtj_6_SWIR_jpg.rf.e7ce762e82b8effc8aafb21ccc4809db.jpg,1.0
cl6b746nn0091l4556dgg9xwd_1_TRUE_COLOR_jpg.rf.e7964893f7554352dcf977d1acf8684a.jpg,1.0
cl6e1vti2001lgk558oznamsf_6_SWIR_jpg.rf.e79667efbc3aed682fcd6c20b84f6aaa.jpg,1.0
cl6oqm42o0091ao5554tdbtq5_2_FALSE_COLOR_jpg.rf.e794134d4bf689717b23455120c003d7.jpg,1.0
cl6m10x9x00348w55h67q3hes_2_FALSE_COLOR_jpg.rf.e7a14e824b77e23bc9c1fdbfc86607fb.jpg,1.0
cl6cgtnl200bll4552u3y49k7_4_FALSE_COLOR__URBAN_jpg.rf.e7de7256cea2c3fc7bf5fbfdf454db49.jpg,1.0
cl6cgeaqz00aul4553pd8gh18_6_SWIR_jpg.rf.e7e4ef95cd183f1a67e9a6ac451e8aa1.jpg,1.0
cl6b7640j009bl455ash2ahqi_6_SWIR_jpg.rf.e7ba514a141eb1baf0873ad3e0a282cd.jpg,1.0
cl6ltn677002k8w558nwy0yql_4_FALSE_COLOR__URBAN_jpg.rf.e7ec0c7bfa07f653992072be1c2e4e28.jpg,1.0
cl6ou6sxn00a6ao555hql3vsm_6_SWIR_jpg.rf.e7d2c4f3a953c179b1a8a0d0cccd229a.jpg,1.0
cl6b6zaju008ll455bbu9506q_4_FALSE_COLOR__URBAN_jpg.rf.e7f897075bef7618751618e82a7ce26d.jpg,1.0
cl6b55npu002gl4553f5c3lj0_2_FALSE_COLOR_jpg.rf.e7c41dae42c87ff624a2daae287d9b75.jpg,1.0
cl6m1bogh003h8w553evr8lfd_4_FALSE_COLOR__URBAN_jpg.rf.e8378caeca3bc3afcf429e988e8f9602.jpg,1.0
cl6b6s1o1007vl455511lek8y_6_SWIR_jpg.rf.e7b53bcc1f1bb0408656bf45e20e982f.jpg,1.0
cl6opwgvl0080ao553w5rcwez_1_TRUE_COLOR_jpg.rf.e7f0dacbab6f2560b49042a3bbde5969.jpg,1.0
cl6b5x63r005il4551chxdt93_1_TRUE_COLOR_jpg.rf.e83ee26368a40e330efdbc994479fc8f.jpg,0.0
cl6oubpv600ahao554abdcshr_1_TRUE_COLOR_jpg.rf.e789949e86463702c0ca540dbed2f546.jpg,1.0
cl6op7ba0006mao558jkudmdk_2_FALSE_COLOR_jpg.rf.e7b826afcd19d5cb8de25aeb2b501394.jpg,1.0
cl6b77p6x009ml45511vm0cp2_6_SWIR_jpg.rf.e83f47557bb1f1e507a9601dddc2527b.jpg,1.0
cl6kf5bk5000fc455brw6a6hw_1_TRUE_COLOR_jpg.rf.e7b9a6a10885611b2ff658d94287d0e9.jpg,1.0
cl6ctczpo00hil4556qoq3h4p_1_TRUE_COLOR_jpg.rf.e8416b4777c471deb5d1cd0efbb68895.jpg,1.0
cl6b4znqq001wl4554xy23bep_6_SWIR_jpg.rf.e7a7627d291458118a85040c99f097f7.jpg,1.0
cl6chl1rg00cbl455e1p5cw7x_6_SWIR_jpg.rf.e8200de8644121356eda038eab72a085.jpg,1.0
cl6b6bser006wl455hj0597rq_2_FALSE_COLOR_jpg.rf.e8003227b2438089603f945609c0b53e.jpg,1.0
cl6b77p6x009ml45511vm0cp2_6_SWIR_jpg.rf.e7daade9d98348a01a05eeef2b0011f9.jpg,1.0
cl6kfsx2l001kc455ezxdhkvx_6_SWIR_jpg.rf.e8492d52406e8e2e1ea925fc0c5acb57.jpg,1.0
cl6b5goei003ql45521jt4njh_1_TRUE_COLOR_jpg.rf.e84441a20e0795e2990e8f12acc959a5.jpg,1.0
cl6ci1vnh00d5l455d4ts3luw_1_TRUE_COLOR_jpg.rf.e8718bcab4e9720ef647aa183a902e6d.jpg,1.0
cl6b4zdn5001ul455acof1e3j_2_FALSE_COLOR_jpg.rf.e85a8865703720f8d8d251b9b80c1725.jpg,1.0
cl6b75qhp0098l455giwk7bva_4_FALSE_COLOR__URBAN_jpg.rf.e845639af72edd2e797390c79e417029.jpg,1.0
cl6b53k570029l45574z79k7e_4_FALSE_COLOR__URBAN_jpg.rf.e869e92b713d73e137d27c2571a77219.jpg,1.0
cl6odyy4q002mao558oty3tax_1_TRUE_COLOR_jpg.rf.e8b33c09da4f62a18423b24b789d2962.jpg,1.0
cl6b5o2zq004el455548z49am_4_FALSE_COLOR__URBAN_jpg.rf.e8b9b2e9255ca14dae4b52466eeb8400.jpg,1.0
cl6cso4jp00ful45554tn3v0d_6_SWIR_jpg.rf.e8a19517f3add8c31bca915c628c9255.jpg,1.0
cl6cgzgdg00bpl45558h876qp_2_FALSE_COLOR_jpg.rf.e862972511a5c494a119c78221bc5c3b.jpg,1.0
cl6orr67o009yao552re7cwu8_6_SWIR_jpg.rf.e8c0779d38bf719625298b462200fc9c.jpg,1.0
cl6dzjmr4000qhg55bnr2akq0_6_SWIR_jpg.rf.e888e4b09eb7610c7c6d079e5dc4b8c3.jpg,1.0
cl6cso4jp00ful45554tn3v0d_6_SWIR_jpg.rf.e8842f265444ae87cd9b87b619db2859.jpg,1.0
cl6kgeqar002lc455akv50au4_4_FALSE_COLOR__URBAN_jpg.rf.e8877a80203ea8eadd6edd6537cb5172.jpg,1.0
cl6ou6sxn00a6ao555hql3vsm_2_FALSE_COLOR_jpg.rf.e8538b866c0bdc4cd963a6da0f122214.jpg,1.0
cl6dzuimb000xhg552nh5hdd9_4_FALSE_COLOR__URBAN_jpg.rf.e8e2a17a7092103168326f2a915c1679.jpg,1.0
cl6oikce00039ao55em2efcah_1_TRUE_COLOR_jpg.rf.e8d7aa35c937373d380d248f389c5f52.jpg,1.0
cl6oj7z2w004fao5547tp6hl2_2_FALSE_COLOR_jpg.rf.e8e18fd0458c00a7519db44cb83ce4df.jpg,1.0
cl6opucm6007vao553ut5eta8_4_FALSE_COLOR__URBAN_jpg.rf.e88eebde7dce736e3655a1d71d3ae331.jpg,1.0
cl6opk4x8007bao55eu7bc5vk_2_FALSE_COLOR_jpg.rf.e8adbd830c5aaba02d68e2e69241f8af.jpg,1.0
cl6b029x70000l4556t6r3w8m_1_TRUE_COLOR_jpg.rf.e8c23b06a597b3be9721988d5de72495.jpg,1.0
cl6b02sgp0001l4552wwg1go7_2_FALSE_COLOR_jpg.rf.e8c8924eda7ee2ea320a6855340467e8.jpg,1.0
cl6oq26pe008eao55afu47fi0_1_TRUE_COLOR_jpg.rf.e8cac76544b9fb93be3ccf80faab5278.jpg,1.0
cl6kgnh9k0030c455dtnabosj_1_TRUE_COLOR_jpg.rf.e8c1b079262d26aa023acb8f60ec28a4.jpg,1.0
cl6azwb8d0001t055d2a160qn_1_TRUE_COLOR_jpg.rf.e8fda0de84138a011d297156164a22c1.jpg,1.0
cl6ch1am000bsl455a0381kr1_2_FALSE_COLOR_jpg.rf.e8fcc899251ce194d00752b25aa40bec.jpg,1.0
cl6kfrfmx001hc455cbojhgeb_4_FALSE_COLOR__URBAN_jpg.rf.e8df981f528eb66973f2ffa7b01e0902.jpg,1.0
cl6b7crtk00a1l4552n2vbda4_6_SWIR_jpg.rf.e9000fbd334c78abe97810e5f48f78eb.jpg,1.0
cl6csygqn00gil4554ynr4r8a_1_TRUE_COLOR_jpg.rf.e8feee77edb7e9161baa9b46e5326591.jpg,1.0
cl6b5c6tw0036l45521p0dl9c_4_FALSE_COLOR__URBAN_jpg.rf.e920cde746f2014b4a31402482103209.jpg,1.0
cl6dxzwc50001hg550uejeken_1_TRUE_COLOR_jpg.rf.e90e628dd4c20e66f68ca57a0cb26677.jpg,1.0
cl6b6djlb0070l455aknp8lu8_1_TRUE_COLOR_jpg.rf.e93edffc3f7a42e6b5cc3a860aa37e3a.jpg,1.0
cl6cpjjol00dsl45581fhfrm9_6_SWIR_jpg.rf.e931f044ef8129e1ae226e0f65aac4e6.jpg,1.0
cl6e08s0e000fgk558toxgj1j_1_TRUE_COLOR_jpg.rf.e926c75b62a2318184fd9c4a42a3a65e.jpg,1.0
cl6b08hbm000gl4558cb0emta_2_FALSE_COLOR_jpg.rf.e90907874e16772dc20f6bda3a80df03.jpg,1.0
cl6oul0ve00axao5549vy6mom_4_FALSE_COLOR__URBAN_jpg.rf.e94c212c1e847bf662df2e5a7ab16fa7.jpg,1.0
cl6kjjetw001m8w557l9r668h_2_FALSE_COLOR_jpg.rf.e939f5463314f35e1339c78acf341641.jpg,1.0
cl6oqq4r40096ao557h69gx2o_2_FALSE_COLOR_jpg.rf.e970887c4b48b033107786e8ba5c1c46.jpg,1.0
cl6cgeaqz00aul4553pd8gh18_2_FALSE_COLOR_jpg.rf.e985350d756632a4199635383aa34b61.jpg,1.0
cl6e2hp3l0025gk55buu53wd8_4_FALSE_COLOR__URBAN_jpg.rf.e98f79b6f5e3bcf53b6f5e1fce65b7fd.jpg,1.0
cl6oqbr98008uao55hhpyg2l0_1_TRUE_COLOR_jpg.rf.e95eaa2d5d61f65d0f889be4bb6d640e.jpg,1.0
cl6opzi7x0089ao55gsrh89x9_4_FALSE_COLOR__URBAN_jpg.rf.e9a1545539c0ef6268379970a327e34a.jpg,1.0
cl6lt41jh00268w55ammyc72e_2_FALSE_COLOR_jpg.rf.e989a7fddbd5e5db508163a61479f82c.jpg,1.0
cl6dydo100003hg55gkkv0c3a_2_FALSE_COLOR_jpg.rf.e9a75f22660cf935ec830f697649a979.jpg,1.0
cl6odm3oj0023ao55641s046f_2_FALSE_COLOR_jpg.rf.e95e36db5888ef5e405e2c9556964b14.jpg,1.0
cl6cpb4b500dbl45509b2egsu_2_FALSE_COLOR_jpg.rf.e9c25e593483274fc927f1eee7f4bcaa.jpg,1.0
cl6b5pr1b004kl455bt93cfs2_4_FALSE_COLOR__URBAN_jpg.rf.e9902b1dda572ca113e6a50662ffd0ee.jpg,1.0
cl6b6uyec0084l4556i8cd4f4_1_TRUE_COLOR_jpg.rf.e9a01625e82918a0987085f6720fcdae.jpg,1.0
cl6kgh8cf002sc4558jry9v2p_4_FALSE_COLOR__URBAN_jpg.rf.e9c1c538256cd97542667c856b230c79.jpg,1.0
cl6oe04jy002pao551fir09my_6_SWIR_jpg.rf.e99391fec8e28cecf9bddfad8a6c5ff2.jpg,1.0
cl6kiujep000k8w552z6ebrxp_4_FALSE_COLOR__URBAN_jpg.rf.e98666e7fe950eeada8d46734a087e49.jpg,1.0
cl6m1h5id00408w55h3u27bzc_1_TRUE_COLOR_jpg.rf.e9d73c137ffffd002c8a1596211de324.jpg,1.0
cl6dydo100003hg55gkkv0c3a_6_SWIR_jpg.rf.e9ca6e0c3ed72be8cc3c6030a6a1d15f.jpg,1.0
cl6kg5b5c0027c455abg328ld_1_TRUE_COLOR_jpg.rf.e9d8ffe61527768a8fb80d8459e5a0cb.jpg,0.0
cl6b05bia0009l4551ymod0pi_2_FALSE_COLOR_jpg.rf.e9e7f1454180e728f864593d8eadfb4f.jpg,1.0
cl6ormdvy009mao551gd3alcq_4_FALSE_COLOR__URBAN_jpg.rf.e98d94f7bae7d989a6a3857438ff4076.jpg,1.0
cl6kgp3b80033c455hm58af2a_1_TRUE_COLOR_jpg.rf.e9c7d0cde53b74793134f461d5b8de77.jpg,1.0
cl6kfnjr50014c4555kd2a1q6_4_FALSE_COLOR__URBAN_jpg.rf.e9ea58c3249a5fc7606fb1a9a95b8f2d.jpg,1.0
cl6kgcddp002gc455ekvaehyc_2_FALSE_COLOR_jpg.rf.ea0f26ad9733802195dc4e61a05b13b5.jpg,1.0
cl6dysxe3000ihg5573nzfbsy_1_TRUE_COLOR_jpg.rf.ea906f62992d1d112d69fff9bc28ad01.jpg,1.0
cl6oj0ggm0043ao55acihdj7s_6_SWIR_jpg.rf.ea23822d8231f6e54ae7df0c5d0d66df.jpg,1.0
cl6kg2ozz0023c455byeq4ye9_1_TRUE_COLOR_jpg.rf.ea1610d40324868e9339a191699ac55d.jpg,1.0
cl6e0c4x3000ngk55c47nhbiz_1_TRUE_COLOR_jpg.rf.ea6462496024b64c6a7604f25895040b.jpg,1.0
cl6od0hgc000yao553kq03tbq_6_SWIR_jpg.rf.ea0021329f7604d23379505356ca5cda.jpg,1.0
cl6b551w3002dl4550lwt59yl_4_FALSE_COLOR__URBAN_jpg.rf.eabaed2dab08ac33e39b805ec4bac4fb.jpg,1.0
cl6ojftwf004vao557igrc357_1_TRUE_COLOR_jpg.rf.eabefec805b124c278dd05fa01644f96.jpg,1.0
cl6ltphn6002o8w55a78j55fa_4_FALSE_COLOR__URBAN_jpg.rf.e9fd50fc4935c5a67d7e801ac1b1ab6e.jpg,1.0
cl6b6eah90074l455hnsyaebx_2_FALSE_COLOR_jpg.rf.ea1f51944d369cfaad10366ad6ad1bfc.jpg,0.0
cl6b09m65000kl455dbrteofg_2_FALSE_COLOR_jpg.rf.ea8fb156935c909ad1af567961ca4eec.jpg,1.0
cl6oivr2z003wao55395g5u07_1_TRUE_COLOR_jpg.rf.ea04f689baac2b70f5342702c8c2b03a.jpg,1.0
cl6oe2xsq002uao554eff2q34_2_FALSE_COLOR_jpg.rf.ea90a58705a0a9e5384830a971d6ce4c.jpg,1.0
cl6csuejr00g9l45566f93g4a_6_SWIR_jpg.rf.eabe80a34a707aeba1dae42c6033f410.jpg,1.0
cl6b6djlb0070l455aknp8lu8_4_FALSE_COLOR__URBAN_jpg.rf.ea64a68eacdd372ba74e953be532d334.jpg,1.0
cl6oujzw400auao55d5qwbeah_6_SWIR_jpg.rf.eab731e4203abfeecb089e71e02ea8a8.jpg,1.0
cl6kj737i000w8w559m2x1ig7_6_SWIR_jpg.rf.eab8cf8d93747ae01be19d03ada67c23.jpg,1.0
cl6oco3m10002ao55ejzs6p2n_4_FALSE_COLOR__URBAN_jpg.rf.e9e7ca4101bf4faa17f69c3d8444e629.jpg,1.0
cl6opn2ws007hao55es3fg6b2_4_FALSE_COLOR__URBAN_jpg.rf.ea453d219233058d4ffae69a30939a66.jpg,1.0
cl6od8bxt001iao55h1ibgqsj_2_FALSE_COLOR_jpg.rf.eaa6c092f224847531b6803d3d24b1ff.jpg,1.0
cl6ci0zpv00d2l455d7qvfvc7_2_FALSE_COLOR_jpg.rf.eaa8495c9fdf9fba12b9b49683ee76ab.jpg,1.0
cl6kjhx3r001i8w550n9zd54y_2_FALSE_COLOR_jpg.rf.ea1ea55830fa3aa5d332fb4ed3926f15.jpg,1.0
cl6kfsx2l001kc455ezxdhkvx_1_TRUE_COLOR_jpg.rf.eaca01a2a4d8b6fce68987a0fa52a97d.jpg,1.0
cl6ct07zx00gll4554jg5b8r4_6_SWIR_jpg.rf.eaea5d058676c6cf381ef046d389cddd.jpg,1.0
cl6b6r87c007tl455508729u4_1_TRUE_COLOR_jpg.rf.eae044d8e457b78eed7d5e02d7e1dd52.jpg,1.0
cl6b6h5fo007bl455669md4vp_4_FALSE_COLOR__URBAN_jpg.rf.eaad55943e0d897aee876cb06dfbec54.jpg,1.0
cl6op4t8q006jao559muv9l5l_2_FALSE_COLOR_jpg.rf.eae3451b764479630a71b114fddf5f38.jpg,1.0
cl6kjdoao00188w55hr8w6a5l_1_TRUE_COLOR_jpg.rf.eacdea3228eb3594548c32c91fb922e3.jpg,1.0
cl6kje1zy00198w55f8ld99tb_4_FALSE_COLOR__URBAN_jpg.rf.eaf6c7bcd92f46e19ea55cc93ee5bd78.jpg,1.0
cl6lt70fh00298w5541ighy5t_6_SWIR_jpg.rf.eb16c640dd44b003ab6304964ae35533.jpg,1.0
cl6ctb1m400hdl4551wz24flk_6_SWIR_jpg.rf.eb017c495a266ec88688eb9b0343252f.jpg,1.0
cl6ok2egr005kao55bv7hfye5_2_FALSE_COLOR_jpg.rf.eb2738cc539c23ed0a980fc445d411bf.jpg,1.0
cl6kgaw2p002bc455hair6q7o_6_SWIR_jpg.rf.eb2cda821e0af8f529e660beeb4ac774.jpg,1.0
cl6b7fkmx00a7l455d75h2co1_4_FALSE_COLOR__URBAN_jpg.rf.eafeea5859a1bc045c045531ad7e084b.jpg,1.0
cl6lszhlb001y8w558epcey2q_1_TRUE_COLOR_jpg.rf.eb0a0004c45513b546227d397c6f3331.jpg,1.0
cl6b5h8hs003sl4559hmj1w9m_4_FALSE_COLOR__URBAN_jpg.rf.eaff1f4526160605fc3b7af68dfcfeaf.jpg,1.0
cl6oim1lr003cao555vs11jcz_2_FALSE_COLOR_jpg.rf.eb025bbd5b3177269ee9408d6859bf41.jpg,1.0
cl6dyl8hm000ahg5552vu7wuo_6_SWIR_jpg.rf.eb2e2e4b61cf35e05f44181009a3eb4e.jpg,1.0
cl6b748ds0092l455b1k2fidy_1_TRUE_COLOR_jpg.rf.eb31af3b51d22270b7327549baa1c52f.jpg,1.0
cl6b4y3qb001rl4553jovdn3c_1_TRUE_COLOR_jpg.rf.eb6562577d20e0fff2a2a56935cd1f67.jpg,1.0
cl6csemjv00fcl455g14q355c_2_FALSE_COLOR_jpg.rf.eb5fc03fd7cba57a79a6b6cc510bf4cd.jpg,1.0
cl6e35mru003cgk559os14r7y_6_SWIR_jpg.rf.eb4f1d1f65d7c1a47fd251b8f9866612.jpg,1.0
cl6ch0lvz00brl455eij38vi0_4_FALSE_COLOR__URBAN_jpg.rf.eb355e5f182be371762944ff7de6d2b1.jpg,1.0
cl6oiiz8r0036ao55b8lt6p4l_2_FALSE_COLOR_jpg.rf.eb48c516417ed509e7b9f68faafd0438.jpg,1.0
cl6ouj4wy00arao551zl9clbo_1_TRUE_COLOR_jpg.rf.eb64acf1e03b59dba83d10d661878247.jpg,1.0
cl6ougtjt00alao5544y198eo_6_SWIR_jpg.rf.eb77cb1e64336ddef2bdd241b221a95a.jpg,1.0
cl6b7as54009yl455ag52hzr2_6_SWIR_jpg.rf.eb61aa57a267b6d512e52ff49474bf87.jpg,1.0
cl6e0gykm000wgk551za948b3_1_TRUE_COLOR_jpg.rf.eb47fd1889123362478ee1275309c9a8.jpg,1.0
cl6kfa8f2000vc45526s9431c_1_TRUE_COLOR_jpg.rf.eb9b7981281099fd91c51919ed6e7e53.jpg,1.0
cl6b5ei80003jl45568eh02jo_6_SWIR_jpg.rf.eb84aa10ee1d32e26ec2f9297258e680.jpg,1.0
cl6css50j00g3l4552tvg839m_6_SWIR_jpg.rf.eb676414fd4422945d7c6b4ecf933d24.jpg,1.0
cl6ki7l6900048w55hs8c6nwt_4_FALSE_COLOR__URBAN_jpg.rf.eb855c3f747b04fb2318cc7ffd567fb5.jpg,1.0
cl6oix6p8003xao558gep7jfa_4_FALSE_COLOR__URBAN_jpg.rf.eb3b9a957fc032991532cafcb3ec46a4.jpg,1.0
cl6kf8i8i000pc455cr9ueit3_1_TRUE_COLOR_jpg.rf.ebcac45793243da200b66da050f0d2d8.jpg,1.0
cl6ojevvt004uao55432mcnea_1_TRUE_COLOR_jpg.rf.ebb73a1cef5959bc0c6aec6bb95b5b9b.jpg,1.0
cl6ltc7lo002h8w556xm59h02_1_TRUE_COLOR_jpg.rf.ebc089b7a30acddc273cbe088100f054.jpg,0.0
cl6b0797l000fl4556jpv3nqd_4_FALSE_COLOR__URBAN_jpg.rf.ebe83a2c8b6c4911ba44eba879bafe2f.jpg,1.0
cl6kj737i000w8w559m2x1ig7_6_SWIR_jpg.rf.ebd401c8d819918fe18b6c117ab34afc.jpg,1.0
cl6kgj08y002wc455bqfpd8bd_2_FALSE_COLOR_jpg.rf.ebba07091999036f00c206db6eac52f8.jpg,1.0
cl6orpl93009tao552w0p7urd_1_TRUE_COLOR_jpg.rf.ebe298f5d762eae194e8b1d1f2368406.jpg,1.0
cl6b63m6b0063l4556zdoe0cc_6_SWIR_jpg.rf.eb9bb9ef5eb69abd55193fd66d2f46e2.jpg,1.0
cl6e1hzlh0019gk555vc2fpgf_4_FALSE_COLOR__URBAN_jpg.rf.ebdf7d07b26e4ad1881a3af9713118c3.jpg,1.0
cl6odfk31001qao557bfi78e5_4_FALSE_COLOR__URBAN_jpg.rf.eb8c22ed6061f703d65464f8918796b3.jpg,1.0
cl6oiv12w003uao55arup9ca6_6_SWIR_jpg.rf.eb90ac21fd429f73607eb24b18cd8061.jpg,1.0
cl6orry9200a0ao559gb82ms0_1_TRUE_COLOR_jpg.rf.ebf34a9ccaf7fc1450fc260df5c12e2d.jpg,1.0
cl6m1aj68003d8w55e8c3aim3_2_FALSE_COLOR_jpg.rf.ebe913fafedabead605ebf3e8d35f69e.jpg,1.0
cl6cteplg00hkl4551scr5fko_6_SWIR_jpg.rf.ebf8ed248c916d93db3f745643a3cdbd.jpg,1.0
cl6azt6c90001go55dv661od3_1_TRUE_COLOR_jpg.rf.ec1ffb92f7a388b30ef3524ed21c4b32.jpg,1.0
cl6kf7tlh000mc4553at3gkgd_4_FALSE_COLOR__URBAN_jpg.rf.ec0429bb3c54c0de8f307977ccdc479b.jpg,1.0
cl6dy9kzz0002hg55bc0s18ph_6_SWIR_jpg.rf.ec1abdde9d0b631aa6a0bb15248c49a6.jpg,1.0
cl6oplsq0007fao556ul723tq_6_SWIR_jpg.rf.ec330e581e392d2521a4a78ed6ad2370.jpg,1.0
cl6kfy9v8001vc4559ubi2rde_4_FALSE_COLOR__URBAN_jpg.rf.ec5b23f6f44767dad13f58b41a33913f.jpg,1.0
cl6op8sl6006pao550i549q63_4_FALSE_COLOR__URBAN_jpg.rf.ec3d12b4b2cbe6d5fd20b6194700c56e.jpg,1.0
cl6opq0g0007mao556zsr2z59_6_SWIR_jpg.rf.ec2dbf63bde6a0505dc38b973678985e.jpg,1.0
cl6ou3smf00a2ao5558m96qu2_1_TRUE_COLOR_jpg.rf.ec3cbe17f3fa50d1d41cf1b96666436b.jpg,1.0
cl6cs00tw00eel455eivc6jwi_1_TRUE_COLOR_jpg.rf.ec9c8d3c38319987322e915bf3a8504e.jpg,1.0
cl6opthke007tao557hsthpgq_1_TRUE_COLOR_jpg.rf.ec2b617ed49f55f0c874c51411d29ddb.jpg,1.0
cl6ocy9ma000qao55g73m5yl6_6_SWIR_jpg.rf.ec76f49a53d33c34e26b323209a4348d.jpg,1.0
cl6e2m95l002ggk55a3eefylp_4_FALSE_COLOR__URBAN_jpg.rf.eca980a9eb2fd6e7482ee31e1b2fc709.jpg,1.0
cl6e2jm3i002agk55fcue8lsk_4_FALSE_COLOR__URBAN_jpg.rf.ec44332c19418b4a21f640c89f628e11.jpg,1.0
cl6cs4y6q00evl455d2lfbj1u_2_FALSE_COLOR_jpg.rf.ec973c0907212b5240312d812c965e8c.jpg,1.0
cl6kfnwqd0015c455cssv4ha4_4_FALSE_COLOR__URBAN_jpg.rf.ec7311d9d50f4374022520e58af2e946.jpg,1.0
cl6e0dypj000qgk55gndm8q3o_2_FALSE_COLOR_jpg.rf.ec54024797243856f11eedf928e656d2.jpg,1.0
cl6azwb8d0001t055d2a160qn_6_SWIR_jpg.rf.ec3332bd002235a2bc832713d99c05d9.jpg,1.0
cl6b08qce000hl455fod5abjo_4_FALSE_COLOR__URBAN_jpg.rf.eca49aeeb27e6100a5db5dd932842811.jpg,1.0
cl6cgns8a00bel4558yfqfdjw_4_FALSE_COLOR__URBAN_jpg.rf.ec3efd0cc277307c037c20eaf19d2858.jpg,1.0
cl6lt41jh00268w55ammyc72e_4_FALSE_COLOR__URBAN_jpg.rf.ec542699967866aae36eb2676a3432f2.jpg,1.0
cl6b71dky008pl4551u1e28u1_1_TRUE_COLOR_jpg.rf.ec6af3f6ae4868f41fbe48b2ebd99686.jpg,1.0
cl6oqnqlp0094ao552kce2cqa_1_TRUE_COLOR_jpg.rf.ecc10941f91f161af4279e19c9c6453e.jpg,1.0
cl6ctquqv00i6l4554a2rdn94_6_SWIR_jpg.rf.ec5926e8f3cdd7a8ff311bf8599f7bcf.jpg,1.0
cl6b65ksg0069l455f4od44cb_2_FALSE_COLOR_jpg.rf.ece9df6d5ec4411c18d918b8a35d5d5c.jpg,1.0
cl6ou7ryz00a9ao554y3uh8jm_6_SWIR_jpg.rf.ec5da7f76a0c453d1ab5ce39310a3dc8.jpg,1.0
cl6e0dypj000qgk55gndm8q3o_6_SWIR_jpg.rf.ecb57e9351adb22c262021b818fe30a0.jpg,1.0
cl6b6xf5u008cl45592go53gy_2_FALSE_COLOR_jpg.rf.ecc594741b0f82280921e5559372553a.jpg,0.0
cl6cs0euj00egl455918xdqll_1_TRUE_COLOR_jpg.rf.ec88aee2eb8caa8ca676294adfa1e0f8.jpg,1.0
cl6op0cny006bao55hefn0jyf_1_TRUE_COLOR_jpg.rf.ecc0f59e9f3255b851255a2537d25af3.jpg,1.0
cl6kjke1w001p8w5502tgdjwv_6_SWIR_jpg.rf.ec7531f4f7d69131ba8c35e612c3ba93.jpg,1.0
cl6chumom00col4556jyfb7a5_1_TRUE_COLOR_jpg.rf.ece6a58d26ba749aa72a430861de543a.jpg,1.0
cl6okb25a005wao558pj4ejty_1_TRUE_COLOR_jpg.rf.ecfcf128d5bf0bca755dba7330696eaa.jpg,1.0
cl6ocrb1o000aao55gcaec62b_1_TRUE_COLOR_jpg.rf.eccac2724effff80200c9fcc0b4a39ae.jpg,1.0
cl6kgjivy002xc4559k1m5r9y_6_SWIR_jpg.rf.eceb9f745ca46198b5a3eabd7f723739.jpg,1.0
cl6b70r7i008nl455av4ufqdo_6_SWIR_jpg.rf.ecf699a9b9338150dd300fdf1efba622.jpg,1.0
cl6csemjv00fcl455g14q355c_1_TRUE_COLOR_jpg.rf.ed0638289385cfd346542bd69d4e2469.jpg,1.0
cl6opag1s006tao55h8pkceie_4_FALSE_COLOR__URBAN_jpg.rf.ed018250e8e688d167dc8b1c8cd9e6ce.jpg,1.0
cl6kj7d6l000x8w55cwtv1hfp_1_TRUE_COLOR_jpg.rf.ed01a39a3ccbe405df8a3492fa9edf09.jpg,1.0
cl6cgepys00avl455d8q7b602_4_FALSE_COLOR__URBAN_jpg.rf.ed22b96a51ff236b65a194d93dfaa9ad.jpg,1.0
cl6b5o2zq004el455548z49am_1_TRUE_COLOR_jpg.rf.ed46ba1ace2d6bc777ac225370504c73.jpg,1.0
cl6b7g1w400a8l455eezq0iqb_1_TRUE_COLOR_jpg.rf.ed1b1c6600375e545f49558efd87d541.jpg,1.0
cl6ltuz3i002x8w554lrq3tnc_2_FALSE_COLOR_jpg.rf.ed14d7f04b06ef79dda8012b16d5c62a.jpg,1.0
cl6ocun81000iao55010uhpce_1_TRUE_COLOR_jpg.rf.ed5172ded73bf4429f23fab0eb43b0ed.jpg,1.0
cl6oozv0s006aao55aqm71ih3_1_TRUE_COLOR_jpg.rf.ed3df5ad6923d44cac49271c4ed550da.jpg,1.0
cl6chumom00col4556jyfb7a5_1_TRUE_COLOR_jpg.rf.ed5e3f747a2dde61ae1c9c221f447ace.jpg,1.0
cl6cskhdp00fml4550oip27vq_1_TRUE_COLOR_jpg.rf.ed1af5e141b7e23d38753f6e0974084f.jpg,1.0
cl6e2cyo5001ugk556dvqc83s_6_SWIR_jpg.rf.ed6a727820a98e7abb49d559de1b3a78.jpg,1.0
cl6cgfb7300axl455efzk80f6_6_SWIR_jpg.rf.edbbd8cb8928c5859887584dbe862e4a.jpg,1.0
cl6b5j7l8003yl455e8lo7mre_2_FALSE_COLOR_jpg.rf.ed33db770deacc15610bddf2399618cb.jpg,1.0
cl6ocmhv80000ao55b7ybfzf5_2_FALSE_COLOR_jpg.rf.ed93fc854523cee72a5ae3976622e62f.jpg,1.0
cl6oqwja8009cao553jcuagut_4_FALSE_COLOR__URBAN_jpg.rf.ed63bd854337587b146d5732abb30c57.jpg,1.0
cl6lt2u1a00238w55htxpag7p_2_FALSE_COLOR_jpg.rf.ed62097695ae50c1283cca6acd276041.jpg,1.0
cl6e0m79h0016gk5553pj46h0_6_SWIR_jpg.rf.ed44da8801451c5e6e4ddfe5e44ddf3d.jpg,1.0
cl6e3den6003ogk552zqffgtp_2_FALSE_COLOR_jpg.rf.ed9ce508da9fe644067a4b12e895987a.jpg,1.0
cl6opr2a8007pao556ffeh9fl_1_TRUE_COLOR_jpg.rf.ed5c3ec56a9d230cc1e0c84f2ddc3beb.jpg,1.0
cl6okbxd2005yao551huyeqkl_2_FALSE_COLOR_jpg.rf.edcb8bba8f371861e02f49798598ef33.jpg,1.0
cl6ct6g9a00gzl4555brigazi_6_SWIR_jpg.rf.edc77f664f4923bb2232fe1009fe3f11.jpg,1.0
cl6chkc4400cal4551mau76ln_1_TRUE_COLOR_jpg.rf.edcd015fdbf0d1425988c6d77a301f51.jpg,1.0
cl6orqkwo009wao55euf3d9vn_6_SWIR_jpg.rf.eda665f08c88bfc56373586623493143.jpg,1.0
cl6dzjmr4000qhg55bnr2akq0_6_SWIR_jpg.rf.edc2a678f8f378e55cb78912b4271208.jpg,1.0
cl6dzx0z8000zhg55h3no3zv0_6_SWIR_jpg.rf.edf005bd8f1cd48341ca13ead738fb2b.jpg,1.0
cl6m1fco6003v8w558h0s1dhz_1_TRUE_COLOR_jpg.rf.edd6a3803b5c50b67857d27fd6695348.jpg,1.0
cl6e3den6003ogk552zqffgtp_1_TRUE_COLOR_jpg.rf.ed968d9e3068dadf4f224e1da78789aa.jpg,1.0
cl6e03vbi0004gk55g1k665dy_6_SWIR_jpg.rf.ed7cdec8fe88799aad251a5039e4c559.jpg,1.0
cl6kj5gsh000q8w55a8xmdixf_1_TRUE_COLOR_jpg.rf.edf7e58d589b16372519737a74d33760.jpg,1.0
cl6e2zlv2002rgk552w2ve4ev_2_FALSE_COLOR_jpg.rf.ededd219bb886e98fdedf4ca0e9e2f6b.jpg,0.0
cl6b6wb2i0088l455ep6cb4cd_2_FALSE_COLOR_jpg.rf.ede2722942b860f16d8a4d78a7600f80.jpg,1.0
cl6kfzb24001zc4555e770ib2_4_FALSE_COLOR__URBAN_jpg.rf.ee24eeb7e1bfbf894a7bfccfc4ed8023.jpg,1.0
cl6kjhhl5001h8w55fo1v1vqs_4_FALSE_COLOR__URBAN_jpg.rf.edfccaf95b42dca2bcbacd0266005e8f.jpg,1.0
cl6dzkzi2000shg55gijfezk9_6_SWIR_jpg.rf.ee1f815a3cb52366210190a2250c51f6.jpg,1.0
cl6ct6g9a00gzl4555brigazi_4_FALSE_COLOR__URBAN_jpg.rf.ee2a9b9bc60b522785a1c59234039df6.jpg,1.0
cl6cs297e00enl455hbtp421f_4_FALSE_COLOR__URBAN_jpg.rf.ee457b05feb7ccca8bbec502f4b1977f.jpg,1.0
cl6ou3smf00a2ao5558m96qu2_4_FALSE_COLOR__URBAN_jpg.rf.ee5d61b0b55d104cbec52f97c259d564.jpg,1.0
cl6e3d4oq003ngk55d297d2jb_2_FALSE_COLOR_jpg.rf.ee72ed2b44be5e6fa36682ec1cafbc9c.jpg,1.0
cl6kiujep000k8w552z6ebrxp_4_FALSE_COLOR__URBAN_jpg.rf.ee730d936471eb03b869143bdad3d540.jpg,1.0
cl6e0jkl30012gk55cttphw3u_4_FALSE_COLOR__URBAN_jpg.rf.ee0d31ec9afa1cb1d926a009a2b687c0.jpg,1.0
cl6ctc4d100hgl455dxjg6vfb_6_SWIR_jpg.rf.ee28908ffbc059958a794d84abe6952b.jpg,1.0
cl6e3hmo90042gk550afsdsxy_1_TRUE_COLOR_jpg.rf.ee2fccd48ba3b163fc42827703944c50.jpg,1.0
cl6cte7ud00hjl455f3v1es6e_1_TRUE_COLOR_jpg.rf.ee99f1e04b6a01c7e0b57c17064daeba.jpg,1.0
cl6b652mi0068l4552keu9loj_4_FALSE_COLOR__URBAN_jpg.rf.ee3c0793215dcd1c0412778cab8387bb.jpg,1.0
cl6kj65c0000t8w55cowe4x30_2_FALSE_COLOR_jpg.rf.ee3c1cbc6042a5ad9f34bb2bca8e58b5.jpg,1.0
cl6dygvee0008hg555fvcfnky_1_TRUE_COLOR_jpg.rf.ee696496c09cba291ce47c2c939dadd7.jpg,1.0
cl6e0j0t90010gk557b525asz_2_FALSE_COLOR_jpg.rf.ee91b6b00909b0761ebda9dbed0766e3.jpg,1.0
cl6ct101m00gml455hllggu82_1_TRUE_COLOR_jpg.rf.ee860987d139940f267194efc0d25c21.jpg,1.0
cl6ocsssy000eao55ep2v2ijm_2_FALSE_COLOR_jpg.rf.eeb24f5d856995974538bf935893dce6.jpg,1.0
cl6cgtahv00bkl455hcmk9cn1_2_FALSE_COLOR_jpg.rf.ee52f27ae91e3efd69cd3e56bd2fc5e5.jpg,1.0
cl6e0f0n9000tgk5558yt7tyl_4_FALSE_COLOR__URBAN_jpg.rf.ee918fdc0ac1f67d590add49acab1522.jpg,1.0
cl6ltqxhj002r8w553as9ee8t_6_SWIR_jpg.rf.ee50e4cd04191f21227a2e0d9e4a815b.jpg,1.0
cl6ou7gn700a8ao551bbh5gaq_1_TRUE_COLOR_jpg.rf.ee39272e6f32e8abf875b1d4e802dfc0.jpg,1.0
cl6dzx0z8000zhg55h3no3zv0_6_SWIR_jpg.rf.eeba793632564e76936c6bdc2dac3bc3.jpg,1.0
cl6dxqd4a0000hg55axmt0iob_6_SWIR_jpg.rf.eede1a5664df0421eb8d6afa9c4aec5f.jpg,1.0
cl6b762z9009al4555tw4br78_4_FALSE_COLOR__URBAN_jpg.rf.ee824f7c2a83c5e4c4bbf748d9961ae4.jpg,1.0
cl6b08qce000hl455fod5abjo_1_TRUE_COLOR_jpg.rf.ee4ca6585a2715071b76c3f44b7a9c54.jpg,1.0
cl6kf7mvw000lc455d6b9d062_6_SWIR_jpg.rf.eedf20014a6d99c839caf51185d8ae50.jpg,1.0
cl6e1icq8001agk55c0pe3e5b_6_SWIR_jpg.rf.eefef526284478a849293286433f6d46.jpg,1.0
cl6b5sn8f004xl455a0z7eski_6_SWIR_jpg.rf.eefed97fb64c8863cfb129c8f34be4af.jpg,1.0
cl6dygvee0008hg555fvcfnky_4_FALSE_COLOR__URBAN_jpg.rf.ef03a6eedb574ab515c472c58a1b0de2.jpg,1.0
cl6okf9bk0067ao55bstpe75r_6_SWIR_jpg.rf.eef194c09648fafeba5a3c7a116200ad.jpg,1.0
cl6ojo12l004wao55btps0rwg_4_FALSE_COLOR__URBAN_jpg.rf.eee514b1b0d9b3f8468c4d37f3f8b196.jpg,1.0
cl6oq5o43008lao55fwaycnl7_6_SWIR_jpg.rf.ef3d3d1f88e05dce7b3daba3988bcbc7.jpg,1.0
cl6ojsb1v0050ao55bqfgg51x_2_FALSE_COLOR_jpg.rf.ef40dbafcb63509d3448560d81c06de2.jpg,1.0
cl6kipfwb000h8w55dvnhe43x_2_FALSE_COLOR_jpg.rf.ef25b868912b1208a10c354f150280a6.jpg,1.0
cl6lsygs2001w8w551eungans_2_FALSE_COLOR_jpg.rf.ef68176d3ec71ee485ea0fe9c14a69f9.jpg,1.0
cl6oozv0s006aao55aqm71ih3_6_SWIR_jpg.rf.ef8b122569cd5083cb537329b48a115f.jpg,1.0
cl6opgi3y0076ao555l7p203p_2_FALSE_COLOR_jpg.rf.ef3f8a0836bb6ec3fcea3a1f8982cf4f.jpg,1.0
cl6e09hxf000hgk559x18fvg8_6_SWIR_jpg.rf.ef8e2b86676dd7a6226e0814b7cc84ba.jpg,1.0
cl6cs21em00eml4555mko22o7_2_FALSE_COLOR_jpg.rf.ef446eb4aacecd52b526cf2ab7a19a21.jpg,1.0
cl6azwb8d0001t055d2a160qn_4_FALSE_COLOR__URBAN_jpg.rf.efa30199c382a9f0ba983f16da5c2997.jpg,1.0
cl6cgh0lk00b3l455a01o4mrg_6_SWIR_jpg.rf.ef7e7e6ef6b4c1b4458e67d6523c95d7.jpg,1.0
cl6ouls6z00ayao55bf2p0x2k_6_SWIR_jpg.rf.efbbb574b72a2b21098dc9566ce5f30e.jpg,1.0
cl6kf5xzo000gc4552qc8hhcc_1_TRUE_COLOR_jpg.rf.ef9bf9b2f361fbcbd23432682e73dea0.jpg,0.0
cl6m1j54d00438w55fkud4oug_6_SWIR_jpg.rf.efa9eb698c2dc4e3dc55bc0fa6dd16e4.jpg,1.0
cl6ojowwz004yao55hvwldnc2_2_FALSE_COLOR_jpg.rf.efad0b6f79b18b04cea570ca5508fe41.jpg,1.0
cl6kj65c0000t8w55cowe4x30_4_FALSE_COLOR__URBAN_jpg.rf.ef8fca600a215afb0e477f34f13c9955.jpg,1.0
cl6oiojdm003hao55geo24bj6_2_FALSE_COLOR_jpg.rf.efbe603a5c8674a75986bfbe3f5de167.jpg,1.0
cl6dzs6a4000vhg55f52u2xze_6_SWIR_jpg.rf.ef263fcfde516f3d6204d1b604843cb3.jpg,1.0
cl6cgftp700azl455a3ylbfp5_1_TRUE_COLOR_jpg.rf.ef843d4c002a0943dba4fa51c2a9f5dd.jpg,1.0
cl6b76n2v009fl455ajbx914d_4_FALSE_COLOR__URBAN_jpg.rf.f03dd6299f189db1539c323b00f9d71e.jpg,1.0
cl6oprerh007qao550eopgo74_2_FALSE_COLOR_jpg.rf.f008443e5328b987e53c68d41014e60e.jpg,1.0
cl6kfa8f2000vc45526s9431c_4_FALSE_COLOR__URBAN_jpg.rf.f01ae44d1dbf2916a8e3fc9a39869dea.jpg,1.0
cl6cthshy00hql4559om2e79b_4_FALSE_COLOR__URBAN_jpg.rf.efd0911e1b08d478c49f0b7672341d2d.jpg,1.0
cl6ocx87y000nao554f3ig67h_1_TRUE_COLOR_jpg.rf.eff0a6b34b8de2074f34cac9f9215f90.jpg,1.0
cl6oips2c003kao559sp4fuwd_6_SWIR_jpg.rf.efd55c53ff490a1b885913797eb79952.jpg,1.0
cl6orry9200a0ao559gb82ms0_1_TRUE_COLOR_jpg.rf.eff7785953024ab51d0d2185d36ba243.jpg,1.0
cl6odg2fc001rao557orb0ee5_2_FALSE_COLOR_jpg.rf.f0401dd5b2cabdbb1e668e51e20c347a.jpg,1.0
cl6chnfxe00cgl455cg8v02rb_4_FALSE_COLOR__URBAN_jpg.rf.f02d67884ad1edf0768408730075df51.jpg,1.0
cl6od3yri001cao55gifvaizk_2_FALSE_COLOR_jpg.rf.f05e814bc662ed5e3c2aec0deead8b6d.jpg,1.0
cl6oq5emc008kao557aa7arvw_1_TRUE_COLOR_jpg.rf.f031f97ebf9ba387d0b86a268ac3be5a.jpg,1.0
cl6ok33x3005lao555fmcbrr8_1_TRUE_COLOR_jpg.rf.f018951bb401fc9ea75fa52ad476a97f.jpg,1.0
cl6cs21em00eml4555mko22o7_2_FALSE_COLOR_jpg.rf.f05493d029bf60188d712f2bd9c8e23e.jpg,1.0
cl6b6nafs007ml4558op181ff_2_FALSE_COLOR_jpg.rf.f07db997081fb43d6e5ddb0f82ec83cf.jpg,1.0
cl6b6iwdg007el455ep3ab8br_4_FALSE_COLOR__URBAN_jpg.rf.eeece037134ca4bd17fda4a89aa4522c.jpg,1.0
cl6ctmr0300hzl4556sau1m41_2_FALSE_COLOR_jpg.rf.efdb5a6229cbdf84f70a4849fa9415e3.jpg,1.0
cl6opx5vv0082ao55dx8j73xn_1_TRUE_COLOR_jpg.rf.f08385742f207df7452920a040f51546.jpg,1.0
cl6kfci270010c45580qyfo1k_6_SWIR_jpg.rf.f087079e50decadb886ba6f3f9d8e689.jpg,1.0
cl6od8ws9001kao558u2r832i_4_FALSE_COLOR__URBAN_jpg.rf.f0660518ed48b9fcd4d17cc26ad18a28.jpg,1.0
cl6b7bt0y009zl455397c4vju_6_SWIR_jpg.rf.f089439ba3e225f57c7e84f32b2ab12f.jpg,1.0
cl6b71dky008pl4551u1e28u1_4_FALSE_COLOR__URBAN_jpg.rf.f08b42cd06b87664a1857c7171afa586.jpg,1.0
cl6b5k38g003zl455bgtd1317_6_SWIR_jpg.rf.f04d4944cacf318b3bdc8e58c5b1c741.jpg,1.0
cl6b5lfqn0043l455544gg2zx_6_SWIR_jpg.rf.efc1a874773fe8410559327112805273.jpg,1.0
cl6e3bzkq003kgk550ppl67ww_2_FALSE_COLOR_jpg.rf.f080f15fe03b4a7ece13b71afa85669b.jpg,1.0
cl6kgmrej002zc455a27d973q_1_TRUE_COLOR_jpg.rf.f0885d95448384e9f4ae731b27e567f4.jpg,1.0
cl6e1n8j9001cgk55bhebb6fp_2_FALSE_COLOR_jpg.rf.f0a5c557269c9c162107e79243bf483d.jpg,1.0
cl6cgftp700azl455a3ylbfp5_2_FALSE_COLOR_jpg.rf.f0ab843a78837ec01bca5df3c56b2ece.jpg,1.0
cl6ocw54k000kao554ryq6ukn_1_TRUE_COLOR_jpg.rf.f0acb6cecf4dcea462beeb5143fa9733.jpg,1.0
cl6ougtjt00alao5544y198eo_2_FALSE_COLOR_jpg.rf.f0b598d720a8913c9a311ec8ef54db96.jpg,1.0
cl6b60nkh005vl455dzr44i2o_4_FALSE_COLOR__URBAN_jpg.rf.f101d8a490da61a1dd97a9eb1992c530.jpg,1.0
cl6odkye9001yao55bl6y87ra_1_TRUE_COLOR_jpg.rf.f11de6f97a7c4657c398513f084c166a.jpg,1.0
cl6oj9ml8004jao55bfvl5xnu_1_TRUE_COLOR_jpg.rf.f0ff6cf94ab91a431b79f507bfba7e53.jpg,1.0
cl6od5fxe001dao55dwsx001s_2_FALSE_COLOR_jpg.rf.f13c81544b711a62bbc1a44afc954aa0.jpg,1.0
cl6ojevvt004uao55432mcnea_6_SWIR_jpg.rf.f0fca817b120a48d73b7682cf06a95ef.jpg,1.0
cl6odx8ff002jao5531b01e4o_6_SWIR_jpg.rf.f0d4302d80a36729e769b1eaa0c02130.jpg,1.0
cl6ltqxhj002r8w553as9ee8t_6_SWIR_jpg.rf.f0e8395992f2c1d34fb46ef9100ac495.jpg,1.0
cl6kgm9qr002yc455g5qs87kz_6_SWIR_jpg.rf.f155f3d46a3c9017117e9c6f921f8011.jpg,1.0
cl6lsygs2001w8w551eungans_4_FALSE_COLOR__URBAN_jpg.rf.f105df6359b6d17a75902d8e0b568803.jpg,1.0
cl6b5amhu002yl455ge4y545t_1_TRUE_COLOR_jpg.rf.f14a554b1797bd45a7f0c6ddece6eb25.jpg,1.0
cl6kftq9a001nc455a3108dvr_6_SWIR_jpg.rf.f09cf87f827f565cac5e38546b63d433.jpg,1.0
cl6cpao9l00dal4553toud4ix_2_FALSE_COLOR_jpg.rf.f0dcf2b097dd69b5d0ffecef370ff27d.jpg,1.0
cl6ch7vs700c0l4550a8j565q_1_TRUE_COLOR_jpg.rf.f10a2838dcde67d8ed66a26dc68a076f.jpg,1.0
cl6op61od006kao558qpbabp6_1_TRUE_COLOR_jpg.rf.f12ab7de3f1aa93139086ba47a60fb69.jpg,1.0
cl6b733er008ul45506zm5sh8_2_FALSE_COLOR_jpg.rf.f13062741808dc2388b83022392ca51f.jpg,1.0
cl6ct6g9a00gzl4555brigazi_1_TRUE_COLOR_jpg.rf.f177724ec449785b647b24f6ee709d7c.jpg,1.0
cl6b5l3lm0041l45509eycth4_2_FALSE_COLOR_jpg.rf.f16a01cf8d94f5bf71f8c2491a57ade0.jpg,1.0
cl6cgdbl900asl4551u073cce_2_FALSE_COLOR_jpg.rf.f16dbfb5412799729fe92a94d912527a.jpg,1.0
cl6chzpc400d1l455fj3y44xt_1_TRUE_COLOR_jpg.rf.f1672fcc6d9c13a808445f7ee6f03c40.jpg,1.0
cl6kgbl9x002dc4559jl8blf8_2_FALSE_COLOR_jpg.rf.f1632c7f76df2548c0cb2a8b48c4c24e.jpg,1.0
cl6oplars007eao55fno41dzm_1_TRUE_COLOR_jpg.rf.f18292415bbf6c7ec5bc3c0335530eae.jpg,1.0
cl6op4t8q006jao559muv9l5l_6_SWIR_jpg.rf.f05f643bf6add5c37713851805665ea3.jpg,1.0
cl6b748ds0092l455b1k2fidy_6_SWIR_jpg.rf.f18365bc1f17aaff701b9e27536fb9e8.jpg,1.0
cl6b6k5pu007il455f8bp9b5g_2_FALSE_COLOR_jpg.rf.f19310b8b8295b800e5fd7fdf267a4fc.jpg,1.0
cl6b5zpyo005sl455a4tof63y_1_TRUE_COLOR_jpg.rf.f18f47c0db3cff393b650ac40e19eac9.jpg,1.0
cl6b6l171007kl4552zfu0hh5_2_FALSE_COLOR_jpg.rf.f1a14acab0eeffc2ca4a3bdd3fbbf6b8.jpg,1.0
cl6oq5o43008lao55fwaycnl7_6_SWIR_jpg.rf.f1acff9b9bd9fc6e15401db7455bd99a.jpg,1.0
cl6kfmic20013c455dd9jcpm4_1_TRUE_COLOR_jpg.rf.f1d457027c096d13897cd59f31b6c3a7.jpg,1.0
cl6cgghym00b1l455c02jbl7m_2_FALSE_COLOR_jpg.rf.f1eb08c66d4d9d9ddc6c9e2cb7957b11.jpg,1.0
cl6oj142t0045ao551qnd97ci_4_FALSE_COLOR__URBAN_jpg.rf.f1f5cc1e9912455cdfeb5fc193ae0fe3.jpg,1.0
cl6csadov00f6l455ejric5np_1_TRUE_COLOR_jpg.rf.f19992e27a53d01bff94f5a3a7e2aece.jpg,1.0
cl6oqvksq009bao556412da6l_1_TRUE_COLOR_jpg.rf.f1bc62c7f66785abc2aad34a4ed8b02a.jpg,1.0
cl6b57brh002ll4555o3te631_6_SWIR_jpg.rf.f1b9ab753e3f68c76467f62b934a10d8.jpg,1.0
cl6cgs3qs00bil4551v5n3v2h_2_FALSE_COLOR_jpg.rf.f17c6aeafbbee1c97c2f1399686cb5fe.jpg,1.0
cl6cs36yn00eql4559li2cqy1_4_FALSE_COLOR__URBAN_jpg.rf.f22b7e29110a7f64e3e6c80b787fbf7a.jpg,1.0
cl6ojo12l004wao55btps0rwg_4_FALSE_COLOR__URBAN_jpg.rf.f2089f25ef59eb7dee7ea06b019e5c28.jpg,1.0
cl6b5l3lm0041l45509eycth4_1_TRUE_COLOR_jpg.rf.f22c5c5d0e2713fe2b9d444d2ed6cbd2.jpg,1.0
cl6e2gfi00021gk55fq9pdi07_2_FALSE_COLOR_jpg.rf.f233f4de924a029061ab210d3896c51d.jpg,1.0
cl6b5c2sv0035l455962o3knd_2_FALSE_COLOR_jpg.rf.f1f2261becf391d680c55c266a1c1f44.jpg,1.0
cl6ouawpa00afao55g6vh6ctt_6_SWIR_jpg.rf.f20fbee159687e5461833b82c2bb6901.jpg,1.0
cl6kgmrej002zc455a27d973q_1_TRUE_COLOR_jpg.rf.f2435b2e9ac52e6676491f2b6b018fc1.jpg,1.0
cl6oqmixz0092ao550l10dlqc_4_FALSE_COLOR__URBAN_jpg.rf.f21cd2f474e9490e655121fff7a28968.jpg,1.0
cl6cpff5c00dll455ew1ddl1f_4_FALSE_COLOR__URBAN_jpg.rf.f20e57235100de607d7d7c7d81cb73a6.jpg,1.0
cl6oilbwz003bao55ayyaeiti_1_TRUE_COLOR_jpg.rf.f240cfd62748e1248fce5d309c5308a5.jpg,1.0
cl6cgfb7300axl455efzk80f6_1_TRUE_COLOR_jpg.rf.f231bf4656b6f91a95db79253981ced2.jpg,1.0
cl6oivr2z003wao55395g5u07_2_FALSE_COLOR_jpg.rf.f2364844c244ef61f301b42880176dea.jpg,1.0
cl6okdwy00063ao5588jlcglr_1_TRUE_COLOR_jpg.rf.f24b78d1ee23d521077776b1c84fe6a4.jpg,1.0
cl6oj8w06004hao558ky44xei_6_SWIR_jpg.rf.f21ac4d5448af75fcc61ec98252797e8.jpg,1.0
cl6opi0lv0079ao554ptl5yd7_4_FALSE_COLOR__URBAN_jpg.rf.f1f60e473facd901d7a6bbfde250cbe2.jpg,1.0
cl6cgk7k600b5l455ceot4yy5_2_FALSE_COLOR_jpg.rf.f20f1dca0b177bb4b9858fd355f8d05c.jpg,1.0
cl6kfsx2l001kc455ezxdhkvx_1_TRUE_COLOR_jpg.rf.f26b9edf8a56a8ef13956c7b6d276979.jpg,1.0
cl6b6gdyh0079l4555ka0g84o_4_FALSE_COLOR__URBAN_jpg.rf.f2729be8a6c8df6726ec6ce11f81c171.jpg,1.0
cl6kg5b5c0027c455abg328ld_6_SWIR_jpg.rf.f258256018f65c95779376be5e57ce0e.jpg,1.0
cl6e20np5001sgk555chada9l_2_FALSE_COLOR_jpg.rf.f25377aa84bc947f094700edd6cd58ed.jpg,1.0
cl6cg8u0w00ajl455a3ho7vov_6_SWIR_jpg.rf.f270452bd065e0c8c8b2103b5777a209.jpg,1.0
cl6b76u3e009hl455bhpzgyys_6_SWIR_jpg.rf.f2764a5aef6646a7968ed89598dac8c9.jpg,1.0
cl6ctjyc600hul455hxis4621_2_FALSE_COLOR_jpg.rf.f272a2978208e4f10e079c7a3ecbfdca.jpg,1.0
cl6b0hhjo0010l455bbrwenrb_2_FALSE_COLOR_jpg.rf.f27fcd32b2eb5a089ca494b58a207b26.jpg,1.0
cl6ctpy8q00i5l455bf1se2cj_6_SWIR_jpg.rf.f2ba79d9b3f7a1d5310f05e0a26c9f12.jpg,1.0
cl6okcigf005zao55dc0wbjsx_1_TRUE_COLOR_jpg.rf.f281c4899cf18d5fb170284b5ab03977.jpg,1.0
cl6e30lnj002ugk558z8yabbd_4_FALSE_COLOR__URBAN_jpg.rf.f2856d145695b75110e24746776441c6.jpg,1.0
cl6b66ozy006bl45598b863vf_2_FALSE_COLOR_jpg.rf.f288522bae2b1a7dca1e3fbf1797a371.jpg,1.0
cl6ltbirs002g8w55h4yo4v3t_4_FALSE_COLOR__URBAN_jpg.rf.f28a9165f51d522d5e32e71350dfe788.jpg,1.0
cl6b5tf5i0052l4552vkucy9o_6_SWIR_jpg.rf.f31cdd8c9381d1b7930193ef7397c90e.jpg,1.0
cl6e3dpyr003pgk5549kb5vj7_4_FALSE_COLOR__URBAN_jpg.rf.f28bd7310fd8e9cbc7dc9242dbb3b807.jpg,1.0
cl6b5i94f003ul455dplv6fmu_1_TRUE_COLOR_jpg.rf.f322cdb0589f36bb43789e3199186204.jpg,1.0
cl6chm8sy00cel455ckjkfykq_1_TRUE_COLOR_jpg.rf.f28300b8fea1774345f384258796ac1c.jpg,1.0
cl6m1clc6003l8w55ha300f5e_4_FALSE_COLOR__URBAN_jpg.rf.f3115bf906178245b49d81d0ed36f719.jpg,1.0
cl6e0heuk000xgk558bub1o2s_1_TRUE_COLOR_jpg.rf.f323ae1333a43e982379b8609e838e6e.jpg,1.0
cl6ou6f7u00a5ao55h96m1hvj_2_FALSE_COLOR_jpg.rf.f2c9d0cde8354e7bdcf10e8adf790ae8.jpg,1.0
cl6ch417300btl4554l143qop_2_FALSE_COLOR_jpg.rf.f331328e7bf279a95d8a7abfad28f10e.jpg,1.0
cl6opjoc7007aao558i28fuxw_1_TRUE_COLOR_jpg.rf.f2f8d2e3f4e180c9a41955f261a4094d.jpg,1.0
cl6b5x63r005il4551chxdt93_4_FALSE_COLOR__URBAN_jpg.rf.f2a9578089fff1722de362164a10881a.jpg,1.0
cl6ltt1jq002t8w55dvaoeetg_1_TRUE_COLOR_jpg.rf.f2b4888643d17ca9cda8e9420916e26c.jpg,1.0
cl6oe2xsq002uao554eff2q34_1_TRUE_COLOR_jpg.rf.f350f9439c3e34502153711167345b38.jpg,1.0
cl6kf821l000nc4555y4p2rm4_4_FALSE_COLOR__URBAN_jpg.rf.f35a4e64d3924c8214cabf91611c9c44.jpg,1.0
cl6oketxv0066ao558x3xekq7_4_FALSE_COLOR__URBAN_jpg.rf.f31900c66248a8129527df4034ebf1e3.jpg,1.0
cl6dy9kzz0002hg55bc0s18ph_4_FALSE_COLOR__URBAN_jpg.rf.f353193c5dc6c19ab23c8f41fdbc9197.jpg,1.0
cl6ci185e00d3l4552vji3q2k_1_TRUE_COLOR_jpg.rf.f334d588f57e60aed9cc79e09588dd34.jpg,1.0
cl6dzuimb000xhg552nh5hdd9_1_TRUE_COLOR_jpg.rf.f31ffbef7767b5813eafa4d18ee3532a.jpg,1.0
cl6oqbr98008uao55hhpyg2l0_2_FALSE_COLOR_jpg.rf.f282036d15882bc0ec2cc7130eaffde0.jpg,1.0
cl6oivr2z003wao55395g5u07_1_TRUE_COLOR_jpg.rf.f35c899d7b7d57c1b263587ad30ff457.jpg,1.0
cl6e1vti2001lgk558oznamsf_2_FALSE_COLOR_jpg.rf.f3657e37e3519f7622e28cdd18567cb1.jpg,1.0
cl6azt6c90001go55dv661od3_4_FALSE_COLOR__URBAN_jpg.rf.f36ce541ddb041dc2bf8021bc32caca4.jpg,1.0
cl6b52wjd0026l455eje068zk_2_FALSE_COLOR_jpg.rf.f380b99f9e183e6e51c57f8d1ae9b6e6.jpg,1.0
cl6ct1fab00gnl455b6a585vi_1_TRUE_COLOR_jpg.rf.f364459e863a06dd58cf01fb9244a1d0.jpg,1.0
cl6b0hhjo0010l455bbrwenrb_6_SWIR_jpg.rf.f3ab32f1347ecfbb1f99f8e6a8bb3cb7.jpg,1.0
cl6opeibd0071ao55f9t2g6nw_1_TRUE_COLOR_jpg.rf.f3702164bb3b86d408df50325c3782ab.jpg,1.0
cl6b4zqf6001xl455gp6h5ca8_2_FALSE_COLOR_jpg.rf.f34a5d15c7ff06894872a40a3e1fe322.jpg,1.0
cl6oigza00032ao5597wob75w_6_SWIR_jpg.rf.f3ae70d1e0ca5d96a82614d8785d64ec.jpg,1.0
cl6odvzby002gao5534yy1blj_2_FALSE_COLOR_jpg.rf.f3ad399fd39eaf6727e9dbffca119a47.jpg,1.0
cl6b0lf0t0017l4550spldd4v_6_SWIR_jpg.rf.f3cbfece678c22e6af323784b74bed0e.jpg,1.0
cl6b6gdyh0079l4555ka0g84o_4_FALSE_COLOR__URBAN_jpg.rf.f3c59e3d3798338cbc543bb658fc82a3.jpg,1.0
cl6cs64qm00ezl455acru4xkt_1_TRUE_COLOR_jpg.rf.f3e5b2528bd04cd891870eb2da495426.jpg,1.0
cl6ojvzs90058ao55ddizcpuh_6_SWIR_jpg.rf.f3e2ce8f33c99b72628b53ff910db262.jpg,1.0
cl6kiw7u3000n8w555peaa411_2_FALSE_COLOR_jpg.rf.f3d00e1ba816a1fc594b7d7b091351a9.jpg,1.0
cl6kgcddp002gc455ekvaehyc_4_FALSE_COLOR__URBAN_jpg.rf.f3e526d659fff53dbbb70d8cf22adedd.jpg,1.0
cl6b6p96a007ql455cvrh6peg_2_FALSE_COLOR_jpg.rf.f3f6347c5e5479763db8c0d459cd597a.jpg,1.0
cl6kjm7cv001r8w55czzsenxh_4_FALSE_COLOR__URBAN_jpg.rf.f3ec96302157a73d43ca53caa645c81f.jpg,1.0
cl6cse9tv00fbl4552j5aepjj_2_FALSE_COLOR_jpg.rf.f3f76f6b504cfb98f48c31e603def42a.jpg,1.0
cl6b55k98002fl455fxpwaq8j_1_TRUE_COLOR_jpg.rf.f3fc4af2e1bc1a94c52eaa7f2d2e81ce.jpg,1.0
cl6oqrvzj009aao552o4w9gcv_4_FALSE_COLOR__URBAN_jpg.rf.f3b1f9381e38267f4cfc704c67571b41.jpg,1.0
cl6oplsq0007fao556ul723tq_1_TRUE_COLOR_jpg.rf.f3bb7f0960996b59b4aebe5133d864d0.jpg,1.0
cl6b6nafs007ml4558op181ff_4_FALSE_COLOR__URBAN_jpg.rf.f3f363378b314ada68eb7037e0e2a056.jpg,1.0
cl6odousp002aao55gdjlfrxu_1_TRUE_COLOR_jpg.rf.f37f7501aeff9b33e4a5d2ef39e3a26c.jpg,1.0
cl6b5zvva005tl455617x069k_2_FALSE_COLOR_jpg.rf.f3f3e78af4475cd60c0f8caea7af1c9a.jpg,1.0
cl6kjjetw001m8w557l9r668h_6_SWIR_jpg.rf.f4045eebb6e547ca503f9666855d8b3b.jpg,1.0
cl6cpiy1j00drl4557rsw5dzg_2_FALSE_COLOR_jpg.rf.f434c71d93ffe2b88a92dfbfaa04cd0e.jpg,1.0
cl6b55npu002gl4553f5c3lj0_1_TRUE_COLOR_jpg.rf.f4002034b953a88f7bb18acbaab725a7.jpg,1.0
cl6b0blqb000nl455c1ul13y1_4_FALSE_COLOR__URBAN_jpg.rf.f401e91f1e511ed9d6a896aed43472e9.jpg,1.0
cl6ocroz8000bao556vczaflp_4_FALSE_COLOR__URBAN_jpg.rf.f42ba92344d7a8bc962a635479f64429.jpg,1.0
cl6b5t6eu0050l455h25321jn_2_FALSE_COLOR_jpg.rf.f426ce671e652ec2135b7707e93fe2e8.jpg,1.0
cl6kggj9a002rc4556h0x9jxc_6_SWIR_jpg.rf.f40568606ca6c680fcd9db96328d8fcd.jpg,1.0
cl6keyw310001c4551ugx15q5_4_FALSE_COLOR__URBAN_jpg.rf.f439c30f0a881b30594eec0e48b9332d.jpg,1.0
cl6chqhwl00cll4558hnj0glz_4_FALSE_COLOR__URBAN_jpg.rf.f425657f807f48c740dd201653476f22.jpg,1.0
cl6ok8rik005rao5581r9bkn0_4_FALSE_COLOR__URBAN_jpg.rf.f438166e0bbf4f10b9bb79500518fb78.jpg,1.0
cl6odcx12001oao55f8bma9y4_2_FALSE_COLOR_jpg.rf.f440827092113247626be463040a16d3.jpg,1.0
cl6kipfwb000h8w55dvnhe43x_1_TRUE_COLOR_jpg.rf.f43a9e76cca4886be103c1b6ebee7c21.jpg,1.0
cl6b5bl3w0032l4550j2k2te5_2_FALSE_COLOR_jpg.rf.f4109cccb8917845f0299ca2e1824824.jpg,1.0
cl6b67ypc006fl455bt0s8log_1_TRUE_COLOR_jpg.rf.f470a14f97e4b2a532d280ccc71fd687.jpg,1.0
cl6kitrsd000j8w557yff59mf_1_TRUE_COLOR_jpg.rf.f45a744bcb790bcddd0c94966780d045.jpg,1.0
cl6csjvur00fjl455ati39b6k_4_FALSE_COLOR__URBAN_jpg.rf.f4d139221ad9552f239e1895ec9ebf9f.jpg,1.0
cl6ctrmzi00i7l4559u3jhvkt_2_FALSE_COLOR_jpg.rf.f49e50d9dcc9300dbf22e59fafcb8d25.jpg,1.0
cl6dyeg510004hg554xxs8aux_2_FALSE_COLOR_jpg.rf.f4a4dc9243b2d5b272b51687af63c9f7.jpg,1.0
cl6ojuvc30055ao55enk04i13_2_FALSE_COLOR_jpg.rf.f45b3363146ae668b80451ae661b59e0.jpg,1.0
cl6cgepys00avl455d8q7b602_6_SWIR_jpg.rf.f4438e2cedcfd708ba9370d13cbd1ec6.jpg,1.0
cl6opeul20072ao55eq23cssc_4_FALSE_COLOR__URBAN_jpg.rf.f4ebb20d67cbc713f7a80c1981c1c4c5.jpg,1.0
cl6m170d0003a8w5556k5hzhc_4_FALSE_COLOR__URBAN_jpg.rf.f4bdb2eb5a7b60099957bc0c4b231d40.jpg,1.0
cl6b631zg0061l45561v86624_2_FALSE_COLOR_jpg.rf.f48816de41343018c2d44c38d2db9965.jpg,1.0
cl6ok8rik005rao5581r9bkn0_2_FALSE_COLOR_jpg.rf.f48cc5067fd904c535ff40f275364467.jpg,1.0
cl6oduu28002dao550pgs32ff_2_FALSE_COLOR_jpg.rf.f4e375bced88a8a220259ce76c7cdf0b.jpg,1.0
cl6m15k1g00378w559sqfahyu_1_TRUE_COLOR_jpg.rf.f52f7a6ca60d61dbded55b9c345eca88.jpg,1.0
cl6css50j00g3l4552tvg839m_2_FALSE_COLOR_jpg.rf.f47e9d8f95717bfba313cfa92216f2c6.jpg,1.0
cl6oj8j8j004gao559z4qag8f_1_TRUE_COLOR_jpg.rf.f4d3bad0ae7cd7b7ef301a95b7d1f280.jpg,1.0
cl6b0okeb001fl455fgue1wrj_1_TRUE_COLOR_jpg.rf.f514db63bf0b718320cd1e1f85f45241.jpg,1.0
cl6ojcant004qao555opq5lio_4_FALSE_COLOR__URBAN_jpg.rf.f4b5ce08f5f70c0c2310372a6c8f1da6.jpg,1.0
cl6odhcaj001uao552i9j0ykn_4_FALSE_COLOR__URBAN_jpg.rf.f4cbc24e94a98fd8940b4c74a081fe15.jpg,1.0
cl6kf7fte000kc455fwsg3dzx_4_FALSE_COLOR__URBAN_jpg.rf.f537475254b17ddcbe91239ad9d0791a.jpg,1.0
cl6ocpfa50005ao55f4xb2vkl_2_FALSE_COLOR_jpg.rf.f5008f08beff2b0b9fb4ddb60b1d2265.jpg,1.0
cl6oqz7u8009eao55hd74fzt1_6_SWIR_jpg.rf.f470ce24af741c2057fc05161d8bcd38.jpg,1.0
cl6ocu86l000hao5586i77xky_6_SWIR_jpg.rf.f4e41d831e6ecf5185ae06a3b056630f.jpg,1.0
cl6kiw7u3000n8w555peaa411_1_TRUE_COLOR_jpg.rf.f5412f50c651ed068deea8f965c88ff3.jpg,1.0
cl6oj3q5x004aao55ala51kbg_4_FALSE_COLOR__URBAN_jpg.rf.f4c5071014169624481eba143b11b825.jpg,1.0
cl6oqbfvu008tao55bjo50q8p_1_TRUE_COLOR_jpg.rf.f4f8986df89bae7628babea756ce9e15.jpg,1.0
cl6e2xkh0002mgk55aif2aqvo_4_FALSE_COLOR__URBAN_jpg.rf.f5411c2151eff4adb50826551b2e9ab1.jpg,1.0
cl6b0aue4000ml455e4wo3e1j_1_TRUE_COLOR_jpg.rf.f49148476348c7c1c53ae94461521a9d.jpg,1.0
cl6e2yxqd002pgk5597n8c4s8_1_TRUE_COLOR_jpg.rf.f5928989a1c4ca960344e6a35847d4a8.jpg,1.0
cl6m1a7kz003c8w55646e1v53_6_SWIR_jpg.rf.f545395f13ce98201c7e8d679760d24c.jpg,1.0
cl6e1pp8g001hgk555wsz5aja_6_SWIR_jpg.rf.f588869e8e3cb1ccb04a3aeabbbf6497.jpg,1.0
cl6e05oow0008gk55ged8bdeo_2_FALSE_COLOR_jpg.rf.f59b214ebfcd4c87a4782e5a9b7f6cc1.jpg,1.0
cl6kgcddp002gc455ekvaehyc_1_TRUE_COLOR_jpg.rf.f56d82a245371adb995555ba459adb57.jpg,1.0
cl6b035dn0002l455hbmqcima_1_TRUE_COLOR_jpg.rf.f557c658c8592b628d01ed65afd73072.jpg,1.0
cl6opc9oz006zao552eyx63jq_6_SWIR_jpg.rf.f562e5b66f826a8ec8b56e533a24ff7b.jpg,1.0
cl6dxzwc50001hg550uejeken_1_TRUE_COLOR_jpg.rf.f551751a6781b8f2358ae803699f4d4d.jpg,1.0
cl6b6172m005wl45594a27gqy_4_FALSE_COLOR__URBAN_jpg.rf.f580158430680cd64e4c95d49a449789.jpg,1.0
cl6dynr4h000bhg554cne5yig_4_FALSE_COLOR__URBAN_jpg.rf.f5d886ff94dfaa9b0712516d1036764b.jpg,1.0
cl6ltn677002k8w558nwy0yql_6_SWIR_jpg.rf.f5d75eb759dbdc4a15df3160cb440889.jpg,1.0
cl6b04dof0006l455d30k5py4_2_FALSE_COLOR_jpg.rf.f5b5aff1d5588c3164e85a7f082ce854.jpg,1.0
cl6opjoc7007aao558i28fuxw_4_FALSE_COLOR__URBAN_jpg.rf.f57798dc7abdeb4bfc6fe9a17dc7f7ef.jpg,1.0
cl6kf7fte000kc455fwsg3dzx_4_FALSE_COLOR__URBAN_jpg.rf.f5f844e3c427f78d24ff407a0f1b79f1.jpg,1.0
cl6opthke007tao557hsthpgq_6_SWIR_jpg.rf.f5fe0cb9b68443b0609d5d6dbf543910.jpg,1.0
cl6orkbgy009jao557kujgsc3_1_TRUE_COLOR_jpg.rf.f5de73c0c2c556dd5bae3935b8ff263a.jpg,1.0
cl6oitdc8003sao55g3x88p25_4_FALSE_COLOR__URBAN_jpg.rf.f63a90da8017d68276f9b104edca2957.jpg,1.0
cl6b035dn0002l455hbmqcima_1_TRUE_COLOR_jpg.rf.f5effaa5c65b712ea5d0056be25c8323.jpg,1.0
cl6b534co0028l4557bpr4k5i_1_TRUE_COLOR_jpg.rf.f6314025bf5123eaca80d317e284febf.jpg,1.0
cl6oppm12007lao555f2r38iz_2_FALSE_COLOR_jpg.rf.f62e7533b11e1d1e557b7614f5ec100b.jpg,1.0
cl6oplars007eao55fno41dzm_1_TRUE_COLOR_jpg.rf.f659311404ba30bf412c2dbc15f773c0.jpg,1.0
cl6oug08g00ajao55edulc8y8_1_TRUE_COLOR_jpg.rf.f64ad7ddf77739fb83a1608a849242aa.jpg,1.0
cl6cpdnir00dil455c047h42h_1_TRUE_COLOR_jpg.rf.f5a8caf26a66ba8d644da26791b2a522.jpg,1.0
cl6b76n2v009fl455ajbx914d_1_TRUE_COLOR_jpg.rf.f63b311c991160f9b0576216c1e4f16a.jpg,1.0
cl6b5sn8f004xl455a0z7eski_6_SWIR_jpg.rf.f683a1b617ff6242fe99b3d24b1fd278.jpg,1.0
cl6e2cyo5001ugk556dvqc83s_4_FALSE_COLOR__URBAN_jpg.rf.f67b921d9596616b314946a3254ec1c6.jpg,1.0
cl6b0msow001cl4559m4m56le_2_FALSE_COLOR_jpg.rf.f68ad2780e71b8384276d2b5e9f13de2.jpg,1.0
cl6orjfih009hao556av1hf6s_2_FALSE_COLOR_jpg.rf.f6678bae35d392b6dc15f9252562df58.jpg,1.0
cl6b5cr7o003al455cptggjjs_2_FALSE_COLOR_jpg.rf.f65eab9e539d1965e1fcb4a46db8383e.jpg,1.0
cl6chqhwl00cll4558hnj0glz_6_SWIR_jpg.rf.f657ab228db03ea6dcf23d94c4831034.jpg,1.0
cl6b5wdp7005el4552c4jdn7k_1_TRUE_COLOR_jpg.rf.f6405c55ac4498c7b69efac55c528b59.jpg,1.0
cl6kjm7cv001r8w55czzsenxh_2_FALSE_COLOR_jpg.rf.f66ab12f44caa32d202a523f772d6694.jpg,1.0
cl6b5rw90004tl4550usmc96c_4_FALSE_COLOR__URBAN_jpg.rf.f6978d07d43a2479a054e0bfe49c2b90.jpg,1.0
cl6ojftwf004vao557igrc357_1_TRUE_COLOR_jpg.rf.f6988849456d7095519f8f6922574a93.jpg,1.0
cl6oq3bjn008gao551ciogvom_6_SWIR_jpg.rf.f66af9c6334f0c63b286db1ca0f29d24.jpg,1.0
cl6e05oow0008gk55ged8bdeo_6_SWIR_jpg.rf.f6a20d55ca9780464826949b16cede70.jpg,1.0
cl6ch417300btl4554l143qop_1_TRUE_COLOR_jpg.rf.f677d4af18d291266d8b4c64e818efed.jpg,1.0
cl6e0mv1s0017gk5595j92i2d_4_FALSE_COLOR__URBAN_jpg.rf.f6a2c745f96e37425811ffdd436eb801.jpg,1.0
cl6kg5b5c0027c455abg328ld_1_TRUE_COLOR_jpg.rf.f6a8e04a2d16cefcdbeadbd65fe49aff.jpg,0.0
cl6cti5zm00hrl4555pdk0ef9_1_TRUE_COLOR_jpg.rf.f6b3b33c4a978ca6149889751dd0f0d1.jpg,1.0
cl6dywrm9000mhg55c48n2wtt_6_SWIR_jpg.rf.f5b5a59bc28d6376793b79bb527c1cf9.jpg,1.0
cl6kfu7bi001oc455dxld1p8i_6_SWIR_jpg.rf.f6e6bde14ed11011fefeb714df489d33.jpg,1.0
cl6csr5tv00g0l45530ayb807_2_FALSE_COLOR_jpg.rf.f6abed568ed352555e8c3b32da539e33.jpg,1.0
cl6cpdnir00dil455c047h42h_2_FALSE_COLOR_jpg.rf.f6ca8957b64b9fe5bbed112d1e976472.jpg,1.0
cl6kf4001000dc455co2qd2kx_1_TRUE_COLOR_jpg.rf.f6fb57f4b6841f31865fb49adb3a6ac0.jpg,1.0
cl6b5x7nw005jl4559ppn5ov2_6_SWIR_jpg.rf.f6da44f84be26296e2c40c6ad6781702.jpg,1.0
cl6b71dky008pl4551u1e28u1_6_SWIR_jpg.rf.f6f549c1d18d3be6a7d60900a6c80bd4.jpg,1.0
cl6odwuqk002iao555zzv0c59_1_TRUE_COLOR_jpg.rf.f6d3564fc2f08fdd3f4a1d4394c02749.jpg,1.0
cl6cg820i00ahl45522fwa74p_1_TRUE_COLOR_jpg.rf.f707d0ea972a8b1ddb0944734957672e.jpg,1.0
cl6b5m4w10045l4550bi9ea2d_1_TRUE_COLOR_jpg.rf.f6ffaf224e0696426c80656f5ef5bf45.jpg,1.0
cl6b631zg0061l45561v86624_1_TRUE_COLOR_jpg.rf.f72dc74f8e2b0e6dac2218c34b8c7d5f.jpg,1.0
cl6b65ksg0069l455f4od44cb_4_FALSE_COLOR__URBAN_jpg.rf.f6b913516b4a12e54d411de4c517e2c0.jpg,1.0
cl6m12kpt00358w55c0oah42i_1_TRUE_COLOR_jpg.rf.f737e8808ef26381c2940c2c700ed1bd.jpg,1.0
cl6oj1gzx0046ao5546xf9oac_1_TRUE_COLOR_jpg.rf.f751c0d714d8ab02be8efdeaf2fe7b2d.jpg,1.0
cl6e1icq8001agk55c0pe3e5b_6_SWIR_jpg.rf.f73030e3d6337fd929e99ef4e56bbb28.jpg,1.0
cl6crspfd00dul455d42h7xbn_1_TRUE_COLOR_jpg.rf.f71dc1fb0f434e7fdaf7cb4d3fa9ce4e.jpg,1.0
cl6okam86005vao551risaw3r_6_SWIR_jpg.rf.f75148a5ff0f9d437799e983853f7e07.jpg,1.0
cl6oqq4r40096ao557h69gx2o_1_TRUE_COLOR_jpg.rf.f74de0a5815e313239a2e0dd7581c8d1.jpg,1.0
cl6kfxks1001uc455ejvhbs1y_2_FALSE_COLOR_jpg.rf.f76ccadd12c9aa401f91f7b3f63b7128.jpg,1.0
cl6b57brh002ll4555o3te631_2_FALSE_COLOR_jpg.rf.f75bfee741ba54735c017caea5d6ab99.jpg,1.0
cl6kgpdp90034c4556foheik0_6_SWIR_jpg.rf.f7644b3b90ac43bc6a8bd3b25be9babc.jpg,1.0
cl6b5amhu002yl455ge4y545t_4_FALSE_COLOR__URBAN_jpg.rf.f761224b7a8ea1821840d2607f2e2970.jpg,1.0
cl6chmuyr00cfl455hd0u03x9_6_SWIR_jpg.rf.f792418ccff7e52798eb82bfdec657b5.jpg,1.0
cl6od703v001gao55arwo07qr_2_FALSE_COLOR_jpg.rf.f7c8ef76e259ab0378d4f9007100d9a4.jpg,1.0
cl6b56nh5002jl4551m23gtf9_1_TRUE_COLOR_jpg.rf.f765a66b07b34be03dab12f05e43eee4.jpg,1.0
cl6lsv1l5001u8w55aryp0azo_4_FALSE_COLOR__URBAN_jpg.rf.f770a40cb2a0b7781a436eb2d17cc253.jpg,1.0
cl6chnv4k00chl455heba8syd_4_FALSE_COLOR__URBAN_jpg.rf.f79eb7187d69e37db1d2427587774773.jpg,1.0
cl6oq0pc4008cao550sw50jjc_4_FALSE_COLOR__URBAN_jpg.rf.f7486d49d82ad9ca6fe12dfbaf7cb516.jpg,1.0
cl6cgh0lk00b3l455a01o4mrg_2_FALSE_COLOR_jpg.rf.f7aeaabeb2d40aa096b334bd8ce5ed2f.jpg,1.0
cl6kj7d6l000x8w55cwtv1hfp_6_SWIR_jpg.rf.f7a25540ca85a52a098528b248699426.jpg,1.0
cl6dzzjvo0010hg552jj7ae4b_2_FALSE_COLOR_jpg.rf.f7cb49ea90c90b467846822bc0108501.jpg,1.0
cl6ou72e300a7ao55ham55bxa_6_SWIR_jpg.rf.f7befeabbb7228d5e79ff639d1343588.jpg,1.0
cl6cs00tw00eel455eivc6jwi_2_FALSE_COLOR_jpg.rf.f7d6a7058bc833c35057914bddf704df.jpg,1.0
cl6kioqix000f8w55cu1n98v2_1_TRUE_COLOR_jpg.rf.f70542c2720fd33dea7b6d5967a35327.jpg,1.0
cl6ct3pgp00gsl455ha8uf8on_6_SWIR_jpg.rf.f7b2a2917a7af1fbbe78423ff2b5ae64.jpg,1.0
cl6oim1lr003cao555vs11jcz_6_SWIR_jpg.rf.f7d6416dbcdf99b74accace0e11bccc9.jpg,1.0
cl6kggd74002qc4550hr64mpc_1_TRUE_COLOR_jpg.rf.f812adcce1fc1d6bea8a1d7e01804dd6.jpg,1.0
cl6ctlg9300hwl4558d9t1n71_6_SWIR_jpg.rf.f80642807011dd50fb1243ec635988af.jpg,1.0
cl6e34ucl0039gk557j7w24c8_2_FALSE_COLOR_jpg.rf.f83ea3cdfab4ba679f673cbdd2593b94.jpg,1.0
cl6b64hpf0066l4555lt3czhh_1_TRUE_COLOR_jpg.rf.f7e728fa0ae421da1adc33e78c932929.jpg,1.0
cl6ope5pm0070ao55c3fo01he_2_FALSE_COLOR_jpg.rf.f87f0baca93fb41a664a7f9d60236074.jpg,1.0
cl6ltkp8x002j8w55ede3g7qb_1_TRUE_COLOR_jpg.rf.f815952b84a6c9d2ef9492288bd38e17.jpg,1.0
cl6od01zy000wao5564tqf2dq_6_SWIR_jpg.rf.f84803a4ed60b595a2bd9cc4328a40ec.jpg,1.0
cl6op1j95006dao556gcq0ga6_1_TRUE_COLOR_jpg.rf.f7e7eb5018d6660855063378deb64a1f.jpg,1.0
cl6csadov00f6l455ejric5np_1_TRUE_COLOR_jpg.rf.f7e246dcc04cedf0446c3c40aa9cae9b.jpg,1.0
cl6cg820i00ahl45522fwa74p_2_FALSE_COLOR_jpg.rf.f8458598fde33bf984a72dd1e1a15d5c.jpg,1.0
cl6cthgh500hpl4550qm12ykl_4_FALSE_COLOR__URBAN_jpg.rf.f881d2735706bea5eeeac42339026f52.jpg,1.0
cl6oq26pe008eao55afu47fi0_1_TRUE_COLOR_jpg.rf.f8939a8d903488459deb82cd05b09ec8.jpg,1.0
cl6ctah5z00hbl455f84of4co_2_FALSE_COLOR_jpg.rf.f873dbb580e0bc64a4107a974d831bc6.jpg,1.0
cl6ouhohh00anao55e3fn1crb_1_TRUE_COLOR_jpg.rf.f8383c0b30096cbeea139401898827b7.jpg,1.0
cl6dzi6b8000phg55ebf66l7r_2_FALSE_COLOR_jpg.rf.f832da320d9477b6f67225f7f403c9a3.jpg,1.0
cl6b0msow001cl4559m4m56le_1_TRUE_COLOR_jpg.rf.f8acd8c7ab041996248f0537f45def6d.jpg,1.0
cl6csdu2700fal455982ifw90_1_TRUE_COLOR_jpg.rf.f8bbcea668a74f38083200c63960936f.jpg,1.0
cl6ou90tv00acao559ijshkxd_1_TRUE_COLOR_jpg.rf.f89080f3aec07696661915f1379416c0.jpg,1.0
cl6cteplg00hkl4551scr5fko_1_TRUE_COLOR_jpg.rf.f887ad574c6ef6772fc7f5fc849226e0.jpg,1.0
cl6cglc9n00b8l45520og7tym_1_TRUE_COLOR_jpg.rf.f8bb99a6357ae83430a9d9acf456cd3e.jpg,1.0
cl6e0dbw9000pgk55cv1sgp5x_6_SWIR_jpg.rf.f83ead6f42197617afc43e84b0eb5e44.jpg,1.0
cl6dzjmr4000qhg55bnr2akq0_2_FALSE_COLOR_jpg.rf.f8ad7155997adaa3ee26757dadf6c417.jpg,1.0
cl6b0okeb001fl455fgue1wrj_6_SWIR_jpg.rf.f876cf609e51ae6a1649ff21e8181dcb.jpg,1.0
cl6b6ovux007pl455g8am6gh6_4_FALSE_COLOR__URBAN_jpg.rf.f8b7b8386c50d43b3602e2372e3bdc4d.jpg,1.0
cl6cruirz00dzl45533iybi5p_6_SWIR_jpg.rf.f89e9ffb4b40fc44ac2e2f7909c1c3ca.jpg,1.0
cl6kf821l000nc4555y4p2rm4_1_TRUE_COLOR_jpg.rf.f8bff26d3cba2578c440106540b6db7d.jpg,1.0
cl6kj5qso000r8w55f5o100o0_1_TRUE_COLOR_jpg.rf.f8e3ebfa248d77e39ffdfd1fc27488bb.jpg,1.0
cl6oj4idn004cao558e80ezcu_2_FALSE_COLOR_jpg.rf.f8eed794dac8fc7c4a2e1c34b13f1266.jpg,1.0
cl6kfpnu6001ac4551zdx0uev_2_FALSE_COLOR_jpg.rf.f863fe227dce60a5677dea98c6d85f1a.jpg,1.0
cl6b71u9c008ql4552c2n4uf8_2_FALSE_COLOR_jpg.rf.f8d09b635d1fe041d4e44bc039997dc3.jpg,1.0
cl6oqnb9v0093ao55cge3gyh7_1_TRUE_COLOR_jpg.rf.f8e17d48f984006a86f19ce0e60630a6.jpg,1.0
cl6ki7l6900048w55hs8c6nwt_2_FALSE_COLOR_jpg.rf.f8d14e58c0b9f86df447ee96f6c8d3ec.jpg,1.0
cl6css50j00g3l4552tvg839m_6_SWIR_jpg.rf.f8effa1b4a07225be665e05a4d2d7191.jpg,1.0
cl6oqm42o0091ao5554tdbtq5_4_FALSE_COLOR__URBAN_jpg.rf.f906002eccfff2f732736770941ec797.jpg,1.0
cl6kfoffk0016c455cvxsalj2_2_FALSE_COLOR_jpg.rf.f96832ba2bcc094de13fa1e68a12a6f8.jpg,1.0
cl6b5z6d1005ol45596rf4y2m_2_FALSE_COLOR_jpg.rf.f8ef1e346f61d94bec00a1bebb9268c7.jpg,1.0
cl6b7crtk00a1l4552n2vbda4_2_FALSE_COLOR_jpg.rf.f92a2bb82cd1ded20449cf2989717050.jpg,1.0
cl6ctpy8q00i5l455bf1se2cj_4_FALSE_COLOR__URBAN_jpg.rf.f93239bab0ca8a93a635e9869a287b10.jpg,1.0
cl6okbxd2005yao551huyeqkl_6_SWIR_jpg.rf.f9345ee9cec596cc91b085f77246e8c2.jpg,1.0
cl6b6fb550077l455eud74h5q_2_FALSE_COLOR_jpg.rf.f94d9e8bb93878610441834e55178706.jpg,1.0
cl6octpb0000gao557tk19wmi_6_SWIR_jpg.rf.f980daf1b7816ef57342c565344ee65f.jpg,1.0
cl6e3f884003ugk55b7a0bh8d_1_TRUE_COLOR_jpg.rf.f8f0eae9ca5d04cef2f8a747b2b29379.jpg,1.0
cl6odm3oj0023ao55641s046f_1_TRUE_COLOR_jpg.rf.f8e22564ba7eb6c7e6de6ccbdfb17f6d.jpg,1.0
cl6dygvee0008hg555fvcfnky_6_SWIR_jpg.rf.f8f5e3a6c42014dbbb66bc7fdf5438d8.jpg,1.0
cl6ctjyc600hul455hxis4621_1_TRUE_COLOR_jpg.rf.f8e9acdf366089251562aa32922aa365.jpg,1.0
cl6kj737i000w8w559m2x1ig7_1_TRUE_COLOR_jpg.rf.f97c0ea17ad55668b96e09960c2b34d3.jpg,1.0
cl6chvqmw00crl455dq182jri_4_FALSE_COLOR__URBAN_jpg.rf.f952dfd117ad3dfbd214606b145c8e44.jpg,1.0
cl6ok1ewy005iao556ywrdd6d_6_SWIR_jpg.rf.f988c7033c7ecf6099a917e7bce8b5c3.jpg,1.0
cl6ougd7000akao555jiq5oyz_2_FALSE_COLOR_jpg.rf.f921a05dc9c588b980db4a4768f5b5b1.jpg,1.0
cl6b5f9f1003ml455abwkc72t_6_SWIR_jpg.rf.f960531c412d570d2fd02e6fc98dd4c4.jpg,1.0
cl6e2xkh0002mgk55aif2aqvo_1_TRUE_COLOR_jpg.rf.f96a43302eba1bdb338de34fca40deea.jpg,1.0
cl6kiw7u3000n8w555peaa411_2_FALSE_COLOR_jpg.rf.f97a43f5e046fd08a0dfab34bc272ec1.jpg,1.0
cl6ok8rik005rao5581r9bkn0_6_SWIR_jpg.rf.f92e956b9c40811218aa25048d0333a4.jpg,1.0
cl6ok1ewy005iao556ywrdd6d_1_TRUE_COLOR_jpg.rf.f9981689d5c15ae87adaba512d78bc7a.jpg,1.0
cl6od3kun001bao55bcq677k3_4_FALSE_COLOR__URBAN_jpg.rf.f98be3aae15032c1fd7119704828dbae.jpg,1.0
cl6okam86005vao551risaw3r_1_TRUE_COLOR_jpg.rf.f989cc6ac39d914b2f98d81c85b296dd.jpg,0.0
cl6b6djlb0070l455aknp8lu8_2_FALSE_COLOR_jpg.rf.f9567ed83b9ce5dc751a45767d1b8c1e.jpg,1.0
cl6kjek5g001a8w5561zp7ddp_1_TRUE_COLOR_jpg.rf.f99e768de4f486c84d378c010deaffc8.jpg,1.0
cl6cso4jp00ful45554tn3v0d_2_FALSE_COLOR_jpg.rf.f9b2761d7cbda7d5ea2d4d147fe5231f.jpg,1.0
cl6ormdvy009mao551gd3alcq_2_FALSE_COLOR_jpg.rf.f7d9773a343d4c93119d04953f0f555d.jpg,1.0
cl6dydo100003hg55gkkv0c3a_2_FALSE_COLOR_jpg.rf.f9d01752ea5219bc46d94b31c7b012a8.jpg,1.0
cl6oqz7u8009eao55hd74fzt1_1_TRUE_COLOR_jpg.rf.f9a5315f1d173e562d1ca76dead60b37.jpg,1.0
cl6oe2d76002tao55ckxpdijl_4_FALSE_COLOR__URBAN_jpg.rf.f9d6e5d05d3e08cc7d115de5962aa021.jpg,1.0
cl6dzx0z8000zhg55h3no3zv0_1_TRUE_COLOR_jpg.rf.f9d3cdbb6bf7a601b90883f5be4b474e.jpg,1.0
cl6e351jb003agk55474uguhw_1_TRUE_COLOR_jpg.rf.f9ddd2f02c7fc6369dc7b1d1dbc73511.jpg,1.0
cl6e2jm3i002agk55fcue8lsk_2_FALSE_COLOR_jpg.rf.f9e7af7c8dcb945c57c2532ae5f5af92.jpg,1.0
cl6b0slw7001ol455e0rp3o75_4_FALSE_COLOR__URBAN_jpg.rf.fa0463fc7faaaa5bbb2676401a2e8ad9.jpg,1.0
cl6b631zg0061l45561v86624_4_FALSE_COLOR__URBAN_jpg.rf.f9df9bfd99c921eee8cccab5d58571cb.jpg,1.0
cl6b534co0028l4557bpr4k5i_6_SWIR_jpg.rf.fa35e80d405bf0d6cb19150d69676984.jpg,1.0
cl6odvzby002gao5534yy1blj_2_FALSE_COLOR_jpg.rf.f9f79cc3c6c123cdcdabd2ed094c7d1b.jpg,1.0
cl6cs5j5d00exl455afqp4ysw_4_FALSE_COLOR__URBAN_jpg.rf.fa35b0f96322820bb613837415f5034a.jpg,1.0
cl6chw5x300csl455fwv6g4li_2_FALSE_COLOR_jpg.rf.fa0d8e13a85ba0816bf396e5fdc68b51.jpg,1.0
cl6ou90tv00acao559ijshkxd_1_TRUE_COLOR_jpg.rf.f9feaa8ec392a13487c695289515196d.jpg,1.0
cl6b7a6r2009xl455evyu7k9f_4_FALSE_COLOR__URBAN_jpg.rf.fa4349e9ec31fc91a2f60c18581f5352.jpg,1.0
cl6b71u9c008ql4552c2n4uf8_1_TRUE_COLOR_jpg.rf.fa43eac1f8a39a6a33200a1e81b896a0.jpg,1.0
cl6cgazz700aol455e5vr2tge_6_SWIR_jpg.rf.f9f09fe5d475501f3f33852fdd6decfc.jpg,1.0
cl6kgpdp90034c4556foheik0_6_SWIR_jpg.rf.fa00507642fb350d0a8c49d53e51536d.jpg,1.0
cl6kf5bk5000fc455brw6a6hw_6_SWIR_jpg.rf.f9db7f592878336b0f0d716471a88e05.jpg,1.0
cl6dzrpz8000uhg553etw7mko_2_FALSE_COLOR_jpg.rf.fa2f9436973aeec7b27ac46b972c31f4.jpg,1.0
cl6ouaiyn00aeao550h4i06dx_4_FALSE_COLOR__URBAN_jpg.rf.fa2f64428d80210a9f0d401a374a9471.jpg,1.0
cl6e3i62k0043gk556zwa81sw_2_FALSE_COLOR_jpg.rf.fa5bf932fbae5456c6fd8e2b631dd230.jpg,1.0
cl6ltthf9002u8w5567flfr3k_1_TRUE_COLOR_jpg.rf.fa846dd7f0b035b658a4a00a2b8ef095.jpg,1.0
cl6cg6cf600agl455gtin273p_6_SWIR_jpg.rf.fa884bb05e9b5e882c61a5705600ac8e.jpg,1.0
cl6b50joj0020l455h0thgx23_2_FALSE_COLOR_jpg.rf.fa083811035447d048141d47c6a28417.jpg,1.0
cl6b746nn0091l4556dgg9xwd_6_SWIR_jpg.rf.fa87a5e6a4d5a81d4b2ea07c52b40a04.jpg,1.0
cl6ormrr6009nao55a7r8cs06_6_SWIR_jpg.rf.fa871404b52f0e9473730239f958ed1b.jpg,1.0
cl6e2lc56002fgk554s6m4xro_1_TRUE_COLOR_jpg.rf.fa8da6a99b3cd067edfd440f11c37e29.jpg,1.0
cl6b5nqx3004dl4556qu6azh4_4_FALSE_COLOR__URBAN_jpg.rf.fa4b4b51475b41641eb221a226e2be72.jpg,1.0
cl6kgaw2p002bc455hair6q7o_1_TRUE_COLOR_jpg.rf.fa06abd8c3b68a352d7fe0dc7957fbd8.jpg,1.0
cl6oqrvzj009aao552o4w9gcv_2_FALSE_COLOR_jpg.rf.fa81d486b0722417c61f4afdd9fd48cf.jpg,1.0
cl6kjizzk001l8w550s1uej5w_2_FALSE_COLOR_jpg.rf.fa94b0f5493326a473441ad615b729a2.jpg,1.0
cl6b6asfb006tl455gupd0x8i_1_TRUE_COLOR_jpg.rf.f9e4381e763c7aece9ece77950b31282.jpg,1.0
cl6b5q3z4004ll45585wq8rtu_1_TRUE_COLOR_jpg.rf.fa962df2636c3327b944116f5a8dce27.jpg,1.0
cl6ok9inm005sao55c3o80dfl_4_FALSE_COLOR__URBAN_jpg.rf.fa6a79d8696dac3d6878e22afc93167a.jpg,1.0
cl6kgdzqp002kc455030p44eo_2_FALSE_COLOR_jpg.rf.fa8f26f27b444d4a7b5322fda9281240.jpg,1.0
cl6ocozkd0004ao55e5fq7tfw_2_FALSE_COLOR_jpg.rf.fa90af30a3fc2cd55c3194355ce17f82.jpg,1.0
cl6e1icq8001agk55c0pe3e5b_6_SWIR_jpg.rf.fac3f63ac25515f2105957aba58682ff.jpg,1.0
cl6ct1fab00gnl455b6a585vi_1_TRUE_COLOR_jpg.rf.fa7e43bf83fb5843af4c739136c37813.jpg,1.0
cl6b03sa00004l4555k7m3d9h_4_FALSE_COLOR__URBAN_jpg.rf.facd9cb82b37e15f86cc376dd854241f.jpg,1.0
cl6b0blqb000nl455c1ul13y1_6_SWIR_jpg.rf.fac22f799248f18df8a61c5707538fcc.jpg,1.0
cl6e1n8j9001cgk55bhebb6fp_1_TRUE_COLOR_jpg.rf.fa9e621c457a46639eed758d36f2337d.jpg,1.0
cl6od5fxe001dao55dwsx001s_4_FALSE_COLOR__URBAN_jpg.rf.faced230db3d2dc846ce4d21b9435dde.jpg,1.0
cl6kfe4yn0012c4556ug51m1e_2_FALSE_COLOR_jpg.rf.faadce2490139f19ef5cfd60fc16562e.jpg,1.0
cl6opowct007kao55518p0qp4_6_SWIR_jpg.rf.fae4843724b358069354524f25591c2f.jpg,1.0
cl6keymqs0000c4559gsd6y3f_1_TRUE_COLOR_jpg.rf.fadfc3145bee248529e2d9f69d16746e.jpg,1.0
cl6kgdzqp002kc455030p44eo_4_FALSE_COLOR__URBAN_jpg.rf.faca43dfdf3ccc7fb2410003806352a8.jpg,1.0
cl6e32otv0032gk55gxea0jps_2_FALSE_COLOR_jpg.rf.fae182d0c37074b88c4856b53ed097be.jpg,1.0
cl6opowct007kao55518p0qp4_1_TRUE_COLOR_jpg.rf.fad304b3a1a55ca6d47ad4dad5f86a8b.jpg,1.0
cl6crxvk200e7l455191phwfv_6_SWIR_jpg.rf.faa21eed50aaad4efb2de26db7e82676.jpg,1.0
cl6b5dekg003el4552wy46fsz_4_FALSE_COLOR__URBAN_jpg.rf.faccce0aea911e59ff828518e4abf36e.jpg,1.0
cl6e0l3x90015gk55eki43b8w_2_FALSE_COLOR_jpg.rf.faae0d0b293d8ed62323eef43cf62c67.jpg,1.0
cl6opfzmo0075ao55ft2tbgtg_1_TRUE_COLOR_jpg.rf.facd3dddd13ad77dcb652dd40912b022.jpg,1.0
cl6cs2r9300epl455apt67bac_4_FALSE_COLOR__URBAN_jpg.rf.fb00c485fd347949ca0c1bb6b89430b3.jpg,1.0
cl6b5u4030055l455hl9956ni_6_SWIR_jpg.rf.fae5c50197d7651fa5d960d65d118462.jpg,1.0
cl6csq2j100fyl4550kka11gw_4_FALSE_COLOR__URBAN_jpg.rf.fad33c7a6c3d23809102439580e9b8af.jpg,1.0
cl6b0l0o00015l455eh8ahzdz_1_TRUE_COLOR_jpg.rf.faf05c5f8f52464d9229b25bf4d912bb.jpg,1.0
cl6opfjg40074ao557e3g3skn_2_FALSE_COLOR_jpg.rf.faec64b1ccc0d01fd1f4378591bd6789.jpg,1.0
cl6dyeg510004hg554xxs8aux_6_SWIR_jpg.rf.fb07c4cc197ea90023909446ea968f50.jpg,1.0
cl6cgl1e600b7l455b4k067pe_6_SWIR_jpg.rf.fb2a7dfbc7e8fe63579a299102e493c3.jpg,1.0
cl6kf256r0006c455hwcv6khh_2_FALSE_COLOR_jpg.rf.fad0dd140604b8cc927194bc1cf4b7b5.jpg,1.0
cl6ki3fbe00018w55146m86ja_4_FALSE_COLOR__URBAN_jpg.rf.fac44dc9c759d3cc42e3ae05ad5854ae.jpg,1.0
cl6b0l0o00015l455eh8ahzdz_4_FALSE_COLOR__URBAN_jpg.rf.fb0793e6a4ee35b63abde3346c23083e.jpg,1.0
cl6m1i65g00428w55dj3h5btk_6_SWIR_jpg.rf.fb2d8c75f4c99c86a138b46ae52de86d.jpg,1.0
cl6oijbft0037ao558i012jhh_1_TRUE_COLOR_jpg.rf.fb596a84732d189468365ce509aacc50.jpg,1.0
cl6m15k1g00378w559sqfahyu_4_FALSE_COLOR__URBAN_jpg.rf.fb4f81f5d4dafeaf7e0c36a88d0d11f6.jpg,1.0
cl6b6817p006gl4558pqf3z0b_6_SWIR_jpg.rf.fb067d2adb958870526267a1cb4bff50.jpg,1.0
cl6kii4xj000d8w55drgxdpae_4_FALSE_COLOR__URBAN_jpg.rf.fb38a0e88c966615bdfbf3ca07aa43c6.jpg,1.0
cl6kfwvz3001sc45549gxd3e2_1_TRUE_COLOR_jpg.rf.fb5c0188a56ad688ed7c6cbbcef4f195.jpg,1.0
cl6b6zaju008ll455bbu9506q_6_SWIR_jpg.rf.fb16bff75a3474c6579cf276ba5be274.jpg,1.0
cl6b59reu002vl4553fnhgaf4_4_FALSE_COLOR__URBAN_jpg.rf.fb384770c6cdcd6fcfb869147f473c86.jpg,1.0
cl6kjh3l1001g8w55b15o5lsc_2_FALSE_COLOR_jpg.rf.fb3a0f2bfd5ea183950ddc6c6809c6da.jpg,1.0
cl6ocys2m000sao5550mof7nx_1_TRUE_COLOR_jpg.rf.fb0da09176969870ecb20c9b9c6b9191.jpg,1.0
cl6dzvdbz000yhg552dlf8c2e_1_TRUE_COLOR_jpg.rf.fb09f401b974bb33021be64a0f966293.jpg,1.0
cl6kgeqar002lc455akv50au4_2_FALSE_COLOR_jpg.rf.fb42552307ce24e8257c264ef6bf70a9.jpg,1.0
cl6b5w0pv005dl455ej5m1iej_4_FALSE_COLOR__URBAN_jpg.rf.fb5de61554c1e3630da841fd500afbc1.jpg,1.0
cl6ocroz8000bao556vczaflp_1_TRUE_COLOR_jpg.rf.fb7bc5faef8d06397a205e05df870200.jpg,1.0
cl6b79f3e009vl455hmyk8e9e_2_FALSE_COLOR_jpg.rf.fb6260677847d1c48f6254668828eee7.jpg,1.0
cl6kf8i8i000pc455cr9ueit3_4_FALSE_COLOR__URBAN_jpg.rf.fb742ee3ab3eeeb5a92b8af57b22ca15.jpg,1.0
cl6kgnh9k0030c455dtnabosj_2_FALSE_COLOR_jpg.rf.fb6399e8136d694ef4c6a653779e5648.jpg,1.0
cl6chu8h100cnl4552hz21fjt_4_FALSE_COLOR__URBAN_jpg.rf.fbab129431fff81f15cc773f9071f62f.jpg,1.0
cl6ormdvy009mao551gd3alcq_1_TRUE_COLOR_jpg.rf.fbe23bb4d381b50207dcea5db0aa6ff9.jpg,1.0
cl6b0kfnx0013l4552ot9bv5b_4_FALSE_COLOR__URBAN_jpg.rf.fb84cd62575a9e31e3aed4f28a92a8a0.jpg,1.0
cl6e1hzlh0019gk555vc2fpgf_1_TRUE_COLOR_jpg.rf.fb8f85c6be3a8766872e5ccd3054d7eb.jpg,1.0
cl6b66ozy006bl45598b863vf_1_TRUE_COLOR_jpg.rf.fbf40ca5c2ac19c596779b64c41d1815.jpg,1.0
cl6csoq0b00fvl4552zeyhiff_1_TRUE_COLOR_jpg.rf.fb8d0d8ef2fad33b614cd1dc76d860fd.jpg,1.0
cl6ocpfa50005ao55f4xb2vkl_6_SWIR_jpg.rf.fc281b54e207e68c136d0836aba46769.jpg,1.0
cl6oukdcw00avao555gp1h971_6_SWIR_jpg.rf.fbc8d0267b9615e79cb331a631bfcfa1.jpg,1.0
cl6cs297e00enl455hbtp421f_6_SWIR_jpg.rf.fc01b0aca5f039e08e3b8329dc7013fb.jpg,1.0
cl6e06h37000agk55e1m39xvy_2_FALSE_COLOR_jpg.rf.fb92a238e8cb469914fbf9f1b54d1820.jpg,1.0
cl6lsukwg001t8w556kieb72f_4_FALSE_COLOR__URBAN_jpg.rf.fbd8dfc340d6dcec7d620b3aab9870e5.jpg,1.0
cl6od0yei0010ao55a36egny5_2_FALSE_COLOR_jpg.rf.fbb06a6192fea1967b604ea3c3ae7a6b.jpg,1.0
cl6ch417300btl4554l143qop_6_SWIR_jpg.rf.fbe5019239fa0913c2ad6c5f291aef46.jpg,1.0
cl6kf91bs000rc45516bd66a9_2_FALSE_COLOR_jpg.rf.fbe4fa13e0b385faece84a1a38b6bfcf.jpg,1.0
cl6m17r53003b8w55c0zsgjie_1_TRUE_COLOR_jpg.rf.fbfd276081659436bc1a3d65eb47b408.jpg,1.0
cl6b5bhxx0031l4557l1l8rmh_1_TRUE_COLOR_jpg.rf.fb63fc0ffae0a0d2afb0e9c08e22553c.jpg,1.0
cl6e2j74p0028gk559qcd87o6_4_FALSE_COLOR__URBAN_jpg.rf.fbf486979bc4e8a73cc422015e93128e.jpg,1.0
cl6oj4idn004cao558e80ezcu_6_SWIR_jpg.rf.fc2679de151b47bcd9a27358ca20624b.jpg,1.0
cl6oq5o43008lao55fwaycnl7_4_FALSE_COLOR__URBAN_jpg.rf.fbdfa9850440bb1acc20e75a61b46507.jpg,1.0
cl6b7118q008ol4551ye8g44d_1_TRUE_COLOR_jpg.rf.fc3a591bf181635b8d5599a8b5021177.jpg,1.0
cl6chonxj00cjl455bqcs1fnt_4_FALSE_COLOR__URBAN_jpg.rf.fc51fceec009ad6da50991246915b052.jpg,1.0
cl6b6rmls007ul455clqha4p0_1_TRUE_COLOR_jpg.rf.fc429479bd65a271914debe1753ab59b.jpg,1.0
cl6dyzssv000ohg551n0rdanu_2_FALSE_COLOR_jpg.rf.fc5652d7b1154a1f1f05f804154eac7c.jpg,1.0
cl6e0153u0000gk550fs8f6md_1_TRUE_COLOR_jpg.rf.fc475a70ffe652b722fd943381843e4a.jpg,1.0
cl6oq40mp008hao555cdvg6o8_6_SWIR_jpg.rf.fc590af6d0f1f700f542907bbb2b8030.jpg,1.0
cl6opv5oo007xao553de9g7wd_4_FALSE_COLOR__URBAN_jpg.rf.fc78224104f275d5e83bc4f2dbfe9150.jpg,1.0
cl6e2jm3i002agk55fcue8lsk_1_TRUE_COLOR_jpg.rf.fc69ee649b97e71abf7d372dc9fdc776.jpg,1.0
cl6opeul20072ao55eq23cssc_1_TRUE_COLOR_jpg.rf.fc842d0e0eeb5304335c7de0b3614e24.jpg,1.0
cl6oq8ags008mao55b74o6kch_4_FALSE_COLOR__URBAN_jpg.rf.fc6325e652b980ea4760386b9686c272.jpg,1.0
cl6ltche3002i8w55a3oj2dyk_1_TRUE_COLOR_jpg.rf.fcb0fed81f7313179f241eaf539a0b4b.jpg,1.0
cl6cs0euj00egl455918xdqll_1_TRUE_COLOR_jpg.rf.fc6b8b80c8af799166328b58d552f1e5.jpg,1.0
cl6cgmfwp00bbl455aa650cyv_6_SWIR_jpg.rf.fc9d335762203ffa878311d57e80c2c3.jpg,1.0
cl6oj50of004dao558azz1d6c_4_FALSE_COLOR__URBAN_jpg.rf.fc675c19b8f617a28fcb87b788e16674.jpg,1.0
cl6m1cry8003m8w559r91hmtl_6_SWIR_jpg.rf.fcb6da86b581a6b69c55a7f7d0c8c444.jpg,1.0
cl6dyeg510004hg554xxs8aux_2_FALSE_COLOR_jpg.rf.fc75cff701ed8e79ab2ebc5025dfb17b.jpg,1.0
cl6oq3bjn008gao551ciogvom_4_FALSE_COLOR__URBAN_jpg.rf.fc731ee336933e701397c11109912511.jpg,1.0
cl6kibg7b00068w55cog49lxl_4_FALSE_COLOR__URBAN_jpg.rf.fcb87b55f4c72be381b6e26faf91e600.jpg,1.0
cl6kje1zy00198w55f8ld99tb_6_SWIR_jpg.rf.fcc67e217ce580bbfb037efc8fa28aa5.jpg,1.0
cl6e34bti0037gk55gzdv0akr_2_FALSE_COLOR_jpg.rf.fcaadab2ef57c1529488afac4de06e34.jpg,1.0
cl6kgag2y002ac455g3l427ic_2_FALSE_COLOR_jpg.rf.fcbe9e91719c071b61f9bc10519e23e7.jpg,1.0
cl6b752w00095l45532llequj_1_TRUE_COLOR_jpg.rf.fccfe6fcaac4bcfaf2aae180c053a56e.jpg,1.0
cl6oe0eoe002qao552t6i1m6g_4_FALSE_COLOR__URBAN_jpg.rf.fc642ea2ad297bb518eb03128f774dca.jpg,1.0
cl6ocy9ma000qao55g73m5yl6_4_FALSE_COLOR__URBAN_jpg.rf.fcc713a312b60472a83d1437a0d6efa5.jpg,1.0
cl6e32otv0032gk55gxea0jps_1_TRUE_COLOR_jpg.rf.fcdb5cefc779a678e8b2148ca3aeea2d.jpg,1.0
cl6oq3bjn008gao551ciogvom_4_FALSE_COLOR__URBAN_jpg.rf.fc7c15bce44be79d2945aa714ccd1061.jpg,1.0
cl6oqbr98008uao55hhpyg2l0_4_FALSE_COLOR__URBAN_jpg.rf.fcc0a14b13a8dd8832ca16f4074ad1c4.jpg,1.0
cl6b57brh002ll4555o3te631_1_TRUE_COLOR_jpg.rf.fcbb06fb72f50d479e1fb2f59118fb9b.jpg,1.0
cl6b72nfa008sl455dg2a9zbg_1_TRUE_COLOR_jpg.rf.fcf9b449f504f606e847053298be9b75.jpg,1.0
cl6orkbgy009jao557kujgsc3_2_FALSE_COLOR_jpg.rf.fcda2a1156a06f56eba3c7e269e83d58.jpg,1.0
cl6e3f884003ugk55b7a0bh8d_2_FALSE_COLOR_jpg.rf.fc8c96291a59fe0be94f0b5338c677ac.jpg,1.0
cl6b0ll6o0018l455c1kcgegf_4_FALSE_COLOR__URBAN_jpg.rf.fcbce8d5973ea814247af1526e8ab93d.jpg,1.0
cl6ojo12l004wao55btps0rwg_1_TRUE_COLOR_jpg.rf.fd0aeef9b9631c9d8be1a7a0e22e06ac.jpg,1.0
cl6oujpxm00atao554qpycnsr_2_FALSE_COLOR_jpg.rf.fcfeeb658edeed718a84357c8ad9c807.jpg,1.0
cl6m0pnw5002y8w552btfchke_2_FALSE_COLOR_jpg.rf.fd0aa69ace2ca2825df25dc66097457e.jpg,1.0
cl6b6h5fo007bl455669md4vp_6_SWIR_jpg.rf.fd273a035a0d7a101c6f391d600a5447.jpg,1.0
cl6lt2g2y00228w55cf1a1yxr_2_FALSE_COLOR_jpg.rf.fd2d261192e3dd6667e3c98adacd58bd.jpg,1.0
cl6e3ieqj0044gk55azpfcs6x_2_FALSE_COLOR_jpg.rf.fd256019ffecef08c6068531c6a40c2b.jpg,1.0
cl6dzx0z8000zhg55h3no3zv0_1_TRUE_COLOR_jpg.rf.fd13ea708dd77bc192fae180169d03ee.jpg,1.0
cl6ki7l6900048w55hs8c6nwt_2_FALSE_COLOR_jpg.rf.fd28cf5eb5cbc3c6bfe283ee976b7ba5.jpg,1.0
cl6m1fspy003x8w553wncdjsh_1_TRUE_COLOR_jpg.rf.fd47d3d1490f0395ee0599439d081e63.jpg,0.0
cl6okehd60065ao5551rl7lsa_2_FALSE_COLOR_jpg.rf.fd5863683b3bedaa922e8922b3c708b7.jpg,1.0
cl6lsv1l5001u8w55aryp0azo_6_SWIR_jpg.rf.fd54362f355981980c606502144ce4eb.jpg,1.0
cl6e2hp3l0025gk55buu53wd8_4_FALSE_COLOR__URBAN_jpg.rf.fdc74aa683899e0781d967bf254dc6fc.jpg,1.0
cl6oqdjr6008yao55dfmibcy4_4_FALSE_COLOR__URBAN_jpg.rf.fd44cbe653cb1b285d017133047fb8b7.jpg,1.0
cl6okbkxz005xao55cwhm56ie_1_TRUE_COLOR_jpg.rf.fd902c5276827d114e669f41d3c2a1dc.jpg,1.0
cl6oqnb9v0093ao55cge3gyh7_2_FALSE_COLOR_jpg.rf.fd5f4b8a62461ccdfd5c047ece317059.jpg,1.0
cl6dzvdbz000yhg552dlf8c2e_4_FALSE_COLOR__URBAN_jpg.rf.fd88622a33b42fdd841fcfca8745b6f1.jpg,1.0
cl6chxs9s00cwl455abx51f8x_6_SWIR_jpg.rf.fd69b570a17a12ca84c531dac38b6ac3.jpg,1.0
cl6e31hgi002ygk55dfaq7cqn_4_FALSE_COLOR__URBAN_jpg.rf.fd8dca0a229e2bdc9d5c93bcef7c9e32.jpg,1.0
cl6odles00020ao555y5rc1cl_2_FALSE_COLOR_jpg.rf.fd78b1773fe731f3600efd996613f408.jpg,1.0
cl6csnj9g00ftl4554f0z30lc_4_FALSE_COLOR__URBAN_jpg.rf.fdcc9077e8381d4a0baaa97dfe4f68b9.jpg,1.0
cl6kfowty0017c455b591d008_4_FALSE_COLOR__URBAN_jpg.rf.fdaa6d568a0c42b835997f6558fc2ff1.jpg,1.0
cl6kipfwb000h8w55dvnhe43x_2_FALSE_COLOR_jpg.rf.fd80145f9303855a5f9dd3ebb3025653.jpg,1.0
cl6kftq9a001nc455a3108dvr_2_FALSE_COLOR_jpg.rf.fdcf3705a0d6b42208ee13df98580808.jpg,1.0
cl6oipd7x003jao55arv3e5iy_2_FALSE_COLOR_jpg.rf.fdb33ad876889d588201240c9b4851c9.jpg,1.0
cl6ch6a2n00bxl4554kqu9to4_4_FALSE_COLOR__URBAN_jpg.rf.fdb614b7ad8d3c321380aa5b21e251ab.jpg,1.0
cl6b6bzma006xl4550xca1cbf_2_FALSE_COLOR_jpg.rf.fdce1b01090753cd107f58a6719e4322.jpg,0.0
cl6op2fce006fao55753l8ulj_4_FALSE_COLOR__URBAN_jpg.rf.fd4987606e61371a4d9f638d58a53a3d.jpg,1.0
cl6kf91bs000rc45516bd66a9_4_FALSE_COLOR__URBAN_jpg.rf.fdd60f3d520b69db7e7744df795495bc.jpg,1.0
cl6ormdvy009mao551gd3alcq_4_FALSE_COLOR__URBAN_jpg.rf.fdd1631619b760be0d470a4f74cb8c7a.jpg,1.0
cl6ct23ww00gql45503oubjmo_2_FALSE_COLOR_jpg.rf.fd904239e3ccbb968a33055637930a49.jpg,1.0
cl6ok33x3005lao555fmcbrr8_2_FALSE_COLOR_jpg.rf.fda933de9a60ea210f7d92be1dcf20ee.jpg,1.0
cl6ou7gn700a8ao551bbh5gaq_1_TRUE_COLOR_jpg.rf.fde2fc9e3cb398fe54537bd13cd47683.jpg,1.0
cl6csnj9g00ftl4554f0z30lc_1_TRUE_COLOR_jpg.rf.fdde6f436f3c88039785a3e25123cd38.jpg,1.0
cl6csqi8m00fzl455hbvqhcm2_2_FALSE_COLOR_jpg.rf.fe08366de523064a95c3ba2bbb0c637c.jpg,1.0
cl6e0mv1s0017gk5595j92i2d_1_TRUE_COLOR_jpg.rf.fdf27e20295772fb5116f1b6bf254c9d.jpg,1.0
cl6od7f7j001hao55016b86jo_2_FALSE_COLOR_jpg.rf.fdd80c5935070d8c5c4a9704c07dbadd.jpg,1.0
cl6cs7poo00f2l4557i4i86z6_6_SWIR_jpg.rf.fe188634a82c13f06531e7cea80e5bb9.jpg,1.0
cl6cs64qm00ezl455acru4xkt_2_FALSE_COLOR_jpg.rf.fe1b28b6d92e237ab614aa0ecdc14594.jpg,1.0
cl6b03yzy0005l455dq6x4eyc_1_TRUE_COLOR_jpg.rf.fe2bf50aa128d80a899dedb841f3f995.jpg,1.0
cl6b7263q008rl455cbp6ejbc_4_FALSE_COLOR__URBAN_jpg.rf.fe0912988e9fcc2f8c6a42979b2ef520.jpg,1.0
cl6b6057d005ul4555s1o9t3q_6_SWIR_jpg.rf.fe348ec6df11dd8cfb80a970d045bd1a.jpg,1.0
cl6b5lfqn0043l455544gg2zx_1_TRUE_COLOR_jpg.rf.fdfbe416691962dc9b3b7998d8802c01.jpg,1.0
cl6kig3wf00098w556e894kgn_6_SWIR_jpg.rf.fe1920c64d2c7b7d7b10632439e46386.jpg,1.0
cl6ocwm59000lao557aje5r5p_4_FALSE_COLOR__URBAN_jpg.rf.fe0f698c3bbdeb7be17b5f0a31d37b0e.jpg,1.0
cl6oddf8p001pao558ykw6wkp_1_TRUE_COLOR_jpg.rf.fe3875e3dab6e3cd685829d934b33958.jpg,1.0
cl6chiqvr00c6l455cbe1ekdo_6_SWIR_jpg.rf.fe415e5e971aeaafa5db058099e59827.jpg,1.0
cl6b0aue4000ml455e4wo3e1j_2_FALSE_COLOR_jpg.rf.fe38bd1433624594ee30a23cc4ffb5cc.jpg,1.0
cl6odbryt001nao55htogdny9_6_SWIR_jpg.rf.fe4f5c48a45cdfe4c517115cd3df26ca.jpg,1.0
cl6od6dj2001eao55dxd749up_2_FALSE_COLOR_jpg.rf.fe45a25c2e72fbddf15d8bb7616a2c52.jpg,1.0
cl6b7as54009yl455ag52hzr2_1_TRUE_COLOR_jpg.rf.fe60637060588ebd9c993ff52cae36c4.jpg,1.0
cl6kfy9v8001vc4559ubi2rde_2_FALSE_COLOR_jpg.rf.fe8ba9f1b306878725b1e30b435441e4.jpg,1.0
cl6b71u9c008ql4552c2n4uf8_1_TRUE_COLOR_jpg.rf.fe60104a2d5a299c0d01c6786aff745d.jpg,1.0
cl6b0slw7001ol455e0rp3o75_6_SWIR_jpg.rf.fe7d515079c749104765ad937b5722e9.jpg,1.0
cl6b5xjjd005kl455hfjcd5ra_1_TRUE_COLOR_jpg.rf.fe666023b8872d36a35b06ef20679abe.jpg,1.0
cl6op6nll006lao553d190xdf_6_SWIR_jpg.rf.fe4e4587b75524d7aa0735bd282dda1c.jpg,1.0
cl6b5phba004il45531lb6655_2_FALSE_COLOR_jpg.rf.fe4ab6f424ab942162a574c4dfe50a5c.jpg,1.0
cl6cgdtzy00atl4553q1cfne5_4_FALSE_COLOR__URBAN_jpg.rf.fe9b0291182318f6c257273ab0d3f00e.jpg,1.0
cl6e1pp8g001hgk555wsz5aja_1_TRUE_COLOR_jpg.rf.fea0e729109be787a29d2fd911aee201.jpg,1.0
cl6oq3bjn008gao551ciogvom_2_FALSE_COLOR_jpg.rf.fea9c5dd45550b7945a63b3d49235748.jpg,1.0
cl6b76fnk009dl4556z3y9qgs_4_FALSE_COLOR__URBAN_jpg.rf.feaa9ca91437bd68854768c601009d88.jpg,1.0
cl6b5z6d1005ol45596rf4y2m_1_TRUE_COLOR_jpg.rf.febefd8bb13aed5b4ebc3f55db11cfc5.jpg,1.0
cl6cteplg00hkl4551scr5fko_2_FALSE_COLOR_jpg.rf.fecbf43a3e476dc0fcfb3189b237ad22.jpg,1.0
cl6b6s1o1007vl455511lek8y_4_FALSE_COLOR__URBAN_jpg.rf.febc6405706798c19fc79c41267098fa.jpg,1.0
cl6cs3y0l00etl4550acr1ii1_1_TRUE_COLOR_jpg.rf.feb68e30ead6c3db962a07436ba32cbb.jpg,1.0
cl6cgi18y00b4l455dvo73gk3_2_FALSE_COLOR_jpg.rf.fedeaf3aa4e2a65ae5b47067eccf01e8.jpg,1.0
cl6oqm42o0091ao5554tdbtq5_1_TRUE_COLOR_jpg.rf.fed2d1692764fd8ca2fd1feb929e17be.jpg,1.0
cl6b7crtk00a1l4552n2vbda4_2_FALSE_COLOR_jpg.rf.ff04d7064c6877b1f3584fa731f8b738.jpg,1.0
cl6od8ws9001kao558u2r832i_2_FALSE_COLOR_jpg.rf.fefd4d220e3a770916bf1faf56c85c8b.jpg,1.0
cl6ou90tv00acao559ijshkxd_1_TRUE_COLOR_jpg.rf.fee39736e95eb4705bd361f105cda8ef.jpg,1.0
cl6kf110z0004c455dymnacxa_2_FALSE_COLOR_jpg.rf.ff1bd363361097aed163b466100cc955.jpg,1.0
cl6b6y193008fl455chyoaarb_1_TRUE_COLOR_jpg.rf.ff0566a8b53745f77f0e463d9b71b1fa.jpg,1.0
cl6csjvur00fjl455ati39b6k_1_TRUE_COLOR_jpg.rf.ff1dc9b9dbebc73225898eb7444f2f19.jpg,1.0
cl6ctmr0300hzl4556sau1m41_6_SWIR_jpg.rf.feeab590b777cb3595e9858f517fa7c5.jpg,1.0
cl6e2cyo5001ugk556dvqc83s_1_TRUE_COLOR_jpg.rf.fedd03ffb3e64d725193a3fdeb02a478.jpg,1.0
cl6oduu28002dao550pgs32ff_1_TRUE_COLOR_jpg.rf.fef738d922186e7fd27cddd1eb45cdee.jpg,1.0
cl6e39jpe003igk55gh0659o4_1_TRUE_COLOR_jpg.rf.fefcca7b398db1f097bb93757c44f930.jpg,1.0
cl6b5w0pv005dl455ej5m1iej_4_FALSE_COLOR__URBAN_jpg.rf.ff2a59ab377f99cf7adefb7b1c38cd2f.jpg,1.0
cl6ctfvqa00hnl455fu4bf37z_4_FALSE_COLOR__URBAN_jpg.rf.ff2e1bdcca8a41646fefe22b98b73d5e.jpg,1.0
cl6e1icq8001agk55c0pe3e5b_2_FALSE_COLOR_jpg.rf.ff30652c9c499b91e2e80e4226f83564.jpg,1.0
cl6oe0y5h002rao55ghk1g0ha_1_TRUE_COLOR_jpg.rf.ff595b7f6b16512dda8049179677d3ac.jpg,1.0
cl6e36kv1003fgk55gnb9050o_4_FALSE_COLOR__URBAN_jpg.rf.ff754fe5b05fcf3e0fecf78ffa7a845c.jpg,1.0
cl6cpff5c00dll455ew1ddl1f_1_TRUE_COLOR_jpg.rf.ff77a85a304a80cba0163d6443529a7a.jpg,1.0
cl6b5goei003ql45521jt4njh_1_TRUE_COLOR_jpg.rf.ff3d0210f3fb64950df16131deaada42.jpg,1.0
cl6dzuimb000xhg552nh5hdd9_4_FALSE_COLOR__URBAN_jpg.rf.ff5682b6f3eac98830cd0152d21218fe.jpg,1.0
cl6oul0ve00axao5549vy6mom_6_SWIR_jpg.rf.ff6f44adca396e3abf9ca40a7c0ec74f.jpg,1.0
cl6opeul20072ao55eq23cssc_4_FALSE_COLOR__URBAN_jpg.rf.ff76d0f2d27d0eb8048d76ec39a52527.jpg,1.0
cl6cswevu00gbl45556scbr9n_4_FALSE_COLOR__URBAN_jpg.rf.ff8638bde04ace6c7e8cdf1b3622b44f.jpg,1.0
cl6ojbg9t004oao552glqe340_6_SWIR_jpg.rf.ff321ca37782a8cfcdc37dbe4af38e81.jpg,1.0
cl6kg5b5c0027c455abg328ld_2_FALSE_COLOR_jpg.rf.ff86adfddfbefb0f92a3f0c12d2b98b1.jpg,0.0
cl6cgzyml00bql4557ej3af4i_6_SWIR_jpg.rf.ff9b83ee8ff0d29d87b8d5b2b0235986.jpg,1.0
cl6odg2fc001rao557orb0ee5_1_TRUE_COLOR_jpg.rf.ffae4c5dbaa67ac1cc5338c210a0906c.jpg,1.0
cl6b7hk7q00adl4550rwe3x4h_4_FALSE_COLOR__URBAN_jpg.rf.ff3a4098f568dbc5fee78cc558a141b7.jpg,1.0
cl6kfe4yn0012c4556ug51m1e_2_FALSE_COLOR_jpg.rf.ff59e5edb8ca0d49dc80f409ada5a67b.jpg,1.0
cl6e31up4002zgk55aj7w7a0x_1_TRUE_COLOR_jpg.rf.ffba923550e7db29bd1d26dafd7132fa.jpg,1.0
cl6od5fxe001dao55dwsx001s_1_TRUE_COLOR_jpg.rf.ffb059ed029e05afe1fe1ae1f6553f62.jpg,1.0
cl6ok1xz8005jao55et1x9ny0_2_FALSE_COLOR_jpg.rf.ff87cb417901960f82d50a82cda32356.jpg,1.0
cl6oq3bjn008gao551ciogvom_1_TRUE_COLOR_jpg.rf.ffa115d5c67dd4782bd0cc79fff95f62.jpg,1.0
cl6ou7ryz00a9ao554y3uh8jm_1_TRUE_COLOR_jpg.rf.ff4313279a4b5cb8665ab77885247794.jpg,1.0
cl6b5cyyr003bl455dl3u1ojd_4_FALSE_COLOR__URBAN_jpg.rf.ff2ed870c0e426984279dad953cd5071.jpg,1.0
cl6m15k1g00378w559sqfahyu_4_FALSE_COLOR__URBAN_jpg.rf.ffc42bb994a09958301cf7bb7f37d449.jpg,1.0
cl6cti5zm00hrl4555pdk0ef9_2_FALSE_COLOR_jpg.rf.ff957a192817d535c6827cfdfaa0c3c0.jpg,1.0
cl6opag1s006tao55h8pkceie_1_TRUE_COLOR_jpg.rf.ffc8b82d61e2ea822d1581ab98338041.jpg,1.0
cl6cgwlv800bol4557nsq5jwk_6_SWIR_jpg.rf.ffd180a5ca0494244bb21f3d330ffb1b.jpg,1.0
cl6b534co0028l4557bpr4k5i_1_TRUE_COLOR_jpg.rf.ffcfe8fbd0ce366dad6a1e3168774001.jpg,1.0
cl6e06umy000bgk55gkbw1ajq_1_TRUE_COLOR_jpg.rf.ff99499134e4c776cf628ac0b2db75f3.jpg,1.0
cl6oroiyh009qao55fjioccgf_1_TRUE_COLOR_jpg.rf.ffda9e17fdf2ad36faf7714a42a9d9ec.jpg,1.0
cl6b0s28i001ll455fuut9xea_6_SWIR_jpg.rf.ffe3b3ffe4e197ca2148a9f6bc5ecc39.jpg,1.0
cl6orndip009oao55fid2ccb1_4_FALSE_COLOR__URBAN_jpg.rf.ff8c0b4390c56b9a5b134a5ddd1797e5.jpg,1.0
cl6cgg5np00b0l455enz77l37_1_TRUE_COLOR_jpg.rf.ff8f7d12ff0001aa5dd85d605256ce18.jpg,1.0
cl6kf256r0006c455hwcv6khh_1_TRUE_COLOR_jpg.rf.ffe9699d0eae3aab20d3fabd988f6923.jpg,1.0
cl6op4t8q006jao559muv9l5l_2_FALSE_COLOR_jpg.rf.ffe1cf855c518b22ede048837332d2e3.jpg,1.0
cl6crxga900e6l4554gxk4zu2_1_TRUE_COLOR_jpg.rf.ffecfb0732faab9556078113aa65fbb3.jpg,1.0
cl6kgjivy002xc4559k1m5r9y_6_SWIR_jpg.rf.ffe33dc3899013e5424d67ce7880a757.jpg,1.0
cl6b6iksa007dl4551508f1n4_6_SWIR_jpg.rf.ffe38707da2a9f6c63bba3b8f6509e37.jpg,1.0
cl6opn2ws007hao55es3fg6b2_1_TRUE_COLOR_jpg.rf.41dbf9da7c61a6679fc17f616daa723d.jpg,1.0
cl6oduu28002dao550pgs32ff_6_SWIR_jpg.rf.41892fd14717d6ea341c85606e5a60a3.jpg,1.0
cl6cgftp700azl455a3ylbfp5_4_FALSE_COLOR__URBAN_jpg.rf.41cb6c3412cbd34f920b58e3d2389af0.jpg,1.0
cl6cgzyml00bql4557ej3af4i_1_TRUE_COLOR_jpg.rf.419a5d99d33800bf89d1c0a754e78951.jpg,1.0
cl6orqkwo009wao55euf3d9vn_1_TRUE_COLOR_jpg.rf.41b83361c6921986b6a72faf09e7e845.jpg,1.0
cl6b7ep9100a4l455h3w9fstk_2_FALSE_COLOR_jpg.rf.41eacabe5998c936e5840e39e9f4879e.jpg,1.0
cl6kitrsd000j8w557yff59mf_4_FALSE_COLOR__URBAN_jpg.rf.4203e9c92306071d3a382b73bb714a52.jpg,1.0
cl6chnfxe00cgl455cg8v02rb_6_SWIR_jpg.rf.420f9f1cc3fcaccbd5ae3905e5e464e6.jpg,1.0
cl6b0cqup000ql4558m8y8a8t_2_FALSE_COLOR_jpg.rf.41c0dcd1d2f87952e59e6da103c4fa6a.jpg,1.0
cl6e3dpyr003pgk5549kb5vj7_6_SWIR_jpg.rf.4197c64b09c5a891c38c676409b3b2f9.jpg,1.0
cl6cht8c600cml4558wv5emrs_2_FALSE_COLOR_jpg.rf.4221939d592fd757acfea548086ab635.jpg,1.0
cl6m1ho5c00418w55hopz9miu_1_TRUE_COLOR_jpg.rf.4201c569dcedcb6378797b83e2a0d806.jpg,0.0
cl6opi0lv0079ao554ptl5yd7_6_SWIR_jpg.rf.41a6967e4324ec136871df0db2385235.jpg,1.0
cl6ctfm0y00hml455e2b1hjgv_1_TRUE_COLOR_jpg.rf.41942353e96dded431ab2e6a5f1703e1.jpg,1.0
cl6opmk2m007gao55exvlfv4q_6_SWIR_jpg.rf.418f20e88232cbf6e86d3c915a0247ec.jpg,1.0
cl6keymqs0000c4559gsd6y3f_1_TRUE_COLOR_jpg.rf.42039a05481d1cf6f7b0ecf0771bbc26.jpg,1.0
cl6oiojdm003hao55geo24bj6_6_SWIR_jpg.rf.41d4b8fa06335b9ceea1b9d9e2005c18.jpg,1.0
cl6ctgypm00hol455a8epfwn4_2_FALSE_COLOR_jpg.rf.41e82f593b209a3fcea2c76118184e7e.jpg,1.0
cl6e0mv1s0017gk5595j92i2d_2_FALSE_COLOR_jpg.rf.41eb688093e9ea6c473db5dfc4d3b184.jpg,1.0
cl6oq5o43008lao55fwaycnl7_4_FALSE_COLOR__URBAN_jpg.rf.4187b9af437119891f5b49b680540f0d.jpg,1.0
cl6m1fco6003v8w558h0s1dhz_4_FALSE_COLOR__URBAN_jpg.rf.42162c8deb9e95f28cf70986ffcbe747.jpg,1.0
cl6chnfxe00cgl455cg8v02rb_6_SWIR_jpg.rf.420e9f4c0295d5588fd77a98d6ef791b.jpg,1.0
cl6ctczpo00hil4556qoq3h4p_6_SWIR_jpg.rf.41fee1dbf548cc53ebb6b891f2d13d42.jpg,1.0
cl6oduc5a002cao556mn91qk2_1_TRUE_COLOR_jpg.rf.41aeb712cede7bed490e98bdacb46931.jpg,1.0
cl6b78q1y009sl455ekwc1jfp_2_FALSE_COLOR_jpg.rf.425b71749495e1d19aaee4a5f2aee412.jpg,1.0
cl6kfpeg80019c455an5z7myg_1_TRUE_COLOR_jpg.rf.422e0b25872b9fe1d9f350e8df17e772.jpg,1.0
cl6dysdta000hhg557gxba0yc_6_SWIR_jpg.rf.428d29d165e983bf9acacd78cae3ad14.jpg,1.0
cl6cgtnl200bll4552u3y49k7_2_FALSE_COLOR_jpg.rf.425453610f535f8630e40c87233e9ec5.jpg,1.0
cl6chxs9s00cwl455abx51f8x_6_SWIR_jpg.rf.420f41b17c8b3d6c9abe25e8c77b872e.jpg,1.0
cl6od25pv0016ao552ilz4612_1_TRUE_COLOR_jpg.rf.4295d74ddbc23f64d99ef3e2ebde9439.jpg,1.0
cl6opbe62006wao55djzu951u_6_SWIR_jpg.rf.422e6a9f26b75a809958ef3af4c863ca.jpg,1.0
cl6csx2sn00gel4553te03vfh_6_SWIR_jpg.rf.4274ca766dea4948e1f809c99ac595b1.jpg,1.0
cl6crtivm00dwl45544k043su_4_FALSE_COLOR__URBAN_jpg.rf.428144dc867c26616cef4b27b9b24b63.jpg,1.0
cl6csqi8m00fzl455hbvqhcm2_4_FALSE_COLOR__URBAN_jpg.rf.4279cee6fac88080a7e4f64a6cee5b3f.jpg,1.0
cl6oubpv600ahao554abdcshr_1_TRUE_COLOR_jpg.rf.4229359740ddffd7373f0c989bb52227.jpg,1.0
cl6b5itb2003wl455c6390bed_4_FALSE_COLOR__URBAN_jpg.rf.423335d4bc50a75fae737bf207a205bb.jpg,1.0
cl6b0ckyi000pl455hm7bhix2_1_TRUE_COLOR_jpg.rf.429b1c62f406ca5ef3639510e6d67fe7.jpg,1.0
cl6cgeaqz00aul4553pd8gh18_1_TRUE_COLOR_jpg.rf.42acdf350ea2978693b8bb21474b5db9.jpg,1.0
cl6e2hp3l0025gk55buu53wd8_6_SWIR_jpg.rf.42bfc0694bb03e4dba95a3a1d6c8ffd8.jpg,1.0
cl6ooxizh0068ao55h1l3hrim_2_FALSE_COLOR_jpg.rf.423caae70b233b71539edf32a1e9855c.jpg,1.0
cl6csdbcu00f9l455hnwh8a4z_1_TRUE_COLOR_jpg.rf.42c41137504d6f7c4ef232c7c3aa00a6.jpg,1.0
cl6kfsx2l001kc455ezxdhkvx_2_FALSE_COLOR_jpg.rf.424b1ed9616e083934e2c3372af84878.jpg,1.0
cl6b6ptk6007sl45528q81uc9_2_FALSE_COLOR_jpg.rf.42aedb413e05c0765a4baa11dd028042.jpg,1.0
cl6oj4idn004cao558e80ezcu_2_FALSE_COLOR_jpg.rf.42cb6664b30491cb00bb592e841ea422.jpg,1.0
cl6ophgti0078ao557twhfw8d_2_FALSE_COLOR_jpg.rf.42c4951f69ffff6ddcc90b0f03b7da9b.jpg,1.0
cl6cruirz00dzl45533iybi5p_2_FALSE_COLOR_jpg.rf.4260f63f846c3af892ef4343c93757f5.jpg,1.0
cl6e024qp0002gk55hw935fuj_4_FALSE_COLOR__URBAN_jpg.rf.42ca6b872d22c992db33dda1561af398.jpg,1.0
cl6m1cyzn003n8w55b05d1g7b_2_FALSE_COLOR_jpg.rf.425c6abde9f7fb11ac6e33300266b311.jpg,1.0
cl6e2yxqd002pgk5597n8c4s8_2_FALSE_COLOR_jpg.rf.42d7e34f0b6dfc054e6950de4d2c2f23.jpg,1.0
cl6odxshy002kao554h0tez0a_1_TRUE_COLOR_jpg.rf.42e3a9636f3b3ebbcd62ceccc3e596cc.jpg,1.0
cl6cs0lrz00ehl45590z36ae8_1_TRUE_COLOR_jpg.rf.42e8bbc2099121b0a9813099408af94d.jpg,1.0
cl6b5zvva005tl455617x069k_6_SWIR_jpg.rf.42de9b254d61c6e49d2cfd7eeef8efd3.jpg,1.0
cl6odzs5e002oao55heuig0a6_1_TRUE_COLOR_jpg.rf.431cd9312e89e2db578d447f58028b78.jpg,1.0
cl6dyxq50000nhg5571bs31g5_6_SWIR_jpg.rf.43076c37a4724d499ac6e02fc1a98ea5.jpg,1.0
cl6cstc5x00g7l455ec9d32eh_2_FALSE_COLOR_jpg.rf.42bb8b7d2c29c523415bbd560e4174ad.jpg,1.0
cl6csuejr00g9l45566f93g4a_4_FALSE_COLOR__URBAN_jpg.rf.430c4ff1b50f65e35aa3d0f8acdece2a.jpg,1.0
cl6ojowwz004yao55hvwldnc2_2_FALSE_COLOR_jpg.rf.4339d02e0d70abb719839a31020f84d2.jpg,1.0
cl6oczf4b000uao559egx35g7_6_SWIR_jpg.rf.43a0ed236c8ebba99b62e3df13373bba.jpg,1.0
cl6odxshy002kao554h0tez0a_6_SWIR_jpg.rf.4333208ab21c0e1ff9f6794a0cc9a79e.jpg,1.0
cl6b6xs0d008el455cvd92nt5_6_SWIR_jpg.rf.42db391cba068992b401771fab81531e.jpg,1.0
cl6ok0jxn005hao55hyz7967m_4_FALSE_COLOR__URBAN_jpg.rf.435537b245b5bd019f741494149ba974.jpg,1.0
cl6b5h8hs003sl4559hmj1w9m_4_FALSE_COLOR__URBAN_jpg.rf.43167d1a6c5465092d69988c80928516.jpg,1.0
cl6cgsj2300bjl4556rjk0yap_2_FALSE_COLOR_jpg.rf.435724afa2d4934057d38f6ca4b09b3e.jpg,1.0
cl6b6et5c0076l455204j3p53_4_FALSE_COLOR__URBAN_jpg.rf.43645609da29b7b464cb2ff8460fbe81.jpg,1.0
cl6b55npu002gl4553f5c3lj0_6_SWIR_jpg.rf.438307934b5aab5124d4681f2804c438.jpg,0.0
cl6b5zvva005tl455617x069k_1_TRUE_COLOR_jpg.rf.43200364bb8eb6cfae968beb4a3b5e02.jpg,1.0
cl6cpadty00d9l4557ubu7rwz_6_SWIR_jpg.rf.431fe2f95805665cbfab57e213e7222b.jpg,1.0
cl6opvtw5007zao556bmf7ibn_6_SWIR_jpg.rf.42f82bc1e165c3040f31564a6845de04.jpg,1.0
cl6b0797l000fl4556jpv3nqd_6_SWIR_jpg.rf.4373cdcafdf211c0d2373ed63cc39c8b.jpg,1.0
cl6chb1kq00c3l45538v16mga_4_FALSE_COLOR__URBAN_jpg.rf.436e82c5d4047c4789cfd86dddf2029b.jpg,1.0
cl6lt6ipg00288w55ee7scu7b_4_FALSE_COLOR__URBAN_jpg.rf.43014065c308b5105eb136825879261f.jpg,1.0
cl6dyl8hm000ahg5552vu7wuo_4_FALSE_COLOR__URBAN_jpg.rf.435dcd36a9caa7911e3f5b0f38b3eb4e.jpg,1.0
cl6opzi7x0089ao55gsrh89x9_1_TRUE_COLOR_jpg.rf.43ac2c9f96027a84e3dbf5d3ed329833.jpg,1.0
cl6op9m80006sao552sp0bgyl_6_SWIR_jpg.rf.43aca723a23be77f7a45d6bb6292b321.jpg,1.0
cl6kjle3b001q8w55cr3p1f1z_1_TRUE_COLOR_jpg.rf.43bc06f85f14d79c3728402bc2177ebc.jpg,1.0
cl6opypeq0087ao55cd0fhzah_6_SWIR_jpg.rf.43de9993f86cd0cb57b4b362ee639afd.jpg,1.0
cl6okbkxz005xao55cwhm56ie_2_FALSE_COLOR_jpg.rf.43d4b31f9aa45010cc6b672e51505162.jpg,1.0
cl6csxetg00gfl455cfeqgtms_4_FALSE_COLOR__URBAN_jpg.rf.441983c74841c5b0107ee50674a29cc9.jpg,1.0
cl6ltuz3i002x8w554lrq3tnc_1_TRUE_COLOR_jpg.rf.440e5d097dbda5829dce0f98aeb7be23.jpg,1.0
cl6b5m4w10045l4550bi9ea2d_4_FALSE_COLOR__URBAN_jpg.rf.43b3c602134ee17546c721d2cd99be8d.jpg,1.0
cl6e36bwt003egk553qs07yng_1_TRUE_COLOR_jpg.rf.4452dc262d63518d7ee9dab3fa7ce630.jpg,1.0
cl6kfwvz3001sc45549gxd3e2_1_TRUE_COLOR_jpg.rf.444c3f71ef41e757df1e598492947055.jpg,1.0
cl6ctnko800i1l4557pimhby6_1_TRUE_COLOR_jpg.rf.4309247feaf0cf57b1ab58a2b9a143fd.jpg,1.0
cl6opkqwo007dao55e4yr3lyo_2_FALSE_COLOR_jpg.rf.4468b18c443ea3d99d9c2df35811e044.jpg,1.0
cl6kf821l000nc4555y4p2rm4_4_FALSE_COLOR__URBAN_jpg.rf.443031fbe484ae632bcb50ebd910133a.jpg,1.0
cl6ocw54k000kao554ryq6ukn_6_SWIR_jpg.rf.44766dae5180b28178ac907abf4f7398.jpg,1.0
cl6e3cezg003lgk551giraowq_4_FALSE_COLOR__URBAN_jpg.rf.447572b5e8e32554b04286143fcbba44.jpg,1.0
cl6e04upl0006gk550fj7cs9u_1_TRUE_COLOR_jpg.rf.441505154fed876ae4914fa3da9302e3.jpg,1.0
cl6ch93ke00c2l4558vo85rjw_6_SWIR_jpg.rf.44896426fe583313e3190c198baaa685.jpg,1.0
cl6ct07zx00gll4554jg5b8r4_4_FALSE_COLOR__URBAN_jpg.rf.44475a43f5edf59abffcde15cf58f3a5.jpg,1.0
cl6b5wl3u005gl455fljch2g9_1_TRUE_COLOR_jpg.rf.447b22dc6db0a5d0b165c789da5f0686.jpg,1.0
cl6m1dd0r003o8w5569ma5agl_6_SWIR_jpg.rf.4477080b9339ba78a0acab7e44a20587.jpg,1.0
cl6m1cyzn003n8w55b05d1g7b_4_FALSE_COLOR__URBAN_jpg.rf.44b4035ae00f52208aeeb8d6f347b935.jpg,1.0
cl6b6bzma006xl4550xca1cbf_2_FALSE_COLOR_jpg.rf.4412aa18732c99e9d4737a522bf2bcb9.jpg,0.0
cl6e351jb003agk55474uguhw_4_FALSE_COLOR__URBAN_jpg.rf.448f3918191871151b19c4bf68fbc104.jpg,1.0
cl6cglp1000b9l4555bzvbgqj_4_FALSE_COLOR__URBAN_jpg.rf.44aea4aa1ba63094659e6df3f82f39fe.jpg,1.0
cl6m0whp000308w555xk5cwij_6_SWIR_jpg.rf.44aa640e4d518dc32ab2edafd4325d7b.jpg,1.0
cl6e0jb4i0011gk5501445oon_2_FALSE_COLOR_jpg.rf.44c10e2d0b982719666cb159e5c5df99.jpg,1.0
cl6cguk2800bml4556lfx35kx_6_SWIR_jpg.rf.44c1c0f4090708462f10a05ae77e8959.jpg,1.0
cl6oinvqs003fao55chcqcxbr_1_TRUE_COLOR_jpg.rf.448cdf9d89e82047bc02cf9d9982462f.jpg,1.0
cl6e3gmqp0040gk55gklf0ka1_6_SWIR_jpg.rf.44c3d9f4e3a3dd594a20bc67a8d6fcd4.jpg,1.0
cl6ctu9tf00ibl455cvffhm3v_6_SWIR_jpg.rf.44fdc5b6852177c43687af3996880408.jpg,1.0
cl6ocu86l000hao5586i77xky_2_FALSE_COLOR_jpg.rf.44d01344d133244fc6949b13a543d1ec.jpg,1.0
cl6op0cny006bao55hefn0jyf_2_FALSE_COLOR_jpg.rf.44d40b34d0770c5d19436d907248ea47.jpg,1.0
cl6b0s28i001ll455fuut9xea_2_FALSE_COLOR_jpg.rf.44effe10366a95625e2fa56100568a57.jpg,1.0
cl6chkc4400cal4551mau76ln_4_FALSE_COLOR__URBAN_jpg.rf.4506681122dde55841352b3c202284f9.jpg,1.0
cl6kiuz0a000l8w554itn2fmi_4_FALSE_COLOR__URBAN_jpg.rf.44f8067ccffc68840b73f8c90dd183bc.jpg,1.0
cl6chwo0b00ctl4552uy69sgu_4_FALSE_COLOR__URBAN_jpg.rf.450d7c74413181d68c853f289ea56626.jpg,1.0
cl6opowct007kao55518p0qp4_1_TRUE_COLOR_jpg.rf.4549c09327014e2f2daa430809a53a4d.jpg,1.0
cl6ojftwf004vao557igrc357_2_FALSE_COLOR_jpg.rf.451c192dcc38d7f87f3a980129429f8f.jpg,1.0
cl6cs00tw00eel455eivc6jwi_4_FALSE_COLOR__URBAN_jpg.rf.446e3d0be21226f2c32733a592d4ed41.jpg,1.0
cl6b6uhzk0082l455dc5hco31_6_SWIR_jpg.rf.45143f74dc0b1a03a684c8357a9b0b06.jpg,1.0
cl6lt6ipg00288w55ee7scu7b_1_TRUE_COLOR_jpg.rf.44e4d2bbbfcb839dd52074603c19071a.jpg,1.0
cl6chihhc00c5l455hj7j1iic_2_FALSE_COLOR_jpg.rf.45298825dc9d64dce67cbffc600f7564.jpg,1.0
cl6ouiflj00apao55ef14ha2q_6_SWIR_jpg.rf.44f9ac11b1f7963282b775d9c3955d8a.jpg,1.0
cl6ojakz1004lao55gg29c7l2_2_FALSE_COLOR_jpg.rf.458133fe14c114bd2a82f329cad01879.jpg,1.0
cl6crwyyq00e5l4558o6g9ltn_4_FALSE_COLOR__URBAN_jpg.rf.457caa615cd964a1f297759828b2df3a.jpg,1.0
cl6oj50of004dao558azz1d6c_1_TRUE_COLOR_jpg.rf.45692fc65cd78f2c03b39ba885b8dc6f.jpg,1.0
cl6dzrpz8000uhg553etw7mko_4_FALSE_COLOR__URBAN_jpg.rf.448073b1c5f85e1643c9f08b7b89142a.jpg,1.0
cl6odx8ff002jao5531b01e4o_6_SWIR_jpg.rf.44cfb8e0ae86bb29412eb495044795d8.jpg,1.0
cl6b5sn8f004xl455a0z7eski_1_TRUE_COLOR_jpg.rf.451d0b8a6093cfc1a9ad8b3b06e71535.jpg,1.0
cl6b6et5c0076l455204j3p53_6_SWIR_jpg.rf.450ffcd4e55446ecf201ad1a876c116a.jpg,1.0
cl6b5nqx3004dl4556qu6azh4_1_TRUE_COLOR_jpg.rf.4515391aaf1fa525dc8069682327fbec.jpg,1.0
cl6ok8rik005rao5581r9bkn0_1_TRUE_COLOR_jpg.rf.44e817a19f11454f87e909f1e97ab3a9.jpg,1.0
cl6b0mbsn001al4551f0hdz4x_4_FALSE_COLOR__URBAN_jpg.rf.4585862235fe6daa9df4189fcf7dd52a.jpg,1.0
cl6opu1eb007uao5563tf72vm_1_TRUE_COLOR_jpg.rf.459dc24025c7d88a245fc0d0231f4594.jpg,1.0
cl6ouls6z00ayao55bf2p0x2k_4_FALSE_COLOR__URBAN_jpg.rf.45b274310879314e57cbda6e93e0b300.jpg,1.0
cl6e2xkh0002mgk55aif2aqvo_2_FALSE_COLOR_jpg.rf.45b0826259e2b26bea0053cb1efdf7f8.jpg,1.0
cl6ok5klz005nao55dbmig3bd_6_SWIR_jpg.rf.4543fb5c8947b264c830859131e9af8d.jpg,1.0
cl6m1i65g00428w55dj3h5btk_2_FALSE_COLOR_jpg.rf.45899c2b1e8e19835831ce20b5c1fdc1.jpg,1.0
cl6dyqj7a000ehg55buwr46eg_4_FALSE_COLOR__URBAN_jpg.rf.45b713631342af605a04b12287661349.jpg,1.0
cl6ocroz8000bao556vczaflp_2_FALSE_COLOR_jpg.rf.45b950df25c75d7e1e265ef6cd675f8d.jpg,1.0
cl6odg2fc001rao557orb0ee5_1_TRUE_COLOR_jpg.rf.45bc9f0df24e25039dd1beecb0eac0f8.jpg,1.0
cl6oiyg3q003zao55c5k11xtf_6_SWIR_jpg.rf.46072cb9b48b8c21d34c15a67b4e1c0a.jpg,1.0
cl6oja8ma004kao55atmaakd4_4_FALSE_COLOR__URBAN_jpg.rf.45fc2f0043048873e172b0e93e56579c.jpg,1.0
cl6kiw7u3000n8w555peaa411_4_FALSE_COLOR__URBAN_jpg.rf.45c0582d095787561a8d92345064b325.jpg,1.0
cl6crwhp200e4l455f6nf73c3_4_FALSE_COLOR__URBAN_jpg.rf.459872e3cdc38abf42730355b070f7e6.jpg,1.0
cl6oitxum003tao55ghqu4f36_4_FALSE_COLOR__URBAN_jpg.rf.45f10df80fbb17d11ffb12aad3d2113d.jpg,1.0
cl6oinvqs003fao55chcqcxbr_2_FALSE_COLOR_jpg.rf.45f2b722833432396b26238d2515943a.jpg,1.0
cl6b77933009jl4554y5l30h3_4_FALSE_COLOR__URBAN_jpg.rf.4645fc4cd90f4a96c9b2f0106ce42c25.jpg,1.0
cl6ctb1m400hdl4551wz24flk_1_TRUE_COLOR_jpg.rf.45cdc9f3c7e7690b151ba12aa44e0141.jpg,1.0
cl6oqcc63008vao551jrk90jb_1_TRUE_COLOR_jpg.rf.46717f022e6864abf386e122f87daa8f.jpg,1.0
cl6oozv0s006aao55aqm71ih3_2_FALSE_COLOR_jpg.rf.45f193dfebe535b55a13f7184718ca8e.jpg,1.0
cl6khu4gb00008w5575zsg2eh_6_SWIR_jpg.rf.46489970b01729f2abd4bb3d75641181.jpg,1.0
cl6ojaxxv004mao552t7ah2ky_6_SWIR_jpg.rf.460944d239e64454ad6e84e7ee74fef0.jpg,1.0
cl6oieqtk002xao5545u415h6_4_FALSE_COLOR__URBAN_jpg.rf.46259685cd4192c9637221d5a3736834.jpg,1.0
cl6lt37ph00248w55dnhvff9s_2_FALSE_COLOR_jpg.rf.46075db2d98381aea6043a811f755ae8.jpg,1.0
cl6b79rs5009wl4550jbyddo9_4_FALSE_COLOR__URBAN_jpg.rf.46394285a9edf8233900e2dd9391c015.jpg,1.0
cl6e2j74p0028gk559qcd87o6_6_SWIR_jpg.rf.45e5eb784de52ae3ca9343efc6a23693.jpg,1.0
cl6b5vl5q005bl4554dg30yje_6_SWIR_jpg.rf.465c1f60941aee2c52074f93b1d4c4a5.jpg,1.0
cl6oq8ags008mao55b74o6kch_6_SWIR_jpg.rf.45d7fc971c0ac6db3a82875fb37520f8.jpg,1.0
cl6ctkcif00hvl455e4f58h78_2_FALSE_COLOR_jpg.rf.45bb88232c742d2b70f7d800a5997a30.jpg,1.0
cl6b4y3qb001rl4553jovdn3c_2_FALSE_COLOR_jpg.rf.45cdfd30eec4c29e8c71ac493019676d.jpg,1.0
cl6cs6mgj00f0l455egwshib7_4_FALSE_COLOR__URBAN_jpg.rf.4648fcf21078615840565025a0c92c2c.jpg,1.0
cl6m16jg100398w5516eqah85_6_SWIR_jpg.rf.469bd8e8218a04aa6793b3e8ed8cb31a.jpg,1.0
cl6chlszf00cdl455e5f50fbv_4_FALSE_COLOR__URBAN_jpg.rf.46187711ad56c507e972f6b3857df410.jpg,1.0
cl6e1qges001kgk555z158f33_2_FALSE_COLOR_jpg.rf.468712a776a84c09322f96e4c8234a92.jpg,0.0
cl6kjfsd8001d8w55e6ne0oyo_2_FALSE_COLOR_jpg.rf.4680ad1f66022bdcd162eca9caa09732.jpg,1.0
cl6b6jisx007gl455f80x2o01_1_TRUE_COLOR_jpg.rf.469ce006c3a467147ede35f3a6a6d3e6.jpg,1.0
cl6b71dky008pl4551u1e28u1_6_SWIR_jpg.rf.46766c5c3dab7639f2b8595a6ae579ff.jpg,1.0
cl6kj8fjf00118w55aij5h57n_2_FALSE_COLOR_jpg.rf.4645ca39a1f1d9f324141d18a4ee00a2.jpg,1.0
cl6opv5oo007xao553de9g7wd_1_TRUE_COLOR_jpg.rf.466333d4aa6b5ddd18ae60b9d9a995e3.jpg,1.0
cl6csstjw00g5l455c618frnq_6_SWIR_jpg.rf.46aa1b799be50042418d0b1c2e746d7e.jpg,1.0
cl6dzvdbz000yhg552dlf8c2e_2_FALSE_COLOR_jpg.rf.46ab61a228571c4334b54886e5977a31.jpg,1.0
cl6b51tzw0021l455hoys6t5x_6_SWIR_jpg.rf.46b7f345edf58b5834279bb775643a8e.jpg,1.0
cl6b4y3qb001rl4553jovdn3c_1_TRUE_COLOR_jpg.rf.46da97d1e2ea3e6674dff1ded69884d0.jpg,1.0
cl6e2edx3001ygk554c0h3ubb_4_FALSE_COLOR__URBAN_jpg.rf.46df45f23bd2eb2bff2cb949e7ca1137.jpg,1.0
cl6orq40w009vao552t868lax_6_SWIR_jpg.rf.46f6a00ebb9e6cb1be492c038346d46b.jpg,1.0
cl6e1hzlh0019gk555vc2fpgf_4_FALSE_COLOR__URBAN_jpg.rf.470944a1aaff2ec00cc311ab9953fc75.jpg,1.0
cl6e0eki8000sgk55gpb73kwu_6_SWIR_jpg.rf.46d7f8eec2a2ff271377b4e4864b49d3.jpg,1.0
cl6b5wl3u005gl455fljch2g9_6_SWIR_jpg.rf.4720c7eefed96fab7eec6cc041de210d.jpg,1.0
cl6e2fi9f001zgk55b58g3gk6_6_SWIR_jpg.rf.46ea979993cd1204dda9480eeb4164a5.jpg,1.0
cl6oj031d0042ao55aior769s_4_FALSE_COLOR__URBAN_jpg.rf.474b8e7a2e510e7fc39b9fa7028e636b.jpg,1.0
cl6b70r7i008nl455av4ufqdo_2_FALSE_COLOR_jpg.rf.47089c12d6206dcd87ac0a8ecb3ca394.jpg,1.0
cl6e2cyo5001ugk556dvqc83s_6_SWIR_jpg.rf.470f1c79584e8717c0f88507aaebf412.jpg,1.0
cl6od3yri001cao55gifvaizk_4_FALSE_COLOR__URBAN_jpg.rf.46ffbcc9e17c6d3facc3d2a2972b0c2c.jpg,1.0
cl6okdhtr0062ao557yfi3i7c_6_SWIR_jpg.rf.46ab7f5ac9b636d04a1486a86442f015.jpg,1.0
cl6odyfwh002lao55bnflcuaj_6_SWIR_jpg.rf.4710f6195a3f24fddec9b58125440547.jpg,1.0
cl6od703v001gao55arwo07qr_4_FALSE_COLOR__URBAN_jpg.rf.46b2ee2c5462ce567bf6b3846f89f74e.jpg,1.0
cl6cpao9l00dal4553toud4ix_2_FALSE_COLOR_jpg.rf.47415e29ba8e3124712afeadbb25740f.jpg,1.0
cl6m145w400368w55e1mscmpe_1_TRUE_COLOR_jpg.rf.474ea183f810e911c9378a6080f2d159.jpg,1.0
cl6b6uhzk0082l455dc5hco31_4_FALSE_COLOR__URBAN_jpg.rf.4706555c851798751ee6510c67342ecd.jpg,1.0
cl6kjgg8s001f8w55gpld4jfw_4_FALSE_COLOR__URBAN_jpg.rf.4707b58ba1a99b0b2b539d89c7ebf2cf.jpg,1.0
cl6cgzyml00bql4557ej3af4i_6_SWIR_jpg.rf.46d53d7c5743ccebe38b8e476f857031.jpg,1.0
cl6kgfqaa002oc455gxuy2vys_6_SWIR_jpg.rf.4707e7a4c377c014604e95596c507f63.jpg,1.0
cl6ocpxm10006ao554w1tf9fa_1_TRUE_COLOR_jpg.rf.4743804afb423f633dbb906bfb346220.jpg,1.0
cl6kghsrn002tc4551wu83z4e_6_SWIR_jpg.rf.4751a5b7faf240d62e5e23ee99f3cb5e.jpg,1.0
cl6chm8sy00cel455ckjkfykq_4_FALSE_COLOR__URBAN_jpg.rf.471251d48c28ff78da3f653d9555ccb6.jpg,1.0
cl6oqlhh6008zao55gago04ul_1_TRUE_COLOR_jpg.rf.46fef4b06efce09d8cad601d26c3d3a5.jpg,1.0
cl6e0j0t90010gk557b525asz_6_SWIR_jpg.rf.475833dc25ee8530a57ee21d4ee9a8bc.jpg,1.0
cl6oilbwz003bao55ayyaeiti_6_SWIR_jpg.rf.4764eb7aaac6220150ee4d3b696ceba9.jpg,1.0
cl6ltpzi4002p8w558kple65k_4_FALSE_COLOR__URBAN_jpg.rf.476f68cc6d571bcedcfa44a4cc3127f6.jpg,1.0
cl6e0bntp000mgk55426r9obp_1_TRUE_COLOR_jpg.rf.47690dccf917a5e8e4862ba43ff5fad0.jpg,1.0
cl6odwc2l002hao558cha7kit_1_TRUE_COLOR_jpg.rf.476e3a6c3cdd8e4d9cae01f7956cc1fe.jpg,1.0
cl6b5s1n0004ul455es9i793w_6_SWIR_jpg.rf.47653e68e35982b79c078c1e39c575aa.jpg,1.0
cl6ocys2m000sao5550mof7nx_6_SWIR_jpg.rf.4789cb3042f86741b8049bbbc82c6155.jpg,1.0
cl6lt41jh00268w55ammyc72e_2_FALSE_COLOR_jpg.rf.477a1b09683a0303565e8ee5100f3b3a.jpg,1.0
cl6m1dwdp003q8w55hcgdgrrm_4_FALSE_COLOR__URBAN_jpg.rf.47e39eec3547586cc2fdba3d85db9032.jpg,1.0
cl6kgcy30002hc455hqb400gb_6_SWIR_jpg.rf.47a1e09fbe6085df534aed591dae1627.jpg,1.0
cl6oiz4yx0040ao55gbep3evs_1_TRUE_COLOR_jpg.rf.47a539f04b42b36e48509234cc9509d0.jpg,1.0
cl6opvtw5007zao556bmf7ibn_6_SWIR_jpg.rf.47cb7a1cd72ac338eefdda422fc9da57.jpg,1.0
cl6b66xpr006cl4556kzm7hl2_4_FALSE_COLOR__URBAN_jpg.rf.47dcb02671605d4f9597e6cc043b5861.jpg,1.0
cl6odhcaj001uao552i9j0ykn_4_FALSE_COLOR__URBAN_jpg.rf.47b209ea7b800d7b8691d20db887bf1c.jpg,1.0
cl6kf821l000nc4555y4p2rm4_1_TRUE_COLOR_jpg.rf.4803d71e7e4f5f0b3a6f1f765c95724b.jpg,1.0
cl6od7f7j001hao55016b86jo_4_FALSE_COLOR__URBAN_jpg.rf.479ef35b27b0e785a145793be10350ab.jpg,1.0
cl6b66xpr006cl4556kzm7hl2_1_TRUE_COLOR_jpg.rf.47dd009c30a6661d01ab4c616d16b729.jpg,1.0
cl6b76gu6009el455fxes9rlh_2_FALSE_COLOR_jpg.rf.480b57442e472f53d4eec729882a9f80.jpg,1.0
cl6b0msow001cl4559m4m56le_1_TRUE_COLOR_jpg.rf.47fe0615f688ebc1af482cb7f3c5106d.jpg,1.0
cl6orry9200a0ao559gb82ms0_4_FALSE_COLOR__URBAN_jpg.rf.47f7e0ac00d7b9ddab8bf1e645cfde52.jpg,1.0
cl6m1gm78003z8w553teegbzw_1_TRUE_COLOR_jpg.rf.480e1939b81293f54d717f7415466f35.jpg,1.0
cl6b551w3002dl4550lwt59yl_1_TRUE_COLOR_jpg.rf.47b614be3df54a6bb5e5991ec708f8dc.jpg,1.0
cl6ok9inm005sao55c3o80dfl_2_FALSE_COLOR_jpg.rf.47bd2a3b7601ea587c9577005f26f207.jpg,1.0
cl6b7crtk00a1l4552n2vbda4_6_SWIR_jpg.rf.47c6becf3812410eed8c966d53f768ee.jpg,1.0
cl6e34ucl0039gk557j7w24c8_4_FALSE_COLOR__URBAN_jpg.rf.482afc52535d4ab2aa0e6580d19ed140.jpg,1.0
cl6lt50lf00278w555isdaowx_4_FALSE_COLOR__URBAN_jpg.rf.483f824b5e4ece621bf53d7343ca76b3.jpg,1.0
cl6oozjlj0069ao5516rs1b5a_2_FALSE_COLOR_jpg.rf.4794f470db2df46a8fa0bcd1c19f8f26.jpg,1.0
cl6chpi4800ckl455epxjdzyy_2_FALSE_COLOR_jpg.rf.47fed955281c65bd1814f2e7cba88abf.jpg,1.0
cl6ojvjir0057ao55hcywheqa_2_FALSE_COLOR_jpg.rf.4833af62b714c625cdd1dd8fca5d9951.jpg,1.0
cl6ch93ke00c2l4558vo85rjw_1_TRUE_COLOR_jpg.rf.483befabd3ff7321d1f0557b9ea10efc.jpg,1.0
cl6b6wt730089l455e7c08s4y_1_TRUE_COLOR_jpg.rf.47b109f4f8ace2ba7e8eb7ff703fa008.jpg,1.0
cl6kjc5r500168w55bry741c1_2_FALSE_COLOR_jpg.rf.4845c179d3640df35820bf7f81b14b8e.jpg,1.0
cl6chyfxq00cxl4554qjf0nkl_1_TRUE_COLOR_jpg.rf.47c464df575ed82c867076bb58d18c76.jpg,1.0
cl6e08s0e000fgk558toxgj1j_2_FALSE_COLOR_jpg.rf.485b1ffae192c5d7133d72b26cfa3835.jpg,1.0
cl6oe04jy002pao551fir09my_2_FALSE_COLOR_jpg.rf.47fe724df06d71882ba857921e8873dc.jpg,1.0
cl6cpeq5000dkl455ae4qcoq2_6_SWIR_jpg.rf.4844bd40bbe921e7005a116b67c4102e.jpg,1.0
cl6crtivm00dwl45544k043su_6_SWIR_jpg.rf.48907973b077c6983aebe4b91433e451.jpg,1.0
cl6b76n2v009fl455ajbx914d_1_TRUE_COLOR_jpg.rf.4878b4bda84f8c42ad82677e55779de0.jpg,1.0
cl6kj4n7o000o8w55eq83czxi_4_FALSE_COLOR__URBAN_jpg.rf.48be22cb0d0c4d57018f9e02ff440b11.jpg,1.0
cl6b5m4w10045l4550bi9ea2d_4_FALSE_COLOR__URBAN_jpg.rf.48be8a68bc677a0e20ccc235e12cda4d.jpg,1.0
cl6ocz2a3000tao55dh2pdj1d_1_TRUE_COLOR_jpg.rf.48978d359fc78fb310603a52711c2758.jpg,1.0
cl6oe04jy002pao551fir09my_1_TRUE_COLOR_jpg.rf.48b8eb8c7f1f9a8348dbe0781dea741c.jpg,1.0
cl6kiw7u3000n8w555peaa411_6_SWIR_jpg.rf.489dfb5b35b28c99f5b3bfa62a2172ec.jpg,1.0
cl6ojftwf004vao557igrc357_2_FALSE_COLOR_jpg.rf.48efcb2d6e728284419ad05f4df84378.jpg,1.0
cl6b5zvva005tl455617x069k_2_FALSE_COLOR_jpg.rf.48e2db2140a809cc28e02da5474d7dbd.jpg,1.0
cl6ophgti0078ao557twhfw8d_6_SWIR_jpg.rf.4892bb8c6aa8e718804fdb7ccf5fd62c.jpg,1.0
cl6ltb1wo002f8w558ocbb9ty_1_TRUE_COLOR_jpg.rf.48439a847039a0925cc6736a2d0fcbce.jpg,1.0
cl6chpi4800ckl455epxjdzyy_6_SWIR_jpg.rf.48f34d7e41bfab756ce8e60ce09a4734.jpg,1.0
cl6oirxxk003oao552r40b8yf_1_TRUE_COLOR_jpg.rf.491916c6b17b2908180dfe9d12a734f1.jpg,1.0
cl6kiers800088w554w61grpw_2_FALSE_COLOR_jpg.rf.491536c9316e50e543bfa4da6b6437cd.jpg,1.0
cl6oqat3j008rao556mbqfoan_1_TRUE_COLOR_jpg.rf.4928fd44201b56cef582f77473fd3c32.jpg,1.0
cl6kf2tq50009c455e31x91xi_1_TRUE_COLOR_jpg.rf.49223719e1c304e8a411cd391ca2ebcd.jpg,1.0
cl6b0p3i7001gl455h7p6b9g1_4_FALSE_COLOR__URBAN_jpg.rf.4924496aec5448cd2f5376fc7b39a10a.jpg,1.0
cl6cteplg00hkl4551scr5fko_2_FALSE_COLOR_jpg.rf.4927005f83546b98c7b3baacf5ad13a7.jpg,1.0
cl6b5uskz0058l455gbd534lm_1_TRUE_COLOR_jpg.rf.49296532aaeea922323b17c03ccdcd18.jpg,1.0
cl6ojbg9t004oao552glqe340_2_FALSE_COLOR_jpg.rf.492affef2287fdff61fc1d6222150e91.jpg,1.0
cl6b5x63r005il4551chxdt93_4_FALSE_COLOR__URBAN_jpg.rf.492d52f37e235eadfe62de542fb3a808.jpg,1.0
cl6cpbspp00ddl455cdn2h2ov_4_FALSE_COLOR__URBAN_jpg.rf.492a4c4f3a695943a2f9b3622be536ef.jpg,1.0
cl6cguk2800bml4556lfx35kx_4_FALSE_COLOR__URBAN_jpg.rf.490c920ba75ec749403d546b7467e62b.jpg,1.0
cl6kfe4yn0012c4556ug51m1e_1_TRUE_COLOR_jpg.rf.4928332c6f0911501df337bab9fab701.jpg,1.0
cl6az56oy0003f05554mh92wy_1_TRUE_COLOR_jpg.rf.496fce240f930a2d6b403706726da6ef.jpg,1.0
cl6cgah3400anl4554lg2hxzy_4_FALSE_COLOR__URBAN_jpg.rf.49043e0e1fd8e30e1990f7ce897ecfcf.jpg,1.0
cl6dyqj7a000ehg55buwr46eg_4_FALSE_COLOR__URBAN_jpg.rf.492bdbc237fedb09f840e8f73f020d5e.jpg,1.0
cl6odwc2l002hao558cha7kit_4_FALSE_COLOR__URBAN_jpg.rf.49174a7eac9f2e336eef952240c68730.jpg,1.0
cl6ojza0i005fao55fqra7v4b_1_TRUE_COLOR_jpg.rf.492e518b1cea38a5fe53f4f8609022bd.jpg,1.0
cl6odlurj0022ao555x9o9cng_1_TRUE_COLOR_jpg.rf.49380784b7edea8bb4166767652fe4d8.jpg,1.0
cl6kjgg8s001f8w55gpld4jfw_6_SWIR_jpg.rf.4989c607d9ce149c226c0e37738e9efd.jpg,1.0
cl6b6wzwc008al455bssbcrir_1_TRUE_COLOR_jpg.rf.496a27f66777a9001c9967287cb40891.jpg,1.0
cl6ct3pgp00gsl455ha8uf8on_1_TRUE_COLOR_jpg.rf.495c235a5ba581bb03d8b3b052df80e4.jpg,1.0
cl6cglc9n00b8l45520og7tym_6_SWIR_jpg.rf.498b0b29c327ce917449d85a4a7cd0eb.jpg,1.0
cl6od380k001aao552ioagps5_1_TRUE_COLOR_jpg.rf.4980dcaf9bc4479b35ec83eefe9127bb.jpg,1.0
cl6ok0jxn005hao55hyz7967m_6_SWIR_jpg.rf.497134344882cfb104a0223e0ae2b03e.jpg,1.0
cl6cgg5np00b0l455enz77l37_2_FALSE_COLOR_jpg.rf.49750b02fb12675a375288bf2f867348.jpg,1.0
cl6opq0g0007mao556zsr2z59_2_FALSE_COLOR_jpg.rf.499bc955c93bf09ea4909be0d2bca935.jpg,1.0
cl6b55npu002gl4553f5c3lj0_2_FALSE_COLOR_jpg.rf.4998e71559c6640e20307404bfe57df0.jpg,1.0
cl6opq0g0007mao556zsr2z59_4_FALSE_COLOR__URBAN_jpg.rf.4946efa474ef25c0706c00e386740836.jpg,1.0
cl6ou7ryz00a9ao554y3uh8jm_2_FALSE_COLOR_jpg.rf.499c2ca36627a2c8f574d35740654664.jpg,1.0
cl6cszfwz00gkl45529qw979l_6_SWIR_jpg.rf.494320e75b1295248996ce5cdfea3c76.jpg,1.0
cl6b0mkrt001bl4550hq12i9i_4_FALSE_COLOR__URBAN_jpg.rf.49bbe69be796128b00ed131d08c655bd.jpg,1.0
cl6od6dj2001eao55dxd749up_6_SWIR_jpg.rf.49ba99cae831a5b867c163424cdf97fa.jpg,1.0
cl6ch6y2d00byl4557ijbc6o4_4_FALSE_COLOR__URBAN_jpg.rf.49a4d43b2bee2a7b906f4f1d7a61c015.jpg,1.0
cl6cguk2800bml4556lfx35kx_2_FALSE_COLOR_jpg.rf.49ae53ad1cd64a34ae94a60ace14bb3f.jpg,1.0
cl6csuejr00g9l45566f93g4a_2_FALSE_COLOR_jpg.rf.49372adc80630ec8998a5c4b71c6a1e1.jpg,1.0
cl6b5q3z4004ll45585wq8rtu_2_FALSE_COLOR_jpg.rf.49bd14aad0b4bc715747b4dec22ccbb3.jpg,1.0
cl6kgdfbl002ic45506ui0jbm_2_FALSE_COLOR_jpg.rf.49e6e900d3b1c21ddcf69e7f8bc38863.jpg,1.0
cl6chyfxq00cxl4554qjf0nkl_4_FALSE_COLOR__URBAN_jpg.rf.4a0a9ddfe8345c2ad7d90637969ee4e5.jpg,1.0
cl6e2gfi00021gk55fq9pdi07_4_FALSE_COLOR__URBAN_jpg.rf.4a2a318b3c1401fffdeea293da7d86d8.jpg,1.0
cl6kj9dst00148w55fw0gfc6p_2_FALSE_COLOR_jpg.rf.4a4eb25b25efa2e1d5ad9dc207a3fe63.jpg,1.0
cl6kggd74002qc4550hr64mpc_1_TRUE_COLOR_jpg.rf.49c4b1ad40feea0d62838996ab98d633.jpg,1.0
cl6op1j95006dao556gcq0ga6_1_TRUE_COLOR_jpg.rf.4a0a0ad24f47485c74f0217a1a302941.jpg,1.0
cl6ctczpo00hil4556qoq3h4p_1_TRUE_COLOR_jpg.rf.49ede2cec9df066bc36e4fcba350e455.jpg,1.0
cl6ou6sxn00a6ao555hql3vsm_6_SWIR_jpg.rf.4a1fa838808d33f50eb64373469fbcfd.jpg,1.0
cl6e2xkh0002mgk55aif2aqvo_6_SWIR_jpg.rf.4a6af826767e9025e62e6c60e42eda4f.jpg,1.0
cl6b6sfee007xl455b8bt5zum_4_FALSE_COLOR__URBAN_jpg.rf.4a8632d91d56e3144c63dfde8651cd15.jpg,1.0
cl6lt1hpb00208w55bfs7e6iz_6_SWIR_jpg.rf.4ac02b493f1bb48e860ac5af4b3e31b0.jpg,1.0
cl6oje823004tao557z2r0e1d_2_FALSE_COLOR_jpg.rf.4a630b23e857c29f5a5e21027914d61b.jpg,1.0
cl6ki82ak00058w55b9dyf8ef_2_FALSE_COLOR_jpg.rf.4a26550eec9d9830f7c9db9a9586258b.jpg,1.0
cl6csy33f00ghl455gq3n5t4r_2_FALSE_COLOR_jpg.rf.4abd2f96c1a79b438c3dbd221aa4a1ec.jpg,1.0
cl6b08hbm000gl4558cb0emta_1_TRUE_COLOR_jpg.rf.4a71c17fa496d9d2d3bc013895c10412.jpg,0.0
cl6cstc5x00g7l455ec9d32eh_4_FALSE_COLOR__URBAN_jpg.rf.4a869403d450a8d9f71365e7b5fb4f08.jpg,1.0
cl6b5q3z4004ll45585wq8rtu_4_FALSE_COLOR__URBAN_jpg.rf.4ab8efbf938430a4428361ae5ac8bec8.jpg,1.0
cl6cs4oof00eul455fdkybwbf_2_FALSE_COLOR_jpg.rf.4a75b0eb0522da4763e9797fd6e751d4.jpg,1.0
cl6csygqn00gil4554ynr4r8a_1_TRUE_COLOR_jpg.rf.4aece4ac6924d4f7740eb3067ec34e30.jpg,1.0
cl6ojvzs90058ao55ddizcpuh_1_TRUE_COLOR_jpg.rf.4ade875517862527fc0f29b315dc7ee1.jpg,1.0
cl6e30lnj002ugk558z8yabbd_6_SWIR_jpg.rf.4ae171ae02d49810ff2de513678210f2.jpg,1.0
cl6kg9h8h0028c455at8u1fb4_4_FALSE_COLOR__URBAN_jpg.rf.4a5f8b11f4952ca986da979b15ca0a89.jpg,1.0
cl6b5pr1b004kl455bt93cfs2_4_FALSE_COLOR__URBAN_jpg.rf.4af3f8b8278ad47c778d25b2e5234d6a.jpg,1.0
cl6ltb1wo002f8w558ocbb9ty_4_FALSE_COLOR__URBAN_jpg.rf.4aeb584e92f7b64e4eccbd96a4276d55.jpg,1.0
cl6e2u0ix002igk555d3b0uai_1_TRUE_COLOR_jpg.rf.4a7e70eda187ba14eb2c0059c0053d72.jpg,1.0
cl6cgs3qs00bil4551v5n3v2h_4_FALSE_COLOR__URBAN_jpg.rf.4afa744f23f53b85a3da35fb2cdf146a.jpg,1.0
cl6oe2d76002tao55ckxpdijl_1_TRUE_COLOR_jpg.rf.4b0170a3c694e625ed0de542f574fdb0.jpg,1.0
cl6e2iu9v0027gk55e8cfax9f_1_TRUE_COLOR_jpg.rf.4b015355d3523102f83ce54a87261f49.jpg,1.0
cl6oqcmju008wao550c102qjq_6_SWIR_jpg.rf.4a29c0181d69729fb5ba9ecd7a49d9da.jpg,1.0
cl6b5s1n0004ul455es9i793w_1_TRUE_COLOR_jpg.rf.4afb2d8eca9ddf0a8cb0766d07a8e0f9.jpg,1.0
cl6ou6sxn00a6ao555hql3vsm_2_FALSE_COLOR_jpg.rf.4ab3e80a39f689300414f16a076ea06f.jpg,1.0
cl6cpc9qx00del455co6haqas_2_FALSE_COLOR_jpg.rf.4b14a1f422a6bd263e28bb7f5efa2024.jpg,1.0
cl6oixxvs003yao555nvw8ao1_4_FALSE_COLOR__URBAN_jpg.rf.4b03cb0518ce2fb07788b52b948519cd.jpg,1.0
cl6b0esbf000vl455co1o9wvm_1_TRUE_COLOR_jpg.rf.4b07c91c6e918761a884e66b7ec43547.jpg,1.0
cl6kgj08y002wc455bqfpd8bd_6_SWIR_jpg.rf.4b459b0ea22e5871a956cefb9f6d67aa.jpg,1.0
cl6oiv12w003uao55arup9ca6_2_FALSE_COLOR_jpg.rf.4b390d571908d84ad9c9a571f738c072.jpg,1.0
cl6b6iwdg007el455ep3ab8br_4_FALSE_COLOR__URBAN_jpg.rf.4b21c6fe6be08d85036ebc68272f757c.jpg,1.0
cl6crxga900e6l4554gxk4zu2_4_FALSE_COLOR__URBAN_jpg.rf.4b489dd2e2de90d01471655e18056633.jpg,1.0
cl6anke2i0002f055e7ht1udi_6_SWIR_jpg.rf.4b52e61e8c4e58452daa0af8d832303c.jpg,1.0
cl6opjoc7007aao558i28fuxw_1_TRUE_COLOR_jpg.rf.4b1669b3aa4741f00b68d1e29f420b63.jpg,1.0
cl6oj45gi004bao550n8cfkqx_4_FALSE_COLOR__URBAN_jpg.rf.4b04c99e51bc85cb07b95d972a6d1b74.jpg,1.0
cl6b5b5g0002zl455cjty1v7p_2_FALSE_COLOR_jpg.rf.4b62be3eb0fd587071d3e6f8558e76d4.jpg,1.0
cl6ctje2500hsl4550fuvht4f_1_TRUE_COLOR_jpg.rf.4b6fac4f3d3ffa8e8e7e858419c980bc.jpg,1.0
cl6b7f8ys00a6l4550hw509f9_1_TRUE_COLOR_jpg.rf.4b27bb610e6f645bb7f0a60b7cce8dc3.jpg,1.0
cl6ch93ke00c2l4558vo85rjw_1_TRUE_COLOR_jpg.rf.4b9894ce253c7ff9aced98d7c96e440c.jpg,1.0
cl6kgcddp002gc455ekvaehyc_1_TRUE_COLOR_jpg.rf.4b52f39c4fbee85c221b5d6c9cf212c2.jpg,1.0
cl6e05oow0008gk55ged8bdeo_2_FALSE_COLOR_jpg.rf.4b58a691eda68bc659b363829ee51207.jpg,1.0
cl6ltthf9002u8w5567flfr3k_1_TRUE_COLOR_jpg.rf.4b53df31a703a05a911d122f5099a79b.jpg,1.0
cl6kgeqar002lc455akv50au4_6_SWIR_jpg.rf.4b71fefe6c25907a2097108a6b808101.jpg,1.0
cl6chjmg800c8l4551fu3ef4x_2_FALSE_COLOR_jpg.rf.4b90c76cdd13c9b4f8398f154623d80e.jpg,1.0
cl6cssfer00g4l455g2wbecis_2_FALSE_COLOR_jpg.rf.4b89eb64880c662b16f273af0ffffbb7.jpg,1.0
cl6csr5tv00g0l45530ayb807_1_TRUE_COLOR_jpg.rf.4bb113c0049e0d726efb12e6b3f5bc1e.jpg,1.0
cl6m1aury003e8w55364mhq6f_1_TRUE_COLOR_jpg.rf.4b33c259a4070dd4f83601a4757700d0.jpg,1.0
cl6ok7ls2005pao55gqxi8e54_6_SWIR_jpg.rf.4b632727b4461b97e6d36570e6b17a87.jpg,1.0
cl6opeul20072ao55eq23cssc_1_TRUE_COLOR_jpg.rf.4b38cf582454b27047ce7d44ddd4c895.jpg,1.0
cl6csemjv00fcl455g14q355c_6_SWIR_jpg.rf.4bb9ce88f73b7c1083de28d22aa931ad.jpg,1.0
cl6m170d0003a8w5556k5hzhc_1_TRUE_COLOR_jpg.rf.4bc0fc06962b7f5416da0fa0c80e03cf.jpg,0.0
cl6oun0bl00b2ao556k7ncs0l_1_TRUE_COLOR_jpg.rf.4bc5aadbc9b57b5e096aafdc1476e9d8.jpg,1.0
cl6b6eah90074l455hnsyaebx_6_SWIR_jpg.rf.4bdc2d2a07507974d876da4bb9a5be92.jpg,1.0
cl6cg8u0w00ajl455a3ho7vov_1_TRUE_COLOR_jpg.rf.4bdc1cfc7eccf372eda78b74b4b4e9d7.jpg,1.0
cl6csuejr00g9l45566f93g4a_2_FALSE_COLOR_jpg.rf.4bae3f5a9dc919fda84d914cbcfa52bb.jpg,1.0
cl6oqlhh6008zao55gago04ul_2_FALSE_COLOR_jpg.rf.4b82c562091c9cbe233b2f005ee5f836.jpg,1.0
cl6b5bhxx0031l4557l1l8rmh_1_TRUE_COLOR_jpg.rf.4be5993fabf69be4d9dad8e77de35bb3.jpg,1.0
cl6b6op7a007ol455fvvv6g4a_1_TRUE_COLOR_jpg.rf.4be832e2b473138dfe7ffeb32c4203f6.jpg,1.0
cl6azt6by0000go55h4io4tab_6_SWIR_jpg.rf.4bc352151183d01de2c6c3aa0906f2ae.jpg,1.0
cl6dysdta000hhg557gxba0yc_2_FALSE_COLOR_jpg.rf.4bf6e33453564ae958eafe11b6452408.jpg,1.0
cl6kfzb24001zc4555e770ib2_4_FALSE_COLOR__URBAN_jpg.rf.4bf982a11a37cf33fecddb69df23753f.jpg,1.0
cl6b5r021004pl4558sub5at0_1_TRUE_COLOR_jpg.rf.4bea1b6292e2a7dd9dfc3412e489a713.jpg,1.0
cl6dxzwc50001hg550uejeken_6_SWIR_jpg.rf.4c4b47695c2aa68edb386b8ed92e5aeb.jpg,1.0
cl6op0cny006bao55hefn0jyf_6_SWIR_jpg.rf.4c689397e9a72e6a25513828611e1865.jpg,1.0
cl6azvz950000t0552g8v22is_1_TRUE_COLOR_jpg.rf.4c721c7c1c266f9696e7d4540d88dc5f.jpg,1.0
cl6e3cezg003lgk551giraowq_4_FALSE_COLOR__URBAN_jpg.rf.4bf63fec6c0bfaf55ea3a9496cec852e.jpg,1.0
cl6oq5emc008kao557aa7arvw_1_TRUE_COLOR_jpg.rf.4c1feaab1ddba375cd00be9ee4f97728.jpg,1.0
cl6oj031d0042ao55aior769s_1_TRUE_COLOR_jpg.rf.4c2adcd3e5d8c6831ee777ef660c1431.jpg,1.0
cl6b5sn8f004xl455a0z7eski_2_FALSE_COLOR_jpg.rf.4c80a85bbc7d35598a8180fe332f0cf2.jpg,1.0
cl6odwuqk002iao555zzv0c59_1_TRUE_COLOR_jpg.rf.4cc13b7bd1362965d770658654e3a905.jpg,1.0
cl6oketxv0066ao558x3xekq7_4_FALSE_COLOR__URBAN_jpg.rf.4c55a2489f412b15dc90a95ed1c672c9.jpg,1.0
cl6kgcddp002gc455ekvaehyc_2_FALSE_COLOR_jpg.rf.4cce4d76920695f2b2ca33825612a1c1.jpg,1.0
cl6ct101m00gml455hllggu82_2_FALSE_COLOR_jpg.rf.4c8682b1d3743599ca4d0c730664270c.jpg,1.0
cl6b6yfhr008il4555h86hokv_2_FALSE_COLOR_jpg.rf.4cadbcddfab3bd89d352cfeda9383939.jpg,1.0
cl6opat9m006uao55hjajghn3_2_FALSE_COLOR_jpg.rf.4caa67878e996f58532720116de31c42.jpg,1.0
cl6oqmixz0092ao550l10dlqc_2_FALSE_COLOR_jpg.rf.4c663b87692b756dfed200850cef7097.jpg,1.0
cl6m1dwdp003q8w55hcgdgrrm_4_FALSE_COLOR__URBAN_jpg.rf.4c679a316df93550f9806973a627ed31.jpg,1.0
cl6cgcj0400arl455ft6yh6hi_6_SWIR_jpg.rf.4ccd274edb05995e2a64a44fbd26d564.jpg,1.0
cl6csnj9g00ftl4554f0z30lc_6_SWIR_jpg.rf.4cc8b69892e12fde90bf5ec956b7a1ee.jpg,1.0
cl6b6sfee007xl455b8bt5zum_4_FALSE_COLOR__URBAN_jpg.rf.4c1bd9af66cca1523d347a351ff302c7.jpg,1.0
cl6op3smm006gao55ea02ba3u_6_SWIR_jpg.rf.4cbeddff235102e8dcd5456a0d1f51a6.jpg,1.0
cl6b7crtk00a1l4552n2vbda4_2_FALSE_COLOR_jpg.rf.4ce253dfe1bd835e8843b9514c0473c7.jpg,1.0
cl6b694mv006ml4554nwqack1_6_SWIR_jpg.rf.4cdff9cdb536a3f0402a5c4608160468.jpg,1.0
cl6ltb1wo002f8w558ocbb9ty_4_FALSE_COLOR__URBAN_jpg.rf.4c50aff4d408ac3a4bab7b468c042334.jpg,1.0
cl6cg8u0w00ajl455a3ho7vov_4_FALSE_COLOR__URBAN_jpg.rf.4cdf809444957dc879f0190b0c9bce72.jpg,1.0
cl6orndip009oao55fid2ccb1_1_TRUE_COLOR_jpg.rf.4c96a439404cc3c8d538e53cbff0a61e.jpg,1.0
cl6oq1492008dao553mjgbuun_1_TRUE_COLOR_jpg.rf.4cbc9689201fb9e78408ae0678388d73.jpg,1.0
cl6kgag2y002ac455g3l427ic_1_TRUE_COLOR_jpg.rf.4ce386b0a9684352f39e10baa8b769ce.jpg,1.0
cl6kf821l000nc4555y4p2rm4_6_SWIR_jpg.rf.4d331ad4b2bd96a9818bcba162d50fd4.jpg,1.0
cl6b09m65000kl455dbrteofg_2_FALSE_COLOR_jpg.rf.4cf7a633a83ca4603ef3685e1857ea36.jpg,1.0
cl6e0kgem0014gk55cl4692g7_2_FALSE_COLOR_jpg.rf.4d444c32c7595b13ce26c4b865f9ce0c.jpg,1.0
cl6m12kpt00358w55c0oah42i_2_FALSE_COLOR_jpg.rf.4cf717fbcca84430e7b6f0aec61b4870.jpg,1.0
cl6opmk2m007gao55exvlfv4q_1_TRUE_COLOR_jpg.rf.4d4b7ce5da53ca8edb043d00b002733f.jpg,1.0
cl6kjizzk001l8w550s1uej5w_1_TRUE_COLOR_jpg.rf.4d553807d6dafbcad3981ec0d8bddb09.jpg,1.0
cl6b753ud0096l455eypnas0u_4_FALSE_COLOR__URBAN_jpg.rf.4d364da3b034d41c3d949b94c8c31c59.jpg,1.0
cl6m1i65g00428w55dj3h5btk_1_TRUE_COLOR_jpg.rf.4d60761441322e8c14e1785c9b4d2bda.jpg,1.0
cl6b79f3e009vl455hmyk8e9e_4_FALSE_COLOR__URBAN_jpg.rf.4d218221460e4e4141dd5478c3fe2f2f.jpg,1.0
cl6e0ic4d000zgk55gqkieyhi_4_FALSE_COLOR__URBAN_jpg.rf.4cfa18f3ce76966beed20e74981cdf72.jpg,1.0
cl6e2iblt0026gk558bnw6716_2_FALSE_COLOR_jpg.rf.4d5957a0750ffe63c52125fa104f6de1.jpg,1.0
cl6oul0ve00axao5549vy6mom_4_FALSE_COLOR__URBAN_jpg.rf.4d65001e7a7a0be4b99a5b78312b49cd.jpg,1.0
cl6kfa8f2000vc45526s9431c_6_SWIR_jpg.rf.4d0f15887ec4f481df97c173307104c9.jpg,1.0
cl6ocrb1o000aao55gcaec62b_2_FALSE_COLOR_jpg.rf.4d88925d4edff30b2034fb4f15afa7f5.jpg,1.0
cl6cgi18y00b4l455dvo73gk3_6_SWIR_jpg.rf.4d71617ed3e2d84e14edc6f0ef3c6664.jpg,1.0
cl6b5czu1003cl4551r7icqnt_4_FALSE_COLOR__URBAN_jpg.rf.4d5f80b366c1d73dfb19701c1703993a.jpg,1.0
cl6e3jpqn0048gk558al26xi4_2_FALSE_COLOR_jpg.rf.4d0e4e269e54c83f9a5831c1acc6bbb6.jpg,1.0
cl6kgdfbl002ic45506ui0jbm_6_SWIR_jpg.rf.4d9439f26dc4cb5248e306bb9120fcf2.jpg,1.0
cl6kjhhl5001h8w55fo1v1vqs_4_FALSE_COLOR__URBAN_jpg.rf.4d6b62624338be49180dbaadb7df0cd1.jpg,1.0
cl6chu8h100cnl4552hz21fjt_6_SWIR_jpg.rf.4d7922617c623f9df741e1222019d84d.jpg,1.0
cl6opf8iw0073ao55fkep6nhg_2_FALSE_COLOR_jpg.rf.4d356fb7144207f0fe65ae56d3e88546.jpg,1.0
cl6e2fi9f001zgk55b58g3gk6_1_TRUE_COLOR_jpg.rf.4d8779fca9159e82de11b8097fb9ac69.jpg,1.0
cl6e3ieqj0044gk55azpfcs6x_1_TRUE_COLOR_jpg.rf.4d4046734ed124dc50129bad796d0a1a.jpg,1.0
cl6kjfsd8001d8w55e6ne0oyo_1_TRUE_COLOR_jpg.rf.4d96fa4d31ec24566778bd2011cc1208.jpg,1.0
cl6oqdjr6008yao55dfmibcy4_2_FALSE_COLOR_jpg.rf.4d27d90f45ee823e85c8cdece362305b.jpg,1.0
cl6e3gmqp0040gk55gklf0ka1_2_FALSE_COLOR_jpg.rf.4d95aa1c091f2539eb62d5bbdafef233.jpg,1.0
cl6cgdbl900asl4551u073cce_6_SWIR_jpg.rf.4d95b7a776a5cd2429e57e10c3cf8c7b.jpg,1.0
cl6oixxvs003yao555nvw8ao1_2_FALSE_COLOR_jpg.rf.4d99c872ebcd4a7d871852aedead692f.jpg,1.0
cl6b0blqb000nl455c1ul13y1_2_FALSE_COLOR_jpg.rf.4dad677374a939922481db779072b0a7.jpg,1.0
cl6chxgc300cvl455h1z60m0l_1_TRUE_COLOR_jpg.rf.4d69ffa70106bfc6b1314a936e164c1e.jpg,1.0
cl6b5ejqg003kl455gf5wgxm0_4_FALSE_COLOR__URBAN_jpg.rf.4dac0f8dcb4fa711cdd826e8b56198df.jpg,1.0
cl6b0s28i001ll455fuut9xea_6_SWIR_jpg.rf.4db4e8ce3d612b211ef3776ecf10287a.jpg,1.0
cl6ctah5z00hbl455f84of4co_2_FALSE_COLOR_jpg.rf.4dc4702f5ffe752dec2641756fd6094e.jpg,1.0
cl6oq9ozh008nao5591t079g1_4_FALSE_COLOR__URBAN_jpg.rf.4dd5540e922b667cf7af1914106c4e18.jpg,1.0
cl6oe1f0u002sao550ab86ndb_4_FALSE_COLOR__URBAN_jpg.rf.4daff5ae2cc75b33cf3e1535cbcd19b6.jpg,1.0
cl6b5o2zq004el455548z49am_6_SWIR_jpg.rf.4dbf9ab5707557942122601d6beea64f.jpg,1.0
cl6oqrvzj009aao552o4w9gcv_4_FALSE_COLOR__URBAN_jpg.rf.4db4c6c69366e8036278efc2479c9d8a.jpg,1.0
cl6oja8ma004kao55atmaakd4_1_TRUE_COLOR_jpg.rf.4dcd1147066811d1601f5bf6d9542e60.jpg,1.0
cl6dznlym000thg55950a4qbg_6_SWIR_jpg.rf.4db5555db46f90057e0857bc4a724e2b.jpg,1.0
cl6m1j54d00438w55fkud4oug_2_FALSE_COLOR_jpg.rf.4e042f40862b2b489e08b4f4a8109c67.jpg,1.0
cl6chvqmw00crl455dq182jri_6_SWIR_jpg.rf.4def17206de2a321bf7588066b6d7a06.jpg,1.0
cl6b5pr1b004kl455bt93cfs2_2_FALSE_COLOR_jpg.rf.4dc9b8f841af9fbb6a8ec6d7a73fb4fb.jpg,1.0
cl6oisavf003pao556yzob9sf_1_TRUE_COLOR_jpg.rf.4dea33be71ed56a0c43b2ac62d08b661.jpg,1.0
cl6e024qp0002gk55hw935fuj_4_FALSE_COLOR__URBAN_jpg.rf.4dccb3fa1645b0fc78c4d45a7d99dc76.jpg,1.0
cl6ct101m00gml455hllggu82_6_SWIR_jpg.rf.4e064f889c021b13e13ba634258b9f53.jpg,1.0
cl6kft9sm001lc4558tfj4yjn_2_FALSE_COLOR_jpg.rf.4e0d939937b9d38703454981f8225487.jpg,1.0
cl6crwyyq00e5l4558o6g9ltn_1_TRUE_COLOR_jpg.rf.4e258f65b5411f89cb6b2d6fd654ae4e.jpg,1.0
cl6ctobno00i3l4554o13a57u_1_TRUE_COLOR_jpg.rf.4def87e8decbd5c11abcac11632d6691.jpg,1.0
cl6b5ejqg003kl455gf5wgxm0_6_SWIR_jpg.rf.4e355cfde6212c4423f56c9925f6aed3.jpg,1.0
cl6oimia5003dao558osp4mxe_1_TRUE_COLOR_jpg.rf.4e15aaabf173ba1fd61f21102f77cc8e.jpg,1.0
cl6dxqd4a0000hg55axmt0iob_4_FALSE_COLOR__URBAN_jpg.rf.4ddf488c5fff957f3ebe6a3978f50c4c.jpg,1.0
cl6ojsywi0052ao55d43z62q3_1_TRUE_COLOR_jpg.rf.4e518b2d3f7ac8bb97bf0d4e7ce89d91.jpg,1.0
cl6b5nqx3004dl4556qu6azh4_4_FALSE_COLOR__URBAN_jpg.rf.4e2e34828a94c10920e522e588f75141.jpg,1.0
cl6odzdk0002nao55dz13d0s9_2_FALSE_COLOR_jpg.rf.4e19cb23b94ac147a969cf71ab34e971.jpg,1.0
cl6oqcmju008wao550c102qjq_1_TRUE_COLOR_jpg.rf.4e4ccf477e2d745d9ae0ab1f30395676.jpg,1.0
cl6b694mv006ml4554nwqack1_1_TRUE_COLOR_jpg.rf.4e4dc3a2a22aad9ec8946c2b25b5d84e.jpg,1.0
cl6cg5po900afl4552e791kdq_6_SWIR_jpg.rf.4e29fbd1ed4069e8a88955de2396ae4f.jpg,1.0
cl6orry9200a0ao559gb82ms0_1_TRUE_COLOR_jpg.rf.4e5bb02d12440e96541d38689075aab8.jpg,1.0
cl6b5o2zq004el455548z49am_1_TRUE_COLOR_jpg.rf.4e3c630c3611e3b5837c05e4111bc986.jpg,1.0
cl6oco3m10002ao55ejzs6p2n_4_FALSE_COLOR__URBAN_jpg.rf.4dfc23a21e56a9308602456ffc6166e3.jpg,1.0
cl6odg2fc001rao557orb0ee5_2_FALSE_COLOR_jpg.rf.4e61963bc06c0d7c27d1161ddf91a83b.jpg,1.0
cl6m12kpt00358w55c0oah42i_1_TRUE_COLOR_jpg.rf.4e6570c7959d83cc2e355403c9758078.jpg,1.0
cl6oe2d76002tao55ckxpdijl_4_FALSE_COLOR__URBAN_jpg.rf.4e7ceadf1b7de5b3e016c6946e9b9673.jpg,1.0
cl6kfoffk0016c455cvxsalj2_4_FALSE_COLOR__URBAN_jpg.rf.4e6acadb3f3911ed46d91872860ec521.jpg,1.0
cl6e3jpqn0048gk558al26xi4_4_FALSE_COLOR__URBAN_jpg.rf.4e85e29b3ea4e03106b987057117faa5.jpg,1.0
cl6ct5pk300gxl4559vdtfjz2_1_TRUE_COLOR_jpg.rf.4e8fa2fb0b39db0e41b2b0152a28d581.jpg,1.0
cl6kftq9a001nc455a3108dvr_2_FALSE_COLOR_jpg.rf.4e6c890619430ba4b68e9668aca65404.jpg,1.0
cl6oq40mp008hao555cdvg6o8_1_TRUE_COLOR_jpg.rf.4ec87afe0a76bbc7d6e14f9b571b625a.jpg,1.0
cl6e2iu9v0027gk55e8cfax9f_2_FALSE_COLOR_jpg.rf.4ec6ff65eb351c301caf034beee0b3ee.jpg,1.0
cl6e1gy620018gk55gvmqas56_4_FALSE_COLOR__URBAN_jpg.rf.4ea752ebd2010880fbf92738f00f079c.jpg,1.0
cl6kg5b5c0027c455abg328ld_4_FALSE_COLOR__URBAN_jpg.rf.4ef54b740b3f723c5c7021f9570b4115.jpg,1.0
cl6e1hzlh0019gk555vc2fpgf_1_TRUE_COLOR_jpg.rf.4ea8e36c460a98cb515afddc29ddc9ca.jpg,1.0
cl6cs64qm00ezl455acru4xkt_6_SWIR_jpg.rf.4edef5cb75cbc2ceaa4292d48cc9a5e0.jpg,1.0
cl6kihoi2000c8w554tjgeyre_1_TRUE_COLOR_jpg.rf.4ec71e679afcb6fcf11609ce3ea4b89a.jpg,1.0
cl6orsbq600a1ao5543sigy1j_6_SWIR_jpg.rf.4e8a20835397ca7d4048941a5ae0262a.jpg,1.0
cl6oketxv0066ao558x3xekq7_1_TRUE_COLOR_jpg.rf.4eff3d882cb91086e9eafbfe4869402d.jpg,1.0
cl6b4zhkb001vl455hkela2ez_4_FALSE_COLOR__URBAN_jpg.rf.4f05e0113ecb1fcce8720abbabcb22e3.jpg,1.0
cl6opf8iw0073ao55fkep6nhg_2_FALSE_COLOR_jpg.rf.4eedaf8fe1a36522d4960eb52b155fac.jpg,1.0
cl6b59reu002vl4553fnhgaf4_1_TRUE_COLOR_jpg.rf.4f176af684e957984ddff319177501a4.jpg,1.0
cl6kfrfmx001hc455cbojhgeb_1_TRUE_COLOR_jpg.rf.4ef16a31d0b9ff94aa584e2c686b6a08.jpg,1.0
cl6ok2egr005kao55bv7hfye5_6_SWIR_jpg.rf.4f18ee02b222dfba5733f359fcffe807.jpg,1.0
cl6cg99xj00akl4551gvp3ao5_2_FALSE_COLOR_jpg.rf.4f0433ce588437f2d9285cb5acba075d.jpg,1.0
cl6oe2xsq002uao554eff2q34_4_FALSE_COLOR__URBAN_jpg.rf.4e9c1ef4a81804ea7fb2636012f5562b.jpg,1.0
cl6cs64qm00ezl455acru4xkt_4_FALSE_COLOR__URBAN_jpg.rf.4ef812638bec86c4c011bfca677e9bfc.jpg,1.0
cl6oqdjr6008yao55dfmibcy4_2_FALSE_COLOR_jpg.rf.4f3330e0c0f816c8802c1108486864b3.jpg,1.0
cl6e05oow0008gk55ged8bdeo_2_FALSE_COLOR_jpg.rf.4ebf34a03baf31d52b46569de4057f23.jpg,1.0
cl6b6rmls007ul455clqha4p0_6_SWIR_jpg.rf.4f04be3971cf47d5d689bf7e7b2a7d90.jpg,1.0
cl6ok5klz005nao55dbmig3bd_2_FALSE_COLOR_jpg.rf.4f3bef65e7e64c30abbe50b757a64d24.jpg,1.0
cl6b05tqy000al4556arxfkpx_2_FALSE_COLOR_jpg.rf.4e8b254005b66fa3d5bddabf7b6df55b.jpg,1.0
cl6csvg6n00gal45513b052pr_1_TRUE_COLOR_jpg.rf.4f33eab2b1e50b89fb496a54ed5fc0a6.jpg,1.0
cl6oq4w4y008jao553s62btk7_2_FALSE_COLOR_jpg.rf.4f4bf8f17e0a4492562bf0c75d4cdcae.jpg,1.0
cl6kj9dst00148w55fw0gfc6p_6_SWIR_jpg.rf.4f4552df0b2c56b23ca2b0b8de15f0ad.jpg,1.0
cl6b5u0en0054l4551vpacdoj_2_FALSE_COLOR_jpg.rf.4efc4ef2dea1ded3e993cfb9e5cb918d.jpg,1.0
cl6oplars007eao55fno41dzm_2_FALSE_COLOR_jpg.rf.4f6f69cca3023f83114a4bda0f5aa244.jpg,1.0
cl6orqkwo009wao55euf3d9vn_6_SWIR_jpg.rf.4f1ca990049442e994aa2230025c9b7b.jpg,1.0
cl6kgdzqp002kc455030p44eo_1_TRUE_COLOR_jpg.rf.4f59c7c8e0d86e3f0f5767a128edcb04.jpg,1.0
cl6m0x4p100318w55bmg41saz_1_TRUE_COLOR_jpg.rf.4f67ea397532c6d6e9314a4f52f9eb19.jpg,1.0
cl6kgpdp90034c4556foheik0_1_TRUE_COLOR_jpg.rf.4f5a4bd6f4b26503ea629e092b812a04.jpg,1.0
cl6dxqd4a0000hg55axmt0iob_4_FALSE_COLOR__URBAN_jpg.rf.4f7d3b97ab8961df1d1991ffb12b6d5a.jpg,1.0
cl6okb25a005wao558pj4ejty_1_TRUE_COLOR_jpg.rf.501813cad26a4b129999bbce0560c09b.jpg,1.0
cl6b620rw005yl455a8ev4bo0_1_TRUE_COLOR_jpg.rf.4faee241a38f03f62858c209d3bcedf8.jpg,1.0
cl6kiuz0a000l8w554itn2fmi_6_SWIR_jpg.rf.4f83870ddfd2a0d3e4e88856211df8e0.jpg,1.0
cl6csvg6n00gal45513b052pr_6_SWIR_jpg.rf.4faef23e5d0c2a40f95e4558a7af07f0.jpg,1.0
cl6cpff5c00dll455ew1ddl1f_2_FALSE_COLOR_jpg.rf.4fb1b11219e0b6bafe077aaf4fb8f336.jpg,1.0
cl6op2fce006fao55753l8ulj_2_FALSE_COLOR_jpg.rf.4faf3f6b631c0e256fb0a957ab316e2f.jpg,1.0
cl6kgew7t002mc455cugt2w2w_2_FALSE_COLOR_jpg.rf.4fb91ae77e13f08ed42452adf72d375e.jpg,1.0
cl6ojbg9t004oao552glqe340_1_TRUE_COLOR_jpg.rf.4fdee6bbc1bb1c2b2e11ce48b1320b12.jpg,1.0
cl6kf4avz000ec455hhw331dx_2_FALSE_COLOR_jpg.rf.4fc104c2a045cf78338353e851a672a5.jpg,1.0
cl6lsv1l5001u8w55aryp0azo_2_FALSE_COLOR_jpg.rf.50264794d96956237ac347f1e2e8d51f.jpg,1.0
cl6chzaqh00d0l4557irlbjwq_2_FALSE_COLOR_jpg.rf.4f8d50dcff3c52568b67109867e81ae8.jpg,1.0
cl6lt50lf00278w555isdaowx_6_SWIR_jpg.rf.503b4974b2e3f2f86aed23e63d59c480.jpg,1.0
cl6b5g1v8003ol455dk0o97jt_1_TRUE_COLOR_jpg.rf.5046501fdcc4f370f4a29a59d7d52c0a.jpg,0.0
cl6ouaiyn00aeao550h4i06dx_2_FALSE_COLOR_jpg.rf.4f9d04a7c5d419ab9c3dcc472ad08744.jpg,1.0
cl6b55npu002gl4553f5c3lj0_4_FALSE_COLOR__URBAN_jpg.rf.50400c706c99346d9cbeff7ccdc393d3.jpg,1.0
cl6b78tww009tl45524un0omv_4_FALSE_COLOR__URBAN_jpg.rf.501a46efd9b6c2888f6628b7effc2034.jpg,1.0
cl6csn2vw00fsl455h2a79t61_2_FALSE_COLOR_jpg.rf.502416a68718919d4cab794e782a2e64.jpg,1.0
cl6od3yri001cao55gifvaizk_6_SWIR_jpg.rf.4fc3e46cd64779f70a121ff85d6b4234.jpg,1.0
cl6b5lfqn0043l455544gg2zx_1_TRUE_COLOR_jpg.rf.501ea3e9462aea60b9bb9dece8178595.jpg,1.0
cl6e3gza20041gk5576hgd9vg_6_SWIR_jpg.rf.50517222dd5da5ab8f91213141e054c1.jpg,1.0
cl6kghsrn002tc4551wu83z4e_2_FALSE_COLOR_jpg.rf.500e3bb54597eaf6f746ba3388fcfae8.jpg,1.0
cl6b5lfqn0043l455544gg2zx_2_FALSE_COLOR_jpg.rf.5054682fc54a09a5a7466baffe6a796f.jpg,1.0
cl6b6frr10078l455hhqe0mw5_1_TRUE_COLOR_jpg.rf.5058434e5ad079c9e0b4a7e0b84f0500.jpg,1.0
cl6b6svwl007yl455d2w5bw1m_6_SWIR_jpg.rf.505e1a8c55473d8c84448cd8e3bc4136.jpg,1.0
cl6chx0s400cul455eh3zhhyf_1_TRUE_COLOR_jpg.rf.505501bf511ed08bac37f63ed6f1b610.jpg,1.0
cl6b5r021004pl4558sub5at0_1_TRUE_COLOR_jpg.rf.50616357e0576ef46d478b730bbfa2b1.jpg,1.0
cl6e0m79h0016gk5553pj46h0_1_TRUE_COLOR_jpg.rf.50129fa687077ca176a520c568e5638c.jpg,1.0
cl6kf110z0004c455dymnacxa_2_FALSE_COLOR_jpg.rf.506626ab5b0d297db8ad8c56ba4909d5.jpg,1.0
cl6lt70fh00298w5541ighy5t_4_FALSE_COLOR__URBAN_jpg.rf.50b507aafb8b099475f73074e160e4e0.jpg,1.0
cl6b62b07005zl455eftq37tr_4_FALSE_COLOR__URBAN_jpg.rf.50c27c349a5036bd9516045faafdaa29.jpg,1.0
cl6kgbwuw002ec455gkee9mir_6_SWIR_jpg.rf.506fe629c69520228dab1279063c2451.jpg,1.0
cl6e31hgi002ygk55dfaq7cqn_4_FALSE_COLOR__URBAN_jpg.rf.5068ed83e14be046a50d6aca95e42fa8.jpg,1.0
cl6b5mgel0046l455192ze0hp_6_SWIR_jpg.rf.50824e34b751c30cebe0436beec4a008.jpg,1.0
cl6b4x9pw001pl455en07csnz_6_SWIR_jpg.rf.5092a75ff1fc9d8a42a263eee8d22248.jpg,1.0
cl6cgh0lk00b3l455a01o4mrg_1_TRUE_COLOR_jpg.rf.50c3bd775e341c2a0117659741add594.jpg,1.0
cl6m162oq00388w554vzpgu70_4_FALSE_COLOR__URBAN_jpg.rf.510d54b0350edeeedf0777cc0f3dab28.jpg,1.0
cl6chumom00col4556jyfb7a5_2_FALSE_COLOR_jpg.rf.50eb092a104ec158502536a711f76196.jpg,1.0
cl6lt9lyv002c8w55dnyheafs_1_TRUE_COLOR_jpg.rf.50df4c5fd7bce05341502955a7b391fa.jpg,1.0
cl6csxetg00gfl455cfeqgtms_6_SWIR_jpg.rf.5108009cfed568881043cd54baa5479f.jpg,1.0
cl6m0x4p100318w55bmg41saz_2_FALSE_COLOR_jpg.rf.5113b62a809dcd85eed1fecb005dce33.jpg,1.0
cl6oj8j8j004gao559z4qag8f_2_FALSE_COLOR_jpg.rf.506e0cbe8dd2ff5c172fd373b87e5003.jpg,1.0
cl6b5phba004il45531lb6655_6_SWIR_jpg.rf.5102799f144a00adce6c8a2b006ff217.jpg,1.0
cl6ocy9ma000qao55g73m5yl6_1_TRUE_COLOR_jpg.rf.50de0d9179ef8b39d71d24b390d1b18a.jpg,1.0
cl6op95w5006qao55gj2cery4_6_SWIR_jpg.rf.5101f3956038aef9bb000102f30cfbf9.jpg,1.0
cl6kf5bk5000fc455brw6a6hw_2_FALSE_COLOR_jpg.rf.511217039c30ae5ac77ae88f9dda8cec.jpg,1.0
cl6dxqd4a0000hg55axmt0iob_6_SWIR_jpg.rf.51185a27c13bb65bbd70a8b5b9116ecf.jpg,1.0
cl6b6uhzk0082l455dc5hco31_4_FALSE_COLOR__URBAN_jpg.rf.51191dabf6b16d488ad068063c2006ac.jpg,1.0
cl6cg8f7k00ail455g5xjf4zo_4_FALSE_COLOR__URBAN_jpg.rf.50aaf9a763f11d483ac91c38299f131d.jpg,1.0
cl6b6vvhu0087l4557uqog2by_2_FALSE_COLOR_jpg.rf.511f9f5ac286ea1d83fe0f1e5e4534a5.jpg,1.0
cl6ct07zx00gll4554jg5b8r4_4_FALSE_COLOR__URBAN_jpg.rf.511fb1c17dc9ae56a55ceea64d7b138e.jpg,1.0
cl6b5u4030055l455hl9956ni_6_SWIR_jpg.rf.50abd3a8c6d30f7cdf4de2a26d710869.jpg,1.0
cl6cgeaqz00aul4553pd8gh18_2_FALSE_COLOR_jpg.rf.5161f74591474b9a82991ec04774a3cd.jpg,1.0
cl6op95w5006qao55gj2cery4_1_TRUE_COLOR_jpg.rf.511dfb2e6fbc1f69bff936614cb1bd66.jpg,1.0
cl6kg4imi0025c45589qy7p3i_2_FALSE_COLOR_jpg.rf.5153dcd90f548c786cacc698e57f9d9e.jpg,1.0
cl6cgdbl900asl4551u073cce_1_TRUE_COLOR_jpg.rf.5160af5179ba0811b75410a8d7381698.jpg,1.0
cl6m145w400368w55e1mscmpe_6_SWIR_jpg.rf.5167e0a64c8ded16cfa9325077717f2b.jpg,1.0
cl6crtivm00dwl45544k043su_1_TRUE_COLOR_jpg.rf.513f2f3d708e67e100c486fe5c076b89.jpg,1.0
cl6oukdcw00avao555gp1h971_2_FALSE_COLOR_jpg.rf.5183c95ce562f5060dff8d0a2343181c.jpg,1.0
cl6b6057d005ul4555s1o9t3q_4_FALSE_COLOR__URBAN_jpg.rf.514ed1591c590ec829ceae5e6fcad00c.jpg,1.0
cl6oubpv600ahao554abdcshr_2_FALSE_COLOR_jpg.rf.5182f40ec1f6c355a053daa65b0b7db5.jpg,1.0
cl6oj3q5x004aao55ala51kbg_1_TRUE_COLOR_jpg.rf.51c849fc9c432dcdf3491890201fbc99.jpg,1.0
cl6cs6mgj00f0l455egwshib7_1_TRUE_COLOR_jpg.rf.518dad4a4035eab714e9a531efd538d7.jpg,1.0
cl6b5dekg003el4552wy46fsz_4_FALSE_COLOR__URBAN_jpg.rf.517698090b57a9432056bf843454fa12.jpg,1.0
cl6oq26pe008eao55afu47fi0_4_FALSE_COLOR__URBAN_jpg.rf.508b3c505d5c0dcd5425c20d325f7315.jpg,1.0
cl6b5czu1003cl4551r7icqnt_4_FALSE_COLOR__URBAN_jpg.rf.517781ec114bc903b4fd188e3babe94f.jpg,1.0
cl6ocohki0003ao55bnyg99kc_1_TRUE_COLOR_jpg.rf.51c2ec3b24e8b34039c4a653f64ac1ca.jpg,1.0
cl6oe2d76002tao55ckxpdijl_6_SWIR_jpg.rf.51adce63501f6d4840e213a6401f1c9c.jpg,1.0
cl6ctopvo00i4l455cgtw30dd_1_TRUE_COLOR_jpg.rf.51db78242775880f4a2975aaae8a624d.jpg,1.0
cl6csdu2700fal455982ifw90_1_TRUE_COLOR_jpg.rf.5164e8b1e240630ab76c0dee61de3e13.jpg,1.0
cl6oipd7x003jao55arv3e5iy_4_FALSE_COLOR__URBAN_jpg.rf.51681a540980dc8cbafdb48d7d9f9108.jpg,1.0
cl6oj031d0042ao55aior769s_1_TRUE_COLOR_jpg.rf.5190248699c2fb6b38f4edff92f71715.jpg,1.0
cl6lszhlb001y8w558epcey2q_2_FALSE_COLOR_jpg.rf.51f9ef3ffb09dff645d5af2c76c93a3b.jpg,1.0
cl6b0p3i7001gl455h7p6b9g1_1_TRUE_COLOR_jpg.rf.515e356af5e15b57252fcb0757c0d35a.jpg,1.0
cl6e3gza20041gk5576hgd9vg_4_FALSE_COLOR__URBAN_jpg.rf.51e6f65ae271a8854cca3b4e9ce86c43.jpg,1.0
cl6cs3y0l00etl4550acr1ii1_4_FALSE_COLOR__URBAN_jpg.rf.514a8e512574aff7832cce892ae3d5e2.jpg,1.0
cl6kfvrfp001qc45548kr4qf2_6_SWIR_jpg.rf.51cf597f853cd8ea6beb59770eaa8055.jpg,1.0
cl6b6lhmf007ll4552cnl5tsv_6_SWIR_jpg.rf.5205585bea288d096625d1b486786052.jpg,1.0
cl6e3g7x5003ygk558i9cetp5_1_TRUE_COLOR_jpg.rf.51d71088f87d7b65c2999d6fe86b7d0e.jpg,0.0
cl6m17r53003b8w55c0zsgjie_6_SWIR_jpg.rf.51fe3b9fce96e6a036f296481fabd20b.jpg,1.0
cl6chfm2800c4l455ensx26aq_4_FALSE_COLOR__URBAN_jpg.rf.51b80b964c07181d6a3ca0fba8485070.jpg,1.0
cl6kf7fte000kc455fwsg3dzx_1_TRUE_COLOR_jpg.rf.51fdab910ce23298242282cf6bf33c59.jpg,1.0
cl6e1pf9j001ggk55feroguvj_1_TRUE_COLOR_jpg.rf.521f9c04e6c3958c3e101e2a0e4c0adf.jpg,1.0
cl6crv14300e0l455h48eh7nr_1_TRUE_COLOR_jpg.rf.521b7ad874110d526fce91f16a5797b7.jpg,1.0
cl6b6s1o1007vl455511lek8y_2_FALSE_COLOR_jpg.rf.5211bee97777da8286ff12b1f26643d0.jpg,1.0
cl6dzs6a4000vhg55f52u2xze_1_TRUE_COLOR_jpg.rf.523dd4d3085eec757fc7bc54ea66b909.jpg,1.0
cl6e0ic4d000zgk55gqkieyhi_2_FALSE_COLOR_jpg.rf.5239c03619e1bb0afbdb180c5d8a3d26.jpg,1.0
cl6orlxem009lao5513o7hr6s_4_FALSE_COLOR__URBAN_jpg.rf.5258e81228ae84126912bbc6d99d9b02.jpg,1.0
cl6e1vti2001lgk558oznamsf_2_FALSE_COLOR_jpg.rf.524a49d1f9151dbd68f57eb969ee9ae1.jpg,1.0
cl6b5xjjd005kl455hfjcd5ra_6_SWIR_jpg.rf.521baecbfa889483a2c8cd818b2b562a.jpg,1.0
cl6b753ud0096l455eypnas0u_4_FALSE_COLOR__URBAN_jpg.rf.5238c146b3d1182e41c23ed1a05913e4.jpg,1.0
cl6opfjg40074ao557e3g3skn_4_FALSE_COLOR__URBAN_jpg.rf.5219a82b2efad8cb6b379a45f0b527af.jpg,1.0
cl6e0k0280013gk550nd9grxm_6_SWIR_jpg.rf.528fb010273f1d47fa47d889ad85fe4a.jpg,1.0
cl6cgns8a00bel4558yfqfdjw_4_FALSE_COLOR__URBAN_jpg.rf.528678ca173216ea36ebaf3b1ab04165.jpg,1.0
cl6cssfer00g4l455g2wbecis_1_TRUE_COLOR_jpg.rf.522b2ac561cc7fa18e567f83b9c9caea.jpg,1.0
cl6b05tqy000al4556arxfkpx_4_FALSE_COLOR__URBAN_jpg.rf.52a182c2390a0e6d9574217cf4ac0817.jpg,1.0
cl6dzkjup000rhg5589g0afdf_4_FALSE_COLOR__URBAN_jpg.rf.52897ed17cd46f6e175681d74c3a173d.jpg,1.0
cl6op3smm006gao55ea02ba3u_4_FALSE_COLOR__URBAN_jpg.rf.524e88d38a1542d6470dcb69c5cf7463.jpg,1.0
cl6oj031d0042ao55aior769s_2_FALSE_COLOR_jpg.rf.529221ee277626bc4aae9adc7b900151.jpg,1.0
cl6b05bia0009l4551ymod0pi_2_FALSE_COLOR_jpg.rf.52a38bf97bd4bd52ae217a3805494b61.jpg,1.0
cl6opypeq0087ao55cd0fhzah_6_SWIR_jpg.rf.528e5a95b6d5c1856c608bddda438887.jpg,1.0
cl6e1zkvy001ogk5561l0f1q7_2_FALSE_COLOR_jpg.rf.52be416290588c510ca01bbd6a138a8f.jpg,1.0
cl6okam86005vao551risaw3r_1_TRUE_COLOR_jpg.rf.52a90a7272bd8b8b9f6595bdaf5ed735.jpg,0.0
cl6ctkcif00hvl455e4f58h78_2_FALSE_COLOR_jpg.rf.5267dfb467e6d2208c0bfaab53efa0f0.jpg,1.0
cl6opbe62006wao55djzu951u_6_SWIR_jpg.rf.52ae333bf7b52fe7a412761599f1eaba.jpg,1.0
cl6cs7poo00f2l4557i4i86z6_1_TRUE_COLOR_jpg.rf.52b88f7c20c57faa82942dd018dd770f.jpg,1.0
cl6kf110z0004c455dymnacxa_4_FALSE_COLOR__URBAN_jpg.rf.52ba15476a2868094557ef3fbd82b90b.jpg,1.0
cl6oiyg3q003zao55c5k11xtf_1_TRUE_COLOR_jpg.rf.52bf44f5747ddd147ee4da03a3f67910.jpg,1.0
cl6b6iksa007dl4551508f1n4_2_FALSE_COLOR_jpg.rf.52b691a3e3b2aaa73349ea9caf3f9f8e.jpg,1.0
cl6b5x7nw005jl4559ppn5ov2_2_FALSE_COLOR_jpg.rf.52cd083ca8ce77ba503319a76877dbf4.jpg,1.0
cl6ops2eo007sao551s7xen90_2_FALSE_COLOR_jpg.rf.526668931f192f5fa9a217c306a27f25.jpg,1.0
cl6oqat3j008rao556mbqfoan_1_TRUE_COLOR_jpg.rf.52a2a7f732f0986bc7829a64c9d4e985.jpg,1.0
cl6odousp002aao55gdjlfrxu_1_TRUE_COLOR_jpg.rf.529b37ea56b24842d7fc3023c9714c8f.jpg,1.0
cl6b6057d005ul4555s1o9t3q_4_FALSE_COLOR__URBAN_jpg.rf.52d3200a63bdbf5bd85363db0f3645c7.jpg,1.0
cl6csjvur00fjl455ati39b6k_4_FALSE_COLOR__URBAN_jpg.rf.52ef3fa656c957862ec8c4dd7c587671.jpg,1.0
cl6ok2egr005kao55bv7hfye5_1_TRUE_COLOR_jpg.rf.52d6719444c2338514d0b236ada448c9.jpg,1.0
cl6lszvtz001z8w55b69k6gsj_4_FALSE_COLOR__URBAN_jpg.rf.52c33e32497935b941196dad3ec44e0b.jpg,1.0
cl6cssfer00g4l455g2wbecis_1_TRUE_COLOR_jpg.rf.52e26199d86ae0e9da2f2105c0e70368.jpg,1.0
cl6kg12gd0022c4555fac0sms_4_FALSE_COLOR__URBAN_jpg.rf.52f13b354e957d0126307b5cf6ef1b46.jpg,1.0
cl6oul0ve00axao5549vy6mom_6_SWIR_jpg.rf.530073321057c29b236e60b710d13c12.jpg,1.0
cl6b5g1v8003ol455dk0o97jt_6_SWIR_jpg.rf.53127a6d96ff29da3dd198fe683da3f2.jpg,1.0
cl6m170d0003a8w5556k5hzhc_2_FALSE_COLOR_jpg.rf.52f4eb65ed06ca796ad58495f60323b8.jpg,1.0
cl6ok5klz005nao55dbmig3bd_2_FALSE_COLOR_jpg.rf.52f8ed60a02957e2e5a4d5e2836516f9.jpg,1.0
cl6ojvjir0057ao55hcywheqa_4_FALSE_COLOR__URBAN_jpg.rf.53207edea5ab7a1e95427fc958ebb6d3.jpg,1.0
cl6ojbg9t004oao552glqe340_1_TRUE_COLOR_jpg.rf.532438813ddf95ee40cf3146fbaa23af.jpg,1.0
cl6cs36yn00eql4559li2cqy1_1_TRUE_COLOR_jpg.rf.53230133b9a85f4ec32d5cae12541890.jpg,1.0
cl6kgo2ff0031c455dv515gju_1_TRUE_COLOR_jpg.rf.53199fed19729f3dccbce8dea3c2d0ca.jpg,1.0
cl6b746nn0091l4556dgg9xwd_1_TRUE_COLOR_jpg.rf.5325e31d63003dff6f78eec47a895392.jpg,1.0
cl6od2k870017ao556wo27foz_1_TRUE_COLOR_jpg.rf.5343b6e23362c62dc69a25b3affd5083.jpg,1.0
cl6b5ei80003jl45568eh02jo_4_FALSE_COLOR__URBAN_jpg.rf.5338c691fd2daaadde376390dc60a4e2.jpg,0.0
cl6dzi6b8000phg55ebf66l7r_4_FALSE_COLOR__URBAN_jpg.rf.533e916b40b1d331d077228f6eedb18e.jpg,1.0
cl6kgfdjy002nc4551yk01nj6_2_FALSE_COLOR_jpg.rf.5325411b5537c0706deef595db080932.jpg,1.0
cl6b5wl3u005gl455fljch2g9_4_FALSE_COLOR__URBAN_jpg.rf.534ef776a7b4269530cc34c26db59226.jpg,1.0
cl6b05tqy000al4556arxfkpx_4_FALSE_COLOR__URBAN_jpg.rf.5329d2c8e3d52099637be937b33a11f4.jpg,1.0
cl6b0aue4000ml455e4wo3e1j_2_FALSE_COLOR_jpg.rf.535b85312abef9c9db9c80b439f71a4f.jpg,1.0
cl6b53wx1002al45513fq5hip_4_FALSE_COLOR__URBAN_jpg.rf.5334e613cbeb1ad085f23c4b8d1173f8.jpg,1.0
cl6ch6y2d00byl4557ijbc6o4_4_FALSE_COLOR__URBAN_jpg.rf.53566a5f54fd818122f1f07b260caae5.jpg,1.0
cl6odzdk0002nao55dz13d0s9_4_FALSE_COLOR__URBAN_jpg.rf.535c89c7c959d3b98e30109830b9e11b.jpg,1.0
cl6b5t5vk004zl455d1h36vwf_2_FALSE_COLOR_jpg.rf.536aa3cc8103e0c880e4ed85418d2633.jpg,1.0
cl6odg2fc001rao557orb0ee5_1_TRUE_COLOR_jpg.rf.5345b6eb41debf1a73064fcbbfef26dd.jpg,1.0
cl6oukdcw00avao555gp1h971_2_FALSE_COLOR_jpg.rf.5371f87049efbfc044dc52c8e93e7771.jpg,1.0
cl6b05tqy000al4556arxfkpx_1_TRUE_COLOR_jpg.rf.53854fa5d625a55326e84a963418cb00.jpg,1.0
cl6ojx2va005aao55c05b0bvm_1_TRUE_COLOR_jpg.rf.537ae9c944a3e22974ce5019084666d2.jpg,1.0
cl6ct101m00gml455hllggu82_6_SWIR_jpg.rf.5384e53b39748a2b8a6c440a6be47d77.jpg,1.0
cl6cg8u0w00ajl455a3ho7vov_6_SWIR_jpg.rf.52f8fd2503da14400678361ced6b8cb1.jpg,1.0
cl6e06h37000agk55e1m39xvy_4_FALSE_COLOR__URBAN_jpg.rf.538a54590bcf6b14d28dd7d1118a54d9.jpg,1.0
cl6e3cezg003lgk551giraowq_2_FALSE_COLOR_jpg.rf.5390478aba7ee99cefce431121c7d0f4.jpg,1.0
cl6e0kgem0014gk55cl4692g7_2_FALSE_COLOR_jpg.rf.5393c5d89a21ef9a990b1e74ab34233d.jpg,1.0
cl6e2grat0022gk55hpoig5ln_2_FALSE_COLOR_jpg.rf.539ec7057e19dfffc1cdd6560b69bffe.jpg,1.0
cl6ct487q00gul455bxvzaopi_2_FALSE_COLOR_jpg.rf.53a364280fd62c8d0fbe2a9486ba83e7.jpg,1.0
cl6oe0y5h002rao55ghk1g0ha_4_FALSE_COLOR__URBAN_jpg.rf.53b434d6298133126a1352e40347d776.jpg,1.0
cl6cs36yn00eql4559li2cqy1_4_FALSE_COLOR__URBAN_jpg.rf.53a43f5e47fd9bf456c7c99d9346c99e.jpg,1.0
cl6crtivm00dwl45544k043su_1_TRUE_COLOR_jpg.rf.539ccb36227636b9eaead8a4e7260b22.jpg,1.0
cl6e0kgem0014gk55cl4692g7_1_TRUE_COLOR_jpg.rf.53fbf3bcc606b39a8410a539e37b256a.jpg,1.0
cl6kfvrfp001qc45548kr4qf2_6_SWIR_jpg.rf.53fe3aa085e84f8d0bfdf86d0338e603.jpg,1.0
cl6cguk2800bml4556lfx35kx_2_FALSE_COLOR_jpg.rf.53bfe70d7765024638648b23326ee979.jpg,1.0
cl6m162oq00388w554vzpgu70_4_FALSE_COLOR__URBAN_jpg.rf.53f92d178515ef785883f036e72d5709.jpg,1.0
cl6b0797l000fl4556jpv3nqd_4_FALSE_COLOR__URBAN_jpg.rf.53c9393786f1d7c0e0787258650fc9b5.jpg,1.0
cl6cgtahv00bkl455hcmk9cn1_1_TRUE_COLOR_jpg.rf.53d634c27846c7251322e085b158d8f0.jpg,1.0
cl6ocy9ma000qao55g73m5yl6_4_FALSE_COLOR__URBAN_jpg.rf.53e0bf0e1850688ea9382b5cf62b92ed.jpg,1.0
cl6dyr3jo000fhg5528wadb19_2_FALSE_COLOR_jpg.rf.54025eb3dc53629c97761be6b9b9281a.jpg,1.0
cl6ojdk5a004rao550wcq79f3_2_FALSE_COLOR_jpg.rf.53ba6204eb047ccf4132f6539624b040.jpg,1.0
cl6ocq7n50007ao552jukcs3b_6_SWIR_jpg.rf.5411a68042dc8e686474ad338096ad6d.jpg,1.0
cl6oikce00039ao55em2efcah_6_SWIR_jpg.rf.541a20112ffb3578c2044400db213886.jpg,1.0
cl6kfnwqd0015c455cssv4ha4_1_TRUE_COLOR_jpg.rf.540969c8db4c1f61596ec5d6b6ea279a.jpg,1.0
cl6b6yxoj008kl455d8ku2khx_2_FALSE_COLOR_jpg.rf.542c025353fb3874a5f3d6ccb16fc749.jpg,1.0
cl6oif58n002yao5578ob9fzh_2_FALSE_COLOR_jpg.rf.54085fbe9a5113dc45435833c6c0ff64.jpg,1.0
cl6m1fspy003x8w553wncdjsh_6_SWIR_jpg.rf.5444c8f6618f4c638a2bc841346de2f7.jpg,1.0
cl6ltb1wo002f8w558ocbb9ty_2_FALSE_COLOR_jpg.rf.5423a1d684cefabd943d00569099e35d.jpg,1.0
cl6b5bl3w0032l4550j2k2te5_6_SWIR_jpg.rf.540a5d96d057131fcd173ab9d89c13af.jpg,1.0
cl6oddf8p001pao558ykw6wkp_4_FALSE_COLOR__URBAN_jpg.rf.54656b70b4d2236dc503a26bed699054.jpg,1.0
cl6b5ojmc004gl4551hf906us_1_TRUE_COLOR_jpg.rf.542eb14353ee4d50677eb439d57a673c.jpg,1.0
cl6b5tf5i0052l4552vkucy9o_2_FALSE_COLOR_jpg.rf.544a728d525ffe689138bb3d20b25b17.jpg,1.0
cl6b6ptk6007sl45528q81uc9_2_FALSE_COLOR_jpg.rf.546a8ee845e9ecfb77410b668de49559.jpg,1.0
cl6dyqj7a000ehg55buwr46eg_1_TRUE_COLOR_jpg.rf.546957d4017592b4625164a2a42a3598.jpg,1.0
cl6oputjf007wao55fnke0ppv_4_FALSE_COLOR__URBAN_jpg.rf.541d02c563a3bb1dad8c3f5716bf654b.jpg,1.0
cl6b08qce000hl455fod5abjo_2_FALSE_COLOR_jpg.rf.547f408ca3af865775ed5b06f4090af0.jpg,1.0
cl6b5j7l8003yl455e8lo7mre_6_SWIR_jpg.rf.542a0c0dd221c689ba877964496f62d2.jpg,1.0
cl6ojysgh005dao55c9ax3bwq_4_FALSE_COLOR__URBAN_jpg.rf.541bbe903745df1943e0f35946ddfbd4.jpg,1.0
cl6ojbg9t004oao552glqe340_6_SWIR_jpg.rf.546d0c973aa71cc6dcaf86d74ddbe07c.jpg,1.0
cl6kft9sm001lc4558tfj4yjn_6_SWIR_jpg.rf.5469d5b34bf6d17a55c883b632ac062c.jpg,1.0
cl6e2uo3r002kgk556io96bkr_6_SWIR_jpg.rf.5489e6b62bf1999ed085795193b53f22.jpg,1.0
cl6cpff5c00dll455ew1ddl1f_2_FALSE_COLOR_jpg.rf.54329b52058f76f8ede42e32b0ce3133.jpg,1.0
cl6odbryt001nao55htogdny9_4_FALSE_COLOR__URBAN_jpg.rf.5437760e1b08ae418c9af2422aa4f11e.jpg,1.0
cl6e20f48001rgk5574xt82w3_2_FALSE_COLOR_jpg.rf.548b73d8084813af41d1bdd153754d8c.jpg,1.0
cl6e311ol002wgk554lafcdqd_1_TRUE_COLOR_jpg.rf.5499bc1c91ef695a3adde57e0256c596.jpg,1.0
cl6chiqvr00c6l455cbe1ekdo_4_FALSE_COLOR__URBAN_jpg.rf.5498da5ed2cd5db2679635370255302b.jpg,1.0
cl6dyzssv000ohg551n0rdanu_1_TRUE_COLOR_jpg.rf.546c1f1a5ec27ab4bb8db4f7bc2ea352.jpg,1.0
cl6crxvk200e7l455191phwfv_2_FALSE_COLOR_jpg.rf.549e670b79ba49f62b49e17fdbd89562.jpg,1.0
cl6cgns8a00bel4558yfqfdjw_6_SWIR_jpg.rf.5496bba2f3595453d0afbbc9b967d0a9.jpg,1.0
cl6ocwm59000lao557aje5r5p_1_TRUE_COLOR_jpg.rf.54aefd7c001af4574f1318f058b27232.jpg,1.0
cl6kfxks1001uc455ejvhbs1y_6_SWIR_jpg.rf.54a5d2c0503f74b800fc1a1f178a258e.jpg,1.0
cl6op4t8q006jao559muv9l5l_6_SWIR_jpg.rf.55005ff749ca5cacf025be6392a6f574.jpg,1.0
cl6b0msow001cl4559m4m56le_6_SWIR_jpg.rf.54cc1939ae807b93835b3c0341de87e1.jpg,1.0
cl6b746nn0091l4556dgg9xwd_2_FALSE_COLOR_jpg.rf.54a960101df7e622a7fd99a7c54bd30b.jpg,1.0
cl6keymqs0000c4559gsd6y3f_4_FALSE_COLOR__URBAN_jpg.rf.550520b7e2b524072b9a1421302a36d3.jpg,1.0
cl6ou8fz600abao5561sobj5z_1_TRUE_COLOR_jpg.rf.54bb70f2dc6f72a70837ddeee2e87bef.jpg,1.0
cl6e0gykm000wgk551za948b3_1_TRUE_COLOR_jpg.rf.54a80b2f9aeae3c4d7cd913b0b8cdcb1.jpg,1.0
cl6b5rb8x004rl455g3sp3iqz_6_SWIR_jpg.rf.54e95724602c68b932c1e60ba752d3fb.jpg,1.0
cl6kgfqaa002oc455gxuy2vys_1_TRUE_COLOR_jpg.rf.54a16838c88aadf7fc7577446e0599cd.jpg,1.0
cl6e3cnqe003mgk553mcue2gv_2_FALSE_COLOR_jpg.rf.54c2bbe3b8ddd812e45e902b7f7f4484.jpg,1.0
cl6ok5klz005nao55dbmig3bd_1_TRUE_COLOR_jpg.rf.5535a6ab6de23c8bfd02474eb1ea28e8.jpg,1.0
cl6kjh3l1001g8w55b15o5lsc_2_FALSE_COLOR_jpg.rf.552ec8c12f6684575e427451c7b98be6.jpg,1.0
cl6od7f7j001hao55016b86jo_4_FALSE_COLOR__URBAN_jpg.rf.54f3b6b8e4183e7eb2d77d1174b3bfd0.jpg,1.0
cl6ou8fz600abao5561sobj5z_6_SWIR_jpg.rf.552693c5d78d84d6e3bf611282335f8e.jpg,1.0
cl6b752w00095l45532llequj_1_TRUE_COLOR_jpg.rf.54a620fd84b20c71c95e8901059f2df4.jpg,1.0
cl6cgkn5000b6l455cg451vw6_1_TRUE_COLOR_jpg.rf.552462293f175c3d8db169314d5e8ac0.jpg,1.0
cl6b5ecvf003il4553uxr0pcp_1_TRUE_COLOR_jpg.rf.5546f4cd1da8d2aed0bc9e569a622979.jpg,1.0
cl6kfxks1001uc455ejvhbs1y_1_TRUE_COLOR_jpg.rf.55070963906aa13a553f4776dcdfdac4.jpg,1.0
cl6b5b5g0002zl455cjty1v7p_1_TRUE_COLOR_jpg.rf.553de27ec332ace028f82947849fe1ef.jpg,1.0
cl6cslhca00fql4551wh11myi_1_TRUE_COLOR_jpg.rf.5573d66fa416ffbe50c9d5a2d969ab17.jpg,1.0
cl6kf3j6a000cc455a7ny9xom_2_FALSE_COLOR_jpg.rf.54eae8981aff760137271598accc3273.jpg,1.0
cl6e0htxm000ygk558f3oazjy_1_TRUE_COLOR_jpg.rf.551606ca5d3ed381dd26a03239ed22bc.jpg,1.0
cl6chl1rg00cbl455e1p5cw7x_1_TRUE_COLOR_jpg.rf.552a5ce67d68c492f392ffe43ce529f2.jpg,1.0
cl6m1b5o6003f8w55bts57rav_4_FALSE_COLOR__URBAN_jpg.rf.5563b767a800d31046dbad169f15dd1b.jpg,1.0
cl6ocn0yw0001ao55850zb04a_1_TRUE_COLOR_jpg.rf.559b51e747b92fe9d378fd0585ad43f6.jpg,1.0
cl6cgbyeo00aql455eui3fiu4_1_TRUE_COLOR_jpg.rf.555ac1ba65e30fad14053b1962a3db7d.jpg,1.0
cl6cg6cf600agl455gtin273p_2_FALSE_COLOR_jpg.rf.559134deee824258f453ac66c3e5fbc8.jpg,1.0
cl6cht8c600cml4558wv5emrs_6_SWIR_jpg.rf.55ca6fb40f49557d565ae683ba9d325a.jpg,1.0
cl6oe0eoe002qao552t6i1m6g_6_SWIR_jpg.rf.560d4b4662dd58e150e4ccfe85920f2b.jpg,1.0
cl6oix6p8003xao558gep7jfa_2_FALSE_COLOR_jpg.rf.55faea090e4f4bd9b4f094cf186ee5e3.jpg,1.0
cl6b508o5001zl455ccee4frg_1_TRUE_COLOR_jpg.rf.5642a7d0186574bb208f2af4e113ffdc.jpg,1.0
cl6chu8h100cnl4552hz21fjt_6_SWIR_jpg.rf.55cfe9a78fa45ee2b4726bcc2ea5bee7.jpg,1.0
cl6e2fi9f001zgk55b58g3gk6_1_TRUE_COLOR_jpg.rf.5642831e0f12d027432c0fa6b4f9ee43.jpg,1.0
cl6ct5pk300gxl4559vdtfjz2_2_FALSE_COLOR_jpg.rf.56181dda316cb679370586c398cb3b29.jpg,1.0
cl6b6eah90074l455hnsyaebx_2_FALSE_COLOR_jpg.rf.55f98edeefdbe01e9e4848bd6155d3cd.jpg,0.0
cl6cs64qm00ezl455acru4xkt_1_TRUE_COLOR_jpg.rf.559dfc387606c846bdb8a18a5caa16e8.jpg,1.0
cl6ocq7n50007ao552jukcs3b_2_FALSE_COLOR_jpg.rf.561fb116b970c0398e5bb9aebd0aba2d.jpg,1.0
cl6kjmnc9001s8w5537ayhyay_1_TRUE_COLOR_jpg.rf.55c1877e54a47e316928ab6b1457f685.jpg,0.0
cl6e06h37000agk55e1m39xvy_6_SWIR_jpg.rf.55c9f40d093043bb96f9cfa7bf0e7dbd.jpg,1.0
cl6b5myi60048l45530d5anq4_1_TRUE_COLOR_jpg.rf.5648865244d731283b78a19b3f5c9988.jpg,0.0
cl6oijbft0037ao558i012jhh_6_SWIR_jpg.rf.5590a31a29d8f6661ae5b59487c6f546.jpg,1.0
cl6b6p96a007ql455cvrh6peg_2_FALSE_COLOR_jpg.rf.56680cc1e53cd7e848f62e5ad9496c8f.jpg,1.0
cl6cse9tv00fbl4552j5aepjj_2_FALSE_COLOR_jpg.rf.55e2c7422b27e4fbe7ae03c673b63390.jpg,1.0
cl6kfqf04001dc45543rtgu9n_6_SWIR_jpg.rf.55bff23a449ca5ccccad0604233a169e.jpg,1.0
cl6lt2u1a00238w55htxpag7p_4_FALSE_COLOR__URBAN_jpg.rf.55ba528c8eb5c5b40114367ec3d9d6ef.jpg,1.0
cl6e2yxqd002pgk5597n8c4s8_6_SWIR_jpg.rf.56639a754f5c465e281e5fce093e1941.jpg,1.0
cl6b68nqw006il4558i0lfs72_1_TRUE_COLOR_jpg.rf.564b0b554fdfb4026a2a162ea55cd374.jpg,1.0
cl6e1n8j9001cgk55bhebb6fp_1_TRUE_COLOR_jpg.rf.5668a26e3f39d2afe7e6b47f286b5d23.jpg,1.0
cl6ouiflj00apao55ef14ha2q_1_TRUE_COLOR_jpg.rf.5648f6104bb951707efe8d73a53100fc.jpg,1.0
cl6b6xnlo008dl455ft678vcm_2_FALSE_COLOR_jpg.rf.5648ecd48718a0dcdf406155f12f13b2.jpg,1.0
cl6ok0jxn005hao55hyz7967m_2_FALSE_COLOR_jpg.rf.56808e199e3db605b60a85e3cfd338d8.jpg,1.0
cl6b5myi60048l45530d5anq4_4_FALSE_COLOR__URBAN_jpg.rf.5687554ed85c38d1837fd92ab3259f40.jpg,1.0
cl6ltpzi4002p8w558kple65k_1_TRUE_COLOR_jpg.rf.56814676523737e0e56614b67c345be4.jpg,1.0
cl6oig6yp0030ao55grdefh8e_2_FALSE_COLOR_jpg.rf.5675acb1ef820598bdbbfe8d99b2266a.jpg,1.0
cl6opi0lv0079ao554ptl5yd7_2_FALSE_COLOR_jpg.rf.55ae152fd64375b00cf58d435307b005.jpg,1.0
cl6ocs2h6000cao559bx42yho_1_TRUE_COLOR_jpg.rf.5697c153efd9e9791e2e579100deda15.jpg,1.0
cl6b53k570029l45574z79k7e_2_FALSE_COLOR_jpg.rf.54dc477dac0c22b369952023a2bde506.jpg,1.0
cl6kfwvz3001sc45549gxd3e2_4_FALSE_COLOR__URBAN_jpg.rf.568e7b195f0dd0aff70a3c9dd22a8878.jpg,1.0
cl6b0mbsn001al4551f0hdz4x_4_FALSE_COLOR__URBAN_jpg.rf.5695a9f44f039a10d7a4e0700e43b7ea.jpg,1.0
cl6ouaiyn00aeao550h4i06dx_4_FALSE_COLOR__URBAN_jpg.rf.56c0c8b1afe9944eaadb42518401032c.jpg,1.0
cl6kfq79x001cc455cjp917bl_1_TRUE_COLOR_jpg.rf.56a7fa128839db57590fac05cd14f05f.jpg,1.0
cl6oir8s2003mao552l3w3cre_6_SWIR_jpg.rf.569d359d061eadfaa33389df5cbd6b56.jpg,1.0
cl6kf4001000dc455co2qd2kx_1_TRUE_COLOR_jpg.rf.567bc23003444087fc52a9dc977de0e7.jpg,1.0
cl6odm3oj0023ao55641s046f_2_FALSE_COLOR_jpg.rf.569e5f6803e136a1cb7a8b7ac5e0486a.jpg,1.0
cl6dypwru000chg559pvqei5w_6_SWIR_jpg.rf.567a87bea89402346a7068c9c52c4e6c.jpg,1.0
cl6b6frr10078l455hhqe0mw5_2_FALSE_COLOR_jpg.rf.56a4a76f23485c26f3accebdc5a3701c.jpg,1.0
cl6dypwru000chg559pvqei5w_6_SWIR_jpg.rf.5696a6f587b9048a919bab614f9aa94f.jpg,1.0
cl6kidboc00078w55f9rfey2b_4_FALSE_COLOR__URBAN_jpg.rf.56fec831b4cb85464a4aa9250bc64e9f.jpg,1.0
cl6kfy9v8001vc4559ubi2rde_4_FALSE_COLOR__URBAN_jpg.rf.56af0b6cd4faf705b0ab4ee9e2f1e7fd.jpg,1.0
cl6e31hgi002ygk55dfaq7cqn_4_FALSE_COLOR__URBAN_jpg.rf.56d06a4d69221b447fb6303fa7a6eceb.jpg,1.0
cl6orsbq600a1ao5543sigy1j_6_SWIR_jpg.rf.5683311d907f473d1dc2d9dad320aaa3.jpg,1.0
cl6ch5p4h00bwl4552zvifnwy_4_FALSE_COLOR__URBAN_jpg.rf.568d0612645f0dfee1a9c6729bb3bed9.jpg,1.0
cl6b5g1v8003ol455dk0o97jt_4_FALSE_COLOR__URBAN_jpg.rf.56d1d16de8c76d09824d7bc42bf77a7b.jpg,1.0
cl6ou72e300a7ao55ham55bxa_1_TRUE_COLOR_jpg.rf.56acd6c0f64732436c116deebb6efb49.jpg,1.0
cl6kiujep000k8w552z6ebrxp_6_SWIR_jpg.rf.56d50dcc338211c373eaf84fb2656796.jpg,1.0
cl6od1ecf0012ao5568tb86hu_4_FALSE_COLOR__URBAN_jpg.rf.57135a0b75c6265cfc7d46607fa5d228.jpg,1.0
cl6b5nqx3004dl4556qu6azh4_6_SWIR_jpg.rf.56ff969a4d2e14fa7139f923567c4e0b.jpg,1.0
cl6lt2g2y00228w55cf1a1yxr_2_FALSE_COLOR_jpg.rf.5705a1631e417ca1398f14f882784352.jpg,1.0
cl6od7f7j001hao55016b86jo_2_FALSE_COLOR_jpg.rf.56fee1ef9fb15fb65793776dbd6c19d0.jpg,1.0
cl6oif58n002yao5578ob9fzh_2_FALSE_COLOR_jpg.rf.57271666f14984ddaadba3afca5bda7b.jpg,1.0
cl6e3f884003ugk55b7a0bh8d_2_FALSE_COLOR_jpg.rf.57272506207ff0e0a48758aed6858297.jpg,1.0
cl6b6k5pu007il455f8bp9b5g_6_SWIR_jpg.rf.573acc4cf4220432a3d4c32ce0ee0c59.jpg,1.0
cl6opowct007kao55518p0qp4_4_FALSE_COLOR__URBAN_jpg.rf.5735b5b4438012deb91b9bceef412feb.jpg,1.0
cl6opfjg40074ao557e3g3skn_4_FALSE_COLOR__URBAN_jpg.rf.573a1cf72ad8df12e615250d4a08473a.jpg,1.0
cl6dy9kzz0002hg55bc0s18ph_6_SWIR_jpg.rf.572335dcd3a8d5a0f4e4b947d6e7633f.jpg,1.0
cl6e0k0280013gk550nd9grxm_2_FALSE_COLOR_jpg.rf.571f766513f68a5fdf0a710b8be4b17c.jpg,1.0
cl6cgk7k600b5l455ceot4yy5_4_FALSE_COLOR__URBAN_jpg.rf.5726abb9d120bbe98706fb22b2c73cdd.jpg,1.0
cl6kj4ybe000p8w554ytea5li_6_SWIR_jpg.rf.576de88766116d61c4793ccdaf5989d9.jpg,1.0
cl6b67ypc006fl455bt0s8log_2_FALSE_COLOR_jpg.rf.5751af6e38c5f05a7dd2705fab15f3ad.jpg,1.0
cl6ct8os600h3l4559qbzgmk2_4_FALSE_COLOR__URBAN_jpg.rf.5743224f9bd0f12f0c036eb399ea854f.jpg,1.0
cl6kg2ozz0023c455byeq4ye9_6_SWIR_jpg.rf.57872dc6479d0ee0107a027b9ea1e254.jpg,1.0
cl6opeul20072ao55eq23cssc_4_FALSE_COLOR__URBAN_jpg.rf.57295237acb49ead45a7b0e1c5c7ebe6.jpg,1.0
cl6b5ojmc004gl4551hf906us_2_FALSE_COLOR_jpg.rf.57281c4fdd86687d172a1cefc3a8db0d.jpg,1.0
cl6ou7ryz00a9ao554y3uh8jm_1_TRUE_COLOR_jpg.rf.574e0742305ab8de93f2b821706336fd.jpg,1.0
cl6cgg5np00b0l455enz77l37_1_TRUE_COLOR_jpg.rf.57458fc88d955b6eab9e22a9fc6d0307.jpg,1.0
cl6cs7eox00f1l455595w1d49_1_TRUE_COLOR_jpg.rf.5787f191fe06e2c19bed04d0b978521a.jpg,1.0
cl6oq3bjn008gao551ciogvom_6_SWIR_jpg.rf.5782f6fe9d8fa2321eec6bc3b478c7d1.jpg,1.0
cl6cryia000e8l455940ke3d8_1_TRUE_COLOR_jpg.rf.578b99c57164a283204316cac92f8622.jpg,1.0
cl6b6vvhu0087l4557uqog2by_4_FALSE_COLOR__URBAN_jpg.rf.5737f0db722cb4e6bafad73b4ed77d2e.jpg,1.0
cl6chpi4800ckl455epxjdzyy_4_FALSE_COLOR__URBAN_jpg.rf.577531030dcf9408bb08059dedf921f3.jpg,1.0
cl6chyqu800cyl455f9k363zl_2_FALSE_COLOR_jpg.rf.577c3c135c221d14eb3c7cd4a7008ce8.jpg,1.0
cl6ctu9tf00ibl455cvffhm3v_4_FALSE_COLOR__URBAN_jpg.rf.5738983a7b084bbfd50556765d55b2ba.jpg,1.0
cl6b0h2rs000yl4550y7ccftv_1_TRUE_COLOR_jpg.rf.5794f64bac700f5d9b2ee75180d800ae.jpg,1.0
cl6ltn677002k8w558nwy0yql_4_FALSE_COLOR__URBAN_jpg.rf.578d8a12b11756fd9d323347daeee70b.jpg,1.0
cl6kgfdjy002nc4551yk01nj6_1_TRUE_COLOR_jpg.rf.578543534590f7d8494d151412386fa4.jpg,1.0
cl6cgbyeo00aql455eui3fiu4_2_FALSE_COLOR_jpg.rf.5794f0c2351344f7ff34adb311bf5fe5.jpg,1.0
cl6od380k001aao552ioagps5_2_FALSE_COLOR_jpg.rf.57abb06d70f479938f0c0a321cf733a6.jpg,1.0
cl6b6672j006al45550ixdqdo_1_TRUE_COLOR_jpg.rf.579ce148066ec03df907237f91b9f648.jpg,1.0
cl6kfrfmx001hc455cbojhgeb_4_FALSE_COLOR__URBAN_jpg.rf.578e43e39235a77dcac6a8c69fb96496.jpg,1.0
cl6odwc2l002hao558cha7kit_2_FALSE_COLOR_jpg.rf.57a8c6fe418775525cf39dfcfbb07ecc.jpg,1.0
cl6e1nvfl001egk556fa6giz7_2_FALSE_COLOR_jpg.rf.57c021a78ba475b24ecf60572e6f1cbd.jpg,1.0
cl6ltphn6002o8w55a78j55fa_6_SWIR_jpg.rf.57e3d59bf4cb802bf871e9094e7f3967.jpg,1.0
cl6e0heuk000xgk558bub1o2s_4_FALSE_COLOR__URBAN_jpg.rf.57cc97ca09b9164734510cfdf07e8e84.jpg,1.0
cl6orndip009oao55fid2ccb1_6_SWIR_jpg.rf.57ac29580798f51c88923426cbeb0ec5.jpg,1.0
cl6ok9inm005sao55c3o80dfl_4_FALSE_COLOR__URBAN_jpg.rf.57d66a201524da20eced84f4a94dd337.jpg,1.0
cl6crwhp200e4l455f6nf73c3_6_SWIR_jpg.rf.57d264ab6c8d9774d83882d52631274b.jpg,1.0
cl6oixxvs003yao555nvw8ao1_2_FALSE_COLOR_jpg.rf.58064f114e89736f6ae9fa2e7027a501.jpg,1.0
cl6b6zaju008ll455bbu9506q_2_FALSE_COLOR_jpg.rf.58113b8673448e9ad5de884f8d0fa84b.jpg,1.0
cl6b68oyb006jl4557yvt2wuy_2_FALSE_COLOR_jpg.rf.57e10b33b351ae1b6ce231973021911a.jpg,1.0
cl6dyvvvc000lhg5533xc480w_4_FALSE_COLOR__URBAN_jpg.rf.57d1883942d721817c6267dafe5b009c.jpg,1.0
cl6e1gy620018gk55gvmqas56_6_SWIR_jpg.rf.57ae6cb258192a75f905212d1b654a90.jpg,1.0
cl6cstiuc00g8l4559dvy72jo_4_FALSE_COLOR__URBAN_jpg.rf.5804c8fbde6332cdc570adf8cb3155ed.jpg,1.0
cl6od2k870017ao556wo27foz_1_TRUE_COLOR_jpg.rf.57e261fdc94c0beb1390df072e1b954b.jpg,1.0
cl6b5k38g003zl455bgtd1317_4_FALSE_COLOR__URBAN_jpg.rf.57ff25a6fe97666b971d2230b07b7ba6.jpg,1.0
cl6ou3smf00a2ao5558m96qu2_4_FALSE_COLOR__URBAN_jpg.rf.582819a13fce8df8fad35fbf9ba22796.jpg,1.0
cl6chnfxe00cgl455cg8v02rb_1_TRUE_COLOR_jpg.rf.5803971203ef0ade6821748945d1a764.jpg,1.0
cl6lt50lf00278w555isdaowx_2_FALSE_COLOR_jpg.rf.57de7644be5888d0dcf7366c44bb2be9.jpg,1.0
cl6m1ho5c00418w55hopz9miu_2_FALSE_COLOR_jpg.rf.581ec35d9ecd8737686ffa408001b87c.jpg,1.0
cl6oe1f0u002sao550ab86ndb_6_SWIR_jpg.rf.58215a8cbb09cf3550715343a6295ad1.jpg,1.0
cl6opr2a8007pao556ffeh9fl_4_FALSE_COLOR__URBAN_jpg.rf.583e8629f00fd4d2d0f743a5ad09ee2a.jpg,1.0
cl6e3bkid003jgk5568qqgh5c_2_FALSE_COLOR_jpg.rf.57bb52d6454edfd4285f7aff9626f38b.jpg,1.0
cl6b6iwdg007el455ep3ab8br_1_TRUE_COLOR_jpg.rf.584426ebe4599d5628c2fe74b03380a8.jpg,1.0
cl6kgmrej002zc455a27d973q_1_TRUE_COLOR_jpg.rf.584bc8cffd4b023409fdb014a89ee3ff.jpg,1.0
cl6m0w1nh002z8w558do5f7ar_2_FALSE_COLOR_jpg.rf.584925a65706c36039010e47b129d2b1.jpg,1.0
cl6opzsq7008aao556djk9g0u_2_FALSE_COLOR_jpg.rf.58608ace6d394bb95652c416ad3b6f7a.jpg,1.0
cl6b5wdp7005el4552c4jdn7k_4_FALSE_COLOR__URBAN_jpg.rf.585433c62dacb02c532b0b582e5b3732.jpg,1.0
cl6b6bm71006vl455b6dmf9vp_2_FALSE_COLOR_jpg.rf.58871bc3bf2d79c0513196e249174b9c.jpg,0.0
cl6opjoc7007aao558i28fuxw_2_FALSE_COLOR_jpg.rf.57ec54e0cf953588b14f708ab52e1ff2.jpg,1.0
cl6kiw7u3000n8w555peaa411_6_SWIR_jpg.rf.58720e793446325f1cb856db21f86cb7.jpg,1.0
cl6ou90tv00acao559ijshkxd_4_FALSE_COLOR__URBAN_jpg.rf.589c6f128a5899dd5f1ebdbf3056cecc.jpg,1.0
cl6oprerh007qao550eopgo74_6_SWIR_jpg.rf.588f5d257a67edc87f3df98bff1380fe.jpg,1.0
cl6b0skkx001nl4557zd344qi_6_SWIR_jpg.rf.58aee3b6a8411fdff266c239790ef04a.jpg,1.0
cl6ch417300btl4554l143qop_6_SWIR_jpg.rf.589650ac577999c424c4093e2bef9098.jpg,1.0
cl6b5wjqa005fl4550muectqc_2_FALSE_COLOR_jpg.rf.589299fbd2ce89c37fd2cd45c8469e79.jpg,1.0
cl6ctje2500hsl4550fuvht4f_6_SWIR_jpg.rf.58b8cf6ff4f6441bed4d70b5254fb4f4.jpg,1.0
cl6b5f9f1003ml455abwkc72t_2_FALSE_COLOR_jpg.rf.58a729d5d875750ad046d979e0ab19eb.jpg,1.0
cl6b5osai004hl455cp1mh6ki_6_SWIR_jpg.rf.58d3cfed72c77a10b4bd8bb3640e7096.jpg,1.0
cl6b6iwdg007el455ep3ab8br_1_TRUE_COLOR_jpg.rf.5885c8f5e5907cfcced51320610a0be8.jpg,1.0
cl6op61od006kao558qpbabp6_1_TRUE_COLOR_jpg.rf.58c0c11fc3051a268e8857a77a20eb72.jpg,1.0
cl6cgghym00b1l455c02jbl7m_6_SWIR_jpg.rf.58b008004b2e19556b7fa35a352af0c9.jpg,1.0
cl6cgcj0400arl455ft6yh6hi_4_FALSE_COLOR__URBAN_jpg.rf.58903905cce6945b0bb600da9127f094.jpg,1.0
cl6b029x70000l4556t6r3w8m_1_TRUE_COLOR_jpg.rf.58ca891de6b88e0ac93359c470de2509.jpg,1.0
cl6ciijds00d7l455hntlhi6p_1_TRUE_COLOR_jpg.rf.58c97e8fb64cea3afe9e2949cb6f098d.jpg,1.0
cl6kiuz0a000l8w554itn2fmi_6_SWIR_jpg.rf.58bf22768810ab510208a43d0cfca494.jpg,1.0
cl6e0f0n9000tgk5558yt7tyl_2_FALSE_COLOR_jpg.rf.58d100cd2db6451e4023863acc9e43cd.jpg,1.0
cl6op6nll006lao553d190xdf_1_TRUE_COLOR_jpg.rf.58df6625417260e45bb7a9dfff4c7f4b.jpg,1.0
cl6dytpbv000jhg5517e1d6xy_1_TRUE_COLOR_jpg.rf.58ba2f23c5f8abfe850c9f831ba6e152.jpg,1.0
cl6kghsrn002tc4551wu83z4e_4_FALSE_COLOR__URBAN_jpg.rf.58e2b2aa63fdfb2aebf3c57b28276f07.jpg,1.0
cl6oj3e9z0049ao5543571do7_1_TRUE_COLOR_jpg.rf.58e17cf244b5c4af01e172ca6267bb47.jpg,1.0
cl6cs0euj00egl455918xdqll_2_FALSE_COLOR_jpg.rf.58cf1c3b32d18cd2734d9ad7007e37cd.jpg,1.0
cl6e2grat0022gk55hpoig5ln_6_SWIR_jpg.rf.591403552df335ced30120b9062fcf3c.jpg,1.0
cl6kf110z0004c455dymnacxa_4_FALSE_COLOR__URBAN_jpg.rf.58d5697d3c4fed9b6994bab9a14be0ec.jpg,1.0
cl6kgidey002uc455a3qe2ark_4_FALSE_COLOR__URBAN_jpg.rf.58e61da68a37f4792fc48f12b52c71a2.jpg,1.0
cl6kfx47x001tc45578ts0yz6_4_FALSE_COLOR__URBAN_jpg.rf.594b1901a73f76ee2192d9bc95cf7eb8.jpg,1.0
cl6odm3oj0023ao55641s046f_1_TRUE_COLOR_jpg.rf.5935acc8a01899ed5fcec61ca03d3ab5.jpg,1.0
cl6kf2tq50009c455e31x91xi_6_SWIR_jpg.rf.591abbe55aa3bf865b6155fdfd4f1084.jpg,1.0
cl6b73sp2008zl455br8lh6zt_1_TRUE_COLOR_jpg.rf.594945287f30b5f588e4e4d03100e88c.jpg,1.0
cl6oihv2n0034ao55fdp36vw4_1_TRUE_COLOR_jpg.rf.5939fbe341b4fcf8b5780cb7f954081f.jpg,1.0
cl6b7as54009yl455ag52hzr2_6_SWIR_jpg.rf.5949365a1527e88c97b1bc993a2be68c.jpg,1.0
cl6b03yzy0005l455dq6x4eyc_1_TRUE_COLOR_jpg.rf.5960261c7b608dbaad60d106e86ec775.jpg,1.0
cl6ch1am000bsl455a0381kr1_4_FALSE_COLOR__URBAN_jpg.rf.596f3faf7a5267ba855a20ad5988757e.jpg,1.0
cl6opzi7x0089ao55gsrh89x9_6_SWIR_jpg.rf.5971162d490a30c4a95d4a938541904b.jpg,1.0
cl6m1c3ae003j8w553eyv5bne_1_TRUE_COLOR_jpg.rf.5981f2293f67a946fad718f5056874bc.jpg,1.0
cl6cs3y0l00etl4550acr1ii1_6_SWIR_jpg.rf.592380a6a2e16c264a8ef2fd99cb48c2.jpg,1.0
cl6oj4idn004cao558e80ezcu_6_SWIR_jpg.rf.595186203ada8d0a0d973d83989fe257.jpg,1.0
cl6chfm2800c4l455ensx26aq_6_SWIR_jpg.rf.59b57363694bd11d1981eb73809baa93.jpg,1.0
cl6kf8i8i000pc455cr9ueit3_1_TRUE_COLOR_jpg.rf.5985bb756f683c7c512b2ecbc252f0bf.jpg,1.0
cl6b6asfb006tl455gupd0x8i_1_TRUE_COLOR_jpg.rf.5978708d24fe4586b036a9f0fd04f876.jpg,1.0
cl6e2iu9v0027gk55e8cfax9f_1_TRUE_COLOR_jpg.rf.59948e5a677ee60ef0fd6032f24c9eb2.jpg,1.0
cl6kjke1w001p8w5502tgdjwv_4_FALSE_COLOR__URBAN_jpg.rf.59792fa533c5704d0fafc2d79f1ef484.jpg,1.0
cl6e3d4oq003ngk55d297d2jb_1_TRUE_COLOR_jpg.rf.5985d19e0bfc2237a3148113cdf185f3.jpg,1.0
cl6csjvur00fjl455ati39b6k_4_FALSE_COLOR__URBAN_jpg.rf.599b549f3ec3214ddd3892130df55fba.jpg,1.0
cl6e30lnj002ugk558z8yabbd_1_TRUE_COLOR_jpg.rf.590ff56626eab4ca1e41470a9b263dc0.jpg,1.0
cl6cs7eox00f1l455595w1d49_6_SWIR_jpg.rf.59b89ddbac8573646b0e2d194ae0e2e0.jpg,1.0
cl6ok0jxn005hao55hyz7967m_1_TRUE_COLOR_jpg.rf.5975d15f75ec0849302d7370af7b330f.jpg,1.0
cl6oqnqlp0094ao552kce2cqa_2_FALSE_COLOR_jpg.rf.59b93508756bcd900aa52ef30fe0c2b5.jpg,1.0
cl6kg4a1m0024c455eiyw4fqk_1_TRUE_COLOR_jpg.rf.59b90e9b44fe730ef9a7fb47f5391264.jpg,0.0
cl6b6bzma006xl4550xca1cbf_6_SWIR_jpg.rf.599a89ea66d66144cb74b721eceb987d.jpg,0.0
cl6b6yfhr008il4555h86hokv_1_TRUE_COLOR_jpg.rf.59bf470846f4788bfd2d79ec6dc9be15.jpg,1.0
cl6kig3wf00098w556e894kgn_1_TRUE_COLOR_jpg.rf.59cb9fd587ca73b4fc7a38db49b2c939.jpg,1.0
cl6dyvvvc000lhg5533xc480w_6_SWIR_jpg.rf.5a0090d8558d28dbd15c33d8a313ec03.jpg,1.0
cl6csoq0b00fvl4552zeyhiff_6_SWIR_jpg.rf.5a1f5c37dccc75f8e408910f7a153e0b.jpg,1.0
cl6kfmic20013c455dd9jcpm4_2_FALSE_COLOR_jpg.rf.5a34f48c6f5fc3f914b924fab348c658.jpg,1.0
cl6op61od006kao558qpbabp6_4_FALSE_COLOR__URBAN_jpg.rf.59cb48d3a184ed3dd0a11f279f394b42.jpg,1.0
cl6b6wzwc008al455bssbcrir_4_FALSE_COLOR__URBAN_jpg.rf.59f984070ab457c698155e06eca56b0b.jpg,1.0
cl6cs3rd100esl455en8mcp5g_1_TRUE_COLOR_jpg.rf.5a26956390cf9929ff0bff1391f48203.jpg,1.0
cl6od6dj2001eao55dxd749up_1_TRUE_COLOR_jpg.rf.5a5594db270f7a3d2610b7a303626d31.jpg,1.0
cl6e2kygp002egk55asrs2brz_4_FALSE_COLOR__URBAN_jpg.rf.5a5e1964e0cc5cf114d6371bd2be4fbb.jpg,1.0
cl6ltt1jq002t8w55dvaoeetg_2_FALSE_COLOR_jpg.rf.5a3d47b07ebafec9596f1ddba7047b1d.jpg,1.0
cl6kjhhl5001h8w55fo1v1vqs_4_FALSE_COLOR__URBAN_jpg.rf.5a8083af3172d70bb3387abe1cbeb239.jpg,1.0
cl6ki3fbe00018w55146m86ja_2_FALSE_COLOR_jpg.rf.5a74642fde1165a2873dff3abfb2dc1f.jpg,1.0
cl6b09m65000kl455dbrteofg_1_TRUE_COLOR_jpg.rf.5a37d5cc21ddf27a5dea16f71fdf8307.jpg,1.0
cl6oim1lr003cao555vs11jcz_4_FALSE_COLOR__URBAN_jpg.rf.5a4966a172561d2dbabd0ebe5c2252b7.jpg,1.0
cl6csqi8m00fzl455hbvqhcm2_4_FALSE_COLOR__URBAN_jpg.rf.59d8e131a17fc61944c954c1b9447349.jpg,1.0
cl6op0vfi006cao553gmp6trs_2_FALSE_COLOR_jpg.rf.59d1db59679dbb1cbd91989b16d000bd.jpg,1.0
cl6kgaw2p002bc455hair6q7o_2_FALSE_COLOR_jpg.rf.5a811b38d55a7356ef79aeef4c141115.jpg,1.0
cl6kjgg8s001f8w55gpld4jfw_2_FALSE_COLOR_jpg.rf.59cc499aefafeb6088d0642a7fa6f928.jpg,1.0
cl6ojycgj005bao557mc6afad_1_TRUE_COLOR_jpg.rf.5a2d41eb6e9f945eb32b6865b11c53d2.jpg,1.0
cl6kjle3b001q8w55cr3p1f1z_6_SWIR_jpg.rf.5a056ae0e12f1b8fc8ef0c99dcd2be59.jpg,1.0
cl6m0whp000308w555xk5cwij_2_FALSE_COLOR_jpg.rf.5a57d3893301d853361a2da9370cec91.jpg,1.0
cl6e2n2tv002hgk553va60g50_2_FALSE_COLOR_jpg.rf.5a812e13e207dae6e2f5d0c9a8472c30.jpg,1.0
cl6kgp3b80033c455hm58af2a_1_TRUE_COLOR_jpg.rf.5a94d0348b83533c8d347ac771944127.jpg,1.0
cl6dyr3jo000fhg5528wadb19_2_FALSE_COLOR_jpg.rf.5aa48056585961feece93e6ae05392ca.jpg,1.0
cl6odfk31001qao557bfi78e5_2_FALSE_COLOR_jpg.rf.5a7cf760e22f37202adc1361ba5429d4.jpg,1.0
cl6b6jisx007gl455f80x2o01_1_TRUE_COLOR_jpg.rf.5a9efd8d0d1957fec656eafe97b1c693.jpg,1.0
cl6odvzby002gao5534yy1blj_1_TRUE_COLOR_jpg.rf.5a9d1223c9f9861f6d04a706c25a89a2.jpg,1.0
cl6cpjjol00dsl45581fhfrm9_6_SWIR_jpg.rf.5ab93d04ca02087017e041db411163e1.jpg,1.0
cl6cswt5400gdl4554rn2gjz9_6_SWIR_jpg.rf.5aac8f4482a27d1696c0b9385028ad0b.jpg,1.0
cl6b64hpf0066l4555lt3czhh_4_FALSE_COLOR__URBAN_jpg.rf.5a2545783dd73663ff5c419d96c3cbe9.jpg,1.0
cl6kfrfmx001hc455cbojhgeb_6_SWIR_jpg.rf.5aca1da11e5e92a65f3119ff95bac87f.jpg,1.0
cl6e09hxf000hgk559x18fvg8_2_FALSE_COLOR_jpg.rf.5ab0bd8fe6ace9e642d5baff1ae085dc.jpg,1.0
cl6e07sbz000dgk556f1cemmc_6_SWIR_jpg.rf.5ab0eb597ff7f9122f9d543c366a49ac.jpg,1.0
cl6kf9nvv000tc455gs7pbv7h_1_TRUE_COLOR_jpg.rf.5acc3f77fb0b7dea5eeeb1711efd4659.jpg,1.0
cl6e2cbgk001tgk5560zhhqm7_4_FALSE_COLOR__URBAN_jpg.rf.5a5aa4c665318e405703c16f363e3dcb.jpg,1.0
cl6oinllz003eao55d1t6fnma_2_FALSE_COLOR_jpg.rf.5add7f49e43e4a771eac178496ade5ae.jpg,1.0
cl6lt2g2y00228w55cf1a1yxr_1_TRUE_COLOR_jpg.rf.5b37a520d8af07120d693e45ddab8a66.jpg,1.0
cl6oukdcw00avao555gp1h971_6_SWIR_jpg.rf.5b0a6ce2ec6a96d52044364267bfcbde.jpg,1.0
cl6kgbl9x002dc4559jl8blf8_4_FALSE_COLOR__URBAN_jpg.rf.5b3530bc1a0a955647bdbf57fd16c63b.jpg,1.0
cl6b7hk7q00adl4550rwe3x4h_6_SWIR_jpg.rf.5ae493d167090099f5f6d73fa42832c4.jpg,1.0
cl6ctnko800i1l4557pimhby6_1_TRUE_COLOR_jpg.rf.5b154258e0a2bf29033045640a7ff7aa.jpg,1.0
cl6chxs9s00cwl455abx51f8x_4_FALSE_COLOR__URBAN_jpg.rf.5b26a6f5b896d4d84db4ad6b1487524b.jpg,1.0
cl6ltn677002k8w558nwy0yql_1_TRUE_COLOR_jpg.rf.5b01a34fea61fb632dcabaaac8df661a.jpg,1.0
cl6m1j54d00438w55fkud4oug_4_FALSE_COLOR__URBAN_jpg.rf.5b2ed5c006a079207b11a8ad6b0d6ce3.jpg,1.0
cl6b5z6d1005ol45596rf4y2m_2_FALSE_COLOR_jpg.rf.5b066a0d8947b98ae0631521b97bb2ad.jpg,1.0
cl6opqgtf007nao55d5fr4p16_2_FALSE_COLOR_jpg.rf.5b0a4087a2cafe8ec582bfde1b68489c.jpg,1.0
cl6b6h5fo007bl455669md4vp_1_TRUE_COLOR_jpg.rf.5b13db68055565971922c6010197f7fb.jpg,1.0
cl6cs3y0l00etl4550acr1ii1_2_FALSE_COLOR_jpg.rf.5ae2a17a186944c04a9749c57c7de72d.jpg,1.0
cl6cglp1000b9l4555bzvbgqj_6_SWIR_jpg.rf.5b21c117bed63932c9804e680e87f501.jpg,1.0
cl6e1qges001kgk555z158f33_6_SWIR_jpg.rf.5b1280cc8aecae0039899bd813393784.jpg,1.0
cl6oprerh007qao550eopgo74_1_TRUE_COLOR_jpg.rf.5b4bd1ad485398bf0ed00e03272391da.jpg,1.0
cl6ojza0i005fao55fqra7v4b_1_TRUE_COLOR_jpg.rf.5b5892bb1ba1ba0774926d091131287d.jpg,1.0
cl6b5w0pv005dl455ej5m1iej_4_FALSE_COLOR__URBAN_jpg.rf.5afc571156bac4080af6a759ba31cf90.jpg,1.0
cl6dyf3ua0005hg555lbzak23_2_FALSE_COLOR_jpg.rf.5b3963184dbca5cb1250986a5349427b.jpg,1.0
cl6ctb1m400hdl4551wz24flk_1_TRUE_COLOR_jpg.rf.5b5a106402cfe8daef74da569d5470ec.jpg,1.0
cl6odk9yf001wao558oys61c5_6_SWIR_jpg.rf.5b5640474637ce164a6dfb7b55dc2362.jpg,1.0
cl6orp9en009sao55f6gaa7jv_6_SWIR_jpg.rf.5b6d05f294406611a631f338f402de86.jpg,1.0
cl6dzjmr4000qhg55bnr2akq0_2_FALSE_COLOR_jpg.rf.5b6f1fbb8cd31af54c262308d56f22e9.jpg,1.0
cl6chu8h100cnl4552hz21fjt_6_SWIR_jpg.rf.5b83a893545ebc60ff1afd4b1ecced1b.jpg,1.0
cl6chmuyr00cfl455hd0u03x9_1_TRUE_COLOR_jpg.rf.5b5aa8789a59a72108d883bf65f8d882.jpg,1.0
cl6chwo0b00ctl4552uy69sgu_2_FALSE_COLOR_jpg.rf.5b7a19986541d41da4125b6fb805d3ab.jpg,1.0
cl6ou6sxn00a6ao555hql3vsm_1_TRUE_COLOR_jpg.rf.5b8e2d9b70194db1dde18ddf792a1261.jpg,1.0
cl6kgfqaa002oc455gxuy2vys_6_SWIR_jpg.rf.5af7c6f1f456be2d01dce8eacd10ff09.jpg,1.0
cl6op61od006kao558qpbabp6_6_SWIR_jpg.rf.5baff9d0097f1435c3f75e59d7551d04.jpg,1.0
cl6b04dof0006l455d30k5py4_1_TRUE_COLOR_jpg.rf.5bcadf66fd94d29b68d93de5794d52bb.jpg,1.0
cl6b5rb8x004rl455g3sp3iqz_2_FALSE_COLOR_jpg.rf.5bb50fce5c0f6d2e0386de8ecc2bf7bc.jpg,1.0
cl6b534co0028l4557bpr4k5i_2_FALSE_COLOR_jpg.rf.5bdf68dcc398fb488b2517934cfe9343.jpg,1.0
cl6crz0fp00eal455fpwx4d95_2_FALSE_COLOR_jpg.rf.5bece4df5492e066abb97f74c99ab67a.jpg,1.0
cl6oj8w06004hao558ky44xei_2_FALSE_COLOR_jpg.rf.5bbdf8eeac06c6811d90e1d7842936ed.jpg,1.0
cl6b6uyec0084l4556i8cd4f4_2_FALSE_COLOR_jpg.rf.5b96d32b7ee60f6582a41185e2679919.jpg,1.0
cl6odge0x001sao551k414izu_2_FALSE_COLOR_jpg.rf.5bb05a6c8d5a42586b87a20907c091f7.jpg,1.0
cl6od2qvz0018ao55hk1af8ha_2_FALSE_COLOR_jpg.rf.5bc9e60aea36d96c3fdf00bb51f36423.jpg,1.0
cl6ocun81000iao55010uhpce_6_SWIR_jpg.rf.5c010b481c205025285c60d8d3f013fd.jpg,1.0
cl6ct8vzr00h4l455e4w420qh_4_FALSE_COLOR__URBAN_jpg.rf.5c1f1b6042710c61889c45051e4f9bce.jpg,1.0
cl6b7118q008ol4551ye8g44d_4_FALSE_COLOR__URBAN_jpg.rf.5bc73a4e5c62d8fb40993101dacacb78.jpg,1.0
cl6b592jd002tl4553ego08to_6_SWIR_jpg.rf.5c27761af0f76c40143d3f7549c1b2eb.jpg,1.0
cl6ciijds00d7l455hntlhi6p_4_FALSE_COLOR__URBAN_jpg.rf.5c04c5352828362db4036e34eee5cbca.jpg,1.0
cl6ocx87y000nao554f3ig67h_1_TRUE_COLOR_jpg.rf.5c31beac4125957279d4043e5b7e75a9.jpg,1.0
cl6m1ejbw003s8w556ie04d5b_4_FALSE_COLOR__URBAN_jpg.rf.5bdaf54649a3594c99a0847bcf317f0f.jpg,1.0
cl6b58mbx002sl4550bzf0gow_2_FALSE_COLOR_jpg.rf.5bf86ee9228139fb61ff3463640f9eb6.jpg,1.0
cl6kinecw000e8w551c8r9tyn_4_FALSE_COLOR__URBAN_jpg.rf.5c1efeaffa2f62365c48838d2d526ac1.jpg,1.0
cl6odlurj0022ao555x9o9cng_1_TRUE_COLOR_jpg.rf.5c35f3f2147fdad486ca1f31da6dd778.jpg,1.0
cl6kj65c0000t8w55cowe4x30_1_TRUE_COLOR_jpg.rf.5c6014d60afb64cad738837c93243d49.jpg,1.0
cl6kj65c0000t8w55cowe4x30_4_FALSE_COLOR__URBAN_jpg.rf.5c4140f99db165b2ac5d2898710ce2f6.jpg,1.0
cl6ou72e300a7ao55ham55bxa_1_TRUE_COLOR_jpg.rf.5c593692944ffea9253dac65886e9e9b.jpg,1.0
cl6kgfqaa002oc455gxuy2vys_6_SWIR_jpg.rf.5c5dd323ec18f2cedd84fc96d8a1db60.jpg,1.0
cl6cs860i00f4l455hkyq2bed_4_FALSE_COLOR__URBAN_jpg.rf.5c716f35287fbc9ecfc58eabbf38c8cb.jpg,1.0
cl6oqq4r40096ao557h69gx2o_2_FALSE_COLOR_jpg.rf.5c74b94b71106f1e76ea9dddf5937cb1.jpg,1.0
cl6m0whp000308w555xk5cwij_1_TRUE_COLOR_jpg.rf.5c777da33a957156409b158e98295819.jpg,1.0
cl6ct2hu900grl455hdde142n_2_FALSE_COLOR_jpg.rf.5c7178f85720187a00c4005539e41137.jpg,1.0
cl6keyw310001c4551ugx15q5_4_FALSE_COLOR__URBAN_jpg.rf.5c96ad15621bbe2b4f8c71d67d937d5c.jpg,1.0
cl6ojcant004qao555opq5lio_4_FALSE_COLOR__URBAN_jpg.rf.5ca54fd082d6f9efdc41ae66c4b04e71.jpg,1.0
cl6b5pr1b004kl455bt93cfs2_6_SWIR_jpg.rf.5cd120a00b857f37fdf910eeec654558.jpg,1.0
cl6csqi8m00fzl455hbvqhcm2_1_TRUE_COLOR_jpg.rf.5ce4b159b69d7c6d4aa14cc15393bba0.jpg,1.0
cl6ormrr6009nao55a7r8cs06_2_FALSE_COLOR_jpg.rf.5cacd7e39bdba4b860bb46a1a15badc1.jpg,1.0
cl6cgtahv00bkl455hcmk9cn1_1_TRUE_COLOR_jpg.rf.5cc6c7a7f1a0f9f8b7518e6536641fb6.jpg,1.0
cl6oikmzw003aao558ooh48tf_6_SWIR_jpg.rf.5c7d1bd850eff6cf79d59e129c9c6525.jpg,1.0
cl6cgbyeo00aql455eui3fiu4_4_FALSE_COLOR__URBAN_jpg.rf.5cbce8aae27f02f8be93248eaf87d513.jpg,1.0
cl6dy9kzz0002hg55bc0s18ph_1_TRUE_COLOR_jpg.rf.5c79e3a93659898d7986365a930f18b3.jpg,1.0
cl6odge0x001sao551k414izu_1_TRUE_COLOR_jpg.rf.5cac8849f8aa4084ef6887d96bdfad89.jpg,1.0
cl6csn2vw00fsl455h2a79t61_1_TRUE_COLOR_jpg.rf.5cf48a4eb02b3ecdf5e1774b1d7a5dc0.jpg,1.0
cl6csygqn00gil4554ynr4r8a_4_FALSE_COLOR__URBAN_jpg.rf.5d03163d6485577a46ece9a6b8376b2b.jpg,1.0
cl6b5j7l8003yl455e8lo7mre_1_TRUE_COLOR_jpg.rf.5cf3a08184a2c7b4f34de6385fa7f669.jpg,1.0
cl6b70r7i008nl455av4ufqdo_1_TRUE_COLOR_jpg.rf.5d16902959020f89d74a5d35a4b82376.jpg,1.0
cl6chkc4400cal4551mau76ln_4_FALSE_COLOR__URBAN_jpg.rf.5d28aec093afe398b74b4b072990530f.jpg,1.0
cl6ctu9tf00ibl455cvffhm3v_2_FALSE_COLOR_jpg.rf.5d0aa98e60b481d1affb8698b700c00d.jpg,1.0
cl6kj91fl00138w55et6m1crf_2_FALSE_COLOR_jpg.rf.5d227dc7d21b51c90862b87511c9472d.jpg,1.0
cl6cgh0lk00b3l455a01o4mrg_2_FALSE_COLOR_jpg.rf.5d3074322493b4ccea38d5290ec75f14.jpg,1.0
cl6b5tf5i0052l4552vkucy9o_6_SWIR_jpg.rf.5d06e4f9dd3eab847f6c0d4a8ea93797.jpg,1.0
cl6kjm7cv001r8w55czzsenxh_6_SWIR_jpg.rf.5d32e416371c47804099d7897c7a2c99.jpg,1.0
cl6b5h8hs003sl4559hmj1w9m_1_TRUE_COLOR_jpg.rf.5d11ec11343371175c476131591c7877.jpg,1.0
cl6kfu7bi001oc455dxld1p8i_4_FALSE_COLOR__URBAN_jpg.rf.5cf4503ce04b63f336507f9b29102faa.jpg,1.0
cl6e2m95l002ggk55a3eefylp_4_FALSE_COLOR__URBAN_jpg.rf.5cb87337f58280e22315dcafb29aeeb2.jpg,1.0
cl6azt6cd0002go55f0qt1otm_6_SWIR_jpg.rf.5ca3fb48b94aa10ac9a47cdbb3d0ada7.jpg,1.0
cl6odk9yf001wao558oys61c5_6_SWIR_jpg.rf.5d510ac964b8d09ca0c49cdcab544939.jpg,1.0
cl6chiqvr00c6l455cbe1ekdo_1_TRUE_COLOR_jpg.rf.5d1cfc24b21ebefc24ed8b3719e02d86.jpg,1.0
cl6b6172m005wl45594a27gqy_6_SWIR_jpg.rf.5d285c92c0b0b69214646f4ecf0dbd1f.jpg,1.0
cl6b67dvg006dl455cgxl9kq8_6_SWIR_jpg.rf.5d4fd12401358fa627f2a59dd8858236.jpg,1.0
cl6kf91bs000rc45516bd66a9_2_FALSE_COLOR_jpg.rf.5d39f75d2b8e7a89d67896d11f811152.jpg,1.0
cl6ctobno00i3l4554o13a57u_2_FALSE_COLOR_jpg.rf.5d55ec5e466155e6edea2cefd5b32062.jpg,1.0
cl6cg8f7k00ail455g5xjf4zo_1_TRUE_COLOR_jpg.rf.5d79a3b8c26db813a20d5637fee9d0a1.jpg,1.0
cl6ocn0yw0001ao55850zb04a_4_FALSE_COLOR__URBAN_jpg.rf.5d4e7dc0915800854c7b59f2f2ab1b9c.jpg,1.0
cl6ctbgwv00hel455fxql5pdm_2_FALSE_COLOR_jpg.rf.5d4a4bf5b5eca3864c908e5212686ef4.jpg,1.0
cl6b6i65c007cl4550t4i61rw_1_TRUE_COLOR_jpg.rf.5d7832ec2678d5b0736a7376a07c6795.jpg,1.0
cl6b76ag6009cl45593ffhdar_1_TRUE_COLOR_jpg.rf.5d46e9f9894068936bbe9e2099937d3a.jpg,1.0
cl6m162oq00388w554vzpgu70_6_SWIR_jpg.rf.5d8064d787e906270aa43c965a9b57c5.jpg,1.0
cl6orjfih009hao556av1hf6s_1_TRUE_COLOR_jpg.rf.5d7e0717eb58ff7446b1c597ca753075.jpg,1.0
cl6b5qnq6004nl455160o65u9_4_FALSE_COLOR__URBAN_jpg.rf.5d62c5310aa9f24a8d15b206b2acea3f.jpg,1.0
cl6e0l3x90015gk55eki43b8w_2_FALSE_COLOR_jpg.rf.5d876430b9e030ed1f8f053ac9e49e45.jpg,1.0
cl6oda2ew001lao557dap53ni_6_SWIR_jpg.rf.5d609ba3707b75893a88f7549fdffaba.jpg,1.0
cl6b6p96a007ql455cvrh6peg_2_FALSE_COLOR_jpg.rf.5d7b17a79758059495ff884a5477581e.jpg,1.0
cl6e36kv1003fgk55gnb9050o_2_FALSE_COLOR_jpg.rf.5d8b14974f2f6079c232f08f9c2cd59b.jpg,1.0
cl6od2qvz0018ao55hk1af8ha_6_SWIR_jpg.rf.5db351799fa739ab8a3d3efe911a129b.jpg,1.0
cl6ltn677002k8w558nwy0yql_1_TRUE_COLOR_jpg.rf.5d8c583391d5f8d629f35151a26be09f.jpg,1.0
cl6b05tqy000al4556arxfkpx_6_SWIR_jpg.rf.5dbc361115cbe2ea8b07d6d378be8fd0.jpg,1.0
cl6e2g24k0020gk55d7nlgq0h_2_FALSE_COLOR_jpg.rf.5d7c2bc1a0fea2e3d85f0f6c24383159.jpg,1.0
cl6b762z9009al4555tw4br78_4_FALSE_COLOR__URBAN_jpg.rf.5db6321b48b752fe2416975c23d779c8.jpg,1.0
cl6b6057d005ul4555s1o9t3q_2_FALSE_COLOR_jpg.rf.5da31a791d49c92fe7a953759889b6ae.jpg,1.0
cl6cgcj0400arl455ft6yh6hi_4_FALSE_COLOR__URBAN_jpg.rf.5dd5a3ebe1d92471b64bdddf6fb8894d.jpg,1.0
cl6b5uskz0058l455gbd534lm_6_SWIR_jpg.rf.5da47dd11275fcfaa03e0df663ed2424.jpg,1.0
cl6b67dvg006dl455cgxl9kq8_1_TRUE_COLOR_jpg.rf.5dd0e38da5de3d5ec2f1d7d150a083ed.jpg,1.0
cl6cgns8a00bel4558yfqfdjw_2_FALSE_COLOR_jpg.rf.5de9ae7f1359061c3a31a5bec90c9480.jpg,1.0
cl6b5rb8x004rl455g3sp3iqz_4_FALSE_COLOR__URBAN_jpg.rf.5dec1a8658f7bcb6683815e826611f77.jpg,1.0
cl6b6y193008fl455chyoaarb_1_TRUE_COLOR_jpg.rf.5de232ebcc7f106a231d98532ab3c803.jpg,1.0
cl6b5itb2003wl455c6390bed_1_TRUE_COLOR_jpg.rf.5dbdc0723eab60b82f30cb0533186ce7.jpg,1.0
cl6e06umy000bgk55gkbw1ajq_4_FALSE_COLOR__URBAN_jpg.rf.5dd75e80880e15fc7599ff7cb0b4971e.jpg,1.0
cl6odx8ff002jao5531b01e4o_4_FALSE_COLOR__URBAN_jpg.rf.5d92ff14693fec20dfa7b457129b073a.jpg,1.0
cl6e3ieqj0044gk55azpfcs6x_6_SWIR_jpg.rf.5ddb9bb928710b81a72cccbf9f21ded3.jpg,1.0
cl6kgew7t002mc455cugt2w2w_4_FALSE_COLOR__URBAN_jpg.rf.5df072a1fda63336e4f81af846692c44.jpg,0.0
cl6od5fxe001dao55dwsx001s_4_FALSE_COLOR__URBAN_jpg.rf.5dd3b889ff779993f323db190d87d6b5.jpg,1.0
cl6b592jd002tl4553ego08to_1_TRUE_COLOR_jpg.rf.5dfcf8b9d145efd43063877f727d3c9a.jpg,1.0
cl6kjjetw001m8w557l9r668h_6_SWIR_jpg.rf.5e044c180608537572bd8a623b26d35b.jpg,1.0
cl6b508o5001zl455ccee4frg_2_FALSE_COLOR_jpg.rf.5e07c0bfbabccffc5039b8c5bf3d58e4.jpg,1.0
cl6kj7x8x000z8w550u2icc2v_2_FALSE_COLOR_jpg.rf.5e25d6d053beffa62650af2d3b03a1cc.jpg,1.0
cl6oieqtk002xao5545u415h6_2_FALSE_COLOR_jpg.rf.5e35a3a75fb2755a81a89d21793d5415.jpg,1.0
cl6b5phba004il45531lb6655_1_TRUE_COLOR_jpg.rf.5e2e331f3aaf7a69c046d08ab2232e14.jpg,1.0
cl6e2jm3i002agk55fcue8lsk_4_FALSE_COLOR__URBAN_jpg.rf.5e3b7cce82f30940b945e254b6b27167.jpg,1.0
cl6op8sl6006pao550i549q63_4_FALSE_COLOR__URBAN_jpg.rf.5e69db481cfb64ed47d8221ce214d05f.jpg,1.0
cl6op40ua006hao55h2vahefn_6_SWIR_jpg.rf.5e3a4ce67a2926aae7677d1972f9541a.jpg,1.0
cl6dydo100003hg55gkkv0c3a_1_TRUE_COLOR_jpg.rf.5e4544cb03cdeb97ca5d7d124fbb10ff.jpg,1.0
cl6e0dbw9000pgk55cv1sgp5x_6_SWIR_jpg.rf.5e5e7f7ad8d0b3367e5dca4a298a2a10.jpg,1.0
cl6odwc2l002hao558cha7kit_2_FALSE_COLOR_jpg.rf.5dfc303dd00ffec196137bfb5aaca25a.jpg,1.0
cl6chw5x300csl455fwv6g4li_6_SWIR_jpg.rf.5eb320900f6e51004a87051677ce9a12.jpg,1.0
cl6ctlg9300hwl4558d9t1n71_6_SWIR_jpg.rf.5e6c8f9670c0411e5a3c3188f9314404.jpg,1.0
cl6oj1gzx0046ao5546xf9oac_6_SWIR_jpg.rf.5e0224830731a305fc2a17664b81122d.jpg,1.0
cl6b5qnq6004nl455160o65u9_6_SWIR_jpg.rf.5e8775f8889ab517e61a004a81937e8f.jpg,1.0
cl6csdbcu00f9l455hnwh8a4z_6_SWIR_jpg.rf.5ea155ff69644ee3ca0b5970c05c5008.jpg,1.0
cl6oj7z2w004fao5547tp6hl2_1_TRUE_COLOR_jpg.rf.5e6063d780f0ac99684b63b1b51c4390.jpg,1.0
cl6e20f48001rgk5574xt82w3_1_TRUE_COLOR_jpg.rf.5ecb8ea406f151d5079de32f33b84c78.jpg,1.0
cl6b6op7a007ol455fvvv6g4a_2_FALSE_COLOR_jpg.rf.5ebec11c4fd8562754d16aee58499c5e.jpg,1.0
cl6kfq79x001cc455cjp917bl_4_FALSE_COLOR__URBAN_jpg.rf.5ed9ad8e9d7b5a97d3ef24336399e960.jpg,1.0
cl6e03vbi0004gk55g1k665dy_4_FALSE_COLOR__URBAN_jpg.rf.5e9c15cf2c437c7fcac3483b200bd7f2.jpg,1.0
cl6ojaxxv004mao552t7ah2ky_4_FALSE_COLOR__URBAN_jpg.rf.5ec6662781d61b7edad6ac32d25c40b0.jpg,1.0
cl6b6vihd0086l4553gmk0011_4_FALSE_COLOR__URBAN_jpg.rf.5eca20dc9ef2ac0eebd2e53f1e779afc.jpg,1.0
cl6od5fxe001dao55dwsx001s_2_FALSE_COLOR_jpg.rf.5ecc6cb9560746b5bd573ef48299e43b.jpg,1.0
cl6kii4xj000d8w55drgxdpae_4_FALSE_COLOR__URBAN_jpg.rf.5e922fc5814c2e267698cd2b261cf312.jpg,1.0
cl6e0k0280013gk550nd9grxm_1_TRUE_COLOR_jpg.rf.5ef3e832ec51753adf9747c13e3c2ef6.jpg,1.0
cl6okcs620060ao552j5fd463_4_FALSE_COLOR__URBAN_jpg.rf.5e7eaffdbf434c0001efc897e44ef541.jpg,1.0
cl6op4t8q006jao559muv9l5l_4_FALSE_COLOR__URBAN_jpg.rf.5eebd0b3b7f58d2ac273418743744c11.jpg,1.0
cl6kfu7bi001oc455dxld1p8i_4_FALSE_COLOR__URBAN_jpg.rf.5ef13c123a328902fcaaa308e5a38112.jpg,1.0
cl6opqgtf007nao55d5fr4p16_1_TRUE_COLOR_jpg.rf.5ecd9939db04a4b9219172a46de80935.jpg,1.0
cl6oisonk003qao55abjmbm9z_1_TRUE_COLOR_jpg.rf.5f170769fddf26bd5b807419c98fc6c1.jpg,1.0
cl6od1ecf0012ao5568tb86hu_2_FALSE_COLOR_jpg.rf.5ef920ce2cc7c97e89a5e899f821aec1.jpg,1.0
cl6csxetg00gfl455cfeqgtms_6_SWIR_jpg.rf.5f0e3e7c91a357556c9a680c6ead72ec.jpg,1.0
cl6cttw6o00ial4555urs554w_4_FALSE_COLOR__URBAN_jpg.rf.5ef4ddf6c7bcebf540b8992e5c990822.jpg,1.0
cl6orndip009oao55fid2ccb1_2_FALSE_COLOR_jpg.rf.5f32eb1b5b0a96acd2607be9a97e9b7f.jpg,1.0
cl6kgidey002uc455a3qe2ark_2_FALSE_COLOR_jpg.rf.5f091979304e7f45082544a9b5cf966a.jpg,1.0
cl6kjek5g001a8w5561zp7ddp_2_FALSE_COLOR_jpg.rf.5e8fbb0bb95e6f065e8010d2fe4cf3be.jpg,1.0
cl6b7hk7q00adl4550rwe3x4h_4_FALSE_COLOR__URBAN_jpg.rf.5f2c13406280a1dcacc7ea5866802050.jpg,1.0
cl6crwhp200e4l455f6nf73c3_6_SWIR_jpg.rf.5f48d1c22c6350d2adf1e76e30681fe6.jpg,1.0
cl6b60nkh005vl455dzr44i2o_2_FALSE_COLOR_jpg.rf.5f07cc9b3789e68389b602704ed1948a.jpg,1.0
cl6b6asfb006tl455gupd0x8i_6_SWIR_jpg.rf.5f56cf5aa8a162af9c2dac4814f7d3d6.jpg,1.0
cl6opeibd0071ao55f9t2g6nw_2_FALSE_COLOR_jpg.rf.5f3b2ab44c737ad6e0cf1ccce008bccf.jpg,1.0
cl6cstc5x00g7l455ec9d32eh_2_FALSE_COLOR_jpg.rf.5ef5a30817c4829ff593fb2c59560dcf.jpg,1.0
cl6ojsywi0052ao55d43z62q3_1_TRUE_COLOR_jpg.rf.5f8796bc42ac09c0b2aa504a6acc252d.jpg,1.0
cl6b7640j009bl455ash2ahqi_4_FALSE_COLOR__URBAN_jpg.rf.5f55cda8546c1a9dd2681f45d41b3e70.jpg,1.0
cl6opyglh0086ao5564y69kx6_1_TRUE_COLOR_jpg.rf.5f054e10f20c2c829db082aed969cca3.jpg,1.0
cl6b63ehe0062l455c9mib5xv_2_FALSE_COLOR_jpg.rf.5f5558d62fdc07234753e9b4cd120086.jpg,1.0
cl6csemjv00fcl455g14q355c_2_FALSE_COLOR_jpg.rf.5f74b179bd8f12adef054fd31c2ee531.jpg,1.0
cl6cpiy1j00drl4557rsw5dzg_4_FALSE_COLOR__URBAN_jpg.rf.5f6a73953bbd713c539ec1fe2744e7bd.jpg,1.0
cl6css50j00g3l4552tvg839m_1_TRUE_COLOR_jpg.rf.5f895be8c803f6b8e2061ce67fd22a66.jpg,1.0
cl6khu4gb00008w5575zsg2eh_2_FALSE_COLOR_jpg.rf.5f98ae20ce0ce5c0a428aa733b8fce28.jpg,1.0
cl6od3yri001cao55gifvaizk_6_SWIR_jpg.rf.5f33e157d7a139b39e33a6ed66f13d98.jpg,1.0
cl6b6tta10081l455gz1y3eys_6_SWIR_jpg.rf.5f88534b79c93796fdbcef5533b709c6.jpg,1.0
cl6oda2ew001lao557dap53ni_6_SWIR_jpg.rf.5f1afdb211bad4e59747f0b465c9515f.jpg,1.0
cl6e2jm3i002agk55fcue8lsk_6_SWIR_jpg.rf.5f7b2402b77c1a2a69345e57a823f3cc.jpg,1.0
cl6cgi18y00b4l455dvo73gk3_6_SWIR_jpg.rf.5fa5fedbb0dbb1963317e103ca1da8c0.jpg,1.0
cl6kjmnc9001s8w5537ayhyay_4_FALSE_COLOR__URBAN_jpg.rf.5f41989d88d4768d781e506a0dc6c423.jpg,1.0
cl6csstjw00g5l455c618frnq_1_TRUE_COLOR_jpg.rf.5f5d726df17d9db3cc79377e9d584776.jpg,1.0
cl6b7bt0y009zl455397c4vju_1_TRUE_COLOR_jpg.rf.5fa71f7c4c0b4a4e5c3b30c0de98d770.jpg,1.0
cl6e2n2tv002hgk553va60g50_4_FALSE_COLOR__URBAN_jpg.rf.5fb2c4e5b66f86b42b8a7b27a72516a0.jpg,1.0
cl6m1dwdp003q8w55hcgdgrrm_2_FALSE_COLOR_jpg.rf.5fac077d63c10f9cc73de5b8710d2764.jpg,1.0
cl6oitdc8003sao55g3x88p25_6_SWIR_jpg.rf.5f3c3b2cc5a3ab1d62b44842e861acee.jpg,1.0
cl6kf9nvv000tc455gs7pbv7h_2_FALSE_COLOR_jpg.rf.5fad196f43f1da9ca14701fd9dc7ffff.jpg,1.0
cl6b72wd6008tl455cfr9czh5_1_TRUE_COLOR_jpg.rf.5fb433351deb7e4f4e39ea1e9e37cdc1.jpg,1.0
cl6cssfer00g4l455g2wbecis_4_FALSE_COLOR__URBAN_jpg.rf.5fa106cf9868ee77b4c4b87ff730f321.jpg,1.0
cl6kgcy30002hc455hqb400gb_1_TRUE_COLOR_jpg.rf.5fb7f824167f009efc8bf12b693ab44b.jpg,0.0
cl6kjjetw001m8w557l9r668h_1_TRUE_COLOR_jpg.rf.5fc23fd006c2451c13deb17cbfffdbd3.jpg,1.0
cl6cgs3qs00bil4551v5n3v2h_4_FALSE_COLOR__URBAN_jpg.rf.5fc78372244687c05d9832f310b4ab30.jpg,1.0
cl6e3i62k0043gk556zwa81sw_2_FALSE_COLOR_jpg.rf.5fc7a466c04a9f1c3c3c4c3d568dd008.jpg,1.0
cl6m17r53003b8w55c0zsgjie_2_FALSE_COLOR_jpg.rf.5fcefc0d58083f222f0ab263f374e4fe.jpg,1.0
cl6e2hp3l0025gk55buu53wd8_1_TRUE_COLOR_jpg.rf.5fd5cf0d39e00912755fb09212d01c70.jpg,1.0
cl6b029x70000l4556t6r3w8m_2_FALSE_COLOR_jpg.rf.5fc2a514c2d3efaa2eb9521ea48a86f0.jpg,1.0
cl6e0f0n9000tgk5558yt7tyl_2_FALSE_COLOR_jpg.rf.5fd8446e8079ebdb42391bc664bbe024.jpg,1.0
cl6kga3590029c455dfqjh4v7_4_FALSE_COLOR__URBAN_jpg.rf.5fce0dfa63b00f01c13c1e32185c1a71.jpg,1.0
cl6b5qnq6004nl455160o65u9_2_FALSE_COLOR_jpg.rf.5fc0c499cec1e75519c0887f01cabebb.jpg,1.0
cl6oimia5003dao558osp4mxe_2_FALSE_COLOR_jpg.rf.5ff7c3db74faba3a3641e380ae778ec1.jpg,1.0
cl6ltt1jq002t8w55dvaoeetg_4_FALSE_COLOR__URBAN_jpg.rf.5ff801c597756a586090094198567470.jpg,1.0
cl6lsygs2001w8w551eungans_2_FALSE_COLOR_jpg.rf.5ffd04dadcd1cf438f67e1a7a5a46469.jpg,1.0
cl6e3gza20041gk5576hgd9vg_6_SWIR_jpg.rf.5fd48dcdf383a18424a5401e97e4d96a.jpg,1.0
cl6ocozkd0004ao55e5fq7tfw_1_TRUE_COLOR_jpg.rf.5ff4c01e8bc47bfd483878c46ce82fa8.jpg,1.0
cl6e0mv1s0017gk5595j92i2d_4_FALSE_COLOR__URBAN_jpg.rf.600425278d90e46ce5f3b1f49832fecd.jpg,1.0
cl6b5lfqn0043l455544gg2zx_2_FALSE_COLOR_jpg.rf.603c0b88443c0074f3a149c22e3ebb04.jpg,1.0
cl6e09v5e000igk55bgqi62m1_4_FALSE_COLOR__URBAN_jpg.rf.60077a21dc1817fe50eac6e00c342551.jpg,1.0
cl6oizoxx0041ao55csrr4whh_1_TRUE_COLOR_jpg.rf.600ba821db4d730ea7a8f48c327fc083.jpg,1.0
cl6cgeaqz00aul4553pd8gh18_6_SWIR_jpg.rf.5fe1e264cdf895a9484a0996d72df8cf.jpg,1.0
cl6m1gm78003z8w553teegbzw_4_FALSE_COLOR__URBAN_jpg.rf.60022d7d0baaa0f0ecaa1102ebbddb1c.jpg,1.0
cl6kft9sm001lc4558tfj4yjn_1_TRUE_COLOR_jpg.rf.60377ab21a808bebec80e3c32172cae4.jpg,1.0
cl6oiv12w003uao55arup9ca6_1_TRUE_COLOR_jpg.rf.604b89221a915e636f33c26dc7bcf771.jpg,1.0
cl6kf3axb000bc45538k8b660_1_TRUE_COLOR_jpg.rf.601e05baa4a487467f9f7bd9a572b5e2.jpg,0.0
cl6ltkp8x002j8w55ede3g7qb_6_SWIR_jpg.rf.601bed89e6f646d96bf55d8f235f5c2d.jpg,1.0
cl6cs297e00enl455hbtp421f_1_TRUE_COLOR_jpg.rf.6011aa10bd3b48236cb720815bd29e6b.jpg,1.0
cl6khu4gb00008w5575zsg2eh_1_TRUE_COLOR_jpg.rf.60539127a5f90d194d8a0d66e418aab8.jpg,1.0
cl6e36kv1003fgk55gnb9050o_1_TRUE_COLOR_jpg.rf.6070f0d2bdef555fce4951b6be0d38fe.jpg,1.0
cl6kidboc00078w55f9rfey2b_6_SWIR_jpg.rf.6088a91c6fb6cc86157ef1af12c320cc.jpg,1.0
cl6b6h5fo007bl455669md4vp_6_SWIR_jpg.rf.60774394224c82d8eb4e0e8226df382b.jpg,1.0
cl6kfsip4001jc455e11ybj3f_1_TRUE_COLOR_jpg.rf.607e5a8afe1c746e7019a2640136e560.jpg,1.0
cl6b5dfkd003fl455d1yufkce_4_FALSE_COLOR__URBAN_jpg.rf.609f52c31dbdab73b22a61663851b941.jpg,1.0
cl6od0yei0010ao55a36egny5_6_SWIR_jpg.rf.609899efb018b972df67c4e6d4ad818e.jpg,1.0
cl6lt9lyv002c8w55dnyheafs_6_SWIR_jpg.rf.6057443fd57885f3866eb5c425d59632.jpg,1.0
cl6e39jpe003igk55gh0659o4_6_SWIR_jpg.rf.603013c94d57f65b4c4153c7eae3ac62.jpg,1.0
cl6odfk31001qao557bfi78e5_6_SWIR_jpg.rf.60935c9942408c97cc091aba878c45a3.jpg,1.0
cl6b6vihd0086l4553gmk0011_2_FALSE_COLOR_jpg.rf.607c71f9f3b935508217361e48b1e98e.jpg,1.0
cl6e2jm3i002agk55fcue8lsk_1_TRUE_COLOR_jpg.rf.6074ed3a9c28e3774de35d503728f691.jpg,1.0
cl6kfoffk0016c455cvxsalj2_4_FALSE_COLOR__URBAN_jpg.rf.6057683886a84d5793ad152fdab92342.jpg,1.0
cl6kjdoao00188w55hr8w6a5l_4_FALSE_COLOR__URBAN_jpg.rf.60bce554c44d0ac58b02d881d380dbfd.jpg,1.0
cl6lsukwg001t8w556kieb72f_2_FALSE_COLOR_jpg.rf.60d271f92e0a45b8bad8aa5d28305e62.jpg,1.0
cl6dyzssv000ohg551n0rdanu_4_FALSE_COLOR__URBAN_jpg.rf.60cf00339130578fbead935866ec05c7.jpg,1.0
cl6chj77t00c7l455c5c08ec6_2_FALSE_COLOR_jpg.rf.5ff5859d6b0204cac1b06570c492dfc6.jpg,1.0
cl6ltn677002k8w558nwy0yql_4_FALSE_COLOR__URBAN_jpg.rf.60c6a07c42a6bd446f9e692c612dc28e.jpg,1.0
cl6e0k0280013gk550nd9grxm_6_SWIR_jpg.rf.60d62c2b87ffa3b4a8f301275fb123f9.jpg,1.0
cl6b0959c000il4553c448za8_1_TRUE_COLOR_jpg.rf.60d55ec3b7a7d2967c3f9f2c7fef9653.jpg,1.0
cl6cgtahv00bkl455hcmk9cn1_2_FALSE_COLOR_jpg.rf.60a9d708fc5cbdff2979a1df71d1498b.jpg,1.0
cl6ojsywi0052ao55d43z62q3_1_TRUE_COLOR_jpg.rf.60c50e61e07aa22c293f23997f63d199.jpg,1.0
cl6ojaxxv004mao552t7ah2ky_4_FALSE_COLOR__URBAN_jpg.rf.60a7f6620ed3d725b6b93c1976726e82.jpg,1.0
cl6oimia5003dao558osp4mxe_4_FALSE_COLOR__URBAN_jpg.rf.610d320a997aec2c47884261587cc3ac.jpg,1.0
cl6ojsywi0052ao55d43z62q3_6_SWIR_jpg.rf.60d2c2e79816285eb8b7b0f0698c9f68.jpg,1.0
cl6ocun81000iao55010uhpce_1_TRUE_COLOR_jpg.rf.60f11a78e6e0a001f32a512e7feebd2a.jpg,1.0
cl6e2iblt0026gk558bnw6716_1_TRUE_COLOR_jpg.rf.60ed93f8fdc7b0edd212159a015d033a.jpg,1.0
cl6kje1zy00198w55f8ld99tb_6_SWIR_jpg.rf.6103a24a15033b2dd6364a820c235f8d.jpg,1.0
cl6kg4imi0025c45589qy7p3i_6_SWIR_jpg.rf.60dc858c5db7f2536335c59e706d73cd.jpg,1.0
cl6b06tq7000dl45584afckiv_1_TRUE_COLOR_jpg.rf.611e7f8a103961fb974cf939644c2f00.jpg,1.0
cl6cgah3400anl4554lg2hxzy_4_FALSE_COLOR__URBAN_jpg.rf.612add4373e56014be6b129b06793602.jpg,1.0
cl6b0q209001jl4553gmg5wxk_4_FALSE_COLOR__URBAN_jpg.rf.613a99a8984761281def080819694f38.jpg,1.0
cl6b5dtwl003gl455a4x29a1d_6_SWIR_jpg.rf.613e90b3f0a2753b61f473d7434fdeab.jpg,1.0
cl6b6672j006al45550ixdqdo_6_SWIR_jpg.rf.6147511d243ae04a06bba828428da4a9.jpg,1.0
cl6oixxvs003yao555nvw8ao1_1_TRUE_COLOR_jpg.rf.61614d40a5dff5dd7bc25352ae52c77d.jpg,1.0
cl6lsygs2001w8w551eungans_4_FALSE_COLOR__URBAN_jpg.rf.614d04de242ef579253b7c50d1a14739.jpg,1.0
cl6ltu5kv002v8w555n2uhb4s_2_FALSE_COLOR_jpg.rf.617bbd7d7daf212a1dbc3e286e003383.jpg,1.0
cl6dyr3jo000fhg5528wadb19_1_TRUE_COLOR_jpg.rf.611b841cd8a4c8e9ac063260de8ec03d.jpg,1.0
cl6kjizzk001l8w550s1uej5w_4_FALSE_COLOR__URBAN_jpg.rf.6102e8e83fb3b8b6c75e988d7a74f852.jpg,1.0
cl6ct8vzr00h4l455e4w420qh_4_FALSE_COLOR__URBAN_jpg.rf.615b50dab16402e1afc8776a924716ea.jpg,1.0
cl6oduc5a002cao556mn91qk2_2_FALSE_COLOR_jpg.rf.613c6a31bc79e6b55eed4c68a40c5e2f.jpg,1.0
cl6kj9dst00148w55fw0gfc6p_6_SWIR_jpg.rf.615838522fdec2b6ac2e8402d76a6ded.jpg,1.0
cl6ovvz1600cmao55exq93p8j_2_FALSE_COLOR_jpg.rf.075e24c7245e70f8f56dec2208faaf78.jpg,1.0
cl6ov1zgy00bjao5587b81cgn_1_TRUE_COLOR_jpg.rf.02edf1c5036d1c0accbef95e97335ee8.jpg,1.0
cl6ov903p00bwao551re12d99_4_FALSE_COLOR__URBAN_jpg.rf.0cb4686da55760428f93bb8e50c55d7f.jpg,1.0
cl6ouz1uk00bcao55ag55dloi_4_FALSE_COLOR__URBAN_jpg.rf.0e522e4d87e948602868418f12eb7c0e.jpg,1.0
cl6ovklux00c9ao55bolt74jc_6_SWIR_jpg.rf.0f7d505e584524d0ab99fbcb03165f85.jpg,1.0
cl6ow8iiw00cxao55ewwc1uwk_2_FALSE_COLOR_jpg.rf.0df09023f9a784132e8fd3f1dff41a1f.jpg,1.0
cl6ov442n00bmao557agx3tgr_1_TRUE_COLOR_jpg.rf.13b4b6dd1c226ddd92068d3e829b3778.jpg,1.0
cl6ovmea800ccao557v4a82sn_2_FALSE_COLOR_jpg.rf.08a03afcd00d354f09807552d0065d67.jpg,1.0
cl6ovv92n00clao55clpp1wl5_4_FALSE_COLOR__URBAN_jpg.rf.0336ae69062fc37269074e00f1f089ea.jpg,1.0
cl6ov3mdv00blao550q4lewwu_1_TRUE_COLOR_jpg.rf.19b948220795e3b4da172f76b3aeab58.jpg,1.0
cl6ov8d9v00buao557bahg58n_6_SWIR_jpg.rf.1278d631bd0042b3710300ed95d8a300.jpg,1.0
cl6ovfokn00c1ao5570l9h2ns_1_TRUE_COLOR_jpg.rf.1d919af6673cd5bb5f5e1eed2f6f0b9a.jpg,1.0
cl6ovgpis00c3ao558rq7d0e7_2_FALSE_COLOR_jpg.rf.10dbf8ad2915bf90542c18f53cd01cb6.jpg,1.0
cl6ov08vk00bfao5586w58n14_6_SWIR_jpg.rf.072e943e6599def98cfe377b8ae5bb86.jpg,1.0
cl6ow289n00cuao556nam57ra_1_TRUE_COLOR_jpg.rf.267c8323cbf1ca91c5307e4533316ac3.jpg,1.0
cl6ovzpl700cqao559u37co16_1_TRUE_COLOR_jpg.rf.183f9e7ed9759b87008e1ea46807c85a.jpg,0.0
cl6ounzeh00b4ao555asz7hl0_4_FALSE_COLOR__URBAN_jpg.rf.14dab4607e557009bb77e14f947b4173.jpg,1.0
cl6ounzeh00b4ao555asz7hl0_1_TRUE_COLOR_jpg.rf.086719590c1b2b16855cb91d822228a9.jpg,1.0
cl6ov903p00bwao551re12d99_1_TRUE_COLOR_jpg.rf.25579971df55e7e9d1dee07367a899ca.jpg,1.0
cl6ow289n00cuao556nam57ra_6_SWIR_jpg.rf.229e4716ad1390eec39697348b3d7305.jpg,1.0
cl6ovsx0z00chao555pr8a8mo_2_FALSE_COLOR_jpg.rf.03716a0489569eadecfcb8130571b249.jpg,1.0
cl6ouzzfj00beao550jm31hjb_4_FALSE_COLOR__URBAN_jpg.rf.20790639b89db7e8eef06a8776373f6d.jpg,1.0
cl6ouy5ul00bbao554spr79nb_2_FALSE_COLOR_jpg.rf.28bbf9a22fe952b091a6ce1843b9a2e2.jpg,1.0
cl6ovgejx00c2ao55f1gm3fx2_2_FALSE_COLOR_jpg.rf.264dc03dc883f4a9a6d7a60e43985655.jpg,1.0
cl6ovv92n00clao55clpp1wl5_6_SWIR_jpg.rf.2402d9f62e1ce9e3fc3587e95de4038c.jpg,1.0
cl6ovsx0z00chao555pr8a8mo_6_SWIR_jpg.rf.21f6a8d105a9055be9dd6bfb3c86aba4.jpg,1.0
cl6ov6vs700brao5593c06pe7_1_TRUE_COLOR_jpg.rf.1d3609e547cc2f14cc11603ba4721eb8.jpg,1.0
cl6ovaf7h00byao55h74zfxh2_1_TRUE_COLOR_jpg.rf.2ecc3d1c56d70ff2e152583cbf1491b3.jpg,1.0
cl6ouxmav00baao55htc6376t_6_SWIR_jpg.rf.2d2153f6aba39e5a1be2112125f82486.jpg,1.0
cl6ovfokn00c1ao5570l9h2ns_4_FALSE_COLOR__URBAN_jpg.rf.2c4f841734cd78d4cb60c325968da3eb.jpg,1.0
cl6ovzpl700cqao559u37co16_2_FALSE_COLOR_jpg.rf.1a9667e6d50120c750065e8ef0976bb4.jpg,1.0
cl6ovzz9800crao55cb9o7ygu_2_FALSE_COLOR_jpg.rf.319a5980ae6505cbca0bb42a369b9408.jpg,1.0
cl6ovmea800ccao557v4a82sn_4_FALSE_COLOR__URBAN_jpg.rf.34948fec37f639ba2f30a64ce1a04f1b.jpg,1.0
cl6ovrdqk00cfao55esei1uz0_2_FALSE_COLOR_jpg.rf.345750c07ff372960a0e952c0a9df1fc.jpg,1.0
cl6ouxmav00baao55htc6376t_4_FALSE_COLOR__URBAN_jpg.rf.31106e9d6ad07811b1e00410d53949d2.jpg,1.0
cl6ow6e8l00cvao5599w4gak0_6_SWIR_jpg.rf.3e3e5a6386f585a41259e96fe9dd193a.jpg,1.0
cl6owasfn00czao555gyx8vvu_6_SWIR_jpg.rf.36a59d935b1feba592768889e448b954.jpg,1.0
cl6ovaf7h00byao55h74zfxh2_6_SWIR_jpg.rf.2e1fa33fc0b9a34bdc3a5447d320e264.jpg,1.0
cl6ovaf7h00byao55h74zfxh2_2_FALSE_COLOR_jpg.rf.3d6d9d349f4d16694fa17413debbc4e7.jpg,1.0
cl6ovjdav00c8ao553f5bbccv_6_SWIR_jpg.rf.2fc75c09dc67505575c30c0a8ddd1ca7.jpg,1.0
cl6ovbbfq00c0ao55703gbs6t_1_TRUE_COLOR_jpg.rf.40079f5a7af720013abecf3466c4a658.jpg,1.0
cl6ow0c6u00csao55ck0mhuwy_6_SWIR_jpg.rf.3b4e8e9e14f87eb12ad40163134d6c11.jpg,1.0
cl6ow8iiw00cxao55ewwc1uwk_4_FALSE_COLOR__URBAN_jpg.rf.412afb0af6fd8ea35be6317763bb5953.jpg,1.0
cl6ow7w4u00cwao55fjpzf47v_2_FALSE_COLOR_jpg.rf.39d35dd5d3ddbfaa2c80f34325391466.jpg,1.0
cl6ouy5ul00bbao554spr79nb_6_SWIR_jpg.rf.42bb13399112e30b268d0bd41f39abca.jpg,1.0
cl6ousryn00b6ao559entf0cy_4_FALSE_COLOR__URBAN_jpg.rf.41b2f6bbe83974945b036caaa6880b8c.jpg,1.0
cl6ovgpis00c3ao558rq7d0e7_6_SWIR_jpg.rf.430070b63ad0e2ec0c0c83638fb01435.jpg,1.0
cl6ounfjd00b3ao55a1fm4fkv_6_SWIR_jpg.rf.4049f5087346720bdc1270d8ca479121.jpg,1.0
cl6ovjdav00c8ao553f5bbccv_1_TRUE_COLOR_jpg.rf.414e87acaf629bfa73c75eb23cba7a51.jpg,1.0
cl6ow7w4u00cwao55fjpzf47v_6_SWIR_jpg.rf.508bd5e0e3453e5975ca3d472b2a6c06.jpg,1.0
cl6ovwomp00cnao55fhg7dzi0_4_FALSE_COLOR__URBAN_jpg.rf.527566230a94a96d0c5a6922e351819c.jpg,1.0
cl6ouwi2r00b8ao558wdveods_1_TRUE_COLOR_jpg.rf.46e3641f638326d7192953917a833ba9.jpg,1.0
cl6ovqo6r00ceao55ao6dd4f9_6_SWIR_jpg.rf.46a7917b0422dc9a9c0e83e6367df4ba.jpg,1.0
cl6ouvi4c00b7ao55ayrq8h0r_2_FALSE_COLOR_jpg.rf.4016670ef4921cc0cda3ef1695b7b39a.jpg,1.0
cl6ovuvr500ckao55eq949bw6_2_FALSE_COLOR_jpg.rf.3a81e203a91f6591c80b226f7f21548b.jpg,1.0
cl6ow6e8l00cvao5599w4gak0_1_TRUE_COLOR_jpg.rf.4a3070916a8c94408214abe332bd05e5.jpg,1.0
cl6ovieud00c7ao55eu0u84vf_1_TRUE_COLOR_jpg.rf.58a88eeec640d2da357e8530a88a111c.jpg,1.0
cl6ow6e8l00cvao5599w4gak0_4_FALSE_COLOR__URBAN_jpg.rf.513ee6b74e72569a9d681c9f0e6d5d89.jpg,1.0
cl6ovfokn00c1ao5570l9h2ns_2_FALSE_COLOR_jpg.rf.533c3331e417b2ea7fd791236ec67370.jpg,1.0
cl6ouvi4c00b7ao55ayrq8h0r_1_TRUE_COLOR_jpg.rf.50756c882bdec30db3cf7a5b86b2f897.jpg,1.0
cl6ovgejx00c2ao55f1gm3fx2_1_TRUE_COLOR_jpg.rf.52266ca54fd71a640f3cf7307282d16f.jpg,1.0
cl6ov3mdv00blao550q4lewwu_2_FALSE_COLOR_jpg.rf.5562b1b315d53d0f44b5582e83071d57.jpg,1.0
cl6ovieud00c7ao55eu0u84vf_4_FALSE_COLOR__URBAN_jpg.rf.57ec668ecc2544c251cad5b8ca0050d8.jpg,1.0
cl6ow7w4u00cwao55fjpzf47v_1_TRUE_COLOR_jpg.rf.4892dda8b92202a2c8b0cbfed117cc5f.jpg,1.0
cl6ovqo6r00ceao55ao6dd4f9_2_FALSE_COLOR_jpg.rf.5b779d8c3f975c200bf0b972e9413252.jpg,1.0
cl6ovwomp00cnao55fhg7dzi0_1_TRUE_COLOR_jpg.rf.609af60065fb68da885d2452e0cbb634.jpg,1.0
cl6ovrdqk00cfao55esei1uz0_6_SWIR_jpg.rf.45ec18e96633d93ecfe47baa82c0bd81.jpg,1.0
cl6ovqo6r00ceao55ao6dd4f9_4_FALSE_COLOR__URBAN_jpg.rf.54fe351570432b43de9a184386d5fb2e.jpg,1.0
cl6ov0vmf00bhao55h1os7aap_1_TRUE_COLOR_jpg.rf.5f1933f5322c9230263ba6ace3540002.jpg,1.0
cl6ov7ksd00bsao55328v4p0c_6_SWIR_jpg.rf.5b6c74ac708a41d78ac597fe9b15f1b4.jpg,1.0
cl6owasfn00czao555gyx8vvu_1_TRUE_COLOR_jpg.rf.5c4436520c87db9ed58354526c2aa95a.jpg,1.0
cl6ouwi2r00b8ao558wdveods_4_FALSE_COLOR__URBAN_jpg.rf.5f43e6ecc4a3d03a770d3806233220e2.jpg,1.0
cl6ow1sxc00ctao552we072w4_2_FALSE_COLOR_jpg.rf.620a143b222dbac5a83e559c151ae882.jpg,1.0
cl6ouwi2r00b8ao558wdveods_2_FALSE_COLOR_jpg.rf.56edc89d93833b9a6e3ae4de9f141a96.jpg,1.0
cl6ov6vs700brao5593c06pe7_2_FALSE_COLOR_jpg.rf.5a72aba80323e824b654429f72b54ade.jpg,1.0
cl6ouxmav00baao55htc6376t_2_FALSE_COLOR_jpg.rf.66b2adf9a5c7f3f39b7dbdeebc488a40.jpg,1.0
cl6ow0c6u00csao55ck0mhuwy_4_FALSE_COLOR__URBAN_jpg.rf.6216a5db644b373c1d1c3757fc87887b.jpg,1.0
cl6ow0c6u00csao55ck0mhuwy_2_FALSE_COLOR_jpg.rf.6bed7381bdf32850726318b8b706383a.jpg,1.0
cl6ovfokn00c1ao5570l9h2ns_6_SWIR_jpg.rf.6af78d99e116225000b688bd037986a8.jpg,1.0
cl6ovhq1w00c5ao557d631zt5_2_FALSE_COLOR_jpg.rf.6e28a858065e4e928cbe7252085fa123.jpg,1.0
cl6ouvi4c00b7ao55ayrq8h0r_6_SWIR_jpg.rf.630a8499710af00bd61c256cb22b7abd.jpg,1.0
cl6ovsx0z00chao555pr8a8mo_4_FALSE_COLOR__URBAN_jpg.rf.7a5abfc1bd6ca8765331214e3a6eda29.jpg,1.0
cl6ow1sxc00ctao552we072w4_4_FALSE_COLOR__URBAN_jpg.rf.79475fddb05fbbaa8be59f2c742805fd.jpg,1.0
cl6ovyw0500coao552vjehton_2_FALSE_COLOR_jpg.rf.66d1ce56c442724862a237fe6ed8fcad.jpg,1.0
cl6ov9y0j00bxao55fd235e0d_4_FALSE_COLOR__URBAN_jpg.rf.76f9b34d1a4e5fe1cb2fa93d8ff72366.jpg,1.0
cl6ov7ksd00bsao55328v4p0c_2_FALSE_COLOR_jpg.rf.77b6005bcef6ef0f0d416dae15b3c873.jpg,1.0
cl6oux33500b9ao55fzwv6f3h_2_FALSE_COLOR_jpg.rf.6bee43e68675c3c9b959d4967960105e.jpg,1.0
cl6ouz1uk00bcao55ag55dloi_1_TRUE_COLOR_jpg.rf.7d02517cf4503af4facf23c1ddf1646d.jpg,1.0
cl6ov9y0j00bxao55fd235e0d_2_FALSE_COLOR_jpg.rf.7af788373a86b1a59c299264addf2c0f.jpg,1.0
cl6ov0vmf00bhao55h1os7aap_6_SWIR_jpg.rf.8b3b046f3dd7a029ac38c5222f7cc5b9.jpg,1.0
cl6ouvi4c00b7ao55ayrq8h0r_4_FALSE_COLOR__URBAN_jpg.rf.7ecaccadc625c07d352534fa972f43dc.jpg,1.0
cl6ovjdav00c8ao553f5bbccv_2_FALSE_COLOR_jpg.rf.8310c61980b48e7fca4904bcaf2f7fbf.jpg,1.0
cl6ovq5xu00cdao552kgga593_4_FALSE_COLOR__URBAN_jpg.rf.838a83fd409726a910f631940ed61438.jpg,1.0
cl6ov1zgy00bjao5587b81cgn_4_FALSE_COLOR__URBAN_jpg.rf.384120898bab5bc35ab0a3aaaf16d684.jpg,1.0
cl6ov2mbq00bkao55f51zgp24_1_TRUE_COLOR_jpg.rf.6ef6e03c58d9d30f7208f97a3bc63fd1.jpg,1.0
cl6ovieud00c7ao55eu0u84vf_2_FALSE_COLOR_jpg.rf.819653e722f8ef8d99dcd2f6b27e5417.jpg,1.0
cl6ovzz9800crao55cb9o7ygu_4_FALSE_COLOR__URBAN_jpg.rf.8fcd128a90bbfa052f89898ff51f4f6e.jpg,1.0
cl6ov646l00bqao55cjhy0i2a_6_SWIR_jpg.rf.7ea632587eb8ccbcbc5b1f6a101ce5ef.jpg,1.0
cl6ovrya300cgao5571kt1zpy_4_FALSE_COLOR__URBAN_jpg.rf.9349ba32ce121cef739281d00e69b6c8.jpg,1.0
cl6ouseji00b5ao553s7ceuze_4_FALSE_COLOR__URBAN_jpg.rf.9072795d2bc40fef3530fda348e222e3.jpg,1.0
cl6ovieud00c7ao55eu0u84vf_6_SWIR_jpg.rf.91bd18242afdd188ca3335fcc3a5ce3a.jpg,1.0
cl6ov8d9v00buao557bahg58n_1_TRUE_COLOR_jpg.rf.8ff466ff2f75b5d2cf555f1033f759e6.jpg,1.0
cl6ounzeh00b4ao555asz7hl0_2_FALSE_COLOR_jpg.rf.94398c572b6163c11cfef62d9a3768fb.jpg,1.0
cl6ovtwdt00ciao55853z65mq_6_SWIR_jpg.rf.931f865fe46d981683b0175513a53c3c.jpg,1.0
cl6ow289n00cuao556nam57ra_4_FALSE_COLOR__URBAN_jpg.rf.90ac34205f8122422f5e2650b00bbfa8.jpg,1.0
cl6ov2mbq00bkao55f51zgp24_2_FALSE_COLOR_jpg.rf.9524d344ffa07209786fe45e6a45c62b.jpg,1.0
cl6ov442n00bmao557agx3tgr_2_FALSE_COLOR_jpg.rf.95d3dbf94dd29fa8f6dad11af8a5cd87.jpg,1.0
cl6ovyw0500coao552vjehton_6_SWIR_jpg.rf.9b2b5736b327b9e35e63f2197f67e110.jpg,1.0
cl6ovrya300cgao5571kt1zpy_6_SWIR_jpg.rf.9c37f415947ec23daa082595045a23f3.jpg,1.0
cl6ouseji00b5ao553s7ceuze_1_TRUE_COLOR_jpg.rf.95d46ad077d369daa3a79bf94d24432e.jpg,1.0
cl6ovzz9800crao55cb9o7ygu_1_TRUE_COLOR_jpg.rf.9a9c33ea35184f037231a99444f3659d.jpg,1.0
cl6ow8vvy00cyao559lj5f6c9_6_SWIR_jpg.rf.9f784b22620276a8063fcb55a72a3fdf.jpg,1.0
cl6ouz1uk00bcao55ag55dloi_6_SWIR_jpg.rf.9c912c7d4b3500b78c3fe24f2b40dfa7.jpg,1.0
cl6ov3mdv00blao550q4lewwu_4_FALSE_COLOR__URBAN_jpg.rf.9a8ce7d75cb97dacc4db19e0a16aa5ca.jpg,1.0
cl6ovklux00c9ao55bolt74jc_4_FALSE_COLOR__URBAN_jpg.rf.a2a38bf11f083a24f990cf373242cdb1.jpg,1.0
cl6ov9y0j00bxao55fd235e0d_1_TRUE_COLOR_jpg.rf.9b88db313dbd7dfd885f39891ce8530e.jpg,1.0
cl6ow6e8l00cvao5599w4gak0_2_FALSE_COLOR_jpg.rf.ada8bcf30766bf5e49e24ec0c4aeff51.jpg,1.0
cl6ow8iiw00cxao55ewwc1uwk_1_TRUE_COLOR_jpg.rf.99160149e866c03e30b4506f10cf9e43.jpg,1.0
cl6ow0c6u00csao55ck0mhuwy_1_TRUE_COLOR_jpg.rf.ab5c5abdfccfedd061c4366c9420f508.jpg,1.0
cl6oux33500b9ao55fzwv6f3h_4_FALSE_COLOR__URBAN_jpg.rf.ac31eb373e345be1ddec569e3b2a0a74.jpg,1.0
cl6ov1zgy00bjao5587b81cgn_2_FALSE_COLOR_jpg.rf.a5a5b1468d88cfda1b83b64ba620dc70.jpg,1.0
cl6ouwi2r00b8ao558wdveods_6_SWIR_jpg.rf.a92e06534d77a3fed4bd78e4beb68aef.jpg,1.0
cl6ovtwdt00ciao55853z65mq_1_TRUE_COLOR_jpg.rf.aedf4514a8c89ca7d0335363325e328e.jpg,1.0
cl6oun0bl00b2ao556k7ncs0l_6_SWIR_jpg.rf.a14cff58e7a45b920838d0668bf09629.jpg,1.0
cl6ow1sxc00ctao552we072w4_1_TRUE_COLOR_jpg.rf.b36347c4e425cfeb09062a769801baf9.jpg,1.0
cl6ovq5xu00cdao552kgga593_1_TRUE_COLOR_jpg.rf.af26135f2834932ccd49b128f63a17aa.jpg,1.0
cl6ov08vk00bfao5586w58n14_1_TRUE_COLOR_jpg.rf.9d7f11478fabf2a4f8967ef3207032f3.jpg,1.0
cl6ow1sxc00ctao552we072w4_6_SWIR_jpg.rf.aae962667f92e02daaecaf5f371fe197.jpg,1.0
cl6ov903p00bwao551re12d99_2_FALSE_COLOR_jpg.rf.b8900d5a6c294753a8cb0e996049ba33.jpg,1.0
cl6ovyw0500coao552vjehton_1_TRUE_COLOR_jpg.rf.b78adb35c31d766ddea237b1fc3b737e.jpg,1.0
cl6ounfjd00b3ao55a1fm4fkv_4_FALSE_COLOR__URBAN_jpg.rf.aa1ddfa6e8614d246d9933f76d220fa5.jpg,1.0
cl6ovh4fc00c4ao55da8j76yz_1_TRUE_COLOR_jpg.rf.b8a32fdb0c2ce767c680d9a9f1500962.jpg,1.0
cl6ousryn00b6ao559entf0cy_6_SWIR_jpg.rf.ab8da4d69302a9968749dc817e3966a8.jpg,1.0
cl6ow7w4u00cwao55fjpzf47v_4_FALSE_COLOR__URBAN_jpg.rf.9c78f9f81daa61afd5c5321de25be950.jpg,1.0
cl6ounzeh00b4ao555asz7hl0_6_SWIR_jpg.rf.b960349b72f95ce05fc4892bdfb572f6.jpg,1.0
cl6ousryn00b6ao559entf0cy_1_TRUE_COLOR_jpg.rf.b8575bf7bef4bb8ff13af1558c94a5c9.jpg,1.0
cl6ovhq1w00c5ao557d631zt5_1_TRUE_COLOR_jpg.rf.bd944294c8e45e2bca5f0ccccae08f82.jpg,1.0
cl6ov6vs700brao5593c06pe7_6_SWIR_jpg.rf.cba7b045fb81fedf9caa5a033f185df8.jpg,1.0
cl6ovmea800ccao557v4a82sn_6_SWIR_jpg.rf.ca1e473d9c4a8fc1aea4ee94c4d822d3.jpg,1.0
cl6ov646l00bqao55cjhy0i2a_4_FALSE_COLOR__URBAN_jpg.rf.ce40fb90bbcb1b46bf6efc24802eeb87.jpg,1.0
cl6ovlu2300cbao554e8e8o42_1_TRUE_COLOR_jpg.rf.c22d5b3a4c8b32786008822e4ed6a501.jpg,1.0
cl6ov7ksd00bsao55328v4p0c_1_TRUE_COLOR_jpg.rf.c37df77c6f5cefee9ecc8f9fd47958fd.jpg,1.0
cl6ov646l00bqao55cjhy0i2a_1_TRUE_COLOR_jpg.rf.c664974553fb6c091bdc2f42c70254b7.jpg,1.0
cl6ouzzfj00beao550jm31hjb_2_FALSE_COLOR_jpg.rf.ccfd872ca5977aa77476875e0d465dc2.jpg,1.0
cl6ovuvr500ckao55eq949bw6_6_SWIR_jpg.rf.cbade4764cf3b4b2e101fcff1c09e9c3.jpg,1.0
cl6ov2mbq00bkao55f51zgp24_4_FALSE_COLOR__URBAN_jpg.rf.c6f2b423d2747c3890c859b8919fe88d.jpg,1.0
cl6ovwomp00cnao55fhg7dzi0_6_SWIR_jpg.rf.c0be42d47c12aa1a11ff29c4873a7891.jpg,1.0
cl6oux33500b9ao55fzwv6f3h_6_SWIR_jpg.rf.d5344f703002952ec84ab1656227244d.jpg,1.0
cl6ov4ztr00boao55d57y93m0_2_FALSE_COLOR_jpg.rf.cd176d130eb24bfeea6dead15bd84553.jpg,1.0
cl6ovrya300cgao5571kt1zpy_1_TRUE_COLOR_jpg.rf.c631e232f7d5e11e9267697e45d54ab8.jpg,1.0
cl6owasfn00czao555gyx8vvu_4_FALSE_COLOR__URBAN_jpg.rf.d65c42e0bbe96b6b7bff3273630ad577.jpg,1.0
cl6ovv92n00clao55clpp1wl5_2_FALSE_COLOR_jpg.rf.dba8d5cd8360eea9e5009857ab0a5476.jpg,1.0
cl6ov08vk00bfao5586w58n14_4_FALSE_COLOR__URBAN_jpg.rf.d16b0ff67397541fb116359747c754f1.jpg,1.0
cl6ovrdqk00cfao55esei1uz0_4_FALSE_COLOR__URBAN_jpg.rf.d09dd37df9071bc6ca67ca9f0b97aec7.jpg,1.0
cl6ovrya300cgao5571kt1zpy_2_FALSE_COLOR_jpg.rf.d43fa57ebcf180d48396ce2ab40c00a0.jpg,1.0
cl6ovwomp00cnao55fhg7dzi0_2_FALSE_COLOR_jpg.rf.dcffece8bc0f3b8a05e0232ff18d05c8.jpg,1.0
cl6ov442n00bmao557agx3tgr_6_SWIR_jpg.rf.c7f5edde81dd567e429a136f385b2b06.jpg,1.0
cl6ovjdav00c8ao553f5bbccv_4_FALSE_COLOR__URBAN_jpg.rf.dee43f43358154e420c51c76204922a6.jpg,1.0
cl6ovsx0z00chao555pr8a8mo_1_TRUE_COLOR_jpg.rf.d82fdfb7b21a49cd31dc8cb58a7ef78f.jpg,1.0
cl6ov646l00bqao55cjhy0i2a_2_FALSE_COLOR_jpg.rf.defc72873b50d3e49146faa46cd5d1cb.jpg,1.0
cl6ounfjd00b3ao55a1fm4fkv_1_TRUE_COLOR_jpg.rf.d878c35d7addf25d0f1a85ff685e29ae.jpg,1.0
cl6ovh4fc00c4ao55da8j76yz_6_SWIR_jpg.rf.e0bb1900fbbfb33b538fa852ca7b4eff.jpg,1.0
cl6ouy5ul00bbao554spr79nb_1_TRUE_COLOR_jpg.rf.e25aa9c248e783c9793bbec21ec1db14.jpg,1.0
cl6ov4ztr00boao55d57y93m0_6_SWIR_jpg.rf.d91a9edfa9e97cade8742a28cbb2a35f.jpg,1.0
cl6ouzzfj00beao550jm31hjb_1_TRUE_COLOR_jpg.rf.dca569d3ea6227d2dc9b08034d9acd1e.jpg,1.0
cl6ovhq1w00c5ao557d631zt5_6_SWIR_jpg.rf.e14c17a92b53efe489f82b90d5ea8210.jpg,1.0
cl6ovrdqk00cfao55esei1uz0_1_TRUE_COLOR_jpg.rf.e213163086cd96844a01a34bc30e1e10.jpg,1.0
cl6ow8vvy00cyao559lj5f6c9_4_FALSE_COLOR__URBAN_jpg.rf.e4bf97a7d2b0064837a52c64be5ab881.jpg,1.0
cl6ovh4fc00c4ao55da8j76yz_4_FALSE_COLOR__URBAN_jpg.rf.e7552c83dff0e0876d426822b43382ba.jpg,1.0
cl6ousryn00b6ao559entf0cy_2_FALSE_COLOR_jpg.rf.c05735ffc4afa2ec68db3a15d2a99230.jpg,1.0
cl6ovbbfq00c0ao55703gbs6t_2_FALSE_COLOR_jpg.rf.e54cc5f13b6af1ce3a7f2d27d61aa2cc.jpg,1.0
cl6owasfn00czao555gyx8vvu_2_FALSE_COLOR_jpg.rf.e203fd632ed34a7bb7a853eabc009bf8.jpg,1.0
cl6ow8vvy00cyao559lj5f6c9_1_TRUE_COLOR_jpg.rf.e5413aa374535abe7592ffa93411ac7f.jpg,1.0
cl6ov6vs700brao5593c06pe7_4_FALSE_COLOR__URBAN_jpg.rf.e9d79be855f5d230f649c7312409b30d.jpg,1.0
cl6ovtwdt00ciao55853z65mq_2_FALSE_COLOR_jpg.rf.ecc386ea4fd85fcc076da39b0cb7821b.jpg,1.0
cl6ovh4fc00c4ao55da8j76yz_2_FALSE_COLOR_jpg.rf.eb0d611e0423a59167016197cb13dc4c.jpg,1.0
cl6ovuvr500ckao55eq949bw6_1_TRUE_COLOR_jpg.rf.e94ce667b75055a0d4180371583b9f32.jpg,1.0
cl6ow289n00cuao556nam57ra_2_FALSE_COLOR_jpg.rf.e71f50d29226d19892b7a949fade66ca.jpg,1.0
cl6ovgpis00c3ao558rq7d0e7_1_TRUE_COLOR_jpg.rf.ed1cb715987ae55255bfeb9823bc7bc4.jpg,1.0
cl6ov0vmf00bhao55h1os7aap_2_FALSE_COLOR_jpg.rf.f846a99c89fa42e5fbcc66afbf70f0ed.jpg,1.0
cl6ovgejx00c2ao55f1gm3fx2_6_SWIR_jpg.rf.fd2495b429dd386a1df8cce5b631c9cc.jpg,1.0
cl6ovklux00c9ao55bolt74jc_1_TRUE_COLOR_jpg.rf.f78f063ce8f6ae798890e20c22140205.jpg,1.0
cl6ouseji00b5ao553s7ceuze_2_FALSE_COLOR_jpg.rf.e522992c17db2699fb873afe5261e223.jpg,1.0
cl6ov4ztr00boao55d57y93m0_1_TRUE_COLOR_jpg.rf.f99348494ee76db5c4fc27789bba3c6d.jpg,1.0
cl6ovvz1600cmao55exq93p8j_6_SWIR_jpg.rf.e77de28c97aaa98fd57228969ad4e592.jpg,1.0
cl6ovvz1600cmao55exq93p8j_4_FALSE_COLOR__URBAN_jpg.rf.fe1b827083142b7e7b87411612bf164a.jpg,1.0
cl6ow8vvy00cyao559lj5f6c9_2_FALSE_COLOR_jpg.rf.fbf31a68c9300c73d7762feb720313f4.jpg,1.0
cl6ov8d9v00buao557bahg58n_2_FALSE_COLOR_jpg.rf.f60673b6b1fe56569335a9d5cf6c614c.jpg,1.0
cl6ovq5xu00cdao552kgga593_2_FALSE_COLOR_jpg.rf.ee17314d603082eca85fb01ce47c9b52.jpg,1.0
cl6oux33500b9ao55fzwv6f3h_1_TRUE_COLOR_jpg.rf.f478fb061537e14fecf1394f6664e627.jpg,1.0
cl6ov903p00bwao551re12d99_6_SWIR_jpg.rf.fe3df6c9e4f4b02fb0be4ee44e09a390.jpg,1.0
cl6ov1zgy00bjao5587b81cgn_6_SWIR_jpg.rf.fe9a9fb16987022be0433e2944a14cb4.jpg,1.0
cl6ovgpis00c3ao558rq7d0e7_4_FALSE_COLOR__URBAN_jpg.rf.fef317c9299b63d7a810de9a464cea75.jpg,1.0
cl6ounfjd00b3ao55a1fm4fkv_2_FALSE_COLOR_jpg.rf.ea9d8236a6f7aeb14da57c200fb99182.jpg,1.0
cl6ouxmav00baao55htc6376t_1_TRUE_COLOR_jpg.rf.ed1e95b38db06020d7fa7ff52fe103e6.jpg,1.0
cl6ovlu2300cbao554e8e8o42_2_FALSE_COLOR_jpg.rf.fe9d1f4e008a26cab1c4bd25a9bca985.jpg,1.0
cl6ovqo6r00ceao55ao6dd4f9_1_TRUE_COLOR_jpg.rf.ee2d399b9d7f4f1d1f87ed3b85c87d92.jpg,1.0
cl6ovvz1600cmao55exq93p8j_1_TRUE_COLOR_jpg.rf.ed1fbb6bedd93a01cf46600b72b9d23d.jpg,1.0
cl6ov2mbq00bkao55f51zgp24_6_SWIR_jpg.rf.fe218af3a2963dc6ce91e650169a0251.jpg,1.0
cl6ouy5ul00bbao554spr79nb_4_FALSE_COLOR__URBAN_jpg.rf.ffe3b24a1872da484e03d39ad2080614.jpg,1.0
batch_b10_tile_1.png,
batch_b10_tile_10.png,0.0
batch_b10_tile_100.png,0.0
batch_b10_tile_101.png,0.0
batch_b10_tile_102.png,0.0
batch_b10_tile_103.png,0.0
batch_b10_tile_104.png,0.0
batch_b10_tile_105.png,0.0
batch_b10_tile_106.png,0.0
batch_b10_tile_107.png,0.0
batch_b10_tile_108.png,0.0
batch_b10_tile_109.png,0.0
batch_b10_tile_11.png,0.0
batch_b10_tile_110.png,0.0
batch_b10_tile_111.png,0.0
batch_b10_tile_112.png,0.0
batch_b10_tile_113.png,0.0
batch_b10_tile_114.png,0.0
batch_b10_tile_115.png,0.0
batch_b10_tile_116.png,0.0
batch_b10_tile_117.png,0.0
batch_b10_tile_118.png,0.0
batch_b10_tile_119.png,0.0
batch_b10_tile_12.png,0.0
batch_b10_tile_120.png,0.0
batch_b10_tile_121.png,0.0
batch_b10_tile_122.png,0.0
batch_b10_tile_123.png,0.0
batch_b10_tile_124.png,0.0
batch_b10_tile_125.png,0.0
batch_b10_tile_126.png,0.0
batch_b10_tile_127.png,0.0
batch_b10_tile_128.png,0.0
batch_b10_tile_129.png,0.0
batch_b10_tile_13.png,0.0
batch_b10_tile_130.png,0.0
batch_b10_tile_131.png,0.0
batch_b10_tile_132.png,0.0
batch_b10_tile_133.png,0.0
batch_b10_tile_134.png,0.0
batch_b10_tile_135.png,0.0
batch_b10_tile_136.png,0.0
batch_b10_tile_137.png,0.0
batch_b10_tile_138.png,0.0
batch_b10_tile_139.png,0.0
batch_b10_tile_14.png,0.0
batch_b10_tile_140.png,0.0
batch_b10_tile_141.png,0.0
batch_b10_tile_142.png,0.0
batch_b10_tile_143.png,0.0
batch_b10_tile_144.png,0.0
batch_b10_tile_145.png,0.0
batch_b10_tile_146.png,0.0
batch_b10_tile_147.png,0.0
batch_b10_tile_148.png,0.0
batch_b10_tile_149.png,0.0
batch_b10_tile_15.png,0.0
batch_b10_tile_150.png,0.0
batch_b10_tile_151.png,0.0
batch_b10_tile_152.png,0.0
batch_b10_tile_153.png,0.0
batch_b10_tile_154.png,0.0
batch_b10_tile_155.png,0.0
batch_b10_tile_156.png,0.0
batch_b10_tile_157.png,0.0
batch_b10_tile_158.png,0.0
batch_b10_tile_159.png,0.0
batch_b10_tile_16.png,0.0
batch_b10_tile_160.png,0.0
batch_b10_tile_161.png,0.0
batch_b10_tile_162.png,0.0
batch_b10_tile_163.png,0.0
batch_b10_tile_164.png,0.0
batch_b10_tile_165.png,0.0
batch_b10_tile_166.png,0.0
batch_b10_tile_167.png,0.0
batch_b10_tile_168.png,0.0
batch_b10_tile_169.png,0.0
batch_b10_tile_17.png,0.0
batch_b10_tile_170.png,0.0
batch_b10_tile_171.png,0.0
batch_b10_tile_172.png,0.0
batch_b10_tile_173.png,0.0
batch_b10_tile_174.png,0.0
batch_b10_tile_175.png,0.0
batch_b10_tile_176.png,0.0
batch_b10_tile_177.png,0.0
batch_b10_tile_178.png,0.0
batch_b10_tile_179.png,0.0
batch_b10_tile_18.png,0.0
batch_b10_tile_180.png,0.0
batch_b10_tile_181.png,0.0
batch_b10_tile_182.png,0.0
batch_b10_tile_183.png,0.0
batch_b10_tile_184.png,0.0
batch_b10_tile_185.png,0.0
batch_b10_tile_186.png,0.0
batch_b10_tile_187.png,0.0
batch_b10_tile_188.png,0.0
batch_b10_tile_189.png,0.0
batch_b10_tile_19.png,0.0
batch_b10_tile_190.png,0.0
batch_b10_tile_191.png,0.0
batch_b10_tile_192.png,0.0
batch_b10_tile_193.png,0.0
batch_b10_tile_194.png,0.0
batch_b10_tile_195.png,0.0
batch_b10_tile_196.png,0.0
batch_b10_tile_197.png,0.0
batch_b10_tile_198.png,0.0
batch_b10_tile_199.png,0.0
batch_b10_tile_2.png,0.0
batch_b10_tile_20.png,0.0
batch_b10_tile_200.png,0.0
batch_b10_tile_201.png,0.0
batch_b10_tile_202.png,0.0
batch_b10_tile_203.png,0.0
batch_b10_tile_204.png,0.0
batch_b10_tile_205.png,0.0
batch_b10_tile_206.png,0.0
batch_b10_tile_207.png,0.0
batch_b10_tile_208.png,0.0
batch_b10_tile_209.png,0.0
batch_b10_tile_21.png,0.0
batch_b10_tile_210.png,0.0
batch_b10_tile_211.png,0.0
batch_b10_tile_212.png,0.0
batch_b10_tile_213.png,0.0
batch_b10_tile_214.png,0.0
batch_b10_tile_215.png,0.0
batch_b10_tile_216.png,0.0
batch_b10_tile_217.png,0.0
batch_b10_tile_218.png,0.0
batch_b10_tile_219.png,0.0
batch_b10_tile_22.png,0.0
batch_b10_tile_220.png,0.0
batch_b10_tile_221.png,0.0
batch_b10_tile_222.png,0.0
batch_b10_tile_223.png,0.0
batch_b10_tile_224.png,0.0
batch_b10_tile_225.png,0.0
batch_b10_tile_226.png,0.0
batch_b10_tile_227.png,0.0
batch_b10_tile_228.png,0.0
batch_b10_tile_229.png,0.0
batch_b10_tile_23.png,0.0
batch_b10_tile_230.png,0.0
batch_b10_tile_231.png,0.0
batch_b10_tile_232.png,0.0
batch_b10_tile_233.png,0.0
batch_b10_tile_234.png,0.0
batch_b10_tile_235.png,0.0
batch_b10_tile_236.png,0.0
batch_b10_tile_237.png,0.0
batch_b10_tile_238.png,0.0
batch_b10_tile_239.png,0.0
batch_b10_tile_24.png,0.0
batch_b10_tile_240.png,0.0
batch_b10_tile_241.png,0.0
batch_b10_tile_242.png,0.0
batch_b10_tile_243.png,0.0
batch_b10_tile_244.png,0.0
batch_b10_tile_245.png,0.0
batch_b10_tile_246.png,0.0
batch_b10_tile_247.png,0.0
batch_b10_tile_248.png,0.0
batch_b10_tile_249.png,0.0
batch_b10_tile_25.png,0.0
batch_b10_tile_250.png,0.0
batch_b10_tile_251.png,0.0
batch_b10_tile_252.png,0.0
batch_b10_tile_253.png,0.0
batch_b10_tile_254.png,0.0
batch_b10_tile_255.png,0.0
batch_b10_tile_256.png,0.0
batch_b10_tile_257.png,0.0
batch_b10_tile_258.png,0.0
batch_b10_tile_259.png,0.0
batch_b10_tile_26.png,0.0
batch_b10_tile_260.png,0.0
batch_b10_tile_261.png,0.0
batch_b10_tile_262.png,0.0
batch_b10_tile_263.png,0.0
batch_b10_tile_264.png,0.0
batch_b10_tile_265.png,0.0
batch_b10_tile_266.png,0.0
batch_b10_tile_267.png,0.0
batch_b10_tile_268.png,0.0
batch_b10_tile_269.png,0.0
batch_b10_tile_27.png,0.0
batch_b10_tile_270.png,0.0
batch_b10_tile_271.png,0.0
batch_b10_tile_272.png,0.0
batch_b10_tile_273.png,0.0
batch_b10_tile_274.png,0.0
batch_b10_tile_275.png,0.0
batch_b10_tile_276.png,0.0
batch_b10_tile_277.png,0.0
batch_b10_tile_278.png,0.0
batch_b10_tile_279.png,0.0
batch_b10_tile_28.png,0.0
batch_b10_tile_280.png,0.0
batch_b10_tile_281.png,0.0
batch_b10_tile_282.png,0.0
batch_b10_tile_283.png,0.0
batch_b10_tile_284.png,0.0
batch_b10_tile_285.png,0.0
batch_b10_tile_286.png,0.0
batch_b10_tile_287.png,0.0
batch_b10_tile_288.png,0.0
batch_b10_tile_289.png,0.0
batch_b10_tile_29.png,0.0
batch_b10_tile_290.png,0.0
batch_b10_tile_291.png,0.0
batch_b10_tile_292.png,0.0
batch_b10_tile_293.png,0.0
batch_b10_tile_294.png,0.0
batch_b10_tile_295.png,0.0
batch_b10_tile_296.png,0.0
batch_b10_tile_297.png,0.0
batch_b10_tile_298.png,0.0
batch_b10_tile_299.png,0.0
batch_b10_tile_3.png,0.0
batch_b10_tile_30.png,0.0
batch_b10_tile_300.png,0.0
batch_b10_tile_301.png,0.0
batch_b10_tile_302.png,0.0
batch_b10_tile_303.png,0.0
batch_b10_tile_304.png,0.0
batch_b10_tile_305.png,0.0
batch_b10_tile_306.png,0.0
batch_b10_tile_307.png,0.0
batch_b10_tile_308.png,0.0
batch_b10_tile_309.png,0.0
batch_b10_tile_31.png,0.0
batch_b10_tile_310.png,0.0
batch_b10_tile_311.png,0.0
batch_b10_tile_312.png,0.0
batch_b10_tile_313.png,0.0
batch_b10_tile_314.png,0.0
batch_b10_tile_315.png,0.0
batch_b10_tile_316.png,0.0
batch_b10_tile_317.png,0.0
batch_b10_tile_318.png,0.0
batch_b10_tile_319.png,0.0
batch_b10_tile_32.png,0.0
batch_b10_tile_320.png,0.0
batch_b10_tile_321.png,0.0
batch_b10_tile_322.png,0.0
batch_b10_tile_323.png,0.0
batch_b10_tile_324.png,0.0
batch_b10_tile_325.png,0.0
batch_b10_tile_326.png,0.0
batch_b10_tile_327.png,0.0
batch_b10_tile_328.png,0.0
batch_b10_tile_329.png,0.0
batch_b10_tile_33.png,0.0
batch_b10_tile_330.png,0.0
batch_b10_tile_331.png,0.0
batch_b10_tile_332.png,0.0
batch_b10_tile_333.png,0.0
batch_b10_tile_334.png,0.0
batch_b10_tile_335.png,0.0
batch_b10_tile_336.png,0.0
batch_b10_tile_337.png,0.0
batch_b10_tile_338.png,0.0
batch_b10_tile_339.png,0.0
batch_b10_tile_34.png,0.0
batch_b10_tile_340.png,0.0
batch_b10_tile_341.png,0.0
batch_b10_tile_342.png,0.0
batch_b10_tile_343.png,0.0
batch_b10_tile_344.png,0.0
batch_b10_tile_345.png,0.0
batch_b10_tile_346.png,0.0
batch_b10_tile_347.png,0.0
batch_b10_tile_348.png,0.0
batch_b10_tile_349.png,0.0
batch_b10_tile_35.png,0.0
batch_b10_tile_350.png,0.0
batch_b10_tile_351.png,0.0
batch_b10_tile_352.png,0.0
batch_b10_tile_353.png,0.0
batch_b10_tile_354.png,0.0
batch_b10_tile_355.png,0.0
batch_b10_tile_356.png,0.0
batch_b10_tile_357.png,0.0
batch_b10_tile_358.png,0.0
batch_b10_tile_359.png,0.0
batch_b10_tile_36.png,0.0
batch_b10_tile_360.png,0.0
batch_b10_tile_361.png,0.0
batch_b10_tile_362.png,0.0
batch_b10_tile_363.png,0.0
batch_b10_tile_364.png,0.0
batch_b10_tile_365.png,0.0
batch_b10_tile_366.png,0.0
batch_b10_tile_367.png,0.0
batch_b10_tile_368.png,0.0
batch_b10_tile_369.png,0.0
batch_b10_tile_37.png,0.0
batch_b10_tile_370.png,0.0
batch_b10_tile_371.png,0.0
batch_b10_tile_372.png,0.0
batch_b10_tile_373.png,0.0
batch_b10_tile_374.png,0.0
batch_b10_tile_375.png,0.0
batch_b10_tile_376.png,0.0
batch_b10_tile_377.png,0.0
batch_b10_tile_378.png,0.0
batch_b10_tile_379.png,0.0
batch_b10_tile_38.png,0.0
batch_b10_tile_380.png,0.0
batch_b10_tile_381.png,0.0
batch_b10_tile_382.png,0.0
batch_b10_tile_383.png,0.0
batch_b10_tile_384.png,0.0
batch_b10_tile_385.png,0.0
batch_b10_tile_386.png,0.0
batch_b10_tile_387.png,0.0
batch_b10_tile_388.png,0.0
batch_b10_tile_389.png,0.0
batch_b10_tile_39.png,0.0
batch_b10_tile_390.png,0.0
batch_b10_tile_391.png,0.0
batch_b10_tile_392.png,0.0
batch_b10_tile_393.png,0.0
batch_b10_tile_394.png,0.0
batch_b10_tile_395.png,0.0
batch_b10_tile_396.png,0.0
batch_b10_tile_397.png,0.0
batch_b10_tile_398.png,0.0
batch_b10_tile_399.png,0.0
batch_b10_tile_4.png,0.0
batch_b10_tile_40.png,0.0
batch_b10_tile_400.png,0.0
batch_b10_tile_401.png,0.0
batch_b10_tile_402.png,0.0
batch_b10_tile_403.png,0.0
batch_b10_tile_404.png,0.0
batch_b10_tile_405.png,0.0
batch_b10_tile_406.png,0.0
batch_b10_tile_407.png,0.0
batch_b10_tile_408.png,0.0
batch_b10_tile_409.png,0.0
batch_b10_tile_41.png,0.0
batch_b10_tile_410.png,0.0
batch_b10_tile_411.png,0.0
batch_b10_tile_412.png,0.0
batch_b10_tile_413.png,0.0
batch_b10_tile_414.png,0.0
batch_b10_tile_415.png,0.0
batch_b10_tile_416.png,0.0
batch_b10_tile_417.png,0.0
batch_b10_tile_418.png,0.0
batch_b10_tile_419.png,0.0
batch_b10_tile_42.png,0.0
batch_b10_tile_420.png,0.0
batch_b10_tile_421.png,0.0
batch_b10_tile_422.png,0.0
batch_b10_tile_423.png,0.0
batch_b10_tile_424.png,0.0
batch_b10_tile_425.png,0.0
batch_b10_tile_426.png,0.0
batch_b10_tile_427.png,0.0
batch_b10_tile_428.png,0.0
batch_b10_tile_429.png,0.0
batch_b10_tile_43.png,0.0
batch_b10_tile_430.png,0.0
batch_b10_tile_431.png,0.0
batch_b10_tile_432.png,0.0
batch_b10_tile_433.png,0.0
batch_b10_tile_434.png,0.0
batch_b10_tile_435.png,0.0
batch_b10_tile_436.png,0.0
batch_b10_tile_437.png,0.0
batch_b10_tile_438.png,0.0
batch_b10_tile_439.png,0.0
batch_b10_tile_44.png,0.0
batch_b10_tile_440.png,0.0
batch_b10_tile_441.png,0.0
batch_b10_tile_442.png,0.0
batch_b10_tile_443.png,0.0
batch_b10_tile_444.png,0.0
batch_b10_tile_445.png,0.0
batch_b10_tile_446.png,0.0
batch_b10_tile_447.png,0.0
batch_b10_tile_448.png,0.0
batch_b10_tile_449.png,0.0
batch_b10_tile_45.png,0.0
batch_b10_tile_450.png,0.0
batch_b10_tile_451.png,0.0
batch_b10_tile_452.png,0.0
batch_b10_tile_453.png,0.0
batch_b10_tile_454.png,0.0
batch_b10_tile_455.png,0.0
batch_b10_tile_456.png,0.0
batch_b10_tile_457.png,0.0
batch_b10_tile_458.png,0.0
batch_b10_tile_459.png,0.0
batch_b10_tile_46.png,0.0
batch_b10_tile_460.png,0.0
batch_b10_tile_461.png,0.0
batch_b10_tile_462.png,0.0
batch_b10_tile_463.png,0.0
batch_b10_tile_464.png,0.0
batch_b10_tile_465.png,0.0
batch_b10_tile_466.png,0.0
batch_b10_tile_467.png,0.0
batch_b10_tile_468.png,0.0
batch_b10_tile_469.png,0.0
batch_b10_tile_47.png,0.0
batch_b10_tile_470.png,0.0
batch_b10_tile_471.png,0.0
batch_b10_tile_472.png,0.0
batch_b10_tile_473.png,0.0
batch_b10_tile_474.png,0.0
batch_b10_tile_475.png,0.0
batch_b10_tile_476.png,0.0
batch_b10_tile_477.png,0.0
batch_b10_tile_478.png,0.0
batch_b10_tile_479.png,0.0
batch_b10_tile_48.png,0.0
batch_b10_tile_480.png,0.0
batch_b10_tile_481.png,0.0
batch_b10_tile_482.png,0.0
batch_b10_tile_483.png,0.0
batch_b10_tile_484.png,0.0
batch_b10_tile_485.png,0.0
batch_b10_tile_486.png,0.0
batch_b10_tile_487.png,0.0
batch_b10_tile_488.png,0.0
batch_b10_tile_489.png,0.0
batch_b10_tile_49.png,0.0
batch_b10_tile_490.png,0.0
batch_b10_tile_491.png,0.0
batch_b10_tile_492.png,0.0
batch_b10_tile_493.png,0.0
batch_b10_tile_494.png,0.0
batch_b10_tile_495.png,0.0
batch_b10_tile_496.png,0.0
batch_b10_tile_497.png,0.0
batch_b10_tile_498.png,0.0
batch_b10_tile_499.png,0.0
batch_b10_tile_5.png,0.0
batch_b10_tile_50.png,0.0
batch_b10_tile_500.png,0.0
batch_b10_tile_51.png,0.0
batch_b10_tile_52.png,0.0
batch_b10_tile_53.png,0.0
batch_b10_tile_54.png,0.0
batch_b10_tile_55.png,0.0
batch_b10_tile_56.png,0.0
batch_b10_tile_57.png,0.0
batch_b10_tile_58.png,0.0
batch_b10_tile_59.png,0.0
batch_b10_tile_6.png,0.0
batch_b10_tile_60.png,0.0
batch_b10_tile_61.png,0.0
batch_b10_tile_62.png,0.0
batch_b10_tile_63.png,0.0
batch_b10_tile_64.png,0.0
batch_b10_tile_65.png,0.0
batch_b10_tile_66.png,0.0
batch_b10_tile_67.png,0.0
batch_b10_tile_68.png,0.0
batch_b10_tile_69.png,0.0
batch_b10_tile_7.png,0.0
batch_b10_tile_70.png,0.0
batch_b10_tile_71.png,0.0
batch_b10_tile_72.png,0.0
batch_b10_tile_73.png,0.0
batch_b10_tile_74.png,0.0
batch_b10_tile_75.png,0.0
batch_b10_tile_76.png,0.0
batch_b10_tile_77.png,0.0
batch_b10_tile_78.png,0.0
batch_b10_tile_79.png,0.0
batch_b10_tile_8.png,0.0
batch_b10_tile_80.png,0.0
batch_b10_tile_81.png,0.0
batch_b10_tile_82.png,0.0
batch_b10_tile_83.png,0.0
batch_b10_tile_84.png,0.0
batch_b10_tile_85.png,0.0
batch_b10_tile_86.png,0.0
batch_b10_tile_87.png,0.0
batch_b10_tile_88.png,0.0
batch_b10_tile_89.png,0.0
batch_b10_tile_9.png,0.0
batch_b10_tile_90.png,0.0
batch_b10_tile_91.png,0.0
batch_b10_tile_92.png,0.0
batch_b10_tile_93.png,0.0
batch_b10_tile_94.png,0.0
batch_b10_tile_95.png,0.0
batch_b10_tile_96.png,0.0
batch_b10_tile_97.png,0.0
batch_b10_tile_98.png,0.0
batch_b10_tile_99.png,0.0
batch_b11_tile_10.png,0.0
batch_b11_tile_100.png,0.0
batch_b11_tile_101.png,0.0
batch_b11_tile_102.png,0.0
batch_b11_tile_103.png,0.0
batch_b11_tile_104.png,0.0
batch_b11_tile_105.png,0.0
batch_b11_tile_106.png,0.0
batch_b11_tile_107.png,0.0
batch_b11_tile_108.png,0.0
batch_b11_tile_109.png,0.0
batch_b11_tile_11.png,0.0
batch_b11_tile_110.png,0.0
batch_b11_tile_111.png,0.0
batch_b11_tile_112.png,0.0
batch_b11_tile_113.png,0.0
batch_b11_tile_114.png,0.0
batch_b11_tile_115.png,0.0
batch_b11_tile_116.png,0.0
batch_b11_tile_117.png,0.0
batch_b11_tile_118.png,0.0
batch_b11_tile_119.png,0.0
batch_b11_tile_12.png,0.0
batch_b11_tile_120.png,0.0
batch_b11_tile_122.png,0.0
batch_b11_tile_123.png,0.0
batch_b11_tile_124.png,0.0
batch_b11_tile_125.png,0.0
batch_b11_tile_126.png,0.0
batch_b11_tile_127.png,0.0
batch_b11_tile_128.png,0.0
batch_b11_tile_129.png,0.0
batch_b11_tile_13.png,0.0
batch_b11_tile_130.png,0.0
batch_b11_tile_131.png,0.0
batch_b11_tile_132.png,0.0
batch_b11_tile_133.png,0.0
batch_b11_tile_134.png,0.0
batch_b11_tile_135.png,0.0
batch_b11_tile_136.png,0.0
batch_b11_tile_137.png,0.0
batch_b11_tile_138.png,0.0
batch_b11_tile_139.png,0.0
batch_b11_tile_14.png,0.0
batch_b11_tile_140.png,0.0
batch_b11_tile_141.png,0.0
batch_b11_tile_142.png,0.0
batch_b11_tile_143.png,0.0
batch_b11_tile_144.png,0.0
batch_b11_tile_145.png,0.0
batch_b11_tile_146.png,0.0
batch_b11_tile_147.png,0.0
batch_b11_tile_148.png,0.0
batch_b11_tile_149.png,0.0
batch_b11_tile_15.png,0.0
batch_b11_tile_150.png,0.0
batch_b11_tile_151.png,0.0
batch_b11_tile_152.png,0.0
batch_b11_tile_153.png,0.0
batch_b11_tile_154.png,0.0
batch_b11_tile_155.png,0.0
batch_b11_tile_156.png,0.0
batch_b11_tile_157.png,0.0
batch_b11_tile_158.png,0.0
batch_b11_tile_159.png,0.0
batch_b11_tile_16.png,0.0
batch_b11_tile_160.png,0.0
batch_b11_tile_162.png,0.0
batch_b11_tile_163.png,0.0
batch_b11_tile_164.png,0.0
batch_b11_tile_165.png,0.0
batch_b11_tile_166.png,0.0
batch_b11_tile_167.png,0.0
batch_b11_tile_168.png,0.0
batch_b11_tile_169.png,0.0
batch_b11_tile_17.png,0.0
batch_b11_tile_170.png,0.0
batch_b11_tile_171.png,0.0
batch_b11_tile_172.png,0.0
batch_b11_tile_173.png,0.0
batch_b11_tile_174.png,0.0
batch_b11_tile_175.png,0.0
batch_b11_tile_176.png,0.0
batch_b11_tile_177.png,0.0
batch_b11_tile_178.png,0.0
batch_b11_tile_179.png,0.0
batch_b11_tile_18.png,0.0
batch_b11_tile_180.png,0.0
batch_b11_tile_181.png,0.0
batch_b11_tile_182.png,0.0
batch_b11_tile_183.png,0.0
batch_b11_tile_184.png,0.0
batch_b11_tile_185.png,0.0
batch_b11_tile_186.png,0.0
batch_b11_tile_187.png,0.0
batch_b11_tile_188.png,0.0
batch_b11_tile_189.png,0.0
batch_b11_tile_19.png,0.0
batch_b11_tile_190.png,0.0
batch_b11_tile_191.png,0.0
batch_b11_tile_192.png,0.0
batch_b11_tile_193.png,0.0
batch_b11_tile_194.png,0.0
batch_b11_tile_195.png,0.0
batch_b11_tile_196.png,0.0
batch_b11_tile_197.png,0.0
batch_b11_tile_198.png,0.0
batch_b11_tile_199.png,0.0
batch_b11_tile_2.png,0.0
batch_b11_tile_20.png,0.0
batch_b11_tile_200.png,0.0
batch_b11_tile_202.png,0.0
batch_b11_tile_203.png,0.0
batch_b11_tile_204.png,0.0
batch_b11_tile_205.png,0.0
batch_b11_tile_206.png,0.0
batch_b11_tile_207.png,0.0
batch_b11_tile_208.png,0.0
batch_b11_tile_209.png,0.0
batch_b11_tile_21.png,0.0
batch_b11_tile_210.png,0.0
batch_b11_tile_211.png,0.0
batch_b11_tile_212.png,0.0
batch_b11_tile_213.png,0.0
batch_b11_tile_214.png,0.0
batch_b11_tile_215.png,0.0
batch_b11_tile_216.png,0.0
batch_b11_tile_217.png,0.0
batch_b11_tile_218.png,0.0
batch_b11_tile_219.png,0.0
batch_b11_tile_22.png,0.0
batch_b11_tile_220.png,0.0
batch_b11_tile_221.png,0.0
batch_b11_tile_222.png,0.0
batch_b11_tile_223.png,0.0
batch_b11_tile_224.png,0.0
batch_b11_tile_225.png,0.0
batch_b11_tile_226.png,0.0
batch_b11_tile_227.png,0.0
batch_b11_tile_228.png,0.0
batch_b11_tile_229.png,0.0
batch_b11_tile_23.png,0.0
batch_b11_tile_230.png,0.0
batch_b11_tile_231.png,0.0
batch_b11_tile_232.png,0.0
batch_b11_tile_233.png,0.0
batch_b11_tile_234.png,0.0
batch_b11_tile_235.png,0.0
batch_b11_tile_236.png,0.0
batch_b11_tile_237.png,0.0
batch_b11_tile_238.png,0.0
batch_b11_tile_239.png,0.0
batch_b11_tile_24.png,0.0
batch_b11_tile_240.png,0.0
batch_b11_tile_242.png,0.0
batch_b11_tile_243.png,0.0
batch_b11_tile_244.png,0.0
batch_b11_tile_245.png,0.0
batch_b11_tile_246.png,0.0
batch_b11_tile_247.png,0.0
batch_b11_tile_248.png,0.0
batch_b11_tile_249.png,0.0
batch_b11_tile_25.png,0.0
batch_b11_tile_250.png,0.0
batch_b11_tile_251.png,0.0
batch_b11_tile_252.png,0.0
batch_b11_tile_253.png,0.0
batch_b11_tile_254.png,0.0
batch_b11_tile_255.png,0.0
batch_b11_tile_256.png,0.0
batch_b11_tile_257.png,0.0
batch_b11_tile_258.png,0.0
batch_b11_tile_259.png,0.0
batch_b11_tile_26.png,0.0
batch_b11_tile_260.png,0.0
batch_b11_tile_261.png,0.0
batch_b11_tile_262.png,0.0
batch_b11_tile_263.png,0.0
batch_b11_tile_264.png,0.0
batch_b11_tile_265.png,0.0
batch_b11_tile_266.png,0.0
batch_b11_tile_267.png,0.0
batch_b11_tile_268.png,0.0
batch_b11_tile_269.png,0.0
batch_b11_tile_27.png,0.0
batch_b11_tile_270.png,0.0
batch_b11_tile_271.png,0.0
batch_b11_tile_272.png,0.0
batch_b11_tile_273.png,0.0
batch_b11_tile_274.png,0.0
batch_b11_tile_275.png,0.0
batch_b11_tile_276.png,0.0
batch_b11_tile_277.png,0.0
batch_b11_tile_278.png,0.0
batch_b11_tile_279.png,0.0
batch_b11_tile_28.png,0.0
batch_b11_tile_280.png,0.0
batch_b11_tile_281.png,0.0
batch_b11_tile_282.png,0.0
batch_b11_tile_283.png,0.0
batch_b11_tile_284.png,0.0
batch_b11_tile_285.png,0.0
batch_b11_tile_286.png,0.0
batch_b11_tile_287.png,0.0
batch_b11_tile_288.png,0.0
batch_b11_tile_289.png,0.0
batch_b11_tile_29.png,0.0
batch_b11_tile_290.png,0.0
batch_b11_tile_291.png,0.0
batch_b11_tile_292.png,0.0
batch_b11_tile_293.png,0.0
batch_b11_tile_294.png,0.0
batch_b11_tile_295.png,0.0
batch_b11_tile_296.png,0.0
batch_b11_tile_297.png,0.0
batch_b11_tile_298.png,0.0
batch_b11_tile_299.png,0.0
batch_b11_tile_3.png,0.0
batch_b11_tile_30.png,0.0
batch_b11_tile_300.png,0.0
batch_b11_tile_301.png,0.0
batch_b11_tile_302.png,0.0
batch_b11_tile_303.png,0.0
batch_b11_tile_304.png,0.0
batch_b11_tile_305.png,0.0
batch_b11_tile_306.png,0.0
batch_b11_tile_307.png,0.0
batch_b11_tile_308.png,0.0
batch_b11_tile_309.png,0.0
batch_b11_tile_31.png,0.0
batch_b11_tile_310.png,0.0
batch_b11_tile_311.png,0.0
batch_b11_tile_312.png,0.0
batch_b11_tile_313.png,0.0
batch_b11_tile_314.png,0.0
batch_b11_tile_315.png,0.0
batch_b11_tile_316.png,0.0
batch_b11_tile_317.png,0.0
batch_b11_tile_318.png,0.0
batch_b11_tile_319.png,0.0
batch_b11_tile_32.png,0.0
batch_b11_tile_320.png,0.0
batch_b11_tile_321.png,0.0
batch_b11_tile_322.png,0.0
batch_b11_tile_323.png,0.0
batch_b11_tile_324.png,0.0
batch_b11_tile_325.png,0.0
batch_b11_tile_326.png,0.0
batch_b11_tile_327.png,0.0
batch_b11_tile_328.png,0.0
batch_b11_tile_329.png,0.0
batch_b11_tile_33.png,0.0
batch_b11_tile_330.png,0.0
batch_b11_tile_331.png,0.0
batch_b11_tile_332.png,0.0
batch_b11_tile_333.png,0.0
batch_b11_tile_334.png,0.0
batch_b11_tile_335.png,0.0
batch_b11_tile_336.png,0.0
batch_b11_tile_337.png,0.0
batch_b11_tile_338.png,0.0
batch_b11_tile_339.png,0.0
batch_b11_tile_34.png,0.0
batch_b11_tile_340.png,0.0
batch_b11_tile_341.png,0.0
batch_b11_tile_342.png,0.0
batch_b11_tile_343.png,0.0
batch_b11_tile_344.png,0.0
batch_b11_tile_345.png,0.0
batch_b11_tile_346.png,0.0
batch_b11_tile_347.png,0.0
batch_b11_tile_348.png,0.0
batch_b11_tile_349.png,0.0
batch_b11_tile_35.png,0.0
batch_b11_tile_350.png,0.0
batch_b11_tile_351.png,0.0
batch_b11_tile_352.png,0.0
batch_b11_tile_353.png,0.0
batch_b11_tile_354.png,0.0
batch_b11_tile_355.png,0.0
batch_b11_tile_356.png,0.0
batch_b11_tile_357.png,0.0
batch_b11_tile_358.png,0.0
batch_b11_tile_359.png,0.0
batch_b11_tile_36.png,0.0
batch_b11_tile_360.png,0.0
batch_b11_tile_361.png,0.0
batch_b11_tile_362.png,0.0
batch_b11_tile_363.png,0.0
batch_b11_tile_364.png,0.0
batch_b11_tile_365.png,0.0
batch_b11_tile_366.png,0.0
batch_b11_tile_367.png,0.0
batch_b11_tile_368.png,0.0
batch_b11_tile_369.png,0.0
batch_b11_tile_37.png,0.0
batch_b11_tile_370.png,0.0
batch_b11_tile_371.png,0.0
batch_b11_tile_372.png,0.0
batch_b11_tile_373.png,0.0
batch_b11_tile_374.png,0.0
batch_b11_tile_375.png,0.0
batch_b11_tile_376.png,0.0
batch_b11_tile_377.png,0.0
batch_b11_tile_378.png,0.0
batch_b11_tile_379.png,0.0
batch_b11_tile_38.png,0.0
batch_b11_tile_380.png,0.0
batch_b11_tile_381.png,0.0
batch_b11_tile_382.png,0.0
batch_b11_tile_383.png,0.0
batch_b11_tile_384.png,0.0
batch_b11_tile_385.png,0.0
batch_b11_tile_386.png,0.0
batch_b11_tile_387.png,0.0
batch_b11_tile_388.png,0.0
batch_b11_tile_389.png,0.0
batch_b11_tile_39.png,0.0
batch_b11_tile_390.png,0.0
batch_b11_tile_391.png,0.0
batch_b11_tile_392.png,0.0
batch_b11_tile_393.png,0.0
batch_b11_tile_394.png,0.0
batch_b11_tile_395.png,0.0
batch_b11_tile_396.png,0.0
batch_b11_tile_397.png,0.0
batch_b11_tile_398.png,0.0
batch_b11_tile_399.png,0.0
batch_b11_tile_4.png,0.0
batch_b11_tile_40.png,0.0
batch_b11_tile_400.png,0.0
batch_b11_tile_401.png,0.0
batch_b11_tile_402.png,0.0
batch_b11_tile_403.png,0.0
batch_b11_tile_404.png,0.0
batch_b11_tile_405.png,0.0
batch_b11_tile_406.png,0.0
batch_b11_tile_407.png,0.0
batch_b11_tile_408.png,0.0
batch_b11_tile_409.png,0.0
batch_b11_tile_410.png,0.0
batch_b11_tile_411.png,0.0
batch_b11_tile_412.png,0.0
batch_b11_tile_413.png,0.0
batch_b11_tile_414.png,0.0
batch_b11_tile_415.png,0.0
batch_b11_tile_416.png,0.0
batch_b11_tile_417.png,0.0
batch_b11_tile_418.png,0.0
batch_b11_tile_419.png,0.0
batch_b11_tile_42.png,0.0
batch_b11_tile_420.png,0.0
batch_b11_tile_421.png,0.0
batch_b11_tile_422.png,0.0
batch_b11_tile_423.png,0.0
batch_b11_tile_424.png,0.0
batch_b11_tile_425.png,0.0
batch_b11_tile_426.png,0.0
batch_b11_tile_427.png,0.0
batch_b11_tile_428.png,0.0
batch_b11_tile_429.png,0.0
batch_b11_tile_43.png,0.0
batch_b11_tile_430.png,0.0
batch_b11_tile_431.png,0.0
batch_b11_tile_432.png,0.0
batch_b11_tile_433.png,0.0
batch_b11_tile_434.png,0.0
batch_b11_tile_435.png,0.0
batch_b11_tile_436.png,0.0
batch_b11_tile_437.png,0.0
batch_b11_tile_438.png,0.0
batch_b11_tile_439.png,0.0
batch_b11_tile_44.png,0.0
batch_b11_tile_440.png,0.0
batch_b11_tile_442.png,0.0
batch_b11_tile_443.png,0.0
batch_b11_tile_444.png,0.0
batch_b11_tile_445.png,0.0
batch_b11_tile_446.png,0.0
batch_b11_tile_447.png,0.0
batch_b11_tile_448.png,0.0
batch_b11_tile_449.png,0.0
batch_b11_tile_45.png,0.0
batch_b11_tile_450.png,0.0
batch_b11_tile_451.png,0.0
batch_b11_tile_452.png,0.0
batch_b11_tile_453.png,0.0
batch_b11_tile_454.png,0.0
batch_b11_tile_455.png,0.0
batch_b11_tile_456.png,0.0
batch_b11_tile_457.png,0.0
batch_b11_tile_458.png,0.0
batch_b11_tile_459.png,0.0
batch_b11_tile_46.png,0.0
batch_b11_tile_460.png,0.0
batch_b11_tile_461.png,0.0
batch_b11_tile_462.png,0.0
batch_b11_tile_463.png,0.0
batch_b11_tile_464.png,0.0
batch_b11_tile_465.png,0.0
batch_b11_tile_466.png,0.0
batch_b11_tile_467.png,0.0
batch_b11_tile_468.png,0.0
batch_b11_tile_469.png,0.0
batch_b11_tile_47.png,0.0
batch_b11_tile_470.png,0.0
batch_b11_tile_471.png,0.0
batch_b11_tile_472.png,0.0
batch_b11_tile_473.png,0.0
batch_b11_tile_474.png,0.0
batch_b11_tile_475.png,0.0
batch_b11_tile_476.png,0.0
batch_b11_tile_477.png,0.0
batch_b11_tile_478.png,0.0
batch_b11_tile_479.png,0.0
batch_b11_tile_48.png,0.0
batch_b11_tile_480.png,0.0
batch_b11_tile_482.png,0.0
batch_b11_tile_483.png,0.0
batch_b11_tile_484.png,0.0
batch_b11_tile_485.png,0.0
batch_b11_tile_486.png,0.0
batch_b11_tile_487.png,0.0
batch_b11_tile_488.png,0.0
batch_b11_tile_489.png,0.0
batch_b11_tile_49.png,0.0
batch_b11_tile_490.png,0.0
batch_b11_tile_491.png,0.0
batch_b11_tile_492.png,0.0
batch_b11_tile_493.png,0.0
batch_b11_tile_494.png,0.0
batch_b11_tile_495.png,0.0
batch_b11_tile_496.png,0.0
batch_b11_tile_497.png,0.0
batch_b11_tile_498.png,0.0
batch_b11_tile_499.png,0.0
batch_b11_tile_5.png,0.0
batch_b11_tile_50.png,0.0
batch_b11_tile_500.png,0.0
batch_b11_tile_51.png,0.0
batch_b11_tile_52.png,0.0
batch_b11_tile_53.png,0.0
batch_b11_tile_54.png,0.0
batch_b11_tile_55.png,0.0
batch_b11_tile_56.png,0.0
batch_b11_tile_57.png,0.0
batch_b11_tile_58.png,0.0
batch_b11_tile_59.png,0.0
batch_b11_tile_6.png,0.0
batch_b11_tile_60.png,0.0
batch_b11_tile_61.png,0.0
batch_b11_tile_62.png,0.0
batch_b11_tile_63.png,0.0
batch_b11_tile_64.png,0.0
batch_b11_tile_65.png,0.0
batch_b11_tile_66.png,0.0
batch_b11_tile_67.png,0.0
batch_b11_tile_68.png,0.0
batch_b11_tile_69.png,0.0
batch_b11_tile_7.png,0.0
batch_b11_tile_70.png,0.0
batch_b11_tile_71.png,0.0
batch_b11_tile_72.png,0.0
batch_b11_tile_73.png,0.0
batch_b11_tile_74.png,0.0
batch_b11_tile_75.png,0.0
batch_b11_tile_76.png,0.0
batch_b11_tile_77.png,0.0
batch_b11_tile_78.png,0.0
batch_b11_tile_79.png,0.0
batch_b11_tile_8.png,0.0
batch_b11_tile_80.png,0.0
batch_b11_tile_81.png,0.0
batch_b11_tile_82.png,0.0
batch_b11_tile_83.png,0.0
batch_b11_tile_84.png,0.0
batch_b11_tile_85.png,0.0
batch_b11_tile_86.png,0.0
batch_b11_tile_87.png,0.0
batch_b11_tile_88.png,0.0
batch_b11_tile_89.png,0.0
batch_b11_tile_9.png,0.0
batch_b11_tile_90.png,0.0
batch_b11_tile_91.png,0.0
batch_b11_tile_92.png,0.0
batch_b11_tile_93.png,0.0
batch_b11_tile_94.png,0.0
batch_b11_tile_95.png,0.0
batch_b11_tile_96.png,0.0
batch_b11_tile_97.png,0.0
batch_b11_tile_98.png,0.0
batch_b11_tile_99.png,0.0
batch_b1_tile_100.png,0.0
batch_b1_tile_104.png,0.0
batch_b1_tile_105.png,0.0
batch_b1_tile_106.png,0.0
batch_b1_tile_107.png,0.0
batch_b1_tile_108.png,0.0
batch_b1_tile_109.png,0.0
batch_b1_tile_110.png,0.0
batch_b1_tile_111.png,0.0
batch_b1_tile_112.png,0.0
batch_b1_tile_113.png,0.0
batch_b1_tile_114.png,0.0
batch_b1_tile_115.png,0.0
batch_b1_tile_116.png,0.0
batch_b1_tile_117.png,0.0
batch_b1_tile_118.png,0.0
batch_b1_tile_119.png,0.0
batch_b1_tile_12.png,0.0
batch_b1_tile_120.png,0.0
batch_b1_tile_124.png,0.0
batch_b1_tile_125.png,0.0
batch_b1_tile_126.png,0.0
batch_b1_tile_127.png,0.0
batch_b1_tile_128.png,0.0
batch_b1_tile_129.png,0.0
batch_b1_tile_13.png,0.0
batch_b1_tile_130.png,0.0
batch_b1_tile_131.png,0.0
batch_b1_tile_132.png,0.0
batch_b1_tile_133.png,0.0
batch_b1_tile_134.png,0.0
batch_b1_tile_135.png,0.0
batch_b1_tile_136.png,0.0
batch_b1_tile_137.png,0.0
batch_b1_tile_138.png,0.0
batch_b1_tile_139.png,0.0
batch_b1_tile_14.png,0.0
batch_b1_tile_140.png,0.0
batch_b1_tile_144.png,0.0
batch_b1_tile_145.png,0.0
batch_b1_tile_146.png,0.0
batch_b1_tile_147.png,0.0
batch_b1_tile_148.png,0.0
batch_b1_tile_149.png,0.0
batch_b1_tile_15.png,0.0
batch_b1_tile_150.png,0.0
batch_b1_tile_151.png,0.0
batch_b1_tile_152.png,0.0
batch_b1_tile_153.png,0.0
batch_b1_tile_154.png,0.0
batch_b1_tile_155.png,0.0
batch_b1_tile_156.png,0.0
batch_b1_tile_157.png,0.0
batch_b1_tile_158.png,0.0
batch_b1_tile_159.png,0.0
batch_b1_tile_16.png,0.0
batch_b1_tile_160.png,0.0
batch_b1_tile_164.png,0.0
batch_b1_tile_165.png,0.0
batch_b1_tile_166.png,0.0
batch_b1_tile_167.png,0.0
batch_b1_tile_168.png,0.0
batch_b1_tile_169.png,0.0
batch_b1_tile_17.png,0.0
batch_b1_tile_170.png,0.0
batch_b1_tile_171.png,0.0
batch_b1_tile_172.png,0.0
batch_b1_tile_173.png,0.0
batch_b1_tile_174.png,0.0
batch_b1_tile_175.png,0.0
batch_b1_tile_176.png,0.0
batch_b1_tile_177.png,0.0
batch_b1_tile_178.png,0.0
batch_b1_tile_179.png,0.0
batch_b1_tile_18.png,0.0
batch_b1_tile_180.png,0.0
batch_b1_tile_184.png,0.0
batch_b1_tile_185.png,0.0
batch_b1_tile_186.png,0.0
batch_b1_tile_187.png,0.0
batch_b1_tile_188.png,0.0
batch_b1_tile_189.png,0.0
batch_b1_tile_19.png,0.0
batch_b1_tile_190.png,0.0
batch_b1_tile_191.png,0.0
batch_b1_tile_192.png,0.0
batch_b1_tile_193.png,0.0
batch_b1_tile_194.png,0.0
batch_b1_tile_195.png,0.0
batch_b1_tile_196.png,0.0
batch_b1_tile_197.png,0.0
batch_b1_tile_198.png,0.0
batch_b1_tile_199.png,0.0
batch_b1_tile_20.png,0.0
batch_b1_tile_200.png,0.0
batch_b1_tile_204.png,0.0
batch_b1_tile_205.png,0.0
batch_b1_tile_206.png,0.0
batch_b1_tile_207.png,0.0
batch_b1_tile_208.png,0.0
batch_b1_tile_209.png,0.0
batch_b1_tile_210.png,0.0
batch_b1_tile_211.png,0.0
batch_b1_tile_212.png,0.0
batch_b1_tile_213.png,0.0
batch_b1_tile_214.png,0.0
batch_b1_tile_215.png,0.0
batch_b1_tile_216.png,0.0
batch_b1_tile_217.png,0.0
batch_b1_tile_218.png,0.0
batch_b1_tile_219.png,0.0
batch_b1_tile_220.png,0.0
batch_b1_tile_224.png,0.0
batch_b1_tile_225.png,0.0
batch_b1_tile_226.png,0.0
batch_b1_tile_227.png,0.0
batch_b1_tile_228.png,0.0
batch_b1_tile_229.png,0.0
batch_b1_tile_230.png,0.0
batch_b1_tile_231.png,0.0
batch_b1_tile_232.png,0.0
batch_b1_tile_233.png,0.0
batch_b1_tile_234.png,0.0
batch_b1_tile_235.png,0.0
batch_b1_tile_236.png,0.0
batch_b1_tile_237.png,0.0
batch_b1_tile_238.png,0.0
batch_b1_tile_239.png,0.0
batch_b1_tile_24.png,0.0
batch_b1_tile_240.png,0.0
batch_b1_tile_244.png,0.0
batch_b1_tile_245.png,0.0
batch_b1_tile_246.png,0.0
batch_b1_tile_247.png,0.0
batch_b1_tile_248.png,0.0
batch_b1_tile_249.png,0.0
batch_b1_tile_25.png,0.0
batch_b1_tile_250.png,0.0
batch_b1_tile_251.png,0.0
batch_b1_tile_252.png,0.0
batch_b1_tile_253.png,0.0
batch_b1_tile_254.png,0.0
batch_b1_tile_255.png,0.0
batch_b1_tile_256.png,0.0
batch_b1_tile_257.png,0.0
batch_b1_tile_258.png,0.0
batch_b1_tile_259.png,0.0
batch_b1_tile_26.png,0.0
batch_b1_tile_260.png,0.0
batch_b1_tile_27.png,0.0
batch_b1_tile_272.png,0.0
batch_b1_tile_273.png,0.0
batch_b1_tile_274.png,0.0
batch_b1_tile_28.png,0.0
batch_b1_tile_29.png,0.0
batch_b1_tile_292.png,0.0
batch_b1_tile_293.png,0.0
batch_b1_tile_294.png,0.0
batch_b1_tile_30.png,0.0
batch_b1_tile_31.png,0.0
batch_b1_tile_312.png,0.0
batch_b1_tile_313.png,0.0
batch_b1_tile_32.png,0.0
batch_b1_tile_33.png,0.0
batch_b1_tile_332.png,0.0
batch_b1_tile_333.png,0.0
batch_b1_tile_34.png,0.0
batch_b1_tile_35.png,0.0
batch_b1_tile_352.png,0.0
batch_b1_tile_353.png,0.0
batch_b1_tile_37.png,0.0
batch_b1_tile_373.png,0.0
batch_b1_tile_38.png,0.0
batch_b1_tile_39.png,0.0
batch_b1_tile_392.png,0.0
batch_b1_tile_393.png,0.0
batch_b1_tile_40.png,0.0
batch_b1_tile_412.png,0.0
batch_b1_tile_413.png,0.0
batch_b1_tile_432.png,0.0
batch_b1_tile_44.png,0.0
batch_b1_tile_45.png,0.0
batch_b1_tile_452.png,0.0
batch_b1_tile_46.png,0.0
batch_b1_tile_47.png,0.0
batch_b1_tile_472.png,0.0
batch_b1_tile_48.png,0.0
batch_b1_tile_49.png,0.0
batch_b1_tile_492.png,0.0
batch_b1_tile_50.png,0.0
batch_b1_tile_51.png,0.0
batch_b1_tile_52.png,0.0
batch_b1_tile_53.png,0.0
batch_b1_tile_54.png,0.0
batch_b1_tile_55.png,0.0
batch_b1_tile_56.png,0.0
batch_b1_tile_57.png,0.0
batch_b1_tile_58.png,0.0
batch_b1_tile_59.png,0.0
batch_b1_tile_60.png,0.0
batch_b1_tile_64.png,0.0
batch_b1_tile_65.png,0.0
batch_b1_tile_66.png,0.0
batch_b1_tile_67.png,0.0
batch_b1_tile_68.png,0.0
batch_b1_tile_69.png,0.0
batch_b1_tile_70.png,0.0
batch_b1_tile_71.png,0.0
batch_b1_tile_72.png,0.0
batch_b1_tile_73.png,0.0
batch_b1_tile_74.png,0.0
batch_b1_tile_75.png,0.0
batch_b1_tile_76.png,0.0
batch_b1_tile_77.png,0.0
batch_b1_tile_78.png,0.0
batch_b1_tile_79.png,0.0
batch_b1_tile_80.png,0.0
batch_b1_tile_84.png,0.0
batch_b1_tile_85.png,0.0
batch_b1_tile_86.png,0.0
batch_b1_tile_87.png,0.0
batch_b1_tile_88.png,0.0
batch_b1_tile_89.png,0.0
batch_b1_tile_90.png,0.0
batch_b1_tile_91.png,0.0
batch_b1_tile_92.png,0.0
batch_b1_tile_93.png,0.0
batch_b1_tile_94.png,0.0
batch_b1_tile_95.png,0.0
batch_b1_tile_96.png,0.0
batch_b1_tile_97.png,0.0
batch_b1_tile_98.png,0.0
batch_b1_tile_99.png,0.0
batch_b2_tile_10.png,0.0
batch_b2_tile_105.png,0.0
batch_b2_tile_106.png,0.0
batch_b2_tile_107.png,0.0
batch_b2_tile_108.png,0.0
batch_b2_tile_109.png,0.0
batch_b2_tile_11.png,0.0
batch_b2_tile_110.png,0.0
batch_b2_tile_111.png,0.0
batch_b2_tile_112.png,0.0
batch_b2_tile_113.png,0.0
batch_b2_tile_114.png,0.0
batch_b2_tile_115.png,0.0
batch_b2_tile_116.png,0.0
batch_b2_tile_12.png,0.0
batch_b2_tile_125.png,0.0
batch_b2_tile_126.png,0.0
batch_b2_tile_127.png,0.0
batch_b2_tile_128.png,0.0
batch_b2_tile_129.png,0.0
batch_b2_tile_13.png,0.0
batch_b2_tile_130.png,0.0
batch_b2_tile_131.png,0.0
batch_b2_tile_132.png,0.0
batch_b2_tile_133.png,0.0
batch_b2_tile_134.png,0.0
batch_b2_tile_135.png,0.0
batch_b2_tile_136.png,0.0
batch_b2_tile_14.png,0.0
batch_b2_tile_145.png,0.0
batch_b2_tile_146.png,0.0
batch_b2_tile_147.png,0.0
batch_b2_tile_148.png,0.0
batch_b2_tile_149.png,0.0
batch_b2_tile_15.png,0.0
batch_b2_tile_150.png,0.0
batch_b2_tile_151.png,0.0
batch_b2_tile_152.png,0.0
batch_b2_tile_153.png,0.0
batch_b2_tile_154.png,0.0
batch_b2_tile_155.png,0.0
batch_b2_tile_156.png,0.0
batch_b2_tile_16.png,0.0
batch_b2_tile_165.png,0.0
batch_b2_tile_166.png,0.0
batch_b2_tile_167.png,0.0
batch_b2_tile_168.png,0.0
batch_b2_tile_169.png,0.0
batch_b2_tile_170.png,0.0
batch_b2_tile_171.png,0.0
batch_b2_tile_172.png,0.0
batch_b2_tile_173.png,0.0
batch_b2_tile_174.png,0.0
batch_b2_tile_175.png,0.0
batch_b2_tile_176.png,0.0
batch_b2_tile_185.png,0.0
batch_b2_tile_186.png,0.0
batch_b2_tile_187.png,0.0
batch_b2_tile_188.png,0.0
batch_b2_tile_189.png,0.0
batch_b2_tile_190.png,0.0
batch_b2_tile_191.png,0.0
batch_b2_tile_192.png,0.0
batch_b2_tile_193.png,0.0
batch_b2_tile_194.png,0.0
batch_b2_tile_195.png,0.0
batch_b2_tile_196.png,0.0
batch_b2_tile_205.png,0.0
batch_b2_tile_206.png,0.0
batch_b2_tile_207.png,0.0
batch_b2_tile_208.png,0.0
batch_b2_tile_209.png,0.0
batch_b2_tile_210.png,0.0
batch_b2_tile_211.png,0.0
batch_b2_tile_212.png,0.0
batch_b2_tile_213.png,0.0
batch_b2_tile_214.png,0.0
batch_b2_tile_215.png,0.0
batch_b2_tile_216.png,0.0
batch_b2_tile_225.png,0.0
batch_b2_tile_226.png,0.0
batch_b2_tile_227.png,0.0
batch_b2_tile_228.png,0.0
batch_b2_tile_229.png,0.0
batch_b2_tile_230.png,0.0
batch_b2_tile_231.png,0.0
batch_b2_tile_232.png,0.0
batch_b2_tile_233.png,0.0
batch_b2_tile_234.png,0.0
batch_b2_tile_235.png,0.0
batch_b2_tile_236.png,0.0
batch_b2_tile_245.png,0.0
batch_b2_tile_246.png,0.0
batch_b2_tile_247.png,0.0
batch_b2_tile_248.png,0.0
batch_b2_tile_249.png,0.0
batch_b2_tile_25.png,0.0
batch_b2_tile_250.png,0.0
batch_b2_tile_251.png,0.0
batch_b2_tile_252.png,0.0
batch_b2_tile_253.png,0.0
batch_b2_tile_254.png,0.0
batch_b2_tile_255.png,0.0
batch_b2_tile_256.png,0.0
batch_b2_tile_26.png,0.0
batch_b2_tile_261.png,0.0
batch_b2_tile_262.png,0.0
batch_b2_tile_263.png,0.0
batch_b2_tile_264.png,0.0
batch_b2_tile_265.png,0.0
batch_b2_tile_266.png,0.0
batch_b2_tile_267.png,0.0
batch_b2_tile_268.png,0.0
batch_b2_tile_269.png,0.0
batch_b2_tile_27.png,0.0
batch_b2_tile_270.png,0.0
batch_b2_tile_271.png,0.0
batch_b2_tile_272.png,0.0
batch_b2_tile_273.png,0.0
batch_b2_tile_274.png,0.0
batch_b2_tile_275.png,0.0
batch_b2_tile_276.png,0.0
batch_b2_tile_28.png,0.0
batch_b2_tile_281.png,0.0
batch_b2_tile_282.png,0.0
batch_b2_tile_283.png,0.0
batch_b2_tile_284.png,0.0
batch_b2_tile_29.png,0.0
batch_b2_tile_291.png,0.0
batch_b2_tile_292.png,0.0
batch_b2_tile_30.png,0.0
batch_b2_tile_301.png,0.0
batch_b2_tile_302.png,0.0
batch_b2_tile_303.png,0.0
batch_b2_tile_304.png,0.0
batch_b2_tile_31.png,0.0
batch_b2_tile_311.png,0.0
batch_b2_tile_312.png,0.0
batch_b2_tile_32.png,0.0
batch_b2_tile_321.png,0.0
batch_b2_tile_322.png,0.0
batch_b2_tile_323.png,0.0
batch_b2_tile_324.png,0.0
batch_b2_tile_33.png,0.0
batch_b2_tile_331.png,0.0
batch_b2_tile_332.png,0.0
batch_b2_tile_34.png,0.0
batch_b2_tile_341.png,0.0
batch_b2_tile_342.png,0.0
batch_b2_tile_343.png,0.0
batch_b2_tile_344.png,0.0
batch_b2_tile_35.png,0.0
batch_b2_tile_351.png,0.0
batch_b2_tile_36.png,0.0
batch_b2_tile_361.png,0.0
batch_b2_tile_362.png,0.0
batch_b2_tile_363.png,0.0
batch_b2_tile_364.png,0.0
batch_b2_tile_371.png,0.0
batch_b2_tile_381.png,0.0
batch_b2_tile_382.png,0.0
batch_b2_tile_383.png,0.0
batch_b2_tile_384.png,0.0
batch_b2_tile_391.png,0.0
batch_b2_tile_401.png,0.0
batch_b2_tile_402.png,0.0
batch_b2_tile_403.png,0.0
batch_b2_tile_404.png,0.0
batch_b2_tile_411.png,0.0
batch_b2_tile_421.png,0.0
batch_b2_tile_422.png,0.0
batch_b2_tile_423.png,0.0
batch_b2_tile_424.png,0.0
batch_b2_tile_431.png,0.0
batch_b2_tile_441.png,0.0
batch_b2_tile_442.png,0.0
batch_b2_tile_443.png,0.0
batch_b2_tile_444.png,0.0
batch_b2_tile_45.png,0.0
batch_b2_tile_451.png,0.0
batch_b2_tile_46.png,0.0
batch_b2_tile_461.png,0.0
batch_b2_tile_462.png,0.0
batch_b2_tile_463.png,0.0
batch_b2_tile_464.png,0.0
batch_b2_tile_47.png,0.0
batch_b2_tile_471.png,0.0
batch_b2_tile_48.png,0.0
batch_b2_tile_482.png,0.0
batch_b2_tile_483.png,0.0
batch_b2_tile_484.png,0.0
batch_b2_tile_49.png,0.0
batch_b2_tile_491.png,0.0
batch_b2_tile_5.png,0.0
batch_b2_tile_50.png,0.0
batch_b2_tile_51.png,0.0
batch_b2_tile_52.png,0.0
batch_b2_tile_53.png,0.0
batch_b2_tile_54.png,0.0
batch_b2_tile_55.png,0.0
batch_b2_tile_56.png,0.0
batch_b2_tile_6.png,0.0
batch_b2_tile_65.png,0.0
batch_b2_tile_66.png,0.0
batch_b2_tile_67.png,0.0
batch_b2_tile_68.png,0.0
batch_b2_tile_69.png,0.0
batch_b2_tile_7.png,0.0
batch_b2_tile_70.png,0.0
batch_b2_tile_71.png,0.0
batch_b2_tile_72.png,0.0
batch_b2_tile_73.png,0.0
batch_b2_tile_74.png,0.0
batch_b2_tile_75.png,0.0
batch_b2_tile_76.png,0.0
batch_b2_tile_8.png,0.0
batch_b2_tile_85.png,0.0
batch_b2_tile_86.png,0.0
batch_b2_tile_87.png,0.0
batch_b2_tile_88.png,0.0
batch_b2_tile_89.png,0.0
batch_b2_tile_9.png,0.0
batch_b2_tile_90.png,0.0
batch_b2_tile_91.png,0.0
batch_b2_tile_92.png,0.0
batch_b2_tile_93.png,0.0
batch_b2_tile_94.png,0.0
batch_b2_tile_95.png,0.0
batch_b2_tile_96.png,0.0
batch_b3_tile_1.png,0.0
batch_b3_tile_10.png,0.0
batch_b3_tile_100.png,0.0
batch_b3_tile_101.png,0.0
batch_b3_tile_102.png,0.0
batch_b3_tile_103.png,0.0
batch_b3_tile_104.png,0.0
batch_b3_tile_105.png,0.0
batch_b3_tile_106.png,0.0
batch_b3_tile_107.png,0.0
batch_b3_tile_108.png,0.0
batch_b3_tile_109.png,0.0
batch_b3_tile_11.png,0.0
batch_b3_tile_110.png,0.0
batch_b3_tile_111.png,0.0
batch_b3_tile_112.png,0.0
batch_b3_tile_113.png,0.0
batch_b3_tile_114.png,0.0
batch_b3_tile_115.png,0.0
batch_b3_tile_116.png,0.0
batch_b3_tile_117.png,0.0
batch_b3_tile_118.png,0.0
batch_b3_tile_119.png,0.0
batch_b3_tile_12.png,0.0
batch_b3_tile_120.png,0.0
batch_b3_tile_121.png,0.0
batch_b3_tile_122.png,0.0
batch_b3_tile_123.png,0.0
batch_b3_tile_124.png,0.0
batch_b3_tile_125.png,0.0
batch_b3_tile_126.png,0.0
batch_b3_tile_127.png,0.0
batch_b3_tile_128.png,0.0
batch_b3_tile_129.png,0.0
batch_b3_tile_13.png,0.0
batch_b3_tile_130.png,0.0
batch_b3_tile_131.png,0.0
batch_b3_tile_132.png,0.0
batch_b3_tile_133.png,0.0
batch_b3_tile_134.png,0.0
batch_b3_tile_135.png,0.0
batch_b3_tile_136.png,0.0
batch_b3_tile_137.png,0.0
batch_b3_tile_138.png,0.0
batch_b3_tile_139.png,0.0
batch_b3_tile_14.png,0.0
batch_b3_tile_140.png,0.0
batch_b3_tile_141.png,0.0
batch_b3_tile_142.png,0.0
batch_b3_tile_143.png,0.0
batch_b3_tile_144.png,0.0
batch_b3_tile_145.png,0.0
batch_b3_tile_146.png,0.0
batch_b3_tile_147.png,0.0
batch_b3_tile_148.png,0.0
batch_b3_tile_149.png,0.0
batch_b3_tile_15.png,0.0
batch_b3_tile_150.png,0.0
batch_b3_tile_151.png,0.0
batch_b3_tile_152.png,0.0
batch_b3_tile_153.png,0.0
batch_b3_tile_154.png,0.0
batch_b3_tile_155.png,0.0
batch_b3_tile_156.png,0.0
batch_b3_tile_157.png,0.0
batch_b3_tile_158.png,0.0
batch_b3_tile_159.png,0.0
batch_b3_tile_16.png,0.0
batch_b3_tile_160.png,0.0
batch_b3_tile_161.png,0.0
batch_b3_tile_163.png,0.0
batch_b3_tile_164.png,0.0
batch_b3_tile_165.png,0.0
batch_b3_tile_166.png,0.0
batch_b3_tile_167.png,0.0
batch_b3_tile_168.png,0.0
batch_b3_tile_169.png,0.0
batch_b3_tile_17.png,0.0
batch_b3_tile_170.png,0.0
batch_b3_tile_171.png,0.0
batch_b3_tile_172.png,0.0
batch_b3_tile_173.png,0.0
batch_b3_tile_174.png,0.0
batch_b3_tile_175.png,0.0
batch_b3_tile_176.png,0.0
batch_b3_tile_177.png,0.0
batch_b3_tile_178.png,0.0
batch_b3_tile_179.png,0.0
batch_b3_tile_18.png,0.0
batch_b3_tile_180.png,0.0
batch_b3_tile_181.png,0.0
batch_b3_tile_182.png,0.0
batch_b3_tile_183.png,0.0
batch_b3_tile_184.png,0.0
batch_b3_tile_185.png,0.0
batch_b3_tile_186.png,0.0
batch_b3_tile_187.png,0.0
batch_b3_tile_188.png,0.0
batch_b3_tile_189.png,0.0
batch_b3_tile_19.png,0.0
batch_b3_tile_190.png,0.0
batch_b3_tile_191.png,0.0
batch_b3_tile_192.png,0.0
batch_b3_tile_193.png,0.0
batch_b3_tile_194.png,0.0
batch_b3_tile_195.png,0.0
batch_b3_tile_196.png,0.0
batch_b3_tile_197.png,0.0
batch_b3_tile_198.png,0.0
batch_b3_tile_199.png,0.0
batch_b3_tile_2.png,0.0
batch_b3_tile_20.png,0.0
batch_b3_tile_200.png,0.0
batch_b3_tile_201.png,0.0
batch_b3_tile_202.png,0.0
batch_b3_tile_203.png,0.0
batch_b3_tile_204.png,0.0
batch_b3_tile_205.png,0.0
batch_b3_tile_206.png,0.0
batch_b3_tile_207.png,0.0
batch_b3_tile_208.png,0.0
batch_b3_tile_209.png,0.0
batch_b3_tile_21.png,0.0
batch_b3_tile_210.png,0.0
batch_b3_tile_211.png,0.0
batch_b3_tile_212.png,0.0
batch_b3_tile_213.png,0.0
batch_b3_tile_214.png,0.0
batch_b3_tile_215.png,0.0
batch_b3_tile_216.png,0.0
batch_b3_tile_217.png,0.0
batch_b3_tile_218.png,0.0
batch_b3_tile_219.png,0.0
batch_b3_tile_22.png,0.0
batch_b3_tile_220.png,0.0
batch_b3_tile_221.png,0.0
batch_b3_tile_222.png,0.0
batch_b3_tile_223.png,0.0
batch_b3_tile_224.png,0.0
batch_b3_tile_225.png,0.0
batch_b3_tile_226.png,0.0
batch_b3_tile_227.png,0.0
batch_b3_tile_228.png,0.0
batch_b3_tile_229.png,0.0
batch_b3_tile_23.png,0.0
batch_b3_tile_230.png,0.0
batch_b3_tile_231.png,0.0
batch_b3_tile_232.png,0.0
batch_b3_tile_233.png,0.0
batch_b3_tile_234.png,0.0
batch_b3_tile_235.png,0.0
batch_b3_tile_236.png,0.0
batch_b3_tile_237.png,0.0
batch_b3_tile_238.png,0.0
batch_b3_tile_239.png,0.0
batch_b3_tile_24.png,0.0
batch_b3_tile_240.png,0.0
batch_b3_tile_241.png,0.0
batch_b3_tile_242.png,0.0
batch_b3_tile_244.png,0.0
batch_b3_tile_245.png,0.0
batch_b3_tile_246.png,0.0
batch_b3_tile_247.png,0.0
batch_b3_tile_248.png,0.0
batch_b3_tile_249.png,0.0
batch_b3_tile_25.png,0.0
batch_b3_tile_250.png,0.0
batch_b3_tile_251.png,0.0
batch_b3_tile_252.png,0.0
batch_b3_tile_253.png,0.0
batch_b3_tile_254.png,0.0
batch_b3_tile_255.png,0.0
batch_b3_tile_256.png,0.0
batch_b3_tile_257.png,0.0
batch_b3_tile_258.png,0.0
batch_b3_tile_259.png,0.0
batch_b3_tile_26.png,0.0
batch_b3_tile_260.png,0.0
batch_b3_tile_261.png,0.0
batch_b3_tile_262.png,0.0
batch_b3_tile_263.png,0.0
batch_b3_tile_264.png,0.0
batch_b3_tile_265.png,0.0
batch_b3_tile_266.png,0.0
batch_b3_tile_267.png,0.0
batch_b3_tile_269.png,0.0
batch_b3_tile_27.png,0.0
batch_b3_tile_270.png,0.0
batch_b3_tile_271.png,0.0
batch_b3_tile_272.png,0.0
batch_b3_tile_273.png,0.0
batch_b3_tile_274.png,0.0
batch_b3_tile_275.png,0.0
batch_b3_tile_276.png,0.0
batch_b3_tile_277.png,0.0
batch_b3_tile_278.png,0.0
batch_b3_tile_279.png,0.0
batch_b3_tile_28.png,0.0
batch_b3_tile_280.png,0.0
batch_b3_tile_281.png,0.0
batch_b3_tile_282.png,0.0
batch_b3_tile_283.png,0.0
batch_b3_tile_284.png,0.0
batch_b3_tile_285.png,0.0
batch_b3_tile_286.png,0.0
batch_b3_tile_287.png,0.0
batch_b3_tile_288.png,0.0
batch_b3_tile_289.png,0.0
batch_b3_tile_29.png,0.0
batch_b3_tile_290.png,0.0
batch_b3_tile_291.png,0.0
batch_b3_tile_292.png,0.0
batch_b3_tile_293.png,0.0
batch_b3_tile_294.png,0.0
batch_b3_tile_295.png,0.0
batch_b3_tile_296.png,0.0
batch_b3_tile_297.png,0.0
batch_b3_tile_298.png,0.0
batch_b3_tile_299.png,0.0
batch_b3_tile_3.png,0.0
batch_b3_tile_30.png,0.0
batch_b3_tile_300.png,0.0
batch_b3_tile_301.png,0.0
batch_b3_tile_302.png,0.0
batch_b3_tile_303.png,0.0
batch_b3_tile_304.png,0.0
batch_b3_tile_305.png,0.0
batch_b3_tile_306.png,0.0
batch_b3_tile_307.png,0.0
batch_b3_tile_308.png,0.0
batch_b3_tile_309.png,0.0
batch_b3_tile_31.png,0.0
batch_b3_tile_310.png,0.0
batch_b3_tile_311.png,0.0
batch_b3_tile_312.png,0.0
batch_b3_tile_313.png,0.0
batch_b3_tile_314.png,0.0
batch_b3_tile_315.png,0.0
batch_b3_tile_316.png,0.0
batch_b3_tile_317.png,0.0
batch_b3_tile_318.png,0.0
batch_b3_tile_319.png,0.0
batch_b3_tile_32.png,0.0
batch_b3_tile_320.png,0.0
batch_b3_tile_321.png,0.0
batch_b3_tile_322.png,0.0
batch_b3_tile_323.png,0.0
batch_b3_tile_324.png,0.0
batch_b3_tile_325.png,0.0
batch_b3_tile_326.png,0.0
batch_b3_tile_327.png,0.0
batch_b3_tile_328.png,0.0
batch_b3_tile_329.png,0.0
batch_b3_tile_33.png,0.0
batch_b3_tile_330.png,0.0
batch_b3_tile_331.png,0.0
batch_b3_tile_332.png,0.0
batch_b3_tile_333.png,0.0
batch_b3_tile_334.png,0.0
batch_b3_tile_335.png,0.0
batch_b3_tile_336.png,0.0
batch_b3_tile_337.png,0.0
batch_b3_tile_338.png,0.0
batch_b3_tile_339.png,0.0
batch_b3_tile_34.png,0.0
batch_b3_tile_340.png,0.0
batch_b3_tile_341.png,0.0
batch_b3_tile_342.png,0.0
batch_b3_tile_343.png,0.0
batch_b3_tile_344.png,0.0
batch_b3_tile_345.png,0.0
batch_b3_tile_346.png,0.0
batch_b3_tile_347.png,0.0
batch_b3_tile_348.png,0.0
batch_b3_tile_349.png,0.0
batch_b3_tile_35.png,0.0
batch_b3_tile_350.png,0.0
batch_b3_tile_351.png,0.0
batch_b3_tile_352.png,0.0
batch_b3_tile_353.png,0.0
batch_b3_tile_354.png,0.0
batch_b3_tile_355.png,0.0
batch_b3_tile_356.png,0.0
batch_b3_tile_357.png,0.0
batch_b3_tile_358.png,0.0
batch_b3_tile_359.png,0.0
batch_b3_tile_36.png,0.0
batch_b3_tile_360.png,0.0
batch_b3_tile_361.png,0.0
batch_b3_tile_362.png,0.0
batch_b3_tile_363.png,0.0
batch_b3_tile_364.png,0.0
batch_b3_tile_365.png,0.0
batch_b3_tile_366.png,0.0
batch_b3_tile_367.png,0.0
batch_b3_tile_368.png,0.0
batch_b3_tile_369.png,0.0
batch_b3_tile_37.png,0.0
batch_b3_tile_370.png,0.0
batch_b3_tile_371.png,0.0
batch_b3_tile_372.png,0.0
batch_b3_tile_373.png,0.0
batch_b3_tile_374.png,0.0
batch_b3_tile_375.png,0.0
batch_b3_tile_376.png,0.0
batch_b3_tile_377.png,0.0
batch_b3_tile_378.png,0.0
batch_b3_tile_379.png,0.0
batch_b3_tile_38.png,0.0
batch_b3_tile_380.png,0.0
batch_b3_tile_381.png,0.0
batch_b3_tile_382.png,0.0
batch_b3_tile_383.png,0.0
batch_b3_tile_384.png,0.0
batch_b3_tile_385.png,0.0
batch_b3_tile_386.png,0.0
batch_b3_tile_387.png,0.0
batch_b3_tile_388.png,0.0
batch_b3_tile_389.png,0.0
batch_b3_tile_39.png,0.0
batch_b3_tile_390.png,0.0
batch_b3_tile_391.png,0.0
batch_b3_tile_392.png,0.0
batch_b3_tile_393.png,0.0
batch_b3_tile_394.png,0.0
batch_b3_tile_395.png,0.0
batch_b3_tile_396.png,0.0
batch_b3_tile_397.png,0.0
batch_b3_tile_398.png,0.0
batch_b3_tile_399.png,0.0
batch_b3_tile_4.png,0.0
batch_b3_tile_40.png,0.0
batch_b3_tile_400.png,0.0
batch_b3_tile_401.png,0.0
batch_b3_tile_402.png,0.0
batch_b3_tile_403.png,0.0
batch_b3_tile_404.png,0.0
batch_b3_tile_405.png,0.0
batch_b3_tile_406.png,0.0
batch_b3_tile_407.png,0.0
batch_b3_tile_408.png,0.0
batch_b3_tile_409.png,0.0
batch_b3_tile_41.png,0.0
batch_b3_tile_410.png,0.0
batch_b3_tile_411.png,0.0
batch_b3_tile_412.png,0.0
batch_b3_tile_413.png,0.0
batch_b3_tile_414.png,0.0
batch_b3_tile_415.png,0.0
batch_b3_tile_416.png,0.0
batch_b3_tile_417.png,0.0
batch_b3_tile_418.png,0.0
batch_b3_tile_419.png,0.0
batch_b3_tile_42.png,0.0
batch_b3_tile_420.png,0.0
batch_b3_tile_421.png,0.0
batch_b3_tile_422.png,0.0
batch_b3_tile_423.png,0.0
batch_b3_tile_424.png,0.0
batch_b3_tile_425.png,0.0
batch_b3_tile_426.png,0.0
batch_b3_tile_427.png,0.0
batch_b3_tile_428.png,0.0
batch_b3_tile_429.png,0.0
batch_b3_tile_43.png,0.0
batch_b3_tile_430.png,0.0
batch_b3_tile_431.png,0.0
batch_b3_tile_432.png,0.0
batch_b3_tile_433.png,0.0
batch_b3_tile_434.png,0.0
batch_b3_tile_435.png,0.0
batch_b3_tile_436.png,0.0
batch_b3_tile_437.png,0.0
batch_b3_tile_438.png,0.0
batch_b3_tile_439.png,0.0
batch_b3_tile_44.png,0.0
batch_b3_tile_440.png,0.0
batch_b3_tile_441.png,0.0
batch_b3_tile_442.png,0.0
batch_b3_tile_443.png,0.0
batch_b3_tile_444.png,0.0
batch_b3_tile_445.png,0.0
batch_b3_tile_446.png,0.0
batch_b3_tile_447.png,0.0
batch_b3_tile_448.png,0.0
batch_b3_tile_449.png,0.0
batch_b3_tile_45.png,0.0
batch_b3_tile_450.png,0.0
batch_b3_tile_451.png,0.0
batch_b3_tile_452.png,0.0
batch_b3_tile_453.png,0.0
batch_b3_tile_454.png,0.0
batch_b3_tile_455.png,0.0
batch_b3_tile_456.png,0.0
batch_b3_tile_457.png,0.0
batch_b3_tile_458.png,0.0
batch_b3_tile_459.png,0.0
batch_b3_tile_46.png,0.0
batch_b3_tile_460.png,0.0
batch_b3_tile_462.png,0.0
batch_b3_tile_463.png,0.0
batch_b3_tile_464.png,0.0
batch_b3_tile_465.png,0.0
batch_b3_tile_466.png,0.0
batch_b3_tile_467.png,0.0
batch_b3_tile_468.png,0.0
batch_b3_tile_469.png,0.0
batch_b3_tile_47.png,0.0
batch_b3_tile_470.png,0.0
batch_b3_tile_471.png,0.0
batch_b3_tile_472.png,0.0
batch_b3_tile_473.png,0.0
batch_b3_tile_474.png,0.0
batch_b3_tile_475.png,0.0
batch_b3_tile_476.png,0.0
batch_b3_tile_477.png,0.0
batch_b3_tile_478.png,0.0
batch_b3_tile_479.png,0.0
batch_b3_tile_48.png,0.0
batch_b3_tile_480.png,0.0
batch_b3_tile_481.png,0.0
batch_b3_tile_482.png,0.0
batch_b3_tile_483.png,0.0
batch_b3_tile_484.png,0.0
batch_b3_tile_485.png,0.0
batch_b3_tile_486.png,0.0
batch_b3_tile_488.png,0.0
batch_b3_tile_489.png,0.0
batch_b3_tile_49.png,0.0
batch_b3_tile_490.png,0.0
batch_b3_tile_491.png,0.0
batch_b3_tile_492.png,0.0
batch_b3_tile_493.png,0.0
batch_b3_tile_494.png,0.0
batch_b3_tile_495.png,0.0
batch_b3_tile_496.png,0.0
batch_b3_tile_497.png,0.0
batch_b3_tile_498.png,0.0
batch_b3_tile_499.png,0.0
batch_b3_tile_5.png,0.0
batch_b3_tile_50.png,0.0
batch_b3_tile_51.png,0.0
batch_b3_tile_52.png,0.0
batch_b3_tile_53.png,0.0
batch_b3_tile_54.png,0.0
batch_b3_tile_55.png,0.0
batch_b3_tile_56.png,0.0
batch_b3_tile_57.png,0.0
batch_b3_tile_58.png,0.0
batch_b3_tile_59.png,0.0
batch_b3_tile_6.png,0.0
batch_b3_tile_60.png,0.0
batch_b3_tile_61.png,0.0
batch_b3_tile_62.png,0.0
batch_b3_tile_63.png,0.0
batch_b3_tile_64.png,0.0
batch_b3_tile_65.png,0.0
batch_b3_tile_66.png,0.0
batch_b3_tile_67.png,0.0
batch_b3_tile_68.png,0.0
batch_b3_tile_69.png,0.0
batch_b3_tile_7.png,0.0
batch_b3_tile_70.png,0.0
batch_b3_tile_71.png,0.0
batch_b3_tile_72.png,0.0
batch_b3_tile_73.png,0.0
batch_b3_tile_74.png,0.0
batch_b3_tile_75.png,0.0
batch_b3_tile_76.png,0.0
batch_b3_tile_77.png,0.0
batch_b3_tile_78.png,0.0
batch_b3_tile_79.png,0.0
batch_b3_tile_8.png,0.0
batch_b3_tile_80.png,0.0
batch_b3_tile_81.png,0.0
batch_b3_tile_83.png,0.0
batch_b3_tile_84.png,0.0
batch_b3_tile_85.png,0.0
batch_b3_tile_86.png,0.0
batch_b3_tile_87.png,0.0
batch_b3_tile_88.png,0.0
batch_b3_tile_89.png,0.0
batch_b3_tile_9.png,0.0
batch_b3_tile_90.png,0.0
batch_b3_tile_91.png,0.0
batch_b3_tile_92.png,0.0
batch_b3_tile_93.png,0.0
batch_b3_tile_94.png,0.0
batch_b3_tile_95.png,0.0
batch_b3_tile_96.png,0.0
batch_b3_tile_97.png,0.0
batch_b3_tile_98.png,0.0
batch_b3_tile_99.png,0.0
batch_b4_tile_116.png,0.0
batch_b4_tile_117.png,0.0
batch_b4_tile_119.png,0.0
batch_b4_tile_120.png,0.0
batch_b4_tile_121.png,0.0
batch_b4_tile_122.png,0.0
batch_b4_tile_123.png,0.0
batch_b4_tile_124.png,0.0
batch_b4_tile_125.png,0.0
batch_b4_tile_126.png,0.0
batch_b4_tile_127.png,0.0
batch_b4_tile_128.png,0.0
batch_b4_tile_129.png,0.0
batch_b4_tile_130.png,0.0
batch_b4_tile_131.png,0.0
batch_b4_tile_132.png,0.0
batch_b4_tile_133.png,0.0
batch_b4_tile_134.png,0.0
batch_b4_tile_135.png,0.0
batch_b4_tile_136.png,0.0
batch_b4_tile_137.png,0.0
batch_b4_tile_138.png,0.0
batch_b4_tile_139.png,0.0
batch_b4_tile_140.png,0.0
batch_b4_tile_141.png,0.0
batch_b4_tile_142.png,0.0
batch_b4_tile_143.png,0.0
batch_b4_tile_144.png,0.0
batch_b4_tile_145.png,0.0
batch_b4_tile_146.png,0.0
batch_b4_tile_147.png,0.0
batch_b4_tile_165.png,0.0
batch_b4_tile_166.png,0.0
batch_b4_tile_167.png,0.0
batch_b4_tile_168.png,0.0
batch_b4_tile_169.png,0.0
batch_b4_tile_170.png,0.0
batch_b4_tile_171.png,0.0
batch_b4_tile_172.png,0.0
batch_b4_tile_173.png,0.0
batch_b4_tile_174.png,0.0
batch_b4_tile_175.png,0.0
batch_b4_tile_176.png,0.0
batch_b4_tile_177.png,0.0
batch_b4_tile_178.png,0.0
batch_b4_tile_179.png,0.0
batch_b4_tile_180.png,0.0
batch_b4_tile_207.png,0.0
batch_b4_tile_208.png,0.0
batch_b4_tile_209.png,0.0
batch_b4_tile_210.png,0.0
batch_b4_tile_211.png,0.0
batch_b4_tile_212.png,0.0
batch_b4_tile_213.png,0.0
batch_b4_tile_214.png,0.0
batch_b4_tile_215.png,0.0
batch_b4_tile_216.png,0.0
batch_b4_tile_217.png,0.0
batch_b4_tile_218.png,0.0
batch_b4_tile_219.png,0.0
batch_b4_tile_220.png,0.0
batch_b4_tile_221.png,0.0
batch_b4_tile_222.png,0.0
batch_b4_tile_223.png,0.0
batch_b4_tile_224.png,0.0
batch_b4_tile_225.png,0.0
batch_b4_tile_226.png,0.0
batch_b4_tile_227.png,0.0
batch_b4_tile_228.png,0.0
batch_b4_tile_229.png,0.0
batch_b4_tile_230.png,0.0
batch_b4_tile_231.png,0.0
batch_b4_tile_232.png,0.0
batch_b4_tile_233.png,0.0
batch_b4_tile_234.png,0.0
batch_b4_tile_235.png,0.0
batch_b4_tile_236.png,0.0
batch_b4_tile_237.png,0.0
batch_b4_tile_238.png,0.0
batch_b4_tile_239.png,0.0
batch_b4_tile_255.png,0.0
batch_b4_tile_256.png,0.0
batch_b4_tile_257.png,0.0
batch_b4_tile_258.png,0.0
batch_b4_tile_259.png,0.0
batch_b4_tile_26.png,0.0
batch_b4_tile_260.png,0.0
batch_b4_tile_261.png,0.0
batch_b4_tile_262.png,0.0
batch_b4_tile_263.png,0.0
batch_b4_tile_264.png,0.0
batch_b4_tile_265.png,0.0
batch_b4_tile_266.png,0.0
batch_b4_tile_267.png,0.0
batch_b4_tile_268.png,0.0
batch_b4_tile_269.png,0.0
batch_b4_tile_270.png,0.0
batch_b4_tile_296.png,0.0
batch_b4_tile_297.png,0.0
batch_b4_tile_298.png,0.0
batch_b4_tile_299.png,0.0
batch_b4_tile_300.png,0.0
batch_b4_tile_301.png,0.0
batch_b4_tile_302.png,0.0
batch_b4_tile_303.png,0.0
batch_b4_tile_304.png,0.0
batch_b4_tile_305.png,0.0
batch_b4_tile_306.png,0.0
batch_b4_tile_307.png,0.0
batch_b4_tile_308.png,0.0
batch_b4_tile_309.png,0.0
batch_b4_tile_31.png,0.0
batch_b4_tile_310.png,0.0
batch_b4_tile_311.png,0.0
batch_b4_tile_312.png,0.0
batch_b4_tile_313.png,0.0
batch_b4_tile_314.png,0.0
batch_b4_tile_315.png,0.0
batch_b4_tile_316.png,0.0
batch_b4_tile_317.png,0.0
batch_b4_tile_318.png,0.0
batch_b4_tile_319.png,0.0
batch_b4_tile_32.png,0.0
batch_b4_tile_320.png,0.0
batch_b4_tile_321.png,0.0
batch_b4_tile_322.png,0.0
batch_b4_tile_323.png,0.0
batch_b4_tile_324.png,0.0
batch_b4_tile_325.png,0.0
batch_b4_tile_326.png,0.0
batch_b4_tile_327.png,0.0
batch_b4_tile_328.png,0.0
batch_b4_tile_329.png,0.0
batch_b4_tile_33.png,0.0
batch_b4_tile_330.png,0.0
batch_b4_tile_331.png,0.0
batch_b4_tile_34.png,0.0
batch_b4_tile_345.png,0.0
batch_b4_tile_346.png,0.0
batch_b4_tile_347.png,0.0
batch_b4_tile_348.png,0.0
batch_b4_tile_349.png,0.0
batch_b4_tile_35.png,0.0
batch_b4_tile_350.png,0.0
batch_b4_tile_351.png,0.0
batch_b4_tile_352.png,0.0
batch_b4_tile_353.png,0.0
batch_b4_tile_354.png,0.0
batch_b4_tile_355.png,0.0
batch_b4_tile_356.png,0.0
batch_b4_tile_357.png,0.0
batch_b4_tile_358.png,0.0
batch_b4_tile_359.png,0.0
batch_b4_tile_36.png,0.0
batch_b4_tile_360.png,0.0
batch_b4_tile_37.png,0.0
batch_b4_tile_38.png,0.0
batch_b4_tile_386.png,0.0
batch_b4_tile_387.png,0.0
batch_b4_tile_388.png,0.0
batch_b4_tile_389.png,0.0
batch_b4_tile_39.png,0.0
batch_b4_tile_390.png,0.0
batch_b4_tile_391.png,0.0
batch_b4_tile_392.png,0.0
batch_b4_tile_393.png,0.0
batch_b4_tile_394.png,0.0
batch_b4_tile_395.png,0.0
batch_b4_tile_396.png,0.0
batch_b4_tile_397.png,0.0
batch_b4_tile_398.png,0.0
batch_b4_tile_399.png,0.0
batch_b4_tile_40.png,0.0
batch_b4_tile_400.png,0.0
batch_b4_tile_401.png,0.0
batch_b4_tile_402.png,0.0
batch_b4_tile_403.png,0.0
batch_b4_tile_404.png,0.0
batch_b4_tile_405.png,0.0
batch_b4_tile_407.png,0.0
batch_b4_tile_408.png,0.0
batch_b4_tile_409.png,0.0
batch_b4_tile_41.png,0.0
batch_b4_tile_410.png,0.0
batch_b4_tile_411.png,0.0
batch_b4_tile_412.png,0.0
batch_b4_tile_413.png,0.0
batch_b4_tile_414.png,0.0
batch_b4_tile_415.png,0.0
batch_b4_tile_416.png,0.0
batch_b4_tile_417.png,0.0
batch_b4_tile_418.png,0.0
batch_b4_tile_419.png,0.0
batch_b4_tile_42.png,0.0
batch_b4_tile_420.png,0.0
batch_b4_tile_421.png,0.0
batch_b4_tile_422.png,0.0
batch_b4_tile_423.png,0.0
batch_b4_tile_43.png,0.0
batch_b4_tile_44.png,0.0
batch_b4_tile_45.png,0.0
batch_b4_tile_46.png,0.0
batch_b4_tile_47.png,0.0
batch_b4_tile_476.png,0.0
batch_b4_tile_477.png,0.0
batch_b4_tile_478.png,0.0
batch_b4_tile_479.png,0.0
batch_b4_tile_48.png,0.0
batch_b4_tile_480.png,0.0
batch_b4_tile_481.png,0.0
batch_b4_tile_482.png,0.0
batch_b4_tile_483.png,0.0
batch_b4_tile_484.png,0.0
batch_b4_tile_485.png,0.0
batch_b4_tile_486.png,0.0
batch_b4_tile_487.png,0.0
batch_b4_tile_488.png,0.0
batch_b4_tile_489.png,0.0
batch_b4_tile_49.png,0.0
batch_b4_tile_490.png,0.0
batch_b4_tile_491.png,0.0
batch_b4_tile_492.png,0.0
batch_b4_tile_493.png,0.0
batch_b4_tile_494.png,0.0
batch_b4_tile_495.png,0.0
batch_b4_tile_497.png,0.0
batch_b4_tile_498.png,0.0
batch_b4_tile_499.png,0.0
batch_b4_tile_50.png,0.0
batch_b4_tile_500.png,0.0
batch_b4_tile_51.png,0.0
batch_b4_tile_52.png,0.0
batch_b4_tile_53.png,0.0
batch_b4_tile_54.png,0.0
batch_b4_tile_55.png,0.0
batch_b4_tile_75.png,0.0
batch_b4_tile_76.png,0.0
batch_b4_tile_77.png,0.0
batch_b4_tile_78.png,0.0
batch_b4_tile_79.png,0.0
batch_b4_tile_80.png,0.0
batch_b4_tile_81.png,0.0
batch_b4_tile_82.png,0.0
batch_b4_tile_83.png,0.0
batch_b4_tile_84.png,0.0
batch_b4_tile_85.png,0.0
batch_b4_tile_86.png,0.0
batch_b4_tile_87.png,0.0
batch_b4_tile_88.png,0.0
batch_b4_tile_89.png,0.0
batch_b4_tile_90.png,0.0
batch_b5_tile_1.png,0.0
batch_b5_tile_10.png,0.0
batch_b5_tile_100.png,0.0
batch_b5_tile_101.png,0.0
batch_b5_tile_102.png,0.0
batch_b5_tile_103.png,0.0
batch_b5_tile_104.png,0.0
batch_b5_tile_105.png,0.0
batch_b5_tile_106.png,0.0
batch_b5_tile_107.png,0.0
batch_b5_tile_108.png,0.0
batch_b5_tile_109.png,0.0
batch_b5_tile_11.png,0.0
batch_b5_tile_110.png,0.0
batch_b5_tile_111.png,0.0
batch_b5_tile_112.png,0.0
batch_b5_tile_113.png,0.0
batch_b5_tile_114.png,0.0
batch_b5_tile_115.png,0.0
batch_b5_tile_116.png,0.0
batch_b5_tile_117.png,0.0
batch_b5_tile_118.png,0.0
batch_b5_tile_119.png,0.0
batch_b5_tile_12.png,0.0
batch_b5_tile_120.png,0.0
batch_b5_tile_121.png,0.0
batch_b5_tile_122.png,0.0
batch_b5_tile_123.png,0.0
batch_b5_tile_124.png,0.0
batch_b5_tile_125.png,0.0
batch_b5_tile_126.png,0.0
batch_b5_tile_127.png,0.0
batch_b5_tile_128.png,0.0
batch_b5_tile_129.png,0.0
batch_b5_tile_13.png,0.0
batch_b5_tile_130.png,0.0
batch_b5_tile_131.png,0.0
batch_b5_tile_132.png,0.0
batch_b5_tile_133.png,0.0
batch_b5_tile_134.png,0.0
batch_b5_tile_135.png,0.0
batch_b5_tile_136.png,0.0
batch_b5_tile_137.png,0.0
batch_b5_tile_138.png,0.0
batch_b5_tile_139.png,0.0
batch_b5_tile_14.png,0.0
batch_b5_tile_140.png,0.0
batch_b5_tile_141.png,0.0
batch_b5_tile_142.png,0.0
batch_b5_tile_143.png,0.0
batch_b5_tile_144.png,0.0
batch_b5_tile_145.png,0.0
batch_b5_tile_146.png,0.0
batch_b5_tile_147.png,0.0
batch_b5_tile_148.png,0.0
batch_b5_tile_149.png,0.0
batch_b5_tile_15.png,0.0
batch_b5_tile_150.png,0.0
batch_b5_tile_151.png,0.0
batch_b5_tile_152.png,0.0
batch_b5_tile_153.png,0.0
batch_b5_tile_154.png,0.0
batch_b5_tile_155.png,0.0
batch_b5_tile_156.png,0.0
batch_b5_tile_157.png,0.0
batch_b5_tile_158.png,0.0
batch_b5_tile_159.png,0.0
batch_b5_tile_16.png,0.0
batch_b5_tile_160.png,0.0
batch_b5_tile_161.png,0.0
batch_b5_tile_162.png,0.0
batch_b5_tile_163.png,0.0
batch_b5_tile_164.png,0.0
batch_b5_tile_165.png,0.0
batch_b5_tile_166.png,0.0
batch_b5_tile_167.png,0.0
batch_b5_tile_168.png,0.0
batch_b5_tile_169.png,0.0
batch_b5_tile_17.png,0.0
batch_b5_tile_170.png,0.0
batch_b5_tile_171.png,0.0
batch_b5_tile_172.png,0.0
batch_b5_tile_173.png,0.0
batch_b5_tile_174.png,0.0
batch_b5_tile_175.png,0.0
batch_b5_tile_176.png,0.0
batch_b5_tile_177.png,0.0
batch_b5_tile_178.png,0.0
batch_b5_tile_179.png,0.0
batch_b5_tile_18.png,0.0
batch_b5_tile_180.png,0.0
batch_b5_tile_181.png,0.0
batch_b5_tile_182.png,0.0
batch_b5_tile_183.png,0.0
batch_b5_tile_184.png,0.0
batch_b5_tile_185.png,0.0
batch_b5_tile_186.png,0.0
batch_b5_tile_187.png,0.0
batch_b5_tile_188.png,0.0
batch_b5_tile_189.png,0.0
batch_b5_tile_19.png,0.0
batch_b5_tile_190.png,0.0
batch_b5_tile_191.png,0.0
batch_b5_tile_192.png,0.0
batch_b5_tile_193.png,0.0
batch_b5_tile_194.png,0.0
batch_b5_tile_195.png,0.0
batch_b5_tile_196.png,0.0
batch_b5_tile_197.png,0.0
batch_b5_tile_198.png,0.0
batch_b5_tile_199.png,0.0
batch_b5_tile_2.png,0.0
batch_b5_tile_20.png,0.0
batch_b5_tile_200.png,0.0
batch_b5_tile_201.png,0.0
batch_b5_tile_202.png,0.0
batch_b5_tile_203.png,0.0
batch_b5_tile_204.png,0.0
batch_b5_tile_205.png,0.0
batch_b5_tile_206.png,0.0
batch_b5_tile_207.png,0.0
batch_b5_tile_208.png,0.0
batch_b5_tile_209.png,0.0
batch_b5_tile_21.png,0.0
batch_b5_tile_210.png,0.0
batch_b5_tile_211.png,0.0
batch_b5_tile_212.png,0.0
batch_b5_tile_213.png,0.0
batch_b5_tile_214.png,0.0
batch_b5_tile_215.png,0.0
batch_b5_tile_216.png,0.0
batch_b5_tile_217.png,0.0
batch_b5_tile_218.png,0.0
batch_b5_tile_219.png,0.0
batch_b5_tile_22.png,0.0
batch_b5_tile_220.png,0.0
batch_b5_tile_221.png,0.0
batch_b5_tile_222.png,0.0
batch_b5_tile_223.png,0.0
batch_b5_tile_224.png,0.0
batch_b5_tile_225.png,0.0
batch_b5_tile_226.png,0.0
batch_b5_tile_227.png,0.0
batch_b5_tile_228.png,0.0
batch_b5_tile_229.png,0.0
batch_b5_tile_23.png,0.0
batch_b5_tile_230.png,0.0
batch_b5_tile_231.png,0.0
batch_b5_tile_232.png,0.0
batch_b5_tile_233.png,0.0
batch_b5_tile_234.png,0.0
batch_b5_tile_235.png,0.0
batch_b5_tile_236.png,0.0
batch_b5_tile_237.png,0.0
batch_b5_tile_238.png,0.0
batch_b5_tile_239.png,0.0
batch_b5_tile_24.png,0.0
batch_b5_tile_240.png,0.0
batch_b5_tile_241.png,0.0
batch_b5_tile_242.png,0.0
batch_b5_tile_243.png,0.0
batch_b5_tile_244.png,0.0
batch_b5_tile_245.png,0.0
batch_b5_tile_246.png,0.0
batch_b5_tile_247.png,0.0
batch_b5_tile_248.png,0.0
batch_b5_tile_249.png,0.0
batch_b5_tile_25.png,0.0
batch_b5_tile_250.png,0.0
batch_b5_tile_251.png,0.0
batch_b5_tile_252.png,0.0
batch_b5_tile_253.png,0.0
batch_b5_tile_254.png,0.0
batch_b5_tile_255.png,0.0
batch_b5_tile_256.png,0.0
batch_b5_tile_257.png,0.0
batch_b5_tile_258.png,0.0
batch_b5_tile_259.png,0.0
batch_b5_tile_26.png,0.0
batch_b5_tile_260.png,0.0
batch_b5_tile_261.png,0.0
batch_b5_tile_262.png,0.0
batch_b5_tile_263.png,0.0
batch_b5_tile_264.png,0.0
batch_b5_tile_265.png,0.0
batch_b5_tile_266.png,0.0
batch_b5_tile_267.png,0.0
batch_b5_tile_268.png,0.0
batch_b5_tile_269.png,0.0
batch_b5_tile_27.png,0.0
batch_b5_tile_270.png,0.0
batch_b5_tile_271.png,0.0
batch_b5_tile_272.png,0.0
batch_b5_tile_273.png,0.0
batch_b5_tile_274.png,0.0
batch_b5_tile_275.png,0.0
batch_b5_tile_276.png,0.0
batch_b5_tile_277.png,0.0
batch_b5_tile_278.png,0.0
batch_b5_tile_279.png,0.0
batch_b5_tile_28.png,0.0
batch_b5_tile_280.png,0.0
batch_b5_tile_281.png,0.0
batch_b5_tile_282.png,0.0
batch_b5_tile_283.png,0.0
batch_b5_tile_284.png,0.0
batch_b5_tile_285.png,0.0
batch_b5_tile_286.png,0.0
batch_b5_tile_287.png,0.0
batch_b5_tile_288.png,0.0
batch_b5_tile_289.png,0.0
batch_b5_tile_29.png,0.0
batch_b5_tile_290.png,0.0
batch_b5_tile_291.png,0.0
batch_b5_tile_292.png,0.0
batch_b5_tile_293.png,0.0
batch_b5_tile_294.png,0.0
batch_b5_tile_295.png,0.0
batch_b5_tile_296.png,0.0
batch_b5_tile_297.png,0.0
batch_b5_tile_298.png,0.0
batch_b5_tile_299.png,0.0
batch_b5_tile_3.png,0.0
batch_b5_tile_30.png,0.0
batch_b5_tile_300.png,0.0
batch_b5_tile_301.png,0.0
batch_b5_tile_302.png,0.0
batch_b5_tile_303.png,0.0
batch_b5_tile_304.png,0.0
batch_b5_tile_305.png,0.0
batch_b5_tile_306.png,0.0
batch_b5_tile_307.png,0.0
batch_b5_tile_308.png,0.0
batch_b5_tile_309.png,0.0
batch_b5_tile_31.png,0.0
batch_b5_tile_310.png,0.0
batch_b5_tile_311.png,0.0
batch_b5_tile_312.png,0.0
batch_b5_tile_313.png,0.0
batch_b5_tile_314.png,0.0
batch_b5_tile_315.png,0.0
batch_b5_tile_316.png,0.0
batch_b5_tile_317.png,0.0
batch_b5_tile_318.png,0.0
batch_b5_tile_319.png,0.0
batch_b5_tile_32.png,0.0
batch_b5_tile_320.png,0.0
batch_b5_tile_321.png,0.0
batch_b5_tile_322.png,0.0
batch_b5_tile_323.png,0.0
batch_b5_tile_324.png,0.0
batch_b5_tile_325.png,0.0
batch_b5_tile_326.png,0.0
batch_b5_tile_327.png,0.0
batch_b5_tile_328.png,0.0
batch_b5_tile_329.png,0.0
batch_b5_tile_33.png,0.0
batch_b5_tile_330.png,0.0
batch_b5_tile_331.png,0.0
batch_b5_tile_332.png,0.0
batch_b5_tile_333.png,0.0
batch_b5_tile_334.png,0.0
batch_b5_tile_335.png,0.0
batch_b5_tile_336.png,0.0
batch_b5_tile_337.png,0.0
batch_b5_tile_338.png,0.0
batch_b5_tile_339.png,0.0
batch_b5_tile_34.png,0.0
batch_b5_tile_340.png,0.0
batch_b5_tile_341.png,0.0
batch_b5_tile_342.png,0.0
batch_b5_tile_343.png,0.0
batch_b5_tile_344.png,0.0
batch_b5_tile_345.png,0.0
batch_b5_tile_346.png,0.0
batch_b5_tile_347.png,0.0
batch_b5_tile_348.png,0.0
batch_b5_tile_349.png,0.0
batch_b5_tile_35.png,0.0
batch_b5_tile_350.png,0.0
batch_b5_tile_351.png,0.0
batch_b5_tile_352.png,0.0
batch_b5_tile_353.png,0.0
batch_b5_tile_354.png,0.0
batch_b5_tile_355.png,0.0
batch_b5_tile_356.png,0.0
batch_b5_tile_357.png,0.0
batch_b5_tile_358.png,0.0
batch_b5_tile_359.png,0.0
batch_b5_tile_36.png,0.0
batch_b5_tile_360.png,0.0
batch_b5_tile_361.png,0.0
batch_b5_tile_362.png,0.0
batch_b5_tile_363.png,0.0
batch_b5_tile_364.png,0.0
batch_b5_tile_365.png,0.0
batch_b5_tile_366.png,0.0
batch_b5_tile_367.png,0.0
batch_b5_tile_368.png,0.0
batch_b5_tile_369.png,0.0
batch_b5_tile_37.png,0.0
batch_b5_tile_370.png,0.0
batch_b5_tile_371.png,0.0
batch_b5_tile_372.png,0.0
batch_b5_tile_373.png,0.0
batch_b5_tile_374.png,0.0
batch_b5_tile_375.png,0.0
batch_b5_tile_376.png,0.0
batch_b5_tile_377.png,0.0
batch_b5_tile_378.png,0.0
batch_b5_tile_379.png,0.0
batch_b5_tile_38.png,0.0
batch_b5_tile_380.png,0.0
batch_b5_tile_381.png,0.0
batch_b5_tile_382.png,0.0
batch_b5_tile_383.png,0.0
batch_b5_tile_384.png,0.0
batch_b5_tile_385.png,0.0
batch_b5_tile_386.png,0.0
batch_b5_tile_387.png,0.0
batch_b5_tile_388.png,0.0
batch_b5_tile_389.png,0.0
batch_b5_tile_39.png,0.0
batch_b5_tile_390.png,0.0
batch_b5_tile_391.png,0.0
batch_b5_tile_392.png,0.0
batch_b5_tile_393.png,0.0
batch_b5_tile_394.png,0.0
batch_b5_tile_395.png,0.0
batch_b5_tile_396.png,0.0
batch_b5_tile_397.png,0.0
batch_b5_tile_398.png,0.0
batch_b5_tile_399.png,0.0
batch_b5_tile_4.png,0.0
batch_b5_tile_40.png,0.0
batch_b5_tile_400.png,0.0
batch_b5_tile_401.png,0.0
batch_b5_tile_402.png,0.0
batch_b5_tile_403.png,0.0
batch_b5_tile_404.png,0.0
batch_b5_tile_405.png,0.0
batch_b5_tile_406.png,0.0
batch_b5_tile_407.png,0.0
batch_b5_tile_408.png,0.0
batch_b5_tile_409.png,0.0
batch_b5_tile_41.png,0.0
batch_b5_tile_410.png,0.0
batch_b5_tile_411.png,0.0
batch_b5_tile_412.png,0.0
batch_b5_tile_413.png,0.0
batch_b5_tile_414.png,0.0
batch_b5_tile_415.png,0.0
batch_b5_tile_416.png,0.0
batch_b5_tile_417.png,0.0
batch_b5_tile_418.png,0.0
batch_b5_tile_419.png,0.0
batch_b5_tile_42.png,0.0
batch_b5_tile_420.png,0.0
batch_b5_tile_421.png,0.0
batch_b5_tile_422.png,0.0
batch_b5_tile_423.png,0.0
batch_b5_tile_424.png,0.0
batch_b5_tile_425.png,0.0
batch_b5_tile_426.png,0.0
batch_b5_tile_427.png,0.0
batch_b5_tile_428.png,0.0
batch_b5_tile_429.png,0.0
batch_b5_tile_43.png,0.0
batch_b5_tile_430.png,0.0
batch_b5_tile_431.png,0.0
batch_b5_tile_432.png,0.0
batch_b5_tile_433.png,0.0
batch_b5_tile_434.png,0.0
batch_b5_tile_435.png,0.0
batch_b5_tile_436.png,0.0
batch_b5_tile_437.png,0.0
batch_b5_tile_438.png,0.0
batch_b5_tile_439.png,0.0
batch_b5_tile_44.png,0.0
batch_b5_tile_440.png,0.0
batch_b5_tile_441.png,0.0
batch_b5_tile_442.png,0.0
batch_b5_tile_443.png,0.0
batch_b5_tile_444.png,0.0
batch_b5_tile_445.png,0.0
batch_b5_tile_446.png,0.0
batch_b5_tile_447.png,0.0
batch_b5_tile_448.png,0.0
batch_b5_tile_449.png,0.0
batch_b5_tile_45.png,0.0
batch_b5_tile_450.png,0.0
batch_b5_tile_451.png,0.0
batch_b5_tile_452.png,0.0
batch_b5_tile_453.png,0.0
batch_b5_tile_454.png,0.0
batch_b5_tile_455.png,0.0
batch_b5_tile_456.png,0.0
batch_b5_tile_457.png,0.0
batch_b5_tile_458.png,0.0
batch_b5_tile_459.png,0.0
batch_b5_tile_46.png,0.0
batch_b5_tile_460.png,0.0
batch_b5_tile_461.png,0.0
batch_b5_tile_462.png,0.0
batch_b5_tile_463.png,0.0
batch_b5_tile_464.png,0.0
batch_b5_tile_465.png,0.0
batch_b5_tile_466.png,0.0
batch_b5_tile_467.png,0.0
batch_b5_tile_468.png,0.0
batch_b5_tile_469.png,0.0
batch_b5_tile_47.png,0.0
batch_b5_tile_470.png,0.0
batch_b5_tile_471.png,0.0
batch_b5_tile_472.png,0.0
batch_b5_tile_473.png,0.0
batch_b5_tile_474.png,0.0
batch_b5_tile_475.png,0.0
batch_b5_tile_476.png,0.0
batch_b5_tile_477.png,0.0
batch_b5_tile_478.png,0.0
batch_b5_tile_479.png,0.0
batch_b5_tile_48.png,0.0
batch_b5_tile_480.png,0.0
batch_b5_tile_481.png,0.0
batch_b5_tile_482.png,0.0
batch_b5_tile_483.png,0.0
batch_b5_tile_484.png,0.0
batch_b5_tile_485.png,0.0
batch_b5_tile_486.png,0.0
batch_b5_tile_487.png,0.0
batch_b5_tile_488.png,0.0
batch_b5_tile_489.png,0.0
batch_b5_tile_49.png,0.0
batch_b5_tile_490.png,0.0
batch_b5_tile_491.png,0.0
batch_b5_tile_492.png,0.0
batch_b5_tile_493.png,0.0
batch_b5_tile_494.png,0.0
batch_b5_tile_495.png,0.0
batch_b5_tile_496.png,0.0
batch_b5_tile_497.png,0.0
batch_b5_tile_498.png,0.0
batch_b5_tile_499.png,0.0
batch_b5_tile_5.png,0.0
batch_b5_tile_50.png,0.0
batch_b5_tile_500.png,0.0
batch_b5_tile_51.png,0.0
batch_b5_tile_52.png,0.0
batch_b5_tile_53.png,0.0
batch_b5_tile_54.png,0.0
batch_b5_tile_55.png,0.0
batch_b5_tile_56.png,0.0
batch_b5_tile_57.png,0.0
batch_b5_tile_58.png,0.0
batch_b5_tile_59.png,0.0
batch_b5_tile_6.png,0.0
batch_b5_tile_60.png,0.0
batch_b5_tile_61.png,0.0
batch_b5_tile_62.png,0.0
batch_b5_tile_63.png,0.0
batch_b5_tile_64.png,0.0
batch_b5_tile_65.png,0.0
batch_b5_tile_66.png,0.0
batch_b5_tile_67.png,0.0
batch_b5_tile_68.png,0.0
batch_b5_tile_69.png,0.0
batch_b5_tile_7.png,0.0
batch_b5_tile_70.png,0.0
batch_b5_tile_71.png,0.0
batch_b5_tile_72.png,0.0
batch_b5_tile_73.png,0.0
batch_b5_tile_74.png,0.0
batch_b5_tile_75.png,0.0
batch_b5_tile_76.png,0.0
batch_b5_tile_77.png,0.0
batch_b5_tile_78.png,0.0
batch_b5_tile_79.png,0.0
batch_b5_tile_8.png,0.0
batch_b5_tile_80.png,0.0
batch_b5_tile_81.png,0.0
batch_b5_tile_82.png,0.0
batch_b5_tile_83.png,0.0
batch_b5_tile_84.png,0.0
batch_b5_tile_85.png,0.0
batch_b5_tile_86.png,0.0
batch_b5_tile_87.png,0.0
batch_b5_tile_88.png,0.0
batch_b5_tile_89.png,0.0
batch_b5_tile_9.png,0.0
batch_b5_tile_90.png,0.0
batch_b5_tile_91.png,0.0
batch_b5_tile_92.png,0.0
batch_b5_tile_93.png,0.0
batch_b5_tile_94.png,0.0
batch_b5_tile_95.png,0.0
batch_b5_tile_96.png,0.0
batch_b5_tile_97.png,0.0
batch_b5_tile_98.png,0.0
batch_b5_tile_99.png,0.0
batch_b6_tile_1.png,0.0
batch_b6_tile_10.png,0.0
batch_b6_tile_100.png,0.0
batch_b6_tile_101.png,0.0
batch_b6_tile_103.png,0.0
batch_b6_tile_105.png,0.0
batch_b6_tile_106.png,0.0
batch_b6_tile_107.png,0.0
batch_b6_tile_108.png,0.0
batch_b6_tile_109.png,0.0
batch_b6_tile_11.png,0.0
batch_b6_tile_110.png,0.0
batch_b6_tile_111.png,0.0
batch_b6_tile_112.png,0.0
batch_b6_tile_113.png,0.0
batch_b6_tile_114.png,0.0
batch_b6_tile_115.png,0.0
batch_b6_tile_116.png,0.0
batch_b6_tile_117.png,0.0
batch_b6_tile_118.png,0.0
batch_b6_tile_119.png,0.0
batch_b6_tile_12.png,0.0
batch_b6_tile_120.png,0.0
batch_b6_tile_121.png,0.0
batch_b6_tile_122.png,0.0
batch_b6_tile_123.png,0.0
batch_b6_tile_124.png,0.0
batch_b6_tile_125.png,0.0
batch_b6_tile_126.png,0.0
batch_b6_tile_127.png,0.0
batch_b6_tile_128.png,0.0
batch_b6_tile_129.png,0.0
batch_b6_tile_13.png,0.0
batch_b6_tile_130.png,0.0
batch_b6_tile_131.png,0.0
batch_b6_tile_132.png,0.0
batch_b6_tile_133.png,0.0
batch_b6_tile_134.png,0.0
batch_b6_tile_135.png,0.0
batch_b6_tile_136.png,0.0
batch_b6_tile_137.png,0.0
batch_b6_tile_138.png,0.0
batch_b6_tile_139.png,0.0
batch_b6_tile_14.png,0.0
batch_b6_tile_140.png,0.0
batch_b6_tile_141.png,0.0
batch_b6_tile_142.png,0.0
batch_b6_tile_144.png,0.0
batch_b6_tile_145.png,0.0
batch_b6_tile_146.png,0.0
batch_b6_tile_147.png,0.0
batch_b6_tile_148.png,0.0
batch_b6_tile_149.png,0.0
batch_b6_tile_15.png,0.0
batch_b6_tile_150.png,0.0
batch_b6_tile_151.png,0.0
batch_b6_tile_152.png,0.0
batch_b6_tile_153.png,0.0
batch_b6_tile_154.png,0.0
batch_b6_tile_155.png,0.0
batch_b6_tile_158.png,0.0
batch_b6_tile_159.png,0.0
batch_b6_tile_16.png,0.0
batch_b6_tile_160.png,0.0
batch_b6_tile_161.png,0.0
batch_b6_tile_162.png,0.0
batch_b6_tile_163.png,0.0
batch_b6_tile_164.png,0.0
batch_b6_tile_165.png,0.0
batch_b6_tile_166.png,0.0
batch_b6_tile_167.png,0.0
batch_b6_tile_168.png,0.0
batch_b6_tile_169.png,0.0
batch_b6_tile_17.png,0.0
batch_b6_tile_170.png,0.0
batch_b6_tile_171.png,0.0
batch_b6_tile_172.png,0.0
batch_b6_tile_173.png,0.0
batch_b6_tile_174.png,0.0
batch_b6_tile_175.png,0.0
batch_b6_tile_176.png,0.0
batch_b6_tile_177.png,0.0
batch_b6_tile_178.png,0.0
batch_b6_tile_179.png,0.0
batch_b6_tile_18.png,0.0
batch_b6_tile_180.png,0.0
batch_b6_tile_181.png,0.0
batch_b6_tile_182.png,0.0
batch_b6_tile_185.png,0.0
batch_b6_tile_186.png,0.0
batch_b6_tile_187.png,0.0
batch_b6_tile_188.png,0.0
batch_b6_tile_189.png,0.0
batch_b6_tile_19.png,0.0
batch_b6_tile_190.png,0.0
batch_b6_tile_191.png,0.0
batch_b6_tile_192.png,0.0
batch_b6_tile_193.png,0.0
batch_b6_tile_194.png,0.0
batch_b6_tile_195.png,0.0
batch_b6_tile_198.png,0.0
batch_b6_tile_199.png,0.0
batch_b6_tile_2.png,0.0
batch_b6_tile_20.png,0.0
batch_b6_tile_200.png,0.0
batch_b6_tile_201.png,0.0
batch_b6_tile_202.png,0.0
batch_b6_tile_203.png,0.0
batch_b6_tile_204.png,0.0
batch_b6_tile_205.png,0.0
batch_b6_tile_206.png,0.0
batch_b6_tile_207.png,0.0
batch_b6_tile_208.png,0.0
batch_b6_tile_209.png,0.0
batch_b6_tile_21.png,0.0
batch_b6_tile_210.png,0.0
batch_b6_tile_211.png,0.0
batch_b6_tile_212.png,0.0
batch_b6_tile_213.png,0.0
batch_b6_tile_214.png,0.0
batch_b6_tile_215.png,0.0
batch_b6_tile_216.png,0.0
batch_b6_tile_217.png,0.0
batch_b6_tile_218.png,0.0
batch_b6_tile_219.png,0.0
batch_b6_tile_22.png,0.0
batch_b6_tile_220.png,0.0
batch_b6_tile_221.png,0.0
batch_b6_tile_222.png,0.0
batch_b6_tile_223.png,0.0
batch_b6_tile_224.png,0.0
batch_b6_tile_225.png,0.0
batch_b6_tile_226.png,0.0
batch_b6_tile_227.png,0.0
batch_b6_tile_228.png,0.0
batch_b6_tile_229.png,0.0
batch_b6_tile_23.png,0.0
batch_b6_tile_230.png,0.0
batch_b6_tile_231.png,0.0
batch_b6_tile_232.png,0.0
batch_b6_tile_233.png,0.0
batch_b6_tile_234.png,0.0
batch_b6_tile_235.png,0.0
batch_b6_tile_236.png,0.0
batch_b6_tile_237.png,0.0
batch_b6_tile_238.png,0.0
batch_b6_tile_239.png,0.0
batch_b6_tile_24.png,0.0
batch_b6_tile_240.png,0.0
batch_b6_tile_241.png,0.0
batch_b6_tile_242.png,0.0
batch_b6_tile_243.png,0.0
batch_b6_tile_244.png,0.0
batch_b6_tile_245.png,0.0
batch_b6_tile_246.png,0.0
batch_b6_tile_247.png,0.0
batch_b6_tile_248.png,0.0
batch_b6_tile_249.png,0.0
batch_b6_tile_25.png,0.0
batch_b6_tile_250.png,0.0
batch_b6_tile_251.png,0.0
batch_b6_tile_252.png,0.0
batch_b6_tile_253.png,0.0
batch_b6_tile_254.png,0.0
batch_b6_tile_255.png,0.0
batch_b6_tile_256.png,0.0
batch_b6_tile_257.png,0.0
batch_b6_tile_258.png,0.0
batch_b6_tile_259.png,0.0
batch_b6_tile_26.png,0.0
batch_b6_tile_260.png,0.0
batch_b6_tile_261.png,0.0
batch_b6_tile_262.png,0.0
batch_b6_tile_265.png,0.0
batch_b6_tile_266.png,0.0
batch_b6_tile_267.png,0.0
batch_b6_tile_268.png,0.0
batch_b6_tile_269.png,0.0
batch_b6_tile_27.png,0.0
batch_b6_tile_270.png,0.0
batch_b6_tile_271.png,0.0
batch_b6_tile_272.png,0.0
batch_b6_tile_274.png,0.0
batch_b6_tile_278.png,0.0
batch_b6_tile_279.png,0.0
batch_b6_tile_28.png,0.0
batch_b6_tile_280.png,0.0
batch_b6_tile_281.png,0.0
batch_b6_tile_282.png,0.0
batch_b6_tile_283.png,0.0
batch_b6_tile_284.png,0.0
batch_b6_tile_285.png,0.0
batch_b6_tile_286.png,0.0
batch_b6_tile_287.png,0.0
batch_b6_tile_288.png,0.0
batch_b6_tile_289.png,0.0
batch_b6_tile_290.png,0.0
batch_b6_tile_291.png,0.0
batch_b6_tile_292.png,0.0
batch_b6_tile_293.png,0.0
batch_b6_tile_294.png,0.0
batch_b6_tile_295.png,0.0
batch_b6_tile_296.png,0.0
batch_b6_tile_297.png,0.0
batch_b6_tile_298.png,0.0
batch_b6_tile_299.png,0.0
batch_b6_tile_3.png,0.0
batch_b6_tile_300.png,0.0
batch_b6_tile_301.png,0.0
batch_b6_tile_302.png,0.0
batch_b6_tile_303.png,0.0
batch_b6_tile_304.png,0.0
batch_b6_tile_305.png,0.0
batch_b6_tile_306.png,0.0
batch_b6_tile_307.png,0.0
batch_b6_tile_308.png,0.0
batch_b6_tile_309.png,0.0
batch_b6_tile_310.png,0.0
batch_b6_tile_311.png,0.0
batch_b6_tile_312.png,0.0
batch_b6_tile_313.png,0.0
batch_b6_tile_314.png,0.0
batch_b6_tile_315.png,0.0
batch_b6_tile_318.png,0.0
batch_b6_tile_319.png,0.0
batch_b6_tile_320.png,0.0
batch_b6_tile_321.png,0.0
batch_b6_tile_322.png,0.0
batch_b6_tile_323.png,0.0
batch_b6_tile_324.png,0.0
batch_b6_tile_325.png,0.0
batch_b6_tile_326.png,0.0
batch_b6_tile_327.png,0.0
batch_b6_tile_328.png,0.0
batch_b6_tile_329.png,0.0
batch_b6_tile_330.png,0.0
batch_b6_tile_331.png,0.0
batch_b6_tile_332.png,0.0
batch_b6_tile_333.png,0.0
batch_b6_tile_334.png,0.0
batch_b6_tile_335.png,0.0
batch_b6_tile_336.png,0.0
batch_b6_tile_337.png,0.0
batch_b6_tile_338.png,0.0
batch_b6_tile_339.png,0.0
batch_b6_tile_340.png,0.0
batch_b6_tile_341.png,0.0
batch_b6_tile_342.png,0.0
batch_b6_tile_343.png,0.0
batch_b6_tile_344.png,0.0
batch_b6_tile_345.png,0.0
batch_b6_tile_346.png,0.0
batch_b6_tile_347.png,0.0
batch_b6_tile_348.png,0.0
batch_b6_tile_349.png,0.0
batch_b6_tile_35.png,0.0
batch_b6_tile_350.png,0.0
batch_b6_tile_351.png,0.0
batch_b6_tile_352.png,0.0
batch_b6_tile_353.png,0.0
batch_b6_tile_354.png,0.0
batch_b6_tile_355.png,0.0
batch_b6_tile_357.png,0.0
batch_b6_tile_358.png,0.0
batch_b6_tile_359.png,0.0
batch_b6_tile_36.png,0.0
batch_b6_tile_360.png,0.0
batch_b6_tile_361.png,0.0
batch_b6_tile_362.png,0.0
batch_b6_tile_363.png,0.0
batch_b6_tile_364.png,0.0
batch_b6_tile_366.png,0.0
batch_b6_tile_367.png,0.0
batch_b6_tile_368.png,0.0
batch_b6_tile_369.png,0.0
batch_b6_tile_37.png,0.0
batch_b6_tile_370.png,0.0
batch_b6_tile_371.png,0.0
batch_b6_tile_372.png,0.0
batch_b6_tile_373.png,0.0
batch_b6_tile_374.png,0.0
batch_b6_tile_375.png,0.0
batch_b6_tile_376.png,0.0
batch_b6_tile_377.png,0.0
batch_b6_tile_378.png,0.0
batch_b6_tile_379.png,0.0
batch_b6_tile_38.png,0.0
batch_b6_tile_380.png,0.0
batch_b6_tile_381.png,0.0
batch_b6_tile_382.png,0.0
batch_b6_tile_384.png,0.0
batch_b6_tile_385.png,0.0
batch_b6_tile_386.png,0.0
batch_b6_tile_387.png,0.0
batch_b6_tile_388.png,0.0
batch_b6_tile_389.png,0.0
batch_b6_tile_39.png,0.0
batch_b6_tile_390.png,0.0
batch_b6_tile_391.png,0.0
batch_b6_tile_392.png,0.0
batch_b6_tile_393.png,0.0
batch_b6_tile_398.png,0.0
batch_b6_tile_399.png,0.0
batch_b6_tile_4.png,0.0
batch_b6_tile_40.png,0.0
batch_b6_tile_400.png,0.0
batch_b6_tile_401.png,0.0
batch_b6_tile_402.png,0.0
batch_b6_tile_403.png,0.0
batch_b6_tile_404.png,0.0
batch_b6_tile_405.png,0.0
batch_b6_tile_406.png,0.0
batch_b6_tile_407.png,0.0
batch_b6_tile_408.png,0.0
batch_b6_tile_41.png,0.0
batch_b6_tile_410.png,0.0
batch_b6_tile_411.png,0.0
batch_b6_tile_412.png,0.0
batch_b6_tile_413.png,0.0
batch_b6_tile_414.png,0.0
batch_b6_tile_415.png,0.0
batch_b6_tile_416.png,0.0
batch_b6_tile_417.png,0.0
batch_b6_tile_418.png,0.0
batch_b6_tile_419.png,0.0
batch_b6_tile_42.png,0.0
batch_b6_tile_420.png,0.0
batch_b6_tile_421.png,0.0
batch_b6_tile_422.png,0.0
batch_b6_tile_423.png,0.0
batch_b6_tile_424.png,0.0
batch_b6_tile_425.png,0.0
batch_b6_tile_426.png,0.0
batch_b6_tile_427.png,0.0
batch_b6_tile_428.png,0.0
batch_b6_tile_429.png,0.0
batch_b6_tile_43.png,0.0
batch_b6_tile_430.png,0.0
batch_b6_tile_431.png,0.0
batch_b6_tile_432.png,0.0
batch_b6_tile_436.png,0.0
batch_b6_tile_437.png,0.0
batch_b6_tile_438.png,0.0
batch_b6_tile_439.png,0.0
batch_b6_tile_44.png,0.0
batch_b6_tile_440.png,0.0
batch_b6_tile_441.png,0.0
batch_b6_tile_442.png,0.0
batch_b6_tile_443.png,0.0
batch_b6_tile_444.png,0.0
batch_b6_tile_445.png,0.0
batch_b6_tile_446.png,0.0
batch_b6_tile_447.png,0.0
batch_b6_tile_448.png,0.0
batch_b6_tile_449.png,0.0
batch_b6_tile_45.png,0.0
batch_b6_tile_450.png,0.0
batch_b6_tile_451.png,0.0
batch_b6_tile_452.png,0.0
batch_b6_tile_453.png,0.0
batch_b6_tile_454.png,0.0
batch_b6_tile_455.png,0.0
batch_b6_tile_456.png,0.0
batch_b6_tile_457.png,0.0
batch_b6_tile_458.png,0.0
batch_b6_tile_459.png,0.0
batch_b6_tile_46.png,0.0
batch_b6_tile_460.png,0.0
batch_b6_tile_461.png,0.0
batch_b6_tile_463.png,0.0
batch_b6_tile_464.png,0.0
batch_b6_tile_465.png,0.0
batch_b6_tile_466.png,0.0
batch_b6_tile_467.png,0.0
batch_b6_tile_468.png,0.0
batch_b6_tile_469.png,0.0
batch_b6_tile_47.png,0.0
batch_b6_tile_470.png,0.0
batch_b6_tile_471.png,0.0
batch_b6_tile_476.png,0.0
batch_b6_tile_477.png,0.0
batch_b6_tile_478.png,0.0
batch_b6_tile_479.png,0.0
batch_b6_tile_48.png,0.0
batch_b6_tile_480.png,0.0
batch_b6_tile_481.png,0.0
batch_b6_tile_482.png,0.0
batch_b6_tile_483.png,0.0
batch_b6_tile_484.png,0.0
batch_b6_tile_485.png,0.0
batch_b6_tile_486.png,0.0
batch_b6_tile_487.png,0.0
batch_b6_tile_488.png,0.0
batch_b6_tile_489.png,0.0
batch_b6_tile_49.png,0.0
batch_b6_tile_490.png,0.0
batch_b6_tile_491.png,0.0
batch_b6_tile_492.png,0.0
batch_b6_tile_493.png,0.0
batch_b6_tile_494.png,0.0
batch_b6_tile_495.png,0.0
batch_b6_tile_496.png,0.0
batch_b6_tile_497.png,0.0
batch_b6_tile_498.png,0.0
batch_b6_tile_499.png,0.0
batch_b6_tile_5.png,0.0
batch_b6_tile_50.png,0.0
batch_b6_tile_500.png,0.0
batch_b6_tile_51.png,0.0
batch_b6_tile_52.png,0.0
batch_b6_tile_53.png,0.0
batch_b6_tile_54.png,0.0
batch_b6_tile_55.png,0.0
batch_b6_tile_56.png,0.0
batch_b6_tile_57.png,0.0
batch_b6_tile_58.png,0.0
batch_b6_tile_59.png,0.0
batch_b6_tile_6.png,0.0
batch_b6_tile_60.png,0.0
batch_b6_tile_61.png,0.0
batch_b6_tile_62.png,0.0
batch_b6_tile_63.png,0.0
batch_b6_tile_64.png,0.0
batch_b6_tile_65.png,0.0
batch_b6_tile_66.png,0.0
batch_b6_tile_67.png,0.0
batch_b6_tile_7.png,0.0
batch_b6_tile_71.png,0.0
batch_b6_tile_72.png,0.0
batch_b6_tile_73.png,0.0
batch_b6_tile_74.png,0.0
batch_b6_tile_75.png,0.0
batch_b6_tile_76.png,0.0
batch_b6_tile_77.png,0.0
batch_b6_tile_78.png,0.0
batch_b6_tile_79.png,0.0
batch_b6_tile_8.png,0.0
batch_b6_tile_80.png,0.0
batch_b6_tile_81.png,0.0
batch_b6_tile_82.png,0.0
batch_b6_tile_83.png,0.0
batch_b6_tile_84.png,0.0
batch_b6_tile_85.png,0.0
batch_b6_tile_86.png,0.0
batch_b6_tile_87.png,0.0
batch_b6_tile_88.png,0.0
batch_b6_tile_89.png,0.0
batch_b6_tile_9.png,0.0
batch_b6_tile_90.png,0.0
batch_b6_tile_91.png,0.0
batch_b6_tile_92.png,0.0
batch_b6_tile_93.png,0.0
batch_b6_tile_94.png,0.0
batch_b6_tile_95.png,0.0
batch_b6_tile_96.png,0.0
batch_b6_tile_97.png,0.0
batch_b6_tile_98.png,0.0
batch_b6_tile_99.png,0.0
batch_b7_tile_1.png,0.0
batch_b7_tile_10.png,0.0
batch_b7_tile_100.png,0.0
batch_b7_tile_101.png,0.0
batch_b7_tile_106.png,0.0
batch_b7_tile_107.png,0.0
batch_b7_tile_108.png,0.0
batch_b7_tile_109.png,0.0
batch_b7_tile_11.png,0.0
batch_b7_tile_110.png,0.0
batch_b7_tile_111.png,0.0
batch_b7_tile_112.png,0.0
batch_b7_tile_113.png,0.0
batch_b7_tile_114.png,0.0
batch_b7_tile_115.png,0.0
batch_b7_tile_116.png,0.0
batch_b7_tile_117.png,0.0
batch_b7_tile_118.png,0.0
batch_b7_tile_119.png,0.0
batch_b7_tile_12.png,0.0
batch_b7_tile_120.png,0.0
batch_b7_tile_121.png,0.0
batch_b7_tile_122.png,0.0
batch_b7_tile_123.png,0.0
batch_b7_tile_124.png,0.0
batch_b7_tile_125.png,0.0
batch_b7_tile_126.png,0.0
batch_b7_tile_127.png,0.0
batch_b7_tile_128.png,0.0
batch_b7_tile_129.png,0.0
batch_b7_tile_13.png,0.0
batch_b7_tile_130.png,0.0
batch_b7_tile_131.png,0.0
batch_b7_tile_132.png,0.0
batch_b7_tile_133.png,0.0
batch_b7_tile_134.png,0.0
batch_b7_tile_135.png,0.0
batch_b7_tile_136.png,0.0
batch_b7_tile_137.png,0.0
batch_b7_tile_138.png,0.0
batch_b7_tile_139.png,0.0
batch_b7_tile_14.png,0.0
batch_b7_tile_140.png,0.0
batch_b7_tile_141.png,0.0
batch_b7_tile_145.png,0.0
batch_b7_tile_146.png,0.0
batch_b7_tile_147.png,0.0
batch_b7_tile_148.png,0.0
batch_b7_tile_149.png,0.0
batch_b7_tile_15.png,0.0
batch_b7_tile_150.png,0.0
batch_b7_tile_151.png,0.0
batch_b7_tile_152.png,0.0
batch_b7_tile_153.png,0.0
batch_b7_tile_154.png,0.0
batch_b7_tile_155.png,0.0
batch_b7_tile_156.png,0.0
batch_b7_tile_157.png,0.0
batch_b7_tile_158.png,0.0
batch_b7_tile_159.png,0.0
batch_b7_tile_16.png,0.0
batch_b7_tile_160.png,0.0
batch_b7_tile_161.png,0.0
batch_b7_tile_162.png,0.0
batch_b7_tile_163.png,0.0
batch_b7_tile_164.png,0.0
batch_b7_tile_165.png,0.0
batch_b7_tile_166.png,0.0
batch_b7_tile_167.png,0.0
batch_b7_tile_168.png,0.0
batch_b7_tile_169.png,0.0
batch_b7_tile_17.png,0.0
batch_b7_tile_170.png,0.0
batch_b7_tile_171.png,0.0
batch_b7_tile_172.png,0.0
batch_b7_tile_173.png,0.0
batch_b7_tile_174.png,0.0
batch_b7_tile_175.png,0.0
batch_b7_tile_176.png,0.0
batch_b7_tile_177.png,0.0
batch_b7_tile_178.png,0.0
batch_b7_tile_179.png,0.0
batch_b7_tile_18.png,0.0
batch_b7_tile_184.png,0.0
batch_b7_tile_185.png,0.0
batch_b7_tile_186.png,0.0
batch_b7_tile_187.png,0.0
batch_b7_tile_188.png,0.0
batch_b7_tile_189.png,0.0
batch_b7_tile_19.png,0.0
batch_b7_tile_190.png,0.0
batch_b7_tile_191.png,0.0
batch_b7_tile_192.png,0.0
batch_b7_tile_193.png,0.0
batch_b7_tile_194.png,0.0
batch_b7_tile_195.png,0.0
batch_b7_tile_196.png,0.0
batch_b7_tile_197.png,0.0
batch_b7_tile_198.png,0.0
batch_b7_tile_199.png,0.0
batch_b7_tile_2.png,0.0
batch_b7_tile_20.png,0.0
batch_b7_tile_200.png,0.0
batch_b7_tile_201.png,0.0
batch_b7_tile_202.png,0.0
batch_b7_tile_203.png,0.0
batch_b7_tile_204.png,0.0
batch_b7_tile_205.png,0.0
batch_b7_tile_206.png,0.0
batch_b7_tile_207.png,0.0
batch_b7_tile_208.png,0.0
batch_b7_tile_209.png,0.0
batch_b7_tile_21.png,0.0
batch_b7_tile_210.png,0.0
batch_b7_tile_211.png,0.0
batch_b7_tile_212.png,0.0
batch_b7_tile_213.png,0.0
batch_b7_tile_214.png,0.0
batch_b7_tile_215.png,0.0
batch_b7_tile_216.png,0.0
batch_b7_tile_217.png,0.0
batch_b7_tile_218.png,0.0
batch_b7_tile_22.png,0.0
batch_b7_tile_224.png,0.0
batch_b7_tile_225.png,0.0
batch_b7_tile_226.png,0.0
batch_b7_tile_227.png,0.0
batch_b7_tile_228.png,0.0
batch_b7_tile_229.png,0.0
batch_b7_tile_23.png,0.0
batch_b7_tile_230.png,0.0
batch_b7_tile_231.png,0.0
batch_b7_tile_232.png,0.0
batch_b7_tile_233.png,0.0
batch_b7_tile_234.png,0.0
batch_b7_tile_235.png,0.0
batch_b7_tile_236.png,0.0
batch_b7_tile_237.png,0.0
batch_b7_tile_238.png,0.0
batch_b7_tile_239.png,0.0
batch_b7_tile_24.png,0.0
batch_b7_tile_240.png,0.0
batch_b7_tile_241.png,0.0
batch_b7_tile_242.png,0.0
batch_b7_tile_243.png,0.0
batch_b7_tile_244.png,0.0
batch_b7_tile_245.png,0.0
batch_b7_tile_246.png,0.0
batch_b7_tile_247.png,0.0
batch_b7_tile_248.png,0.0
batch_b7_tile_249.png,0.0
batch_b7_tile_250.png,0.0
batch_b7_tile_251.png,0.0
batch_b7_tile_252.png,0.0
batch_b7_tile_253.png,0.0
batch_b7_tile_254.png,0.0
batch_b7_tile_255.png,0.0
batch_b7_tile_256.png,0.0
batch_b7_tile_257.png,0.0
batch_b7_tile_26.png,0.0
batch_b7_tile_264.png,0.0
batch_b7_tile_265.png,0.0
batch_b7_tile_266.png,0.0
batch_b7_tile_267.png,0.0
batch_b7_tile_268.png,0.0
batch_b7_tile_269.png,0.0
batch_b7_tile_27.png,0.0
batch_b7_tile_270.png,0.0
batch_b7_tile_271.png,0.0
batch_b7_tile_272.png,0.0
batch_b7_tile_273.png,0.0
batch_b7_tile_274.png,0.0
batch_b7_tile_275.png,0.0
batch_b7_tile_276.png,0.0
batch_b7_tile_277.png,0.0
batch_b7_tile_278.png,0.0
batch_b7_tile_279.png,0.0
batch_b7_tile_28.png,0.0
batch_b7_tile_280.png,0.0
batch_b7_tile_281.png,0.0
batch_b7_tile_282.png,0.0
batch_b7_tile_283.png,0.0
batch_b7_tile_284.png,0.0
batch_b7_tile_285.png,0.0
batch_b7_tile_286.png,0.0
batch_b7_tile_287.png,0.0
batch_b7_tile_288.png,0.0
batch_b7_tile_289.png,0.0
batch_b7_tile_29.png,0.0
batch_b7_tile_290.png,0.0
batch_b7_tile_291.png,0.0
batch_b7_tile_292.png,0.0
batch_b7_tile_293.png,0.0
batch_b7_tile_294.png,0.0
batch_b7_tile_295.png,0.0
batch_b7_tile_296.png,0.0
batch_b7_tile_3.png,0.0
batch_b7_tile_30.png,0.0
batch_b7_tile_301.png,0.0
batch_b7_tile_302.png,0.0
batch_b7_tile_303.png,0.0
batch_b7_tile_304.png,0.0
batch_b7_tile_305.png,0.0
batch_b7_tile_306.png,0.0
batch_b7_tile_307.png,0.0
batch_b7_tile_308.png,0.0
batch_b7_tile_309.png,0.0
batch_b7_tile_31.png,0.0
batch_b7_tile_310.png,0.0
batch_b7_tile_311.png,0.0
batch_b7_tile_312.png,0.0
batch_b7_tile_313.png,0.0
batch_b7_tile_314.png,0.0
batch_b7_tile_315.png,0.0
batch_b7_tile_316.png,0.0
batch_b7_tile_317.png,0.0
batch_b7_tile_318.png,0.0
batch_b7_tile_319.png,0.0
batch_b7_tile_32.png,0.0
batch_b7_tile_320.png,0.0
batch_b7_tile_321.png,0.0
batch_b7_tile_322.png,0.0
batch_b7_tile_323.png,0.0
batch_b7_tile_324.png,0.0
batch_b7_tile_325.png,0.0
batch_b7_tile_326.png,0.0
batch_b7_tile_327.png,0.0
batch_b7_tile_328.png,0.0
batch_b7_tile_329.png,0.0
batch_b7_tile_33.png,0.0
batch_b7_tile_330.png,0.0
batch_b7_tile_331.png,0.0
batch_b7_tile_332.png,0.0
batch_b7_tile_333.png,0.0
batch_b7_tile_334.png,0.0
batch_b7_tile_335.png,0.0
batch_b7_tile_336.png,0.0
batch_b7_tile_338.png,0.0
batch_b7_tile_339.png,0.0
batch_b7_tile_34.png,0.0
batch_b7_tile_340.png,0.0
batch_b7_tile_341.png,0.0
batch_b7_tile_342.png,0.0
batch_b7_tile_343.png,0.0
batch_b7_tile_344.png,0.0
batch_b7_tile_345.png,0.0
batch_b7_tile_346.png,0.0
batch_b7_tile_347.png,0.0
batch_b7_tile_348.png,0.0
batch_b7_tile_349.png,0.0
batch_b7_tile_35.png,0.0
batch_b7_tile_350.png,0.0
batch_b7_tile_351.png,0.0
batch_b7_tile_352.png,0.0
batch_b7_tile_353.png,0.0
batch_b7_tile_354.png,0.0
batch_b7_tile_355.png,0.0
batch_b7_tile_356.png,0.0
batch_b7_tile_357.png,0.0
batch_b7_tile_358.png,0.0
batch_b7_tile_359.png,0.0
batch_b7_tile_36.png,0.0
batch_b7_tile_360.png,0.0
batch_b7_tile_361.png,0.0
batch_b7_tile_362.png,0.0
batch_b7_tile_363.png,0.0
batch_b7_tile_364.png,0.0
batch_b7_tile_365.png,0.0
batch_b7_tile_366.png,0.0
batch_b7_tile_367.png,0.0
batch_b7_tile_368.png,0.0
batch_b7_tile_369.png,0.0
batch_b7_tile_37.png,0.0
batch_b7_tile_370.png,0.0
batch_b7_tile_371.png,0.0
batch_b7_tile_372.png,0.0
batch_b7_tile_373.png,0.0
batch_b7_tile_374.png,0.0
batch_b7_tile_375.png,0.0
batch_b7_tile_376.png,0.0
batch_b7_tile_378.png,0.0
batch_b7_tile_379.png,0.0
batch_b7_tile_38.png,0.0
batch_b7_tile_380.png,0.0
batch_b7_tile_381.png,0.0
batch_b7_tile_382.png,0.0
batch_b7_tile_383.png,0.0
batch_b7_tile_384.png,0.0
batch_b7_tile_385.png,0.0
batch_b7_tile_386.png,0.0
batch_b7_tile_387.png,0.0
batch_b7_tile_388.png,0.0
batch_b7_tile_389.png,0.0
batch_b7_tile_39.png,0.0
batch_b7_tile_390.png,0.0
batch_b7_tile_391.png,0.0
batch_b7_tile_392.png,0.0
batch_b7_tile_393.png,0.0
batch_b7_tile_394.png,0.0
batch_b7_tile_395.png,0.0
batch_b7_tile_396.png,0.0
batch_b7_tile_397.png,0.0
batch_b7_tile_398.png,0.0
batch_b7_tile_399.png,0.0
batch_b7_tile_4.png,0.0
batch_b7_tile_40.png,0.0
batch_b7_tile_400.png,0.0
batch_b7_tile_401.png,0.0
batch_b7_tile_402.png,0.0
batch_b7_tile_403.png,0.0
batch_b7_tile_404.png,0.0
batch_b7_tile_405.png,0.0
batch_b7_tile_406.png,0.0
batch_b7_tile_407.png,0.0
batch_b7_tile_408.png,0.0
batch_b7_tile_409.png,0.0
batch_b7_tile_41.png,0.0
batch_b7_tile_410.png,0.0
batch_b7_tile_411.png,0.0
batch_b7_tile_412.png,0.0
batch_b7_tile_413.png,0.0
batch_b7_tile_414.png,0.0
batch_b7_tile_415.png,0.0
batch_b7_tile_416.png,0.0
batch_b7_tile_417.png,0.0
batch_b7_tile_418.png,0.0
batch_b7_tile_419.png,0.0
batch_b7_tile_42.png,0.0
batch_b7_tile_420.png,0.0
batch_b7_tile_421.png,0.0
batch_b7_tile_422.png,0.0
batch_b7_tile_423.png,0.0
batch_b7_tile_424.png,0.0
batch_b7_tile_425.png,0.0
batch_b7_tile_426.png,0.0
batch_b7_tile_427.png,0.0
batch_b7_tile_428.png,0.0
batch_b7_tile_429.png,0.0
batch_b7_tile_43.png,0.0
batch_b7_tile_430.png,0.0
batch_b7_tile_431.png,0.0
batch_b7_tile_432.png,0.0
batch_b7_tile_433.png,0.0
batch_b7_tile_434.png,0.0
batch_b7_tile_435.png,0.0
batch_b7_tile_436.png,0.0
batch_b7_tile_437.png,0.0
batch_b7_tile_438.png,0.0
batch_b7_tile_439.png,0.0
batch_b7_tile_44.png,0.0
batch_b7_tile_440.png,0.0
batch_b7_tile_441.png,0.0
batch_b7_tile_442.png,0.0
batch_b7_tile_443.png,0.0
batch_b7_tile_444.png,0.0
batch_b7_tile_445.png,0.0
batch_b7_tile_446.png,0.0
batch_b7_tile_447.png,0.0
batch_b7_tile_448.png,0.0
batch_b7_tile_449.png,0.0
batch_b7_tile_45.png,0.0
batch_b7_tile_450.png,0.0
batch_b7_tile_451.png,0.0
batch_b7_tile_452.png,0.0
batch_b7_tile_453.png,0.0
batch_b7_tile_454.png,0.0
batch_b7_tile_455.png,0.0
batch_b7_tile_456.png,0.0
batch_b7_tile_457.png,0.0
batch_b7_tile_458.png,0.0
batch_b7_tile_459.png,0.0
batch_b7_tile_46.png,0.0
batch_b7_tile_460.png,0.0
batch_b7_tile_461.png,0.0
batch_b7_tile_462.png,0.0
batch_b7_tile_463.png,0.0
batch_b7_tile_464.png,0.0
batch_b7_tile_465.png,0.0
batch_b7_tile_466.png,0.0
batch_b7_tile_467.png,0.0
batch_b7_tile_468.png,0.0
batch_b7_tile_469.png,0.0
batch_b7_tile_47.png,0.0
batch_b7_tile_470.png,0.0
batch_b7_tile_471.png,0.0
batch_b7_tile_472.png,0.0
batch_b7_tile_473.png,0.0
batch_b7_tile_474.png,0.0
batch_b7_tile_475.png,0.0
batch_b7_tile_476.png,0.0
batch_b7_tile_477.png,0.0
batch_b7_tile_478.png,0.0
batch_b7_tile_479.png,0.0
batch_b7_tile_48.png,0.0
batch_b7_tile_480.png,0.0
batch_b7_tile_481.png,0.0
batch_b7_tile_482.png,0.0
batch_b7_tile_483.png,0.0
batch_b7_tile_484.png,0.0
batch_b7_tile_485.png,0.0
batch_b7_tile_486.png,0.0
batch_b7_tile_487.png,0.0
batch_b7_tile_488.png,0.0
batch_b7_tile_489.png,0.0
batch_b7_tile_49.png,0.0
batch_b7_tile_490.png,0.0
batch_b7_tile_491.png,0.0
batch_b7_tile_492.png,0.0
batch_b7_tile_493.png,0.0
batch_b7_tile_494.png,0.0
batch_b7_tile_495.png,0.0
batch_b7_tile_496.png,0.0
batch_b7_tile_497.png,0.0
batch_b7_tile_498.png,0.0
batch_b7_tile_499.png,0.0
batch_b7_tile_5.png,0.0
batch_b7_tile_50.png,0.0
batch_b7_tile_500.png,0.0
batch_b7_tile_51.png,0.0
batch_b7_tile_52.png,0.0
batch_b7_tile_53.png,0.0
batch_b7_tile_54.png,0.0
batch_b7_tile_55.png,0.0
batch_b7_tile_56.png,0.0
batch_b7_tile_57.png,0.0
batch_b7_tile_58.png,0.0
batch_b7_tile_59.png,0.0
batch_b7_tile_6.png,0.0
batch_b7_tile_60.png,0.0
batch_b7_tile_61.png,0.0
batch_b7_tile_62.png,0.0
batch_b7_tile_63.png,0.0
batch_b7_tile_64.png,0.0
batch_b7_tile_66.png,0.0
batch_b7_tile_67.png,0.0
batch_b7_tile_68.png,0.0
batch_b7_tile_69.png,0.0
batch_b7_tile_7.png,0.0
batch_b7_tile_70.png,0.0
batch_b7_tile_71.png,0.0
batch_b7_tile_72.png,0.0
batch_b7_tile_73.png,0.0
batch_b7_tile_74.png,0.0
batch_b7_tile_75.png,0.0
batch_b7_tile_76.png,0.0
batch_b7_tile_77.png,0.0
batch_b7_tile_78.png,0.0
batch_b7_tile_79.png,0.0
batch_b7_tile_8.png,0.0
batch_b7_tile_80.png,0.0
batch_b7_tile_81.png,0.0
batch_b7_tile_82.png,0.0
batch_b7_tile_83.png,0.0
batch_b7_tile_84.png,0.0
batch_b7_tile_85.png,0.0
batch_b7_tile_86.png,0.0
batch_b7_tile_87.png,0.0
batch_b7_tile_88.png,0.0
batch_b7_tile_89.png,0.0
batch_b7_tile_9.png,0.0
batch_b7_tile_90.png,0.0
batch_b7_tile_91.png,0.0
batch_b7_tile_92.png,0.0
batch_b7_tile_93.png,0.0
batch_b7_tile_94.png,0.0
batch_b7_tile_95.png,0.0
batch_b7_tile_96.png,0.0
batch_b7_tile_97.png,0.0
batch_b7_tile_98.png,0.0
batch_b7_tile_99.png,0.0
batch_b8_tile_1.png,0.0
batch_b8_tile_10.png,0.0
batch_b8_tile_100.png,0.0
batch_b8_tile_101.png,0.0
batch_b8_tile_102.png,0.0
batch_b8_tile_103.png,0.0
batch_b8_tile_104.png,0.0
batch_b8_tile_105.png,0.0
batch_b8_tile_106.png,0.0
batch_b8_tile_107.png,0.0
batch_b8_tile_108.png,0.0
batch_b8_tile_109.png,0.0
batch_b8_tile_11.png,0.0
batch_b8_tile_110.png,0.0
batch_b8_tile_111.png,0.0
batch_b8_tile_112.png,0.0
batch_b8_tile_113.png,0.0
batch_b8_tile_114.png,0.0
batch_b8_tile_115.png,0.0
batch_b8_tile_116.png,0.0
batch_b8_tile_117.png,0.0
batch_b8_tile_118.png,0.0
batch_b8_tile_119.png,0.0
batch_b8_tile_12.png,0.0
batch_b8_tile_120.png,0.0
batch_b8_tile_121.png,0.0
batch_b8_tile_122.png,0.0
batch_b8_tile_123.png,0.0
batch_b8_tile_124.png,0.0
batch_b8_tile_125.png,0.0
batch_b8_tile_126.png,0.0
batch_b8_tile_127.png,0.0
batch_b8_tile_128.png,0.0
batch_b8_tile_129.png,0.0
batch_b8_tile_13.png,0.0
batch_b8_tile_130.png,0.0
batch_b8_tile_131.png,0.0
batch_b8_tile_132.png,0.0
batch_b8_tile_133.png,0.0
batch_b8_tile_134.png,0.0
batch_b8_tile_135.png,0.0
batch_b8_tile_136.png,0.0
batch_b8_tile_137.png,0.0
batch_b8_tile_138.png,0.0
batch_b8_tile_139.png,0.0
batch_b8_tile_14.png,0.0
batch_b8_tile_140.png,0.0
batch_b8_tile_141.png,0.0
batch_b8_tile_142.png,0.0
batch_b8_tile_143.png,0.0
batch_b8_tile_144.png,0.0
batch_b8_tile_145.png,0.0
batch_b8_tile_146.png,0.0
batch_b8_tile_147.png,0.0
batch_b8_tile_148.png,0.0
batch_b8_tile_149.png,0.0
batch_b8_tile_15.png,0.0
batch_b8_tile_150.png,0.0
batch_b8_tile_151.png,0.0
batch_b8_tile_152.png,0.0
batch_b8_tile_153.png,0.0
batch_b8_tile_154.png,0.0
batch_b8_tile_155.png,0.0
batch_b8_tile_156.png,0.0
batch_b8_tile_157.png,0.0
batch_b8_tile_158.png,0.0
batch_b8_tile_159.png,0.0
batch_b8_tile_16.png,0.0
batch_b8_tile_160.png,0.0
batch_b8_tile_161.png,0.0
batch_b8_tile_162.png,0.0
batch_b8_tile_163.png,0.0
batch_b8_tile_164.png,0.0
batch_b8_tile_165.png,0.0
batch_b8_tile_166.png,0.0
batch_b8_tile_167.png,0.0
batch_b8_tile_168.png,0.0
batch_b8_tile_169.png,0.0
batch_b8_tile_17.png,0.0
batch_b8_tile_170.png,0.0
batch_b8_tile_171.png,0.0
batch_b8_tile_172.png,0.0
batch_b8_tile_173.png,0.0
batch_b8_tile_174.png,0.0
batch_b8_tile_175.png,0.0
batch_b8_tile_176.png,0.0
batch_b8_tile_177.png,0.0
batch_b8_tile_178.png,0.0
batch_b8_tile_179.png,0.0
batch_b8_tile_18.png,0.0
batch_b8_tile_180.png,0.0
batch_b8_tile_181.png,0.0
batch_b8_tile_182.png,0.0
batch_b8_tile_183.png,0.0
batch_b8_tile_184.png,0.0
batch_b8_tile_185.png,0.0
batch_b8_tile_186.png,0.0
batch_b8_tile_187.png,0.0
batch_b8_tile_188.png,0.0
batch_b8_tile_189.png,0.0
batch_b8_tile_19.png,0.0
batch_b8_tile_190.png,0.0
batch_b8_tile_191.png,0.0
batch_b8_tile_192.png,0.0
batch_b8_tile_193.png,0.0
batch_b8_tile_194.png,0.0
batch_b8_tile_195.png,0.0
batch_b8_tile_196.png,0.0
batch_b8_tile_197.png,0.0
batch_b8_tile_198.png,0.0
batch_b8_tile_199.png,0.0
batch_b8_tile_2.png,0.0
batch_b8_tile_20.png,0.0
batch_b8_tile_200.png,0.0
batch_b8_tile_201.png,0.0
batch_b8_tile_202.png,0.0
batch_b8_tile_203.png,0.0
batch_b8_tile_204.png,0.0
batch_b8_tile_205.png,0.0
batch_b8_tile_206.png,0.0
batch_b8_tile_207.png,0.0
batch_b8_tile_208.png,0.0
batch_b8_tile_209.png,0.0
batch_b8_tile_21.png,0.0
batch_b8_tile_210.png,0.0
batch_b8_tile_211.png,0.0
batch_b8_tile_212.png,0.0
batch_b8_tile_213.png,0.0
batch_b8_tile_214.png,0.0
batch_b8_tile_215.png,0.0
batch_b8_tile_216.png,0.0
batch_b8_tile_217.png,0.0
batch_b8_tile_218.png,0.0
batch_b8_tile_219.png,0.0
batch_b8_tile_22.png,0.0
batch_b8_tile_220.png,0.0
batch_b8_tile_221.png,0.0
batch_b8_tile_222.png,0.0
batch_b8_tile_223.png,0.0
batch_b8_tile_224.png,0.0
batch_b8_tile_225.png,0.0
batch_b8_tile_226.png,0.0
batch_b8_tile_227.png,0.0
batch_b8_tile_228.png,0.0
batch_b8_tile_229.png,0.0
batch_b8_tile_23.png,0.0
batch_b8_tile_230.png,0.0
batch_b8_tile_231.png,0.0
batch_b8_tile_232.png,0.0
batch_b8_tile_233.png,0.0
batch_b8_tile_234.png,0.0
batch_b8_tile_235.png,0.0
batch_b8_tile_236.png,0.0
batch_b8_tile_237.png,0.0
batch_b8_tile_238.png,0.0
batch_b8_tile_239.png,0.0
batch_b8_tile_24.png,0.0
batch_b8_tile_240.png,0.0
batch_b8_tile_241.png,0.0
batch_b8_tile_242.png,0.0
batch_b8_tile_243.png,0.0
batch_b8_tile_244.png,0.0
batch_b8_tile_245.png,0.0
batch_b8_tile_246.png,0.0
batch_b8_tile_247.png,0.0
batch_b8_tile_248.png,0.0
batch_b8_tile_249.png,0.0
batch_b8_tile_25.png,0.0
batch_b8_tile_250.png,0.0
batch_b8_tile_251.png,0.0
batch_b8_tile_252.png,0.0
batch_b8_tile_253.png,0.0
batch_b8_tile_254.png,0.0
batch_b8_tile_255.png,0.0
batch_b8_tile_256.png,0.0
batch_b8_tile_257.png,0.0
batch_b8_tile_258.png,0.0
batch_b8_tile_259.png,0.0
batch_b8_tile_26.png,0.0
batch_b8_tile_260.png,0.0
batch_b8_tile_261.png,0.0
batch_b8_tile_262.png,0.0
batch_b8_tile_263.png,0.0
batch_b8_tile_264.png,0.0
batch_b8_tile_265.png,0.0
batch_b8_tile_266.png,0.0
batch_b8_tile_267.png,0.0
batch_b8_tile_268.png,0.0
batch_b8_tile_269.png,0.0
batch_b8_tile_27.png,0.0
batch_b8_tile_270.png,0.0
batch_b8_tile_271.png,0.0
batch_b8_tile_272.png,0.0
batch_b8_tile_273.png,0.0
batch_b8_tile_274.png,0.0
batch_b8_tile_275.png,0.0
batch_b8_tile_276.png,0.0
batch_b8_tile_277.png,0.0
batch_b8_tile_278.png,0.0
batch_b8_tile_279.png,0.0
batch_b8_tile_28.png,0.0
batch_b8_tile_280.png,0.0
batch_b8_tile_281.png,0.0
batch_b8_tile_282.png,0.0
batch_b8_tile_283.png,0.0
batch_b8_tile_284.png,0.0
batch_b8_tile_285.png,0.0
batch_b8_tile_286.png,0.0
batch_b8_tile_287.png,0.0
batch_b8_tile_288.png,0.0
batch_b8_tile_289.png,0.0
batch_b8_tile_29.png,0.0
batch_b8_tile_290.png,0.0
batch_b8_tile_291.png,0.0
batch_b8_tile_292.png,0.0
batch_b8_tile_293.png,0.0
batch_b8_tile_294.png,0.0
batch_b8_tile_295.png,0.0
batch_b8_tile_296.png,0.0
batch_b8_tile_297.png,0.0
batch_b8_tile_298.png,0.0
batch_b8_tile_299.png,0.0
batch_b8_tile_3.png,0.0
batch_b8_tile_30.png,0.0
batch_b8_tile_300.png,0.0
batch_b8_tile_301.png,0.0
batch_b8_tile_302.png,0.0
batch_b8_tile_303.png,0.0
batch_b8_tile_304.png,0.0
batch_b8_tile_305.png,0.0
batch_b8_tile_306.png,0.0
batch_b8_tile_307.png,0.0
batch_b8_tile_308.png,0.0
batch_b8_tile_309.png,0.0
batch_b8_tile_31.png,0.0
batch_b8_tile_310.png,0.0
batch_b8_tile_311.png,0.0
batch_b8_tile_312.png,0.0
batch_b8_tile_313.png,0.0
batch_b8_tile_314.png,0.0
batch_b8_tile_315.png,0.0
batch_b8_tile_316.png,0.0
batch_b8_tile_317.png,0.0
batch_b8_tile_318.png,0.0
batch_b8_tile_319.png,0.0
batch_b8_tile_32.png,0.0
batch_b8_tile_320.png,0.0
batch_b8_tile_321.png,0.0
batch_b8_tile_322.png,0.0
batch_b8_tile_323.png,0.0
batch_b8_tile_324.png,0.0
batch_b8_tile_325.png,0.0
batch_b8_tile_326.png,0.0
batch_b8_tile_327.png,0.0
batch_b8_tile_328.png,0.0
batch_b8_tile_329.png,0.0
batch_b8_tile_33.png,0.0
batch_b8_tile_330.png,0.0
batch_b8_tile_331.png,0.0
batch_b8_tile_332.png,0.0
batch_b8_tile_333.png,0.0
batch_b8_tile_334.png,0.0
batch_b8_tile_335.png,0.0
batch_b8_tile_336.png,0.0
batch_b8_tile_337.png,0.0
batch_b8_tile_338.png,0.0
batch_b8_tile_339.png,0.0
batch_b8_tile_34.png,0.0
batch_b8_tile_340.png,0.0
batch_b8_tile_341.png,0.0
batch_b8_tile_342.png,0.0
batch_b8_tile_343.png,0.0
batch_b8_tile_344.png,0.0
batch_b8_tile_345.png,0.0
batch_b8_tile_346.png,0.0
batch_b8_tile_347.png,0.0
batch_b8_tile_348.png,0.0
batch_b8_tile_349.png,0.0
batch_b8_tile_35.png,0.0
batch_b8_tile_350.png,0.0
batch_b8_tile_351.png,0.0
batch_b8_tile_352.png,0.0
batch_b8_tile_353.png,0.0
batch_b8_tile_354.png,0.0
batch_b8_tile_355.png,0.0
batch_b8_tile_356.png,0.0
batch_b8_tile_357.png,0.0
batch_b8_tile_358.png,0.0
batch_b8_tile_359.png,0.0
batch_b8_tile_36.png,0.0
batch_b8_tile_360.png,0.0
batch_b8_tile_361.png,0.0
batch_b8_tile_362.png,0.0
batch_b8_tile_363.png,0.0
batch_b8_tile_364.png,0.0
batch_b8_tile_365.png,0.0
batch_b8_tile_366.png,0.0
batch_b8_tile_367.png,0.0
batch_b8_tile_368.png,0.0
batch_b8_tile_369.png,0.0
batch_b8_tile_37.png,0.0
batch_b8_tile_370.png,0.0
batch_b8_tile_371.png,0.0
batch_b8_tile_372.png,0.0
batch_b8_tile_373.png,0.0
batch_b8_tile_374.png,0.0
batch_b8_tile_375.png,0.0
batch_b8_tile_376.png,0.0
batch_b8_tile_377.png,0.0
batch_b8_tile_378.png,0.0
batch_b8_tile_379.png,0.0
batch_b8_tile_38.png,0.0
batch_b8_tile_380.png,0.0
batch_b8_tile_381.png,0.0
batch_b8_tile_382.png,0.0
batch_b8_tile_383.png,0.0
batch_b8_tile_384.png,0.0
batch_b8_tile_385.png,0.0
batch_b8_tile_386.png,0.0
batch_b8_tile_387.png,0.0
batch_b8_tile_388.png,0.0
batch_b8_tile_389.png,0.0
batch_b8_tile_39.png,0.0
batch_b8_tile_390.png,0.0
batch_b8_tile_391.png,0.0
batch_b8_tile_392.png,0.0
batch_b8_tile_393.png,0.0
batch_b8_tile_394.png,0.0
batch_b8_tile_395.png,0.0
batch_b8_tile_396.png,0.0
batch_b8_tile_397.png,0.0
batch_b8_tile_398.png,0.0
batch_b8_tile_399.png,0.0
batch_b8_tile_4.png,0.0
batch_b8_tile_40.png,0.0
batch_b8_tile_400.png,0.0
batch_b8_tile_401.png,0.0
batch_b8_tile_402.png,0.0
batch_b8_tile_403.png,0.0
batch_b8_tile_404.png,0.0
batch_b8_tile_405.png,0.0
batch_b8_tile_406.png,0.0
batch_b8_tile_407.png,0.0
batch_b8_tile_408.png,0.0
batch_b8_tile_409.png,0.0
batch_b8_tile_41.png,0.0
batch_b8_tile_410.png,0.0
batch_b8_tile_411.png,0.0
batch_b8_tile_412.png,0.0
batch_b8_tile_413.png,0.0
batch_b8_tile_414.png,0.0
batch_b8_tile_415.png,0.0
batch_b8_tile_416.png,0.0
batch_b8_tile_417.png,0.0
batch_b8_tile_418.png,0.0
batch_b8_tile_419.png,0.0
batch_b8_tile_42.png,0.0
batch_b8_tile_420.png,0.0
batch_b8_tile_421.png,0.0
batch_b8_tile_422.png,0.0
batch_b8_tile_423.png,0.0
batch_b8_tile_424.png,0.0
batch_b8_tile_425.png,0.0
batch_b8_tile_426.png,0.0
batch_b8_tile_427.png,0.0
batch_b8_tile_428.png,0.0
batch_b8_tile_429.png,0.0
batch_b8_tile_43.png,0.0
batch_b8_tile_430.png,0.0
batch_b8_tile_431.png,0.0
batch_b8_tile_432.png,0.0
batch_b8_tile_433.png,0.0
batch_b8_tile_434.png,0.0
batch_b8_tile_435.png,0.0
batch_b8_tile_436.png,0.0
batch_b8_tile_437.png,0.0
batch_b8_tile_438.png,0.0
batch_b8_tile_439.png,0.0
batch_b8_tile_44.png,0.0
batch_b8_tile_440.png,0.0
batch_b8_tile_441.png,0.0
batch_b8_tile_442.png,0.0
batch_b8_tile_443.png,0.0
batch_b8_tile_444.png,0.0
batch_b8_tile_445.png,0.0
batch_b8_tile_446.png,0.0
batch_b8_tile_447.png,0.0
batch_b8_tile_448.png,0.0
batch_b8_tile_449.png,0.0
batch_b8_tile_45.png,0.0
batch_b8_tile_450.png,0.0
batch_b8_tile_451.png,0.0
batch_b8_tile_452.png,0.0
batch_b8_tile_453.png,0.0
batch_b8_tile_454.png,0.0
batch_b8_tile_455.png,0.0
batch_b8_tile_456.png,0.0
batch_b8_tile_457.png,0.0
batch_b8_tile_458.png,0.0
batch_b8_tile_459.png,0.0
batch_b8_tile_46.png,0.0
batch_b8_tile_460.png,0.0
batch_b8_tile_461.png,0.0
batch_b8_tile_462.png,0.0
batch_b8_tile_463.png,0.0
batch_b8_tile_464.png,0.0
batch_b8_tile_465.png,0.0
batch_b8_tile_466.png,0.0
batch_b8_tile_467.png,0.0
batch_b8_tile_468.png,0.0
batch_b8_tile_469.png,0.0
batch_b8_tile_47.png,0.0
batch_b8_tile_470.png,0.0
batch_b8_tile_471.png,0.0
batch_b8_tile_472.png,0.0
batch_b8_tile_473.png,0.0
batch_b8_tile_474.png,0.0
batch_b8_tile_475.png,0.0
batch_b8_tile_476.png,0.0
batch_b8_tile_477.png,0.0
batch_b8_tile_478.png,0.0
batch_b8_tile_479.png,0.0
batch_b8_tile_48.png,0.0
batch_b8_tile_480.png,0.0
batch_b8_tile_481.png,0.0
batch_b8_tile_482.png,0.0
batch_b8_tile_483.png,0.0
batch_b8_tile_484.png,0.0
batch_b8_tile_485.png,0.0
batch_b8_tile_486.png,0.0
batch_b8_tile_487.png,0.0
batch_b8_tile_488.png,0.0
batch_b8_tile_489.png,0.0
batch_b8_tile_49.png,0.0
batch_b8_tile_490.png,0.0
batch_b8_tile_491.png,0.0
batch_b8_tile_492.png,0.0
batch_b8_tile_493.png,0.0
batch_b8_tile_494.png,0.0
batch_b8_tile_495.png,0.0
batch_b8_tile_496.png,0.0
batch_b8_tile_497.png,0.0
batch_b8_tile_498.png,0.0
batch_b8_tile_499.png,0.0
batch_b8_tile_5.png,0.0
batch_b8_tile_50.png,0.0
batch_b8_tile_500.png,0.0
batch_b8_tile_51.png,0.0
batch_b8_tile_52.png,0.0
batch_b8_tile_53.png,0.0
batch_b8_tile_54.png,0.0
batch_b8_tile_55.png,0.0
batch_b8_tile_56.png,0.0
batch_b8_tile_57.png,0.0
batch_b8_tile_58.png,0.0
batch_b8_tile_59.png,0.0
batch_b8_tile_6.png,0.0
batch_b8_tile_60.png,0.0
batch_b8_tile_61.png,0.0
batch_b8_tile_62.png,0.0
batch_b8_tile_63.png,0.0
batch_b8_tile_64.png,0.0
batch_b8_tile_65.png,0.0
batch_b8_tile_66.png,0.0
batch_b8_tile_67.png,0.0
batch_b8_tile_68.png,0.0
batch_b8_tile_69.png,0.0
batch_b8_tile_7.png,0.0
batch_b8_tile_70.png,0.0
batch_b8_tile_71.png,0.0
batch_b8_tile_72.png,0.0
batch_b8_tile_73.png,0.0
batch_b8_tile_74.png,0.0
batch_b8_tile_75.png,0.0
batch_b8_tile_76.png,0.0
batch_b8_tile_77.png,0.0
batch_b8_tile_78.png,0.0
batch_b8_tile_79.png,0.0
batch_b8_tile_8.png,0.0
batch_b8_tile_80.png,0.0
batch_b8_tile_81.png,0.0
batch_b8_tile_82.png,0.0
batch_b8_tile_83.png,0.0
batch_b8_tile_84.png,0.0
batch_b8_tile_85.png,0.0
batch_b8_tile_86.png,0.0
batch_b8_tile_87.png,0.0
batch_b8_tile_88.png,0.0
batch_b8_tile_89.png,0.0
batch_b8_tile_9.png,0.0
batch_b8_tile_90.png,0.0
batch_b8_tile_91.png,0.0
batch_b8_tile_92.png,0.0
batch_b8_tile_93.png,0.0
batch_b8_tile_94.png,0.0
batch_b8_tile_95.png,0.0
batch_b8_tile_96.png,0.0
batch_b8_tile_97.png,0.0
batch_b8_tile_98.png,0.0
batch_b8_tile_99.png,0.0
batch_b9_tile_1.png,0.0
batch_b9_tile_10.png,0.0
batch_b9_tile_100.png,0.0
batch_b9_tile_101.png,0.0
batch_b9_tile_102.png,0.0
batch_b9_tile_103.png,0.0
batch_b9_tile_104.png,0.0
batch_b9_tile_105.png,0.0
batch_b9_tile_106.png,0.0
batch_b9_tile_107.png,0.0
batch_b9_tile_108.png,0.0
batch_b9_tile_109.png,0.0
batch_b9_tile_11.png,0.0
batch_b9_tile_110.png,0.0
batch_b9_tile_111.png,0.0
batch_b9_tile_112.png,0.0
batch_b9_tile_113.png,0.0
batch_b9_tile_114.png,0.0
batch_b9_tile_115.png,0.0
batch_b9_tile_116.png,0.0
batch_b9_tile_117.png,0.0
batch_b9_tile_118.png,0.0
batch_b9_tile_119.png,0.0
batch_b9_tile_12.png,0.0
batch_b9_tile_120.png,0.0
batch_b9_tile_121.png,0.0
batch_b9_tile_122.png,0.0
batch_b9_tile_123.png,0.0
batch_b9_tile_124.png,0.0
batch_b9_tile_125.png,0.0
batch_b9_tile_126.png,0.0
batch_b9_tile_127.png,0.0
batch_b9_tile_128.png,0.0
batch_b9_tile_129.png,0.0
batch_b9_tile_13.png,0.0
batch_b9_tile_130.png,0.0
batch_b9_tile_131.png,0.0
batch_b9_tile_132.png,0.0
batch_b9_tile_133.png,0.0
batch_b9_tile_134.png,0.0
batch_b9_tile_135.png,0.0
batch_b9_tile_136.png,0.0
batch_b9_tile_137.png,0.0
batch_b9_tile_138.png,0.0
batch_b9_tile_139.png,0.0
batch_b9_tile_14.png,0.0
batch_b9_tile_140.png,0.0
batch_b9_tile_141.png,0.0
batch_b9_tile_142.png,0.0
batch_b9_tile_143.png,0.0
batch_b9_tile_144.png,0.0
batch_b9_tile_145.png,0.0
batch_b9_tile_146.png,0.0
batch_b9_tile_147.png,0.0
batch_b9_tile_148.png,0.0
batch_b9_tile_149.png,0.0
batch_b9_tile_15.png,0.0
batch_b9_tile_150.png,0.0
batch_b9_tile_151.png,0.0
batch_b9_tile_152.png,0.0
batch_b9_tile_153.png,0.0
batch_b9_tile_154.png,0.0
batch_b9_tile_155.png,0.0
batch_b9_tile_156.png,0.0
batch_b9_tile_157.png,0.0
batch_b9_tile_158.png,0.0
batch_b9_tile_159.png,0.0
batch_b9_tile_16.png,0.0
batch_b9_tile_160.png,0.0
batch_b9_tile_161.png,0.0
batch_b9_tile_162.png,0.0
batch_b9_tile_163.png,0.0
batch_b9_tile_164.png,0.0
batch_b9_tile_165.png,0.0
batch_b9_tile_166.png,0.0
batch_b9_tile_167.png,0.0
batch_b9_tile_168.png,0.0
batch_b9_tile_169.png,0.0
batch_b9_tile_17.png,0.0
batch_b9_tile_170.png,0.0
batch_b9_tile_171.png,0.0
batch_b9_tile_172.png,0.0
batch_b9_tile_173.png,0.0
batch_b9_tile_174.png,0.0
batch_b9_tile_175.png,0.0
batch_b9_tile_176.png,0.0
batch_b9_tile_177.png,0.0
batch_b9_tile_178.png,0.0
batch_b9_tile_179.png,0.0
batch_b9_tile_18.png,0.0
batch_b9_tile_180.png,0.0
batch_b9_tile_181.png,0.0
batch_b9_tile_182.png,0.0
batch_b9_tile_183.png,0.0
batch_b9_tile_184.png,0.0
batch_b9_tile_185.png,0.0
batch_b9_tile_186.png,0.0
batch_b9_tile_187.png,0.0
batch_b9_tile_188.png,0.0
batch_b9_tile_189.png,0.0
batch_b9_tile_19.png,0.0
batch_b9_tile_190.png,0.0
batch_b9_tile_191.png,0.0
batch_b9_tile_192.png,0.0
batch_b9_tile_193.png,0.0
batch_b9_tile_194.png,0.0
batch_b9_tile_195.png,0.0
batch_b9_tile_196.png,0.0
batch_b9_tile_197.png,0.0
batch_b9_tile_198.png,0.0
batch_b9_tile_199.png,0.0
batch_b9_tile_2.png,0.0
batch_b9_tile_20.png,0.0
batch_b9_tile_200.png,0.0
batch_b9_tile_201.png,0.0
batch_b9_tile_202.png,0.0
batch_b9_tile_203.png,0.0
batch_b9_tile_204.png,0.0
batch_b9_tile_205.png,0.0
batch_b9_tile_206.png,0.0
batch_b9_tile_207.png,0.0
batch_b9_tile_208.png,0.0
batch_b9_tile_209.png,0.0
batch_b9_tile_21.png,0.0
batch_b9_tile_210.png,0.0
batch_b9_tile_211.png,0.0
batch_b9_tile_212.png,0.0
batch_b9_tile_213.png,0.0
batch_b9_tile_214.png,0.0
batch_b9_tile_215.png,0.0
batch_b9_tile_216.png,0.0
batch_b9_tile_217.png,0.0
batch_b9_tile_218.png,0.0
batch_b9_tile_219.png,0.0
batch_b9_tile_22.png,0.0
batch_b9_tile_220.png,0.0
batch_b9_tile_221.png,0.0
batch_b9_tile_222.png,0.0
batch_b9_tile_223.png,0.0
batch_b9_tile_224.png,0.0
batch_b9_tile_225.png,0.0
batch_b9_tile_226.png,0.0
batch_b9_tile_227.png,0.0
batch_b9_tile_228.png,0.0
batch_b9_tile_229.png,0.0
batch_b9_tile_23.png,0.0
batch_b9_tile_230.png,0.0
batch_b9_tile_231.png,0.0
batch_b9_tile_232.png,0.0
batch_b9_tile_233.png,0.0
batch_b9_tile_234.png,0.0
batch_b9_tile_235.png,0.0
batch_b9_tile_236.png,0.0
batch_b9_tile_237.png,0.0
batch_b9_tile_238.png,0.0
batch_b9_tile_239.png,0.0
batch_b9_tile_24.png,0.0
batch_b9_tile_240.png,0.0
batch_b9_tile_241.png,0.0
batch_b9_tile_242.png,0.0
batch_b9_tile_243.png,0.0
batch_b9_tile_244.png,0.0
batch_b9_tile_245.png,0.0
batch_b9_tile_246.png,0.0
batch_b9_tile_247.png,0.0
batch_b9_tile_248.png,0.0
batch_b9_tile_249.png,0.0
batch_b9_tile_25.png,0.0
batch_b9_tile_250.png,0.0
batch_b9_tile_251.png,0.0
batch_b9_tile_252.png,0.0
batch_b9_tile_253.png,0.0
batch_b9_tile_254.png,0.0
batch_b9_tile_255.png,0.0
batch_b9_tile_256.png,0.0
batch_b9_tile_257.png,0.0
batch_b9_tile_258.png,0.0
batch_b9_tile_259.png,0.0
batch_b9_tile_26.png,0.0
batch_b9_tile_260.png,0.0
batch_b9_tile_261.png,0.0
batch_b9_tile_262.png,0.0
batch_b9_tile_263.png,0.0
batch_b9_tile_264.png,0.0
batch_b9_tile_266.png,0.0
batch_b9_tile_267.png,0.0
batch_b9_tile_268.png,0.0
batch_b9_tile_269.png,0.0
batch_b9_tile_27.png,0.0
batch_b9_tile_270.png,0.0
batch_b9_tile_271.png,0.0
batch_b9_tile_272.png,0.0
batch_b9_tile_273.png,0.0
batch_b9_tile_274.png,0.0
batch_b9_tile_275.png,0.0
batch_b9_tile_276.png,0.0
batch_b9_tile_277.png,0.0
batch_b9_tile_278.png,0.0
batch_b9_tile_279.png,0.0
batch_b9_tile_28.png,0.0
batch_b9_tile_280.png,0.0
batch_b9_tile_281.png,0.0
batch_b9_tile_282.png,0.0
batch_b9_tile_283.png,0.0
batch_b9_tile_284.png,0.0
batch_b9_tile_285.png,0.0
batch_b9_tile_286.png,0.0
batch_b9_tile_287.png,0.0
batch_b9_tile_288.png,0.0
batch_b9_tile_289.png,0.0
batch_b9_tile_29.png,0.0
batch_b9_tile_290.png,0.0
batch_b9_tile_291.png,0.0
batch_b9_tile_292.png,0.0
batch_b9_tile_293.png,0.0
batch_b9_tile_294.png,0.0
batch_b9_tile_295.png,0.0
batch_b9_tile_296.png,0.0
batch_b9_tile_297.png,0.0
batch_b9_tile_298.png,0.0
batch_b9_tile_299.png,0.0
batch_b9_tile_3.png,0.0
batch_b9_tile_30.png,0.0
batch_b9_tile_300.png,0.0
batch_b9_tile_301.png,0.0
batch_b9_tile_302.png,0.0
batch_b9_tile_303.png,0.0
batch_b9_tile_304.png,0.0
batch_b9_tile_306.png,0.0
batch_b9_tile_307.png,0.0
batch_b9_tile_308.png,0.0
batch_b9_tile_309.png,0.0
batch_b9_tile_31.png,0.0
batch_b9_tile_310.png,0.0
batch_b9_tile_311.png,0.0
batch_b9_tile_312.png,0.0
batch_b9_tile_313.png,0.0
batch_b9_tile_314.png,0.0
batch_b9_tile_315.png,0.0
batch_b9_tile_316.png,0.0
batch_b9_tile_317.png,0.0
batch_b9_tile_318.png,0.0
batch_b9_tile_319.png,0.0
batch_b9_tile_32.png,0.0
batch_b9_tile_320.png,0.0
batch_b9_tile_321.png,0.0
batch_b9_tile_322.png,0.0
batch_b9_tile_323.png,0.0
batch_b9_tile_324.png,0.0
batch_b9_tile_325.png,0.0
batch_b9_tile_326.png,0.0
batch_b9_tile_327.png,0.0
batch_b9_tile_328.png,0.0
batch_b9_tile_329.png,0.0
batch_b9_tile_33.png,0.0
batch_b9_tile_330.png,0.0
batch_b9_tile_331.png,0.0
batch_b9_tile_332.png,0.0
batch_b9_tile_333.png,0.0
batch_b9_tile_334.png,0.0
batch_b9_tile_335.png,0.0
batch_b9_tile_336.png,0.0
batch_b9_tile_337.png,0.0
batch_b9_tile_338.png,0.0
batch_b9_tile_339.png,0.0
batch_b9_tile_34.png,0.0
batch_b9_tile_340.png,0.0
batch_b9_tile_341.png,0.0
batch_b9_tile_342.png,0.0
batch_b9_tile_343.png,0.0
batch_b9_tile_344.png,0.0
batch_b9_tile_346.png,0.0
batch_b9_tile_347.png,0.0
batch_b9_tile_348.png,0.0
batch_b9_tile_349.png,0.0
batch_b9_tile_35.png,0.0
batch_b9_tile_350.png,0.0
batch_b9_tile_351.png,0.0
batch_b9_tile_352.png,0.0
batch_b9_tile_353.png,0.0
batch_b9_tile_354.png,0.0
batch_b9_tile_355.png,0.0
batch_b9_tile_356.png,0.0
batch_b9_tile_357.png,0.0
batch_b9_tile_358.png,0.0
batch_b9_tile_359.png,0.0
batch_b9_tile_36.png,0.0
batch_b9_tile_360.png,0.0
batch_b9_tile_361.png,0.0
batch_b9_tile_362.png,0.0
batch_b9_tile_363.png,0.0
batch_b9_tile_364.png,0.0
batch_b9_tile_365.png,0.0
batch_b9_tile_366.png,0.0
batch_b9_tile_367.png,0.0
batch_b9_tile_368.png,0.0
batch_b9_tile_369.png,0.0
batch_b9_tile_37.png,0.0
batch_b9_tile_370.png,0.0
batch_b9_tile_371.png,0.0
batch_b9_tile_372.png,0.0
batch_b9_tile_373.png,0.0
batch_b9_tile_374.png,0.0
batch_b9_tile_375.png,0.0
batch_b9_tile_376.png,0.0
batch_b9_tile_377.png,0.0
batch_b9_tile_378.png,0.0
batch_b9_tile_379.png,0.0
batch_b9_tile_38.png,0.0
batch_b9_tile_380.png,0.0
batch_b9_tile_381.png,0.0
batch_b9_tile_382.png,0.0
batch_b9_tile_383.png,0.0
batch_b9_tile_384.png,0.0
batch_b9_tile_386.png,0.0
batch_b9_tile_387.png,0.0
batch_b9_tile_388.png,0.0
batch_b9_tile_389.png,0.0
batch_b9_tile_39.png,0.0
batch_b9_tile_390.png,0.0
batch_b9_tile_391.png,0.0
batch_b9_tile_392.png,0.0
batch_b9_tile_393.png,0.0
batch_b9_tile_394.png,0.0
batch_b9_tile_395.png,0.0
batch_b9_tile_396.png,0.0
batch_b9_tile_397.png,0.0
batch_b9_tile_398.png,0.0
batch_b9_tile_399.png,0.0
batch_b9_tile_4.png,0.0
batch_b9_tile_40.png,0.0
batch_b9_tile_400.png,0.0
batch_b9_tile_401.png,0.0
batch_b9_tile_402.png,0.0
batch_b9_tile_403.png,0.0
batch_b9_tile_404.png,0.0
batch_b9_tile_405.png,0.0
batch_b9_tile_406.png,0.0
batch_b9_tile_407.png,0.0
batch_b9_tile_408.png,0.0
batch_b9_tile_409.png,0.0
batch_b9_tile_41.png,0.0
batch_b9_tile_410.png,0.0
batch_b9_tile_411.png,0.0
batch_b9_tile_412.png,0.0
batch_b9_tile_413.png,0.0
batch_b9_tile_414.png,0.0
batch_b9_tile_415.png,0.0
batch_b9_tile_416.png,0.0
batch_b9_tile_417.png,0.0
batch_b9_tile_418.png,0.0
batch_b9_tile_419.png,0.0
batch_b9_tile_42.png,0.0
batch_b9_tile_420.png,0.0
batch_b9_tile_421.png,0.0
batch_b9_tile_422.png,0.0
batch_b9_tile_423.png,0.0
batch_b9_tile_424.png,0.0
batch_b9_tile_426.png,0.0
batch_b9_tile_427.png,0.0
batch_b9_tile_428.png,0.0
batch_b9_tile_429.png,0.0
batch_b9_tile_43.png,0.0
batch_b9_tile_430.png,0.0
batch_b9_tile_431.png,0.0
batch_b9_tile_432.png,0.0
batch_b9_tile_433.png,0.0
batch_b9_tile_434.png,0.0
batch_b9_tile_435.png,0.0
batch_b9_tile_436.png,0.0
batch_b9_tile_437.png,0.0
batch_b9_tile_438.png,0.0
batch_b9_tile_439.png,0.0
batch_b9_tile_44.png,0.0
batch_b9_tile_440.png,0.0
batch_b9_tile_441.png,0.0
batch_b9_tile_442.png,0.0
batch_b9_tile_443.png,0.0
batch_b9_tile_444.png,0.0
batch_b9_tile_445.png,0.0
batch_b9_tile_446.png,0.0
batch_b9_tile_447.png,0.0
batch_b9_tile_448.png,0.0
batch_b9_tile_449.png,0.0
batch_b9_tile_45.png,0.0
batch_b9_tile_450.png,0.0
batch_b9_tile_451.png,0.0
batch_b9_tile_452.png,0.0
batch_b9_tile_453.png,0.0
batch_b9_tile_454.png,0.0
batch_b9_tile_455.png,0.0
batch_b9_tile_456.png,0.0
batch_b9_tile_457.png,0.0
batch_b9_tile_458.png,0.0
batch_b9_tile_459.png,0.0
batch_b9_tile_46.png,0.0
batch_b9_tile_460.png,0.0
batch_b9_tile_461.png,0.0
batch_b9_tile_462.png,0.0
batch_b9_tile_463.png,0.0
batch_b9_tile_464.png,0.0
batch_b9_tile_466.png,0.0
batch_b9_tile_467.png,0.0
batch_b9_tile_468.png,0.0
batch_b9_tile_469.png,0.0
batch_b9_tile_47.png,0.0
batch_b9_tile_470.png,0.0
batch_b9_tile_471.png,0.0
batch_b9_tile_472.png,0.0
batch_b9_tile_473.png,0.0
batch_b9_tile_474.png,0.0
batch_b9_tile_475.png,0.0
batch_b9_tile_476.png,0.0
batch_b9_tile_477.png,0.0
batch_b9_tile_479.png,0.0
batch_b9_tile_48.png,0.0
batch_b9_tile_480.png,0.0
batch_b9_tile_481.png,0.0
batch_b9_tile_482.png,0.0
batch_b9_tile_483.png,0.0
batch_b9_tile_484.png,0.0
batch_b9_tile_485.png,0.0
batch_b9_tile_486.png,0.0
batch_b9_tile_487.png,0.0
batch_b9_tile_488.png,0.0
batch_b9_tile_489.png,0.0
batch_b9_tile_49.png,0.0
batch_b9_tile_490.png,0.0
batch_b9_tile_491.png,0.0
batch_b9_tile_492.png,0.0
batch_b9_tile_493.png,0.0
batch_b9_tile_494.png,0.0
batch_b9_tile_495.png,0.0
batch_b9_tile_496.png,0.0
batch_b9_tile_497.png,0.0
batch_b9_tile_498.png,0.0
batch_b9_tile_499.png,0.0
batch_b9_tile_5.png,0.0
batch_b9_tile_50.png,0.0
batch_b9_tile_500.png,0.0
batch_b9_tile_51.png,0.0
batch_b9_tile_52.png,0.0
batch_b9_tile_53.png,0.0
batch_b9_tile_54.png,0.0
batch_b9_tile_55.png,0.0
batch_b9_tile_56.png,0.0
batch_b9_tile_57.png,0.0
batch_b9_tile_58.png,0.0
batch_b9_tile_59.png,0.0
batch_b9_tile_6.png,0.0
batch_b9_tile_60.png,0.0
batch_b9_tile_61.png,0.0
batch_b9_tile_62.png,0.0
batch_b9_tile_63.png,0.0
batch_b9_tile_64.png,0.0
batch_b9_tile_65.png,0.0
batch_b9_tile_66.png,0.0
batch_b9_tile_67.png,0.0
batch_b9_tile_68.png,0.0
batch_b9_tile_69.png,0.0
batch_b9_tile_7.png,0.0
batch_b9_tile_70.png,0.0
batch_b9_tile_71.png,0.0
batch_b9_tile_72.png,0.0
batch_b9_tile_73.png,0.0
batch_b9_tile_74.png,0.0
batch_b9_tile_75.png,0.0
batch_b9_tile_76.png,0.0
batch_b9_tile_77.png,0.0
batch_b9_tile_78.png,0.0
batch_b9_tile_79.png,0.0
batch_b9_tile_8.png,0.0
batch_b9_tile_80.png,0.0
batch_b9_tile_81.png,0.0
batch_b9_tile_82.png,0.0
batch_b9_tile_83.png,0.0
batch_b9_tile_84.png,0.0
batch_b9_tile_85.png,0.0
batch_b9_tile_86.png,0.0
batch_b9_tile_87.png,0.0
batch_b9_tile_88.png,0.0
batch_b9_tile_89.png,0.0
batch_b9_tile_9.png,0.0
batch_b9_tile_90.png,0.0
batch_b9_tile_91.png,0.0
batch_b9_tile_92.png,0.0
batch_b9_tile_93.png,0.0
batch_b9_tile_94.png,0.0
batch_b9_tile_95.png,0.0
batch_b9_tile_96.png,0.0
batch_b9_tile_97.png,0.0
batch_b9_tile_98.png,0.0
batch_b9_tile_99.png,0.0
true_color_tile_1.png,0.0
true_color_tile_10.png,0.0
true_color_tile_100.png,0.0
true_color_tile_101.png,0.0
true_color_tile_102.png,0.0
true_color_tile_103.png,0.0
true_color_tile_104.png,0.0
true_color_tile_105.png,0.0
true_color_tile_106.png,0.0
true_color_tile_107.png,0.0
true_color_tile_108.png,0.0
true_color_tile_109.png,0.0
true_color_tile_11.png,0.0
true_color_tile_110.png,0.0
true_color_tile_111.png,0.0
true_color_tile_112.png,0.0
true_color_tile_113.png,0.0
true_color_tile_114.png,0.0
true_color_tile_115.png,0.0
true_color_tile_116.png,0.0
true_color_tile_117.png,0.0
true_color_tile_118.png,0.0
true_color_tile_119.png,0.0
true_color_tile_12.png,0.0
true_color_tile_120.png,0.0
true_color_tile_121.png,0.0
true_color_tile_122.png,0.0
true_color_tile_123.png,0.0
true_color_tile_124.png,0.0
true_color_tile_125.png,0.0
true_color_tile_126.png,0.0
true_color_tile_127.png,0.0
true_color_tile_128.png,0.0
true_color_tile_129.png,0.0
true_color_tile_13.png,0.0
true_color_tile_130.png,0.0
true_color_tile_131.png,0.0
true_color_tile_132.png,0.0
true_color_tile_133.png,0.0
true_color_tile_134.png,0.0
true_color_tile_135.png,0.0
true_color_tile_136.png,0.0
true_color_tile_137.png,0.0
true_color_tile_138.png,0.0
true_color_tile_139.png,0.0
true_color_tile_14.png,0.0
true_color_tile_140.png,0.0
true_color_tile_141.png,0.0
true_color_tile_142.png,0.0
true_color_tile_143.png,0.0
true_color_tile_144.png,0.0
true_color_tile_145.png,0.0
true_color_tile_146.png,0.0
true_color_tile_147.png,0.0
true_color_tile_148.png,0.0
true_color_tile_149.png,0.0
true_color_tile_15.png,0.0
true_color_tile_150.png,0.0
true_color_tile_151.png,0.0
true_color_tile_152.png,0.0
true_color_tile_153.png,0.0
true_color_tile_154.png,0.0
true_color_tile_155.png,0.0
true_color_tile_156.png,0.0
true_color_tile_157.png,0.0
true_color_tile_158.png,0.0
true_color_tile_159.png,0.0
true_color_tile_16.png,0.0
true_color_tile_160.png,0.0
true_color_tile_161.png,0.0
true_color_tile_162.png,0.0
true_color_tile_163.png,0.0
true_color_tile_164.png,0.0
true_color_tile_165.png,0.0
true_color_tile_166.png,0.0
true_color_tile_167.png,0.0
true_color_tile_168.png,0.0
true_color_tile_169.png,0.0
true_color_tile_17.png,0.0
true_color_tile_170.png,0.0
true_color_tile_171.png,0.0
true_color_tile_172.png,0.0
true_color_tile_173.png,0.0
true_color_tile_174.png,0.0
true_color_tile_175.png,0.0
true_color_tile_176.png,0.0
true_color_tile_177.png,0.0
true_color_tile_178.png,0.0
true_color_tile_179.png,0.0
true_color_tile_18.png,0.0
true_color_tile_180.png,0.0
true_color_tile_181.png,0.0
true_color_tile_182.png,0.0
true_color_tile_183.png,0.0
true_color_tile_184.png,0.0
true_color_tile_185.png,0.0
true_color_tile_186.png,0.0
true_color_tile_187.png,0.0
true_color_tile_188.png,0.0
true_color_tile_189.png,0.0
true_color_tile_19.png,0.0
true_color_tile_190.png,0.0
true_color_tile_191.png,0.0
true_color_tile_192.png,0.0
true_color_tile_193.png,0.0
true_color_tile_194.png,0.0
true_color_tile_195.png,0.0
true_color_tile_196.png,0.0
true_color_tile_197.png,0.0
true_color_tile_198.png,0.0
true_color_tile_199.png,0.0
true_color_tile_2.png,0.0
true_color_tile_20.png,0.0
true_color_tile_200.png,0.0
true_color_tile_201.png,0.0
true_color_tile_202.png,0.0
true_color_tile_203.png,0.0
true_color_tile_204.png,0.0
true_color_tile_205.png,0.0
true_color_tile_206.png,0.0
true_color_tile_207.png,0.0
true_color_tile_208.png,0.0
true_color_tile_209.png,0.0
true_color_tile_21.png,0.0
true_color_tile_210.png,0.0
true_color_tile_211.png,0.0
true_color_tile_212.png,0.0
true_color_tile_213.png,0.0
true_color_tile_214.png,0.0
true_color_tile_215.png,0.0
true_color_tile_216.png,0.0
true_color_tile_217.png,0.0
true_color_tile_218.png,0.0
true_color_tile_219.png,0.0
true_color_tile_22.png,0.0
true_color_tile_220.png,0.0
true_color_tile_221.png,0.0
true_color_tile_222.png,0.0
true_color_tile_223.png,0.0
true_color_tile_224.png,0.0
true_color_tile_225.png,0.0
true_color_tile_226.png,0.0
true_color_tile_227.png,0.0
true_color_tile_228.png,0.0
true_color_tile_229.png,0.0
true_color_tile_23.png,0.0
true_color_tile_230.png,0.0
true_color_tile_231.png,0.0
true_color_tile_232.png,0.0
true_color_tile_233.png,0.0
true_color_tile_234.png,0.0
true_color_tile_235.png,0.0
true_color_tile_236.png,0.0
true_color_tile_237.png,0.0
true_color_tile_238.png,0.0
true_color_tile_239.png,0.0
true_color_tile_24.png,0.0
true_color_tile_240.png,0.0
true_color_tile_241.png,0.0
true_color_tile_242.png,0.0
true_color_tile_243.png,0.0
true_color_tile_244.png,0.0
true_color_tile_245.png,0.0
true_color_tile_246.png,0.0
true_color_tile_247.png,0.0
true_color_tile_248.png,0.0
true_color_tile_249.png,0.0
true_color_tile_25.png,0.0
true_color_tile_250.png,0.0
true_color_tile_251.png,0.0
true_color_tile_252.png,0.0
true_color_tile_253.png,0.0
true_color_tile_254.png,0.0
true_color_tile_255.png,0.0
true_color_tile_256.png,0.0
true_color_tile_257.png,0.0
true_color_tile_258.png,0.0
true_color_tile_259.png,0.0
true_color_tile_26.png,0.0
true_color_tile_260.png,0.0
true_color_tile_261.png,0.0
true_color_tile_262.png,0.0
true_color_tile_263.png,0.0
true_color_tile_264.png,0.0
true_color_tile_265.png,0.0
true_color_tile_266.png,0.0
true_color_tile_267.png,0.0
true_color_tile_268.png,0.0
true_color_tile_269.png,0.0
true_color_tile_27.png,0.0
true_color_tile_270.png,0.0
true_color_tile_271.png,0.0
true_color_tile_272.png,0.0
true_color_tile_273.png,0.0
true_color_tile_274.png,0.0
true_color_tile_275.png,0.0
true_color_tile_276.png,0.0
true_color_tile_277.png,0.0
true_color_tile_278.png,0.0
true_color_tile_279.png,0.0
true_color_tile_28.png,0.0
true_color_tile_280.png,0.0
true_color_tile_281.png,0.0
true_color_tile_282.png,0.0
true_color_tile_283.png,0.0
true_color_tile_284.png,0.0
true_color_tile_285.png,0.0
true_color_tile_286.png,0.0
true_color_tile_287.png,0.0
true_color_tile_288.png,0.0
true_color_tile_29.png,0.0
true_color_tile_292.png,0.0
true_color_tile_293.png,0.0
true_color_tile_294.png,0.0
true_color_tile_295.png,0.0
true_color_tile_3.png,0.0
true_color_tile_30.png,0.0
true_color_tile_300.png,0.0
true_color_tile_301.png,0.0
true_color_tile_302.png,0.0
true_color_tile_303.png,0.0
true_color_tile_304.png,0.0
true_color_tile_305.png,0.0
true_color_tile_306.png,0.0
true_color_tile_307.png,0.0
true_color_tile_31.png,0.0
true_color_tile_312.png,0.0
true_color_tile_313.png,0.0
true_color_tile_314.png,0.0
true_color_tile_315.png,0.0
true_color_tile_32.png,0.0
true_color_tile_320.png,0.0
true_color_tile_321.png,0.0
true_color_tile_322.png,0.0
true_color_tile_323.png,0.0
true_color_tile_324.png,0.0
true_color_tile_325.png,0.0
true_color_tile_326.png,0.0
true_color_tile_327.png,0.0
true_color_tile_33.png,0.0
true_color_tile_332.png,0.0
true_color_tile_333.png,0.0
true_color_tile_334.png,0.0
true_color_tile_335.png,0.0
true_color_tile_34.png,0.0
true_color_tile_340.png,0.0
true_color_tile_341.png,0.0
true_color_tile_342.png,0.0
true_color_tile_343.png,0.0
true_color_tile_344.png,0.0
true_color_tile_345.png,0.0
true_color_tile_346.png,0.0
true_color_tile_347.png,0.0
true_color_tile_35.png,0.0
true_color_tile_352.png,0.0
true_color_tile_353.png,0.0
true_color_tile_354.png,0.0
true_color_tile_355.png,0.0
true_color_tile_36.png,0.0
true_color_tile_360.png,0.0
true_color_tile_361.png,0.0
true_color_tile_362.png,0.0
true_color_tile_363.png,0.0
true_color_tile_364.png,0.0
true_color_tile_365.png,0.0
true_color_tile_366.png,0.0
true_color_tile_367.png,0.0
true_color_tile_37.png,0.0
true_color_tile_372.png,0.0
true_color_tile_373.png,0.0
true_color_tile_374.png,0.0
true_color_tile_375.png,0.0
true_color_tile_376.png,0.0
true_color_tile_377.png,0.0
true_color_tile_378.png,0.0
true_color_tile_379.png,0.0
true_color_tile_38.png,0.0
true_color_tile_380.png,0.0
true_color_tile_381.png,0.0
true_color_tile_382.png,0.0
true_color_tile_383.png,0.0
true_color_tile_384.png,0.0
true_color_tile_385.png,0.0
true_color_tile_386.png,0.0
true_color_tile_387.png,0.0
true_color_tile_39.png,0.0
true_color_tile_392.png,0.0
true_color_tile_393.png,0.0
true_color_tile_394.png,0.0
true_color_tile_395.png,0.0
true_color_tile_396.png,0.0
true_color_tile_397.png,0.0
true_color_tile_398.png,0.0
true_color_tile_399.png,0.0
true_color_tile_4.png,0.0
true_color_tile_40.png,0.0
true_color_tile_400.png,0.0
true_color_tile_401.png,0.0
true_color_tile_402.png,0.0
true_color_tile_403.png,0.0
true_color_tile_404.png,0.0
true_color_tile_405.png,0.0
true_color_tile_406.png,0.0
true_color_tile_407.png,0.0
true_color_tile_41.png,0.0
true_color_tile_412.png,0.0
true_color_tile_413.png,0.0
true_color_tile_414.png,0.0
true_color_tile_415.png,0.0
true_color_tile_416.png,0.0
true_color_tile_417.png,0.0
true_color_tile_418.png,0.0
true_color_tile_419.png,0.0
true_color_tile_42.png,0.0
true_color_tile_420.png,0.0
true_color_tile_421.png,0.0
true_color_tile_422.png,0.0
true_color_tile_423.png,0.0
true_color_tile_424.png,0.0
true_color_tile_425.png,0.0
true_color_tile_426.png,0.0
true_color_tile_427.png,0.0
true_color_tile_428.png,0.0
true_color_tile_429.png,0.0
true_color_tile_43.png,0.0
true_color_tile_432.png,0.0
true_color_tile_433.png,0.0
true_color_tile_434.png,0.0
true_color_tile_435.png,0.0
true_color_tile_436.png,0.0
true_color_tile_437.png,0.0
true_color_tile_438.png,0.0
true_color_tile_439.png,0.0
true_color_tile_44.png,0.0
true_color_tile_440.png,0.0
true_color_tile_441.png,0.0
true_color_tile_442.png,0.0
true_color_tile_443.png,0.0
true_color_tile_444.png,0.0
true_color_tile_445.png,0.0
true_color_tile_446.png,0.0
true_color_tile_447.png,0.0
true_color_tile_448.png,0.0
true_color_tile_449.png,0.0
true_color_tile_45.png,0.0
true_color_tile_450.png,0.0
true_color_tile_451.png,0.0
true_color_tile_452.png,0.0
true_color_tile_453.png,0.0
true_color_tile_454.png,0.0
true_color_tile_455.png,0.0
true_color_tile_456.png,0.0
true_color_tile_457.png,0.0
true_color_tile_458.png,0.0
true_color_tile_459.png,0.0
true_color_tile_46.png,0.0
true_color_tile_460.png,0.0
true_color_tile_461.png,0.0
true_color_tile_462.png,0.0
true_color_tile_463.png,0.0
true_color_tile_464.png,0.0
true_color_tile_465.png,0.0
true_color_tile_466.png,0.0
true_color_tile_467.png,0.0
true_color_tile_468.png,0.0
true_color_tile_469.png,0.0
true_color_tile_47.png,0.0
true_color_tile_470.png,0.0
true_color_tile_471.png,0.0
true_color_tile_472.png,0.0
true_color_tile_473.png,0.0
true_color_tile_474.png,0.0
true_color_tile_475.png,0.0
true_color_tile_476.png,0.0
true_color_tile_477.png,0.0
true_color_tile_478.png,0.0
true_color_tile_479.png,0.0
true_color_tile_48.png,0.0
true_color_tile_480.png,0.0
true_color_tile_481.png,0.0
true_color_tile_482.png,0.0
true_color_tile_483.png,0.0
true_color_tile_484.png,0.0
true_color_tile_485.png,0.0
true_color_tile_486.png,0.0
true_color_tile_487.png,0.0
true_color_tile_488.png,0.0
true_color_tile_489.png,0.0
true_color_tile_49.png,0.0
true_color_tile_490.png,0.0
true_color_tile_491.png,0.0
true_color_tile_492.png,0.0
true_color_tile_493.png,0.0
true_color_tile_494.png,0.0
true_color_tile_495.png,0.0
true_color_tile_496.png,0.0
true_color_tile_497.png,0.0
true_color_tile_498.png,0.0
true_color_tile_499.png,0.0
true_color_tile_5.png,0.0
true_color_tile_50.png,0.0
true_color_tile_500.png,0.0
true_color_tile_51.png,0.0
true_color_tile_52.png,0.0
true_color_tile_53.png,0.0
true_color_tile_54.png,0.0
true_color_tile_55.png,0.0
true_color_tile_56.png,0.0
true_color_tile_57.png,0.0
true_color_tile_58.png,0.0
true_color_tile_59.png,0.0
true_color_tile_6.png,0.0
true_color_tile_60.png,0.0
true_color_tile_61.png,0.0
true_color_tile_62.png,0.0
true_color_tile_63.png,0.0
true_color_tile_64.png,0.0
true_color_tile_65.png,0.0
true_color_tile_66.png,0.0
true_color_tile_67.png,0.0
true_color_tile_68.png,0.0
true_color_tile_69.png,0.0
true_color_tile_7.png,0.0
true_color_tile_70.png,0.0
true_color_tile_71.png,0.0
true_color_tile_72.png,0.0
true_color_tile_73.png,0.0
true_color_tile_74.png,0.0
true_color_tile_75.png,0.0
true_color_tile_76.png,0.0
true_color_tile_77.png,0.0
true_color_tile_78.png,0.0
true_color_tile_79.png,0.0
true_color_tile_8.png,0.0
true_color_tile_80.png,0.0
true_color_tile_81.png,0.0
true_color_tile_82.png,0.0
true_color_tile_83.png,0.0
true_color_tile_84.png,0.0
true_color_tile_85.png,0.0
true_color_tile_86.png,0.0
true_color_tile_87.png,0.0
true_color_tile_88.png,0.0
true_color_tile_89.png,0.0
true_color_tile_9.png,0.0
true_color_tile_90.png,0.0
true_color_tile_91.png,0.0
true_color_tile_92.png,0.0
true_color_tile_93.png,0.0
true_color_tile_94.png,0.0
true_color_tile_95.png,0.0
true_color_tile_96.png,0.0
true_color_tile_97.png,0.0
true_color_tile_98.png,0.0
true_color_tile_99.png,0.0
